Employee ID,Full Name,Reports To,Job Title,Job Code,Job Family,Grade,Function,Department,Division,Location,Employment Type,Status,FTE,Cost Center,Work Email,Hire Date
E0001,Amina Yusuf,,Chief Executive Officer,JC-151,Executive,L1,Executive,Executive Office,Corporate,Riyadh,Full-time,Filled,1.0,CC-859,amina.yusuf@example.com,2021-11-02
E0002,Adel Farouk,E0001,Chief Technology Officer,JC-256,Executive,L2,Technology,Engineering,Corporate,Riyadh,Contractor,Filled,1.0,CC-987,adel.farouk@example.com,2015-09-07
E0003,Vacant,E0002,VP Engineering,JC-363,Leadership,L3,Technology,Engineering,Corporate,Dubai,Full-time,Vacant,1.0,CC-987,,2018-02-18
E0004,Vacant,E0003,Director Engineering,JC-425,Leadership,L4,Technology,Engineering,Corporate,Remote,Full-time,Vacant,1.0,CC-987,,2024-01-19
E0005,Faisal Nasser,E0004,Manager Engineering,JC-627,Management,L6,Technology,Engineering,Corporate,Remote,Full-time,Filled,1.0,CC-987,faisal.nasser@example.com,2021-03-18
E0006,Adel Rahman,E0005,Senior Engineering Specialist,JC-757,Professional,L7,Technology,Engineering,Corporate,Remote,Full-time,Filled,1.0,CC-987,adel.rahman@example.com,2023-12-03
E0007,Nasser Saleh,E0005,Senior Engineering Specialist,JC-750,Professional,L7,Technology,Engineering,Corporate,Remote,Full-time,Filled,0.5,CC-987,nasser.saleh@example.com,2024-08-12
E0008,Sami Rahman,E0005,Engineering Specialist,JC-883,Professional,L8,Technology,Engineering,Corporate,Jeddah,Full-time,Filled,1.0,CC-987,sami.rahman@example.com,2023-08-11
E0009,Tariq Khan,E0004,Manager Engineering,JC-675,Management,L6,Technology,Engineering,Corporate,Riyadh,Full-time,Filled,1.0,CC-987,tariq.khan@example.com,2017-06-05
E0010,Bilal Khan,E0009,Engineering Specialist,JC-853,Professional,L8,Technology,Engineering,Corporate,Remote,Full-time,Filled,1.0,CC-987,bilal.khan@example.com,2024-08-19
E0011,Layla Khan,E0009,Senior Engineering Specialist,JC-717,Professional,L7,Technology,Engineering,Corporate,Dubai,Full-time,Filled,1.0,CC-987,layla.khan@example.com,2024-11-27
E0012,Aya Qureshi,E0009,Engineering Specialist,JC-869,Professional,L8,Technology,Engineering,Corporate,Dammam,Full-time,Filled,1.0,CC-987,aya.qureshi@example.com,2017-10-04
E0013,Noor Zahra,E0009,Senior Engineering Specialist,JC-760,Professional,L7,Technology,Engineering,Corporate,Jeddah,Full-time,Filled,0.5,CC-987,noor.zahra@example.com,2016-03-15
E0014,Huda Idris,E0009,Senior Engineering Specialist,JC-763,Professional,L7,Technology,Engineering,Corporate,Remote,Full-time,Filled,1.0,CC-987,huda.idris@example.com,2021-04-05
E0015,Vacant,E0009,Senior Engineering Specialist,JC-711,Professional,L7,Technology,Engineering,Corporate,Jeddah,Full-time,Vacant,1.0,CC-987,,2024-03-09
E0016,Sara Osman,E0004,Manager Engineering,JC-657,Management,L6,Technology,Engineering,Corporate,Remote,Contractor,Filled,1.0,CC-987,sara.osman@example.com,2024-06-05
E0017,Reem Nasser,E0016,Senior Engineering Specialist,JC-760,Professional,L7,Technology,Engineering,Corporate,Remote,Full-time,Filled,0.5,CC-987,reem.nasser@example.com,2021-02-16
E0018,Omar Saleh,E0016,Senior Engineering Specialist,JC-730,Professional,L7,Technology,Engineering,Corporate,Jeddah,Full-time,Filled,0.5,CC-987,omar.saleh@example.com,2020-10-02
E0019,Mona Idris,E0016,Engineering Specialist,JC-888,Professional,L8,Technology,Engineering,Corporate,Riyadh,Full-time,Filled,1.0,CC-987,mona.idris@example.com,2016-04-20
E0020,Reem Mansour,E0016,Senior Engineering Specialist,JC-770,Professional,L7,Technology,Engineering,Corporate,Remote,Full-time,Filled,1.0,CC-987,reem.mansour@example.com,2016-08-15
E0021,Tariq Khan,E0016,Senior Engineering Specialist,JC-743,Professional,L7,Technology,Engineering,Corporate,Riyadh,Full-time,Filled,1.0,CC-987,tariq.khan@example.com,2017-09-01
E0022,Lina Haddad,E0016,Senior Engineering Specialist,JC-777,Professional,L7,Technology,Engineering,Corporate,Remote,Full-time,Filled,1.0,CC-987,lina.haddad@example.com,2016-12-28
E0023,Zaid Rahman,E0016,Senior Engineering Specialist,JC-791,Professional,L7,Technology,Engineering,Corporate,Jeddah,Full-time,Filled,1.0,CC-987,zaid.rahman@example.com,2024-04-26
E0024,Rana Aziz,E0004,Manager Engineering,JC-676,Management,L6,Technology,Engineering,Corporate,Jeddah,Full-time,Filled,1.0,CC-987,rana.aziz@example.com,2020-12-01
E0025,Hassan Mansour,E0024,Senior Engineering Specialist,JC-767,Professional,L7,Technology,Engineering,Corporate,Remote,Full-time,Filled,1.0,CC-987,hassan.mansour@example.com,2020-02-08
E0026,Hassan Saleh,E0024,Senior Engineering Specialist,JC-789,Professional,L7,Technology,Engineering,Corporate,Jeddah,Contractor,Filled,0.5,CC-987,hassan.saleh@example.com,2015-08-21
E0027,Reem Khan,E0024,Engineering Specialist,JC-835,Professional,L8,Technology,Engineering,Corporate,Riyadh,Full-time,Filled,0.5,CC-987,reem.khan@example.com,2017-07-26
E0028,Layla Qureshi,E0003,Director Engineering,JC-461,Leadership,L4,Technology,Engineering,Corporate,Dubai,Full-time,Filled,1.0,CC-987,layla.qureshi@example.com,2017-03-05
E0029,Dana Younes,E0028,Manager Engineering,JC-688,Management,L6,Technology,Engineering,Corporate,Jeddah,Contractor,Filled,1.0,CC-987,dana.younes@example.com,2022-11-12
E0030,Sara Al-Harbi,E0029,Senior Engineering Specialist,JC-765,Professional,L7,Technology,Engineering,Corporate,Riyadh,Full-time,Filled,1.0,CC-987,sara.alharbi@example.com,2018-01-09
E0031,Lina Aziz,E0029,Engineering Specialist,JC-879,Professional,L8,Technology,Engineering,Corporate,Dammam,Full-time,Filled,1.0,CC-987,lina.aziz@example.com,2017-01-24
E0032,Dina Fahmy,E0029,Senior Engineering Specialist,JC-778,Professional,L7,Technology,Engineering,Corporate,Remote,Full-time,Filled,1.0,CC-987,dina.fahmy@example.com,2023-09-01
E0033,Jana Rahman,E0029,Engineering Specialist,JC-832,Professional,L8,Technology,Engineering,Corporate,Riyadh,Full-time,Filled,1.0,CC-987,jana.rahman@example.com,2022-10-24
E0034,Omar Baker,E0028,Manager Engineering,JC-677,Management,L6,Technology,Engineering,Corporate,Remote,Full-time,Filled,1.0,CC-987,omar.baker@example.com,2022-02-18
E0035,Huda Nasser,E0034,Senior Engineering Specialist,JC-781,Professional,L7,Technology,Engineering,Corporate,Remote,Full-time,Filled,0.5,CC-987,huda.nasser@example.com,2016-08-11
E0036,Lina Fahmy,E0034,Senior Engineering Specialist,JC-775,Professional,L7,Technology,Engineering,Corporate,Dammam,Full-time,Filled,0.5,CC-987,lina.fahmy@example.com,2022-09-08
E0037,Dana Mansour,E0034,Engineering Specialist,JC-827,Professional,L8,Technology,Engineering,Corporate,Jeddah,Full-time,Filled,0.5,CC-987,dana.mansour@example.com,2016-07-15
E0038,Bilal Aziz,E0003,Director Engineering,JC-419,Leadership,L4,Technology,Engineering,Corporate,Dubai,Full-time,Filled,1.0,CC-987,bilal.aziz@example.com,2019-02-25
E0039,Reem Haddad,E0038,Manager Engineering,JC-642,Management,L6,Technology,Engineering,Corporate,Jeddah,Full-time,Filled,1.0,CC-987,reem.haddad@example.com,2022-04-24
E0040,Hassan Rahman,E0039,Engineering Specialist,JC-865,Professional,L8,Technology,Engineering,Corporate,Jeddah,Full-time,Filled,1.0,CC-987,hassan.rahman@example.com,2021-06-14
E0041,Maya Khan,E0039,Engineering Specialist,JC-853,Professional,L8,Technology,Engineering,Corporate,Dammam,Full-time,Filled,1.0,CC-987,maya.khan@example.com,2022-08-23
E0042,Vacant,E0039,Senior Engineering Specialist,JC-775,Professional,L7,Technology,Engineering,Corporate,Remote,Full-time,Vacant,1.0,CC-987,,2016-04-04
E0043,Huda Nasser,E0038,Manager Engineering,JC-644,Management,L6,Technology,Engineering,Corporate,Jeddah,Full-time,Filled,1.0,CC-987,huda.nasser@example.com,2021-11-27
E0044,Adel Fahmy,E0043,Engineering Specialist,JC-821,Professional,L8,Technology,Engineering,Corporate,Dubai,Full-time,Filled,1.0,CC-987,adel.fahmy@example.com,2015-12-06
E0045,Layla Mansour,E0043,Senior Engineering Specialist,JC-720,Professional,L7,Technology,Engineering,Corporate,Riyadh,Contractor,Filled,1.0,CC-987,layla.mansour@example.com,2018-02-09
E0046,Dina Al-Harbi,E0043,Senior Engineering Specialist,JC-744,Professional,L7,Technology,Engineering,Corporate,Remote,Contractor,Filled,0.5,CC-987,dina.alharbi@example.com,2017-01-17
E0047,Yusuf Rahman,E0043,Senior Engineering Specialist,JC-735,Professional,L7,Technology,Engineering,Corporate,Riyadh,Full-time,Filled,1.0,CC-987,yusuf.rahman@example.com,2019-09-25
E0048,Dina Fahmy,E0043,Engineering Specialist,JC-854,Professional,L8,Technology,Engineering,Corporate,Jeddah,Full-time,Filled,1.0,CC-987,dina.fahmy@example.com,2019-01-01
E0049,Vacant,E0002,VP Platform,JC-380,Leadership,L3,Technology,Platform,Corporate,Remote,Full-time,Vacant,1.0,CC-234,,2023-08-08
E0050,Hana Osman,E0049,Director Platform,JC-479,Leadership,L4,Technology,Platform,Corporate,Dubai,Full-time,Filled,1.0,CC-234,hana.osman@example.com,2023-05-23
E0051,Maya Saleh,E0050,Manager Platform,JC-661,Management,L6,Technology,Platform,Corporate,Jeddah,Full-time,Filled,1.0,CC-234,maya.saleh@example.com,2015-03-01
E0052,Dana Mansour,E0051,Senior Platform Specialist,JC-720,Professional,L7,Technology,Platform,Corporate,Jeddah,Full-time,Filled,1.0,CC-234,dana.mansour@example.com,2023-11-10
E0053,Aya Zahra,E0051,Senior Platform Specialist,JC-730,Professional,L7,Technology,Platform,Corporate,Dubai,Full-time,Filled,1.0,CC-234,aya.zahra@example.com,2022-01-09
E0054,Maya Rashed,E0051,Senior Platform Specialist,JC-749,Professional,L7,Technology,Platform,Corporate,Jeddah,Full-time,Filled,1.0,CC-234,maya.rashed@example.com,2020-03-01
E0055,Layla Darwish,E0050,Manager Platform,JC-674,Management,L6,Technology,Platform,Corporate,Dammam,Full-time,Filled,1.0,CC-234,layla.darwish@example.com,2018-09-25
E0056,Vacant,E0055,Senior Platform Specialist,JC-785,Professional,L7,Technology,Platform,Corporate,Jeddah,Full-time,Vacant,0.5,CC-234,,2021-01-10
E0057,Faisal Khan,E0055,Platform Specialist,JC-894,Professional,L8,Technology,Platform,Corporate,Remote,Contractor,Filled,1.0,CC-234,faisal.khan@example.com,2021-06-24
E0058,Sara Zahra,E0055,Platform Specialist,JC-815,Professional,L8,Technology,Platform,Corporate,Remote,Full-time,Filled,1.0,CC-234,sara.zahra@example.com,2021-12-23
E0059,Sara Fahmy,E0049,Director Platform,JC-482,Leadership,L4,Technology,Platform,Corporate,Remote,Full-time,Filled,1.0,CC-234,sara.fahmy@example.com,2024-12-22
E0060,Layla Al-Harbi,E0059,Manager Platform,JC-627,Management,L6,Technology,Platform,Corporate,Riyadh,Full-time,Filled,1.0,CC-234,layla.alharbi@example.com,2016-07-27
E0061,Reem Al-Harbi,E0060,Platform Specialist,JC-872,Professional,L8,Technology,Platform,Corporate,Remote,Full-time,Filled,1.0,CC-234,reem.alharbi@example.com,2015-08-26
E0062,Vacant,E0060,Platform Specialist,JC-894,Professional,L8,Technology,Platform,Corporate,Remote,Full-time,Vacant,1.0,CC-234,,2016-12-24
E0063,Sami Khan,E0060,Senior Platform Specialist,JC-739,Professional,L7,Technology,Platform,Corporate,Jeddah,Full-time,Filled,1.0,CC-234,sami.khan@example.com,2022-07-03
E0064,Bilal Zahra,E0060,Senior Platform Specialist,JC-719,Professional,L7,Technology,Platform,Corporate,Remote,Contractor,Filled,1.0,CC-234,bilal.zahra@example.com,2017-06-09
E0065,Aya Zahra,E0060,Platform Specialist,JC-811,Professional,L8,Technology,Platform,Corporate,Remote,Full-time,Filled,1.0,CC-234,aya.zahra@example.com,2015-08-09
E0066,Yusuf Saleh,E0060,Platform Specialist,JC-876,Professional,L8,Technology,Platform,Corporate,Dubai,Full-time,Filled,1.0,CC-234,yusuf.saleh@example.com,2022-08-15
E0067,Dana Rashed,E0059,Manager Platform,JC-649,Management,L6,Technology,Platform,Corporate,Jeddah,Full-time,Filled,1.0,CC-234,dana.rashed@example.com,2022-01-10
E0068,Vacant,E0067,Platform Specialist,JC-859,Professional,L8,Technology,Platform,Corporate,Dubai,Full-time,Vacant,1.0,CC-234,,2018-02-19
E0069,Vacant,E0067,Platform Specialist,JC-856,Professional,L8,Technology,Platform,Corporate,Remote,Full-time,Vacant,1.0,CC-234,,2024-11-17
E0070,Yusuf Haddad,E0067,Senior Platform Specialist,JC-760,Professional,L7,Technology,Platform,Corporate,Dubai,Full-time,Filled,0.5,CC-234,yusuf.haddad@example.com,2017-01-16
E0071,Rana Zahra,E0067,Platform Specialist,JC-854,Professional,L8,Technology,Platform,Corporate,Jeddah,Full-time,Filled,0.5,CC-234,rana.zahra@example.com,2020-02-27
E0072,Maya Baker,E0067,Senior Platform Specialist,JC-711,Professional,L7,Technology,Platform,Corporate,Riyadh,Full-time,Filled,1.0,CC-234,maya.baker@example.com,2019-06-03
E0073,Rami Khan,E0067,Senior Platform Specialist,JC-716,Professional,L7,Technology,Platform,Corporate,Dubai,Full-time,Filled,1.0,CC-234,rami.khan@example.com,2016-01-27
E0074,Reem Idris,E0059,Manager Platform,JC-644,Management,L6,Technology,Platform,Corporate,Jeddah,Full-time,Filled,1.0,CC-234,reem.idris@example.com,2023-06-07
E0075,Salim Al-Harbi,E0074,Platform Specialist,JC-820,Professional,L8,Technology,Platform,Corporate,Dubai,Full-time,Filled,1.0,CC-234,salim.alharbi@example.com,2021-08-20
E0076,Reem Zahra,E0074,Senior Platform Specialist,JC-731,Professional,L7,Technology,Platform,Corporate,Riyadh,Full-time,Filled,1.0,CC-234,reem.zahra@example.com,2021-06-10
E0077,Karim Mansour,E0074,Senior Platform Specialist,JC-771,Professional,L7,Technology,Platform,Corporate,Jeddah,Full-time,Filled,1.0,CC-234,karim.mansour@example.com,2021-02-06
E0078,Layla Saleh,E0074,Platform Specialist,JC-867,Professional,L8,Technology,Platform,Corporate,Dubai,Full-time,Filled,1.0,CC-234,layla.saleh@example.com,2022-07-05
E0079,Faisal Khan,E0074,Senior Platform Specialist,JC-750,Professional,L7,Technology,Platform,Corporate,Dammam,Full-time,Filled,1.0,CC-234,faisal.khan@example.com,2020-05-26
E0080,Dana Al-Harbi,E0059,Manager Platform,JC-659,Management,L6,Technology,Platform,Corporate,Dubai,Full-time,Filled,1.0,CC-234,dana.alharbi@example.com,2023-04-13
E0081,Omar Darwish,E0080,Senior Platform Specialist,JC-726,Professional,L7,Technology,Platform,Corporate,Remote,Full-time,Filled,1.0,CC-234,omar.darwish@example.com,2023-11-26
E0082,Noor Khan,E0080,Senior Platform Specialist,JC-761,Professional,L7,Technology,Platform,Corporate,Jeddah,Full-time,Filled,0.5,CC-234,noor.khan@example.com,2021-05-28
E0083,Amina Idris,E0080,Senior Platform Specialist,JC-785,Professional,L7,Technology,Platform,Corporate,Dubai,Full-time,Filled,0.5,CC-234,amina.idris@example.com,2015-02-13
E0084,Waleed Fahmy,E0080,Senior Platform Specialist,JC-723,Professional,L7,Technology,Platform,Corporate,Dubai,Full-time,Filled,1.0,CC-234,waleed.fahmy@example.com,2017-03-17
E0085,Yusuf Younes,E0080,Senior Platform Specialist,JC-710,Professional,L7,Technology,Platform,Corporate,Remote,Full-time,Filled,1.0,CC-234,yusuf.younes@example.com,2018-10-02
E0086,Tariq Idris,E0049,Director Platform,JC-477,Leadership,L4,Technology,Platform,Corporate,Dammam,Full-time,Filled,1.0,CC-234,tariq.idris@example.com,2016-02-03
E0087,Mona Saleh,E0086,Manager Platform,JC-643,Management,L6,Technology,Platform,Corporate,Dubai,Full-time,Filled,1.0,CC-234,mona.saleh@example.com,2024-01-01
E0088,Dina Mansour,E0087,Senior Platform Specialist,JC-777,Professional,L7,Technology,Platform,Corporate,Jeddah,Full-time,Filled,0.5,CC-234,dina.mansour@example.com,2023-04-01
E0089,Aya Zahra,E0087,Senior Platform Specialist,JC-773,Professional,L7,Technology,Platform,Corporate,Riyadh,Full-time,Filled,1.0,CC-234,aya.zahra@example.com,2016-05-08
E0090,Waleed Haddad,E0087,Senior Platform Specialist,JC-799,Professional,L7,Technology,Platform,Corporate,Dubai,Full-time,Filled,1.0,CC-234,waleed.haddad@example.com,2021-06-22
E0091,Amina Zahra,E0087,Platform Specialist,JC-836,Professional,L8,Technology,Platform,Corporate,Remote,Full-time,Filled,1.0,CC-234,amina.zahra@example.com,2018-05-25
E0092,Faisal Younes,E0087,Senior Platform Specialist,JC-723,Professional,L7,Technology,Platform,Corporate,Dammam,Contractor,Filled,1.0,CC-234,faisal.younes@example.com,2022-10-06
E0093,Hassan Osman,E0087,Platform Specialist,JC-860,Professional,L8,Technology,Platform,Corporate,Riyadh,Full-time,Filled,1.0,CC-234,hassan.osman@example.com,2018-01-20
E0094,Omar Nasser,E0087,Senior Platform Specialist,JC-750,Professional,L7,Technology,Platform,Corporate,Dubai,Full-time,Filled,0.5,CC-234,omar.nasser@example.com,2016-03-11
E0095,Reem Fahmy,E0086,Manager Platform,JC-614,Management,L6,Technology,Platform,Corporate,Dubai,Full-time,Filled,1.0,CC-234,reem.fahmy@example.com,2021-06-11
E0096,Amina Khan,E0095,Senior Platform Specialist,JC-763,Professional,L7,Technology,Platform,Corporate,Riyadh,Full-time,Filled,1.0,CC-234,amina.khan@example.com,2023-04-13
E0097,Hana Zahra,E0095,Senior Platform Specialist,JC-770,Professional,L7,Technology,Platform,Corporate,Riyadh,Full-time,Filled,1.0,CC-234,hana.zahra@example.com,2020-09-15
E0098,Zaid Darwish,E0095,Senior Platform Specialist,JC-790,Professional,L7,Technology,Platform,Corporate,Dubai,Full-time,Filled,1.0,CC-234,zaid.darwish@example.com,2015-07-02
E0099,Sami Nasser,E0095,Senior Platform Specialist,JC-787,Professional,L7,Technology,Platform,Corporate,Jeddah,Full-time,Filled,1.0,CC-234,sami.nasser@example.com,2020-05-11
E0100,Nasser Nasser,E0095,Senior Platform Specialist,JC-748,Professional,L7,Technology,Platform,Corporate,Dammam,Full-time,Filled,1.0,CC-234,nasser.nasser@example.com,2024-11-03
E0101,Vacant,E0095,Senior Platform Specialist,JC-769,Professional,L7,Technology,Platform,Corporate,Riyadh,Full-time,Vacant,0.5,CC-234,,2019-07-27
E0102,Waleed Darwish,E0086,Manager Platform,JC-611,Management,L6,Technology,Platform,Corporate,Jeddah,Full-time,Filled,1.0,CC-234,waleed.darwish@example.com,2017-10-08
E0103,Dina Haddad,E0102,Platform Specialist,JC-860,Professional,L8,Technology,Platform,Corporate,Riyadh,Full-time,Filled,1.0,CC-234,dina.haddad@example.com,2018-07-03
E0104,Hassan Rashed,E0102,Platform Specialist,JC-864,Professional,L8,Technology,Platform,Corporate,Dammam,Full-time,Filled,1.0,CC-234,hassan.rashed@example.com,2016-05-20
E0105,Vacant,E0102,Senior Platform Specialist,JC-767,Professional,L7,Technology,Platform,Corporate,Dubai,Full-time,Vacant,0.5,CC-234,,2018-03-14
E0106,Dana Aziz,E0102,Platform Specialist,JC-847,Professional,L8,Technology,Platform,Corporate,Remote,Full-time,Filled,1.0,CC-234,dana.aziz@example.com,2019-10-09
E0107,Karim Mansour,E0102,Senior Platform Specialist,JC-733,Professional,L7,Technology,Platform,Corporate,Dubai,Full-time,Filled,1.0,CC-234,karim.mansour@example.com,2018-03-10
E0108,Mona Saleh,E0002,VP Data & AI,JC-318,Leadership,L3,Technology,Data & AI,Corporate,Dammam,Full-time,Filled,1.0,CC-442,mona.saleh@example.com,2019-04-17
E0109,Yusuf Younes,E0108,Director Data & AI,JC-423,Leadership,L4,Technology,Data & AI,Corporate,Riyadh,Full-time,Filled,1.0,CC-442,yusuf.younes@example.com,2022-04-27
E0110,Omar Zahra,E0109,Manager Data & AI,JC-625,Management,L6,Technology,Data & AI,Corporate,Jeddah,Full-time,Filled,1.0,CC-442,omar.zahra@example.com,2018-10-27
E0111,Layla Haddad,E0110,Data & AI Specialist,JC-887,Professional,L8,Technology,Data & AI,Corporate,Jeddah,Full-time,Filled,0.5,CC-442,layla.haddad@example.com,2015-02-21
E0112,Nasser Haddad,E0110,Senior Data & AI Specialist,JC-753,Professional,L7,Technology,Data & AI,Corporate,Riyadh,Full-time,Filled,1.0,CC-442,nasser.haddad@example.com,2015-04-09
E0113,Vacant,E0110,Data & AI Specialist,JC-851,Professional,L8,Technology,Data & AI,Corporate,Jeddah,Full-time,Vacant,1.0,CC-442,,2020-03-20
E0114,Noor Nasser,E0110,Senior Data & AI Specialist,JC-718,Professional,L7,Technology,Data & AI,Corporate,Remote,Full-time,Filled,0.5,CC-442,noor.nasser@example.com,2016-07-22
E0115,Reem Rashed,E0110,Senior Data & AI Specialist,JC-799,Professional,L7,Technology,Data & AI,Corporate,Jeddah,Full-time,Filled,0.5,CC-442,reem.rashed@example.com,2021-05-22
E0116,Omar Zahra,E0110,Data & AI Specialist,JC-863,Professional,L8,Technology,Data & AI,Corporate,Remote,Full-time,Filled,1.0,CC-442,omar.zahra@example.com,2015-06-21
E0117,Karim Qureshi,E0110,Senior Data & AI Specialist,JC-730,Professional,L7,Technology,Data & AI,Corporate,Riyadh,Full-time,Filled,0.5,CC-442,karim.qureshi@example.com,2016-02-13
E0118,Zaid Younes,E0109,Manager Data & AI,JC-626,Management,L6,Technology,Data & AI,Corporate,Jeddah,Full-time,Filled,1.0,CC-442,zaid.younes@example.com,2015-09-05
E0119,Vacant,E0118,Data & AI Specialist,JC-828,Professional,L8,Technology,Data & AI,Corporate,Dammam,Full-time,Vacant,1.0,CC-442,,2019-03-17
E0120,Layla Farouk,E0118,Senior Data & AI Specialist,JC-748,Professional,L7,Technology,Data & AI,Corporate,Dubai,Full-time,Filled,1.0,CC-442,layla.farouk@example.com,2015-08-11
E0121,Vacant,E0118,Data & AI Specialist,JC-889,Professional,L8,Technology,Data & AI,Corporate,Dubai,Full-time,Vacant,1.0,CC-442,,2018-10-13
E0122,Noor Darwish,E0118,Senior Data & AI Specialist,JC-715,Professional,L7,Technology,Data & AI,Corporate,Remote,Full-time,Filled,1.0,CC-442,noor.darwish@example.com,2023-03-13
E0123,Sara Aziz,E0118,Data & AI Specialist,JC-881,Professional,L8,Technology,Data & AI,Corporate,Jeddah,Full-time,Filled,1.0,CC-442,sara.aziz@example.com,2020-02-13
E0124,Adel Zahra,E0118,Data & AI Specialist,JC-884,Professional,L8,Technology,Data & AI,Corporate,Dubai,Full-time,Filled,1.0,CC-442,adel.zahra@example.com,2021-07-22
E0125,Lina Younes,E0109,Manager Data & AI,JC-612,Management,L6,Technology,Data & AI,Corporate,Jeddah,Full-time,Filled,1.0,CC-442,lina.younes@example.com,2024-08-15
E0126,Nasser Younes,E0125,Senior Data & AI Specialist,JC-723,Professional,L7,Technology,Data & AI,Corporate,Dubai,Full-time,Filled,0.5,CC-442,nasser.younes@example.com,2017-06-14
E0127,Sami Younes,E0125,Data & AI Specialist,JC-815,Professional,L8,Technology,Data & AI,Corporate,Remote,Full-time,Filled,1.0,CC-442,sami.younes@example.com,2016-12-11
E0128,Lina Khan,E0125,Senior Data & AI Specialist,JC-793,Professional,L7,Technology,Data & AI,Corporate,Remote,Full-time,Filled,0.5,CC-442,lina.khan@example.com,2015-02-20
E0129,Hana Farouk,E0125,Senior Data & AI Specialist,JC-746,Professional,L7,Technology,Data & AI,Corporate,Jeddah,Full-time,Filled,0.5,CC-442,hana.farouk@example.com,2018-02-27
E0130,Jana Mansour,E0108,Director Data & AI,JC-451,Leadership,L4,Technology,Data & AI,Corporate,Jeddah,Contractor,Filled,1.0,CC-442,jana.mansour@example.com,2019-08-05
E0131,Waleed Darwish,E0130,Manager Data & AI,JC-685,Management,L6,Technology,Data & AI,Corporate,Jeddah,Full-time,Filled,1.0,CC-442,waleed.darwish@example.com,2024-09-08
E0132,Noor Rahman,E0131,Senior Data & AI Specialist,JC-796,Professional,L7,Technology,Data & AI,Corporate,Jeddah,Full-time,Filled,1.0,CC-442,noor.rahman@example.com,2021-03-26
E0133,Yusuf Fahmy,E0131,Senior Data & AI Specialist,JC-781,Professional,L7,Technology,Data & AI,Corporate,Dammam,Full-time,Filled,0.5,CC-442,yusuf.fahmy@example.com,2024-12-04
E0134,Adel Qureshi,E0131,Data & AI Specialist,JC-858,Professional,L8,Technology,Data & AI,Corporate,Dammam,Full-time,Filled,1.0,CC-442,adel.qureshi@example.com,2024-03-12
E0135,Layla Younes,E0131,Senior Data & AI Specialist,JC-747,Professional,L7,Technology,Data & AI,Corporate,Jeddah,Full-time,Filled,1.0,CC-442,layla.younes@example.com,2019-05-21
E0136,Rami Baker,E0131,Data & AI Specialist,JC-838,Professional,L8,Technology,Data & AI,Corporate,Riyadh,Full-time,Filled,1.0,CC-442,rami.baker@example.com,2019-10-21
E0137,Lina Haddad,E0130,Manager Data & AI,JC-626,Management,L6,Technology,Data & AI,Corporate,Riyadh,Full-time,Filled,1.0,CC-442,lina.haddad@example.com,2018-10-21
E0138,Vacant,E0137,Senior Data & AI Specialist,JC-748,Professional,L7,Technology,Data & AI,Corporate,Remote,Full-time,Vacant,1.0,CC-442,,2023-06-18
E0139,Mona Zahra,E0137,Data & AI Specialist,JC-856,Professional,L8,Technology,Data & AI,Corporate,Jeddah,Contractor,Filled,1.0,CC-442,mona.zahra@example.com,2022-03-05
E0140,Vacant,E0137,Senior Data & AI Specialist,JC-722,Professional,L7,Technology,Data & AI,Corporate,Jeddah,Full-time,Vacant,0.5,CC-442,,2017-11-26
E0141,Sami Mansour,E0130,Manager Data & AI,JC-617,Management,L6,Technology,Data & AI,Corporate,Riyadh,Full-time,Filled,1.0,CC-442,sami.mansour@example.com,2020-10-21
E0142,Waleed Fahmy,E0141,Data & AI Specialist,JC-831,Professional,L8,Technology,Data & AI,Corporate,Dubai,Full-time,Filled,1.0,CC-442,waleed.fahmy@example.com,2015-01-18
E0143,Vacant,E0141,Senior Data & AI Specialist,JC-717,Professional,L7,Technology,Data & AI,Corporate,Jeddah,Full-time,Vacant,1.0,CC-442,,2015-10-18
E0144,Noor Idris,E0141,Senior Data & AI Specialist,JC-788,Professional,L7,Technology,Data & AI,Corporate,Jeddah,Full-time,Filled,0.5,CC-442,noor.idris@example.com,2023-05-03
E0145,Omar Darwish,E0141,Data & AI Specialist,JC-858,Professional,L8,Technology,Data & AI,Corporate,Remote,Full-time,Filled,1.0,CC-442,omar.darwish@example.com,2022-02-24
E0146,Khalid Aziz,E0141,Senior Data & AI Specialist,JC-792,Professional,L7,Technology,Data & AI,Corporate,Dammam,Full-time,Filled,1.0,CC-442,khalid.aziz@example.com,2016-06-24
E0147,Rami Mansour,E0141,Data & AI Specialist,JC-891,Professional,L8,Technology,Data & AI,Corporate,Riyadh,Full-time,Filled,1.0,CC-442,rami.mansour@example.com,2021-11-26
E0148,Huda Zahra,E0141,Data & AI Specialist,JC-874,Professional,L8,Technology,Data & AI,Corporate,Jeddah,Full-time,Filled,1.0,CC-442,huda.zahra@example.com,2017-05-08
E0149,Noor Rahman,E0002,VP IT Operations,JC-334,Leadership,L3,Technology,IT Operations,Corporate,Dammam,Full-time,Filled,1.0,CC-241,noor.rahman@example.com,2020-10-08
E0150,Reem Rashed,E0149,Director IT Operations,JC-470,Leadership,L4,Technology,IT Operations,Corporate,Dubai,Full-time,Filled,1.0,CC-241,reem.rashed@example.com,2015-01-14
E0151,Dana Zahra,E0150,Manager IT Operations,JC-660,Management,L6,Technology,IT Operations,Corporate,Jeddah,Contractor,Filled,1.0,CC-241,dana.zahra@example.com,2024-02-19
E0152,Amina Farouk,E0151,Senior IT Operations Specialist,JC-754,Professional,L7,Technology,IT Operations,Corporate,Remote,Full-time,Filled,1.0,CC-241,amina.farouk@example.com,2015-01-02
E0153,Reem Nasser,E0151,IT Operations Specialist,JC-818,Professional,L8,Technology,IT Operations,Corporate,Riyadh,Contractor,Filled,1.0,CC-241,reem.nasser@example.com,2020-04-27
E0154,Adel Khan,E0151,IT Operations Specialist,JC-841,Professional,L8,Technology,IT Operations,Corporate,Dubai,Full-time,Filled,1.0,CC-241,adel.khan@example.com,2018-02-02
E0155,Vacant,E0151,IT Operations Specialist,JC-871,Professional,L8,Technology,IT Operations,Corporate,Riyadh,Full-time,Vacant,1.0,CC-241,,2017-02-26
E0156,Noor Zahra,E0150,Manager IT Operations,JC-653,Management,L6,Technology,IT Operations,Corporate,Dammam,Full-time,Filled,1.0,CC-241,noor.zahra@example.com,2019-01-12
E0157,Omar Haddad,E0156,Senior IT Operations Specialist,JC-746,Professional,L7,Technology,IT Operations,Corporate,Remote,Contractor,Filled,0.5,CC-241,omar.haddad@example.com,2015-07-01
E0158,Jana Farouk,E0156,Senior IT Operations Specialist,JC-778,Professional,L7,Technology,IT Operations,Corporate,Dubai,Contractor,Filled,1.0,CC-241,jana.farouk@example.com,2018-12-28
E0159,Mona Zahra,E0156,Senior IT Operations Specialist,JC-777,Professional,L7,Technology,IT Operations,Corporate,Dubai,Full-time,Filled,1.0,CC-241,mona.zahra@example.com,2019-01-01
E0160,Yusuf Darwish,E0156,IT Operations Specialist,JC-885,Professional,L8,Technology,IT Operations,Corporate,Jeddah,Full-time,Filled,0.5,CC-241,yusuf.darwish@example.com,2023-05-19
E0161,Tariq Saleh,E0156,IT Operations Specialist,JC-831,Professional,L8,Technology,IT Operations,Corporate,Jeddah,Full-time,Filled,0.5,CC-241,tariq.saleh@example.com,2016-08-26
E0162,Adel Farouk,E0150,Manager IT Operations,JC-655,Management,L6,Technology,IT Operations,Corporate,Dammam,Full-time,Filled,1.0,CC-241,adel.farouk@example.com,2021-07-24
E0163,Reem Al-Harbi,E0162,Senior IT Operations Specialist,JC-743,Professional,L7,Technology,IT Operations,Corporate,Jeddah,Full-time,Filled,1.0,CC-241,reem.alharbi@example.com,2023-09-06
E0164,Dana Aziz,E0162,Senior IT Operations Specialist,JC-754,Professional,L7,Technology,IT Operations,Corporate,Jeddah,Contractor,Filled,1.0,CC-241,dana.aziz@example.com,2020-09-05
E0165,Dina Rashed,E0162,IT Operations Specialist,JC-869,Professional,L8,Technology,IT Operations,Corporate,Dammam,Full-time,Filled,1.0,CC-241,dina.rashed@example.com,2019-10-08
E0166,Dina Aziz,E0150,Manager IT Operations,JC-634,Management,L6,Technology,IT Operations,Corporate,Remote,Full-time,Filled,1.0,CC-241,dina.aziz@example.com,2019-12-27
E0167,Sara Aziz,E0166,IT Operations Specialist,JC-830,Professional,L8,Technology,IT Operations,Corporate,Dammam,Full-time,Filled,1.0,CC-241,sara.aziz@example.com,2020-04-09
E0168,Karim Farouk,E0166,Senior IT Operations Specialist,JC-759,Professional,L7,Technology,IT Operations,Corporate,Riyadh,Full-time,Filled,1.0,CC-241,karim.farouk@example.com,2017-05-24
E0169,Huda Saleh,E0166,Senior IT Operations Specialist,JC-736,Professional,L7,Technology,IT Operations,Corporate,Riyadh,Full-time,Filled,1.0,CC-241,huda.saleh@example.com,2022-01-01
E0170,Sami Osman,E0166,IT Operations Specialist,JC-869,Professional,L8,Technology,IT Operations,Corporate,Jeddah,Full-time,Filled,1.0,CC-241,sami.osman@example.com,2017-05-20
E0171,Amina Aziz,E0166,Senior IT Operations Specialist,JC-739,Professional,L7,Technology,IT Operations,Corporate,Remote,Contractor,Filled,0.5,CC-241,amina.aziz@example.com,2018-11-06
E0172,Dina Osman,E0166,Senior IT Operations Specialist,JC-763,Professional,L7,Technology,IT Operations,Corporate,Dammam,Full-time,Filled,1.0,CC-241,dina.osman@example.com,2021-12-23
E0173,Huda Osman,E0166,Senior IT Operations Specialist,JC-789,Professional,L7,Technology,IT Operations,Corporate,Dubai,Full-time,Filled,1.0,CC-241,huda.osman@example.com,2023-11-22
E0174,Khalid Baker,E0149,Director IT Operations,JC-459,Leadership,L4,Technology,IT Operations,Corporate,Riyadh,Full-time,Filled,1.0,CC-241,khalid.baker@example.com,2016-01-09
E0175,Aya Saleh,E0174,Manager IT Operations,JC-654,Management,L6,Technology,IT Operations,Corporate,Remote,Full-time,Filled,1.0,CC-241,aya.saleh@example.com,2024-08-18
E0176,Lina Al-Harbi,E0175,IT Operations Specialist,JC-862,Professional,L8,Technology,IT Operations,Corporate,Dammam,Full-time,Filled,1.0,CC-241,lina.alharbi@example.com,2018-11-06
E0177,Jana Farouk,E0175,IT Operations Specialist,JC-891,Professional,L8,Technology,IT Operations,Corporate,Remote,Full-time,Filled,1.0,CC-241,jana.farouk@example.com,2019-05-13
E0178,Amina Khan,E0175,Senior IT Operations Specialist,JC-784,Professional,L7,Technology,IT Operations,Corporate,Dubai,Full-time,Filled,1.0,CC-241,amina.khan@example.com,2016-04-10
E0179,Lina Aziz,E0175,Senior IT Operations Specialist,JC-731,Professional,L7,Technology,IT Operations,Corporate,Dubai,Full-time,Filled,1.0,CC-241,lina.aziz@example.com,2016-11-07
E0180,Adel Aziz,E0174,Manager IT Operations,JC-655,Management,L6,Technology,IT Operations,Corporate,Jeddah,Full-time,Filled,1.0,CC-241,adel.aziz@example.com,2022-05-25
E0181,Jana Darwish,E0180,Senior IT Operations Specialist,JC-758,Professional,L7,Technology,IT Operations,Corporate,Jeddah,Full-time,Filled,1.0,CC-241,jana.darwish@example.com,2021-11-06
E0182,Sami Mansour,E0180,Senior IT Operations Specialist,JC-751,Professional,L7,Technology,IT Operations,Corporate,Jeddah,Full-time,Filled,1.0,CC-241,sami.mansour@example.com,2022-07-20
E0183,Bilal Haddad,E0180,Senior IT Operations Specialist,JC-717,Professional,L7,Technology,IT Operations,Corporate,Dammam,Full-time,Filled,0.5,CC-241,bilal.haddad@example.com,2024-06-26
E0184,Lina Haddad,E0180,IT Operations Specialist,JC-894,Professional,L8,Technology,IT Operations,Corporate,Remote,Full-time,Filled,1.0,CC-241,lina.haddad@example.com,2018-02-21
E0185,Nasser Farouk,E0180,IT Operations Specialist,JC-833,Professional,L8,Technology,IT Operations,Corporate,Jeddah,Full-time,Filled,1.0,CC-241,nasser.farouk@example.com,2020-03-07
E0186,Sami Rashed,E0180,Senior IT Operations Specialist,JC-795,Professional,L7,Technology,IT Operations,Corporate,Remote,Full-time,Filled,1.0,CC-241,sami.rashed@example.com,2019-04-16
E0187,Lina Khan,E0180,IT Operations Specialist,JC-881,Professional,L8,Technology,IT Operations,Corporate,Dubai,Full-time,Filled,1.0,CC-241,lina.khan@example.com,2019-07-08
E0188,Hassan Darwish,E0174,Manager IT Operations,JC-617,Management,L6,Technology,IT Operations,Corporate,Remote,Full-time,Filled,1.0,CC-241,hassan.darwish@example.com,2022-03-23
E0189,Khalid Rashed,E0188,IT Operations Specialist,JC-851,Professional,L8,Technology,IT Operations,Corporate,Riyadh,Full-time,Filled,1.0,CC-241,khalid.rashed@example.com,2024-08-22
E0190,Dina Haddad,E0188,Senior IT Operations Specialist,JC-733,Professional,L7,Technology,IT Operations,Corporate,Dubai,Full-time,Filled,1.0,CC-241,dina.haddad@example.com,2015-01-20
E0191,Vacant,E0188,IT Operations Specialist,JC-875,Professional,L8,Technology,IT Operations,Corporate,Dammam,Full-time,Vacant,1.0,CC-241,,2022-03-02
E0192,Salim Idris,E0188,Senior IT Operations Specialist,JC-753,Professional,L7,Technology,IT Operations,Corporate,Riyadh,Full-time,Filled,1.0,CC-241,salim.idris@example.com,2023-09-25
E0193,Tariq Osman,E0188,Senior IT Operations Specialist,JC-780,Professional,L7,Technology,IT Operations,Corporate,Dubai,Full-time,Filled,1.0,CC-241,tariq.osman@example.com,2019-05-12
E0194,Rana Baker,E0188,IT Operations Specialist,JC-836,Professional,L8,Technology,IT Operations,Corporate,Dammam,Full-time,Filled,1.0,CC-241,rana.baker@example.com,2016-06-07
E0195,Tariq Idris,E0174,Manager IT Operations,JC-691,Management,L6,Technology,IT Operations,Corporate,Remote,Full-time,Filled,1.0,CC-241,tariq.idris@example.com,2015-07-24
E0196,Adel Nasser,E0195,Senior IT Operations Specialist,JC-710,Professional,L7,Technology,IT Operations,Corporate,Dammam,Full-time,Filled,1.0,CC-241,adel.nasser@example.com,2018-08-20
E0197,Omar Fahmy,E0195,IT Operations Specialist,JC-888,Professional,L8,Technology,IT Operations,Corporate,Remote,Full-time,Filled,0.5,CC-241,omar.fahmy@example.com,2024-11-03
E0198,Bilal Younes,E0195,IT Operations Specialist,JC-894,Professional,L8,Technology,IT Operations,Corporate,Jeddah,Full-time,Filled,1.0,CC-241,bilal.younes@example.com,2015-07-25
E0199,Waleed Al-Harbi,E0195,Senior IT Operations Specialist,JC-781,Professional,L7,Technology,IT Operations,Corporate,Jeddah,Full-time,Filled,1.0,CC-241,waleed.alharbi@example.com,2019-03-14
E0200,Vacant,E0195,Senior IT Operations Specialist,JC-773,Professional,L7,Technology,IT Operations,Corporate,Dubai,Contractor,Vacant,1.0,CC-241,,2023-01-27
E0201,Sami Osman,E0195,IT Operations Specialist,JC-818,Professional,L8,Technology,IT Operations,Corporate,Dubai,Full-time,Filled,0.5,CC-241,sami.osman@example.com,2021-10-19
E0202,Bilal Idris,E0195,Senior IT Operations Specialist,JC-720,Professional,L7,Technology,IT Operations,Corporate,Dubai,Full-time,Filled,1.0,CC-241,bilal.idris@example.com,2018-03-21
E0203,Vacant,E0149,Director IT Operations,JC-411,Leadership,L4,Technology,IT Operations,Corporate,Riyadh,Full-time,Vacant,1.0,CC-241,,2016-04-28
E0204,Amina Mansour,E0203,Manager IT Operations,JC-641,Management,L6,Technology,IT Operations,Corporate,Remote,Full-time,Filled,1.0,CC-241,amina.mansour@example.com,2017-01-12
E0205,Layla Zahra,E0204,IT Operations Specialist,JC-868,Professional,L8,Technology,IT Operations,Corporate,Remote,Full-time,Filled,0.5,CC-241,layla.zahra@example.com,2015-12-02
E0206,Vacant,E0204,Senior IT Operations Specialist,JC-759,Professional,L7,Technology,IT Operations,Corporate,Remote,Full-time,Vacant,1.0,CC-241,,2019-12-20
E0207,Rami Darwish,E0204,IT Operations Specialist,JC-857,Professional,L8,Technology,IT Operations,Corporate,Riyadh,Contractor,Filled,1.0,CC-241,rami.darwish@example.com,2022-08-22
E0208,Sami Farouk,E0204,Senior IT Operations Specialist,JC-771,Professional,L7,Technology,IT Operations,Corporate,Jeddah,Full-time,Filled,0.5,CC-241,sami.farouk@example.com,2022-05-26
E0209,Maya Zahra,E0203,Manager IT Operations,JC-617,Management,L6,Technology,IT Operations,Corporate,Dammam,Contractor,Filled,1.0,CC-241,maya.zahra@example.com,2024-06-28
E0210,Amina Idris,E0209,IT Operations Specialist,JC-841,Professional,L8,Technology,IT Operations,Corporate,Dammam,Full-time,Filled,0.5,CC-241,amina.idris@example.com,2021-11-13
E0211,Dana Aziz,E0209,Senior IT Operations Specialist,JC-751,Professional,L7,Technology,IT Operations,Corporate,Dammam,Full-time,Filled,1.0,CC-241,dana.aziz@example.com,2019-07-06
E0212,Hana Nasser,E0209,Senior IT Operations Specialist,JC-745,Professional,L7,Technology,IT Operations,Corporate,Jeddah,Full-time,Filled,1.0,CC-241,hana.nasser@example.com,2022-06-18
E0213,Vacant,E0209,IT Operations Specialist,JC-835,Professional,L8,Technology,IT Operations,Corporate,Dubai,Full-time,Vacant,0.5,CC-241,,2019-10-02
E0214,Dina Saleh,E0209,Senior IT Operations Specialist,JC-759,Professional,L7,Technology,IT Operations,Corporate,Remote,Full-time,Filled,1.0,CC-241,dina.saleh@example.com,2023-02-18
E0215,Jana Khan,E0209,Senior IT Operations Specialist,JC-776,Professional,L7,Technology,IT Operations,Corporate,Dubai,Full-time,Filled,1.0,CC-241,jana.khan@example.com,2022-09-19
E0216,Noor Saleh,E0209,Senior IT Operations Specialist,JC-756,Professional,L7,Technology,IT Operations,Corporate,Jeddah,Contractor,Filled,1.0,CC-241,noor.saleh@example.com,2024-06-13
E0217,Rami Idris,E0001,Chief Finance Officer,JC-241,Executive,L2,Finance,Financial Planning,Corporate,Riyadh,Full-time,Filled,1.0,CC-825,rami.idris@example.com,2022-06-28
E0218,Reem Younes,E0217,VP Financial Planning,JC-329,Leadership,L3,Finance,Financial Planning,Corporate,Riyadh,Full-time,Filled,1.0,CC-825,reem.younes@example.com,2024-01-12
E0219,Amina Farouk,E0218,Director Financial Planning,JC-436,Leadership,L4,Finance,Financial Planning,Corporate,Riyadh,Contractor,Filled,1.0,CC-825,amina.farouk@example.com,2022-10-19
E0220,Jana Mansour,E0219,Manager Financial Planning,JC-622,Management,L6,Finance,Financial Planning,Corporate,Dubai,Full-time,Filled,1.0,CC-825,jana.mansour@example.com,2024-10-05
E0221,Maya Saleh,E0220,Senior Financial Planning Specialist,JC-713,Professional,L7,Finance,Financial Planning,Corporate,Dubai,Full-time,Filled,1.0,CC-825,maya.saleh@example.com,2015-09-12
E0222,Dina Darwish,E0220,Senior Financial Planning Specialist,JC-725,Professional,L7,Finance,Financial Planning,Corporate,Remote,Full-time,Filled,0.5,CC-825,dina.darwish@example.com,2019-06-19
E0223,Layla Fahmy,E0220,Senior Financial Planning Specialist,JC-730,Professional,L7,Finance,Financial Planning,Corporate,Jeddah,Full-time,Filled,0.5,CC-825,layla.fahmy@example.com,2018-12-08
E0224,Huda Haddad,E0220,Senior Financial Planning Specialist,JC-716,Professional,L7,Finance,Financial Planning,Corporate,Remote,Full-time,Filled,1.0,CC-825,huda.haddad@example.com,2023-12-24
E0225,Hassan Nasser,E0220,Senior Financial Planning Specialist,JC-710,Professional,L7,Finance,Financial Planning,Corporate,Jeddah,Full-time,Filled,1.0,CC-825,hassan.nasser@example.com,2019-10-19
E0226,Reem Farouk,E0219,Manager Financial Planning,JC-651,Management,L6,Finance,Financial Planning,Corporate,Dubai,Full-time,Filled,1.0,CC-825,reem.farouk@example.com,2019-07-04
E0227,Khalid Younes,E0226,Senior Financial Planning Specialist,JC-769,Professional,L7,Finance,Financial Planning,Corporate,Jeddah,Full-time,Filled,1.0,CC-825,khalid.younes@example.com,2015-03-27
E0228,Waleed Haddad,E0226,Financial Planning Specialist,JC-822,Professional,L8,Finance,Financial Planning,Corporate,Jeddah,Full-time,Filled,0.5,CC-825,waleed.haddad@example.com,2015-11-03
E0229,Maya Baker,E0226,Senior Financial Planning Specialist,JC-790,Professional,L7,Finance,Financial Planning,Corporate,Dubai,Full-time,Filled,1.0,CC-825,maya.baker@example.com,2017-06-08
E0230,Khalid Younes,E0226,Financial Planning Specialist,JC-829,Professional,L8,Finance,Financial Planning,Corporate,Jeddah,Full-time,Filled,0.5,CC-825,khalid.younes@example.com,2021-07-08
E0231,Huda Zahra,E0226,Senior Financial Planning Specialist,JC-772,Professional,L7,Finance,Financial Planning,Corporate,Jeddah,Full-time,Filled,1.0,CC-825,huda.zahra@example.com,2020-08-16
E0232,Lina Nasser,E0218,Director Financial Planning,JC-481,Leadership,L4,Finance,Financial Planning,Corporate,Jeddah,Full-time,Filled,1.0,CC-825,lina.nasser@example.com,2019-02-09
E0233,Salim Mansour,E0232,Manager Financial Planning,JC-640,Management,L6,Finance,Financial Planning,Corporate,Jeddah,Full-time,Filled,1.0,CC-825,salim.mansour@example.com,2021-05-14
E0234,Vacant,E0233,Financial Planning Specialist,JC-891,Professional,L8,Finance,Financial Planning,Corporate,Dammam,Full-time,Vacant,1.0,CC-825,,2022-09-11
E0235,Dina Al-Harbi,E0233,Financial Planning Specialist,JC-856,Professional,L8,Finance,Financial Planning,Corporate,Dammam,Full-time,Filled,1.0,CC-825,dina.alharbi@example.com,2015-07-07
E0236,Khalid Idris,E0233,Senior Financial Planning Specialist,JC-732,Professional,L7,Finance,Financial Planning,Corporate,Remote,Full-time,Filled,1.0,CC-825,khalid.idris@example.com,2024-02-27
E0237,Vacant,E0233,Financial Planning Specialist,JC-832,Professional,L8,Finance,Financial Planning,Corporate,Dubai,Full-time,Vacant,1.0,CC-825,,2017-10-22
E0238,Sami Saleh,E0232,Manager Financial Planning,JC-649,Management,L6,Finance,Financial Planning,Corporate,Remote,Full-time,Filled,1.0,CC-825,sami.saleh@example.com,2015-02-23
E0239,Karim Nasser,E0238,Financial Planning Specialist,JC-846,Professional,L8,Finance,Financial Planning,Corporate,Dammam,Full-time,Filled,1.0,CC-825,karim.nasser@example.com,2016-01-14
E0240,Hassan Idris,E0238,Financial Planning Specialist,JC-833,Professional,L8,Finance,Financial Planning,Corporate,Dammam,Contractor,Filled,1.0,CC-825,hassan.idris@example.com,2020-01-06
E0241,Mona Al-Harbi,E0238,Senior Financial Planning Specialist,JC-776,Professional,L7,Finance,Financial Planning,Corporate,Remote,Full-time,Filled,0.5,CC-825,mona.alharbi@example.com,2016-06-23
E0242,Hana Baker,E0238,Financial Planning Specialist,JC-847,Professional,L8,Finance,Financial Planning,Corporate,Dubai,Full-time,Filled,1.0,CC-825,hana.baker@example.com,2022-08-17
E0243,Vacant,E0238,Financial Planning Specialist,JC-841,Professional,L8,Finance,Financial Planning,Corporate,Jeddah,Full-time,Vacant,1.0,CC-825,,2018-10-06
E0244,Tariq Mansour,E0238,Financial Planning Specialist,JC-822,Professional,L8,Finance,Financial Planning,Corporate,Riyadh,Full-time,Filled,1.0,CC-825,tariq.mansour@example.com,2019-01-27
E0245,Mona Younes,E0238,Financial Planning Specialist,JC-823,Professional,L8,Finance,Financial Planning,Corporate,Jeddah,Full-time,Filled,0.5,CC-825,mona.younes@example.com,2016-12-06
E0246,Vacant,E0218,Director Financial Planning,JC-469,Leadership,L4,Finance,Financial Planning,Corporate,Riyadh,Full-time,Vacant,1.0,CC-825,,2024-09-25
E0247,Yusuf Qureshi,E0246,Manager Financial Planning,JC-679,Management,L6,Finance,Financial Planning,Corporate,Jeddah,Contractor,Filled,1.0,CC-825,yusuf.qureshi@example.com,2018-04-05
E0248,Rana Rahman,E0247,Senior Financial Planning Specialist,JC-786,Professional,L7,Finance,Financial Planning,Corporate,Dubai,Contractor,Filled,0.5,CC-825,rana.rahman@example.com,2023-01-13
E0249,Omar Haddad,E0247,Senior Financial Planning Specialist,JC-752,Professional,L7,Finance,Financial Planning,Corporate,Dubai,Full-time,Filled,1.0,CC-825,omar.haddad@example.com,2024-06-27
E0250,Adel Nasser,E0247,Senior Financial Planning Specialist,JC-797,Professional,L7,Finance,Financial Planning,Corporate,Remote,Full-time,Filled,1.0,CC-825,adel.nasser@example.com,2018-07-22
E0251,Zaid Farouk,E0247,Financial Planning Specialist,JC-851,Professional,L8,Finance,Financial Planning,Corporate,Jeddah,Full-time,Filled,1.0,CC-825,zaid.farouk@example.com,2018-09-22
E0252,Vacant,E0247,Senior Financial Planning Specialist,JC-768,Professional,L7,Finance,Financial Planning,Corporate,Dubai,Full-time,Vacant,0.5,CC-825,,2015-01-28
E0253,Huda Mansour,E0247,Financial Planning Specialist,JC-889,Professional,L8,Finance,Financial Planning,Corporate,Remote,Full-time,Filled,1.0,CC-825,huda.mansour@example.com,2019-02-17
E0254,Vacant,E0247,Senior Financial Planning Specialist,JC-724,Professional,L7,Finance,Financial Planning,Corporate,Riyadh,Full-time,Vacant,1.0,CC-825,,2020-11-06
E0255,Nasser Fahmy,E0246,Manager Financial Planning,JC-620,Management,L6,Finance,Financial Planning,Corporate,Dammam,Full-time,Filled,1.0,CC-825,nasser.fahmy@example.com,2024-09-05
E0256,Sara Zahra,E0255,Senior Financial Planning Specialist,JC-745,Professional,L7,Finance,Financial Planning,Corporate,Remote,Full-time,Filled,1.0,CC-825,sara.zahra@example.com,2016-12-18
E0257,Dina Aziz,E0255,Financial Planning Specialist,JC-880,Professional,L8,Finance,Financial Planning,Corporate,Dubai,Full-time,Filled,1.0,CC-825,dina.aziz@example.com,2022-09-10
E0258,Hassan Zahra,E0255,Senior Financial Planning Specialist,JC-738,Professional,L7,Finance,Financial Planning,Corporate,Jeddah,Full-time,Filled,1.0,CC-825,hassan.zahra@example.com,2023-09-13
E0259,Rana Al-Harbi,E0255,Senior Financial Planning Specialist,JC-751,Professional,L7,Finance,Financial Planning,Corporate,Jeddah,Full-time,Filled,1.0,CC-825,rana.alharbi@example.com,2020-08-09
E0260,Noor Zahra,E0255,Senior Financial Planning Specialist,JC-780,Professional,L7,Finance,Financial Planning,Corporate,Riyadh,Full-time,Filled,1.0,CC-825,noor.zahra@example.com,2024-06-15
E0261,Lina Qureshi,E0255,Senior Financial Planning Specialist,JC-776,Professional,L7,Finance,Financial Planning,Corporate,Dammam,Full-time,Filled,1.0,CC-825,lina.qureshi@example.com,2017-07-11
E0262,Sara Saleh,E0246,Manager Financial Planning,JC-688,Management,L6,Finance,Financial Planning,Corporate,Remote,Full-time,Filled,1.0,CC-825,sara.saleh@example.com,2023-02-24
E0263,Reem Idris,E0262,Senior Financial Planning Specialist,JC-762,Professional,L7,Finance,Financial Planning,Corporate,Riyadh,Full-time,Filled,1.0,CC-825,reem.idris@example.com,2024-02-16
E0264,Mona Idris,E0262,Senior Financial Planning Specialist,JC-758,Professional,L7,Finance,Financial Planning,Corporate,Dammam,Full-time,Filled,1.0,CC-825,mona.idris@example.com,2022-05-24
E0265,Zaid Qureshi,E0262,Financial Planning Specialist,JC-892,Professional,L8,Finance,Financial Planning,Corporate,Remote,Full-time,Filled,0.5,CC-825,zaid.qureshi@example.com,2015-12-28
E0266,Rana Younes,E0262,Senior Financial Planning Specialist,JC-728,Professional,L7,Finance,Financial Planning,Corporate,Jeddah,Full-time,Filled,1.0,CC-825,rana.younes@example.com,2024-07-19
E0267,Hana Baker,E0262,Senior Financial Planning Specialist,JC-751,Professional,L7,Finance,Financial Planning,Corporate,Remote,Full-time,Filled,1.0,CC-825,hana.baker@example.com,2021-01-01
E0268,Vacant,E0262,Financial Planning Specialist,JC-878,Professional,L8,Finance,Financial Planning,Corporate,Dubai,Full-time,Vacant,1.0,CC-825,,2023-10-14
E0269,Lina Osman,E0217,VP Treasury,JC-369,Leadership,L3,Finance,Treasury,Corporate,Dubai,Full-time,Filled,1.0,CC-915,lina.osman@example.com,2015-10-22
E0270,Amina Khan,E0269,Director Treasury,JC-439,Leadership,L4,Finance,Treasury,Corporate,Remote,Full-time,Filled,1.0,CC-915,amina.khan@example.com,2021-06-17
E0271,Waleed Idris,E0270,Manager Treasury,JC-663,Management,L6,Finance,Treasury,Corporate,Jeddah,Full-time,Filled,1.0,CC-915,waleed.idris@example.com,2021-08-25
E0272,Mona Baker,E0271,Treasury Specialist,JC-831,Professional,L8,Finance,Treasury,Corporate,Remote,Full-time,Filled,1.0,CC-915,mona.baker@example.com,2020-06-03
E0273,Lina Rahman,E0271,Senior Treasury Specialist,JC-775,Professional,L7,Finance,Treasury,Corporate,Dammam,Full-time,Filled,1.0,CC-915,lina.rahman@example.com,2017-09-10
E0274,Noor Fahmy,E0271,Senior Treasury Specialist,JC-717,Professional,L7,Finance,Treasury,Corporate,Dubai,Contractor,Filled,1.0,CC-915,noor.fahmy@example.com,2024-02-12
E0275,Reem Nasser,E0271,Treasury Specialist,JC-810,Professional,L8,Finance,Treasury,Corporate,Dubai,Full-time,Filled,1.0,CC-915,reem.nasser@example.com,2023-01-10
E0276,Yusuf Al-Harbi,E0271,Treasury Specialist,JC-832,Professional,L8,Finance,Treasury,Corporate,Riyadh,Full-time,Filled,1.0,CC-915,yusuf.alharbi@example.com,2023-10-09
E0277,Dana Rashed,E0271,Treasury Specialist,JC-862,Professional,L8,Finance,Treasury,Corporate,Jeddah,Contractor,Filled,1.0,CC-915,dana.rashed@example.com,2016-03-06
E0278,Lina Farouk,E0271,Senior Treasury Specialist,JC-731,Professional,L7,Finance,Treasury,Corporate,Riyadh,Full-time,Filled,1.0,CC-915,lina.farouk@example.com,2022-08-20
E0279,Sami Nasser,E0270,Manager Treasury,JC-697,Management,L6,Finance,Treasury,Corporate,Riyadh,Contractor,Filled,1.0,CC-915,sami.nasser@example.com,2020-03-23
E0280,Khalid Nasser,E0279,Senior Treasury Specialist,JC-754,Professional,L7,Finance,Treasury,Corporate,Riyadh,Full-time,Filled,1.0,CC-915,khalid.nasser@example.com,2022-10-13
E0281,Vacant,E0279,Senior Treasury Specialist,JC-766,Professional,L7,Finance,Treasury,Corporate,Dubai,Full-time,Vacant,1.0,CC-915,,2024-04-08
E0282,Khalid Rahman,E0279,Senior Treasury Specialist,JC-748,Professional,L7,Finance,Treasury,Corporate,Riyadh,Full-time,Filled,0.5,CC-915,khalid.rahman@example.com,2024-05-16
E0283,Layla Aziz,E0279,Treasury Specialist,JC-862,Professional,L8,Finance,Treasury,Corporate,Dubai,Full-time,Filled,1.0,CC-915,layla.aziz@example.com,2021-12-16
E0284,Vacant,E0270,Manager Treasury,JC-621,Management,L6,Finance,Treasury,Corporate,Jeddah,Full-time,Vacant,1.0,CC-915,,2017-06-13
E0285,Vacant,E0284,Senior Treasury Specialist,JC-724,Professional,L7,Finance,Treasury,Corporate,Dubai,Full-time,Vacant,1.0,CC-915,,2023-07-11
E0286,Layla Farouk,E0284,Senior Treasury Specialist,JC-759,Professional,L7,Finance,Treasury,Corporate,Dammam,Full-time,Filled,1.0,CC-915,layla.farouk@example.com,2022-05-12
E0287,Omar Mansour,E0284,Treasury Specialist,JC-829,Professional,L8,Finance,Treasury,Corporate,Riyadh,Full-time,Filled,1.0,CC-915,omar.mansour@example.com,2017-02-07
E0288,Hana Idris,E0284,Treasury Specialist,JC-840,Professional,L8,Finance,Treasury,Corporate,Dubai,Full-time,Filled,0.5,CC-915,hana.idris@example.com,2020-06-07
E0289,Rana Saleh,E0269,Director Treasury,JC-470,Leadership,L4,Finance,Treasury,Corporate,Dammam,Full-time,Filled,1.0,CC-915,rana.saleh@example.com,2018-04-28
E0290,Aya Mansour,E0289,Manager Treasury,JC-666,Management,L6,Finance,Treasury,Corporate,Remote,Contractor,Filled,1.0,CC-915,aya.mansour@example.com,2020-09-08
E0291,Noor Idris,E0290,Senior Treasury Specialist,JC-779,Professional,L7,Finance,Treasury,Corporate,Remote,Full-time,Filled,1.0,CC-915,noor.idris@example.com,2021-01-22
E0292,Sara Zahra,E0290,Senior Treasury Specialist,JC-798,Professional,L7,Finance,Treasury,Corporate,Dubai,Full-time,Filled,1.0,CC-915,sara.zahra@example.com,2018-06-07
E0293,Yusuf Khan,E0290,Treasury Specialist,JC-834,Professional,L8,Finance,Treasury,Corporate,Dammam,Full-time,Filled,1.0,CC-915,yusuf.khan@example.com,2019-02-08
E0294,Hana Qureshi,E0290,Senior Treasury Specialist,JC-769,Professional,L7,Finance,Treasury,Corporate,Dammam,Full-time,Filled,0.5,CC-915,hana.qureshi@example.com,2019-03-01
E0295,Sami Haddad,E0290,Senior Treasury Specialist,JC-741,Professional,L7,Finance,Treasury,Corporate,Riyadh,Full-time,Filled,0.5,CC-915,sami.haddad@example.com,2020-11-04
E0296,Yusuf Mansour,E0290,Treasury Specialist,JC-861,Professional,L8,Finance,Treasury,Corporate,Jeddah,Full-time,Filled,1.0,CC-915,yusuf.mansour@example.com,2024-03-14
E0297,Tariq Idris,E0289,Manager Treasury,JC-615,Management,L6,Finance,Treasury,Corporate,Dubai,Full-time,Filled,1.0,CC-915,tariq.idris@example.com,2019-11-21
E0298,Faisal Darwish,E0297,Treasury Specialist,JC-865,Professional,L8,Finance,Treasury,Corporate,Remote,Contractor,Filled,1.0,CC-915,faisal.darwish@example.com,2020-01-04
E0299,Jana Zahra,E0297,Senior Treasury Specialist,JC-741,Professional,L7,Finance,Treasury,Corporate,Remote,Full-time,Filled,1.0,CC-915,jana.zahra@example.com,2015-06-07
E0300,Zaid Khan,E0297,Senior Treasury Specialist,JC-745,Professional,L7,Finance,Treasury,Corporate,Dubai,Full-time,Filled,1.0,CC-915,zaid.khan@example.com,2016-06-14
E0301,Maya Fahmy,E0297,Treasury Specialist,JC-896,Professional,L8,Finance,Treasury,Corporate,Dubai,Full-time,Filled,1.0,CC-915,maya.fahmy@example.com,2021-11-17
E0302,Jana Idris,E0289,Manager Treasury,JC-634,Management,L6,Finance,Treasury,Corporate,Dubai,Full-time,Filled,1.0,CC-915,jana.idris@example.com,2023-05-06
E0303,Jana Aziz,E0302,Treasury Specialist,JC-817,Professional,L8,Finance,Treasury,Corporate,Dammam,Full-time,Filled,1.0,CC-915,jana.aziz@example.com,2020-06-14
E0304,Vacant,E0302,Treasury Specialist,JC-827,Professional,L8,Finance,Treasury,Corporate,Dammam,Full-time,Vacant,1.0,CC-915,,2022-04-23
E0305,Lina Younes,E0302,Senior Treasury Specialist,JC-727,Professional,L7,Finance,Treasury,Corporate,Dammam,Full-time,Filled,1.0,CC-915,lina.younes@example.com,2024-10-08
E0306,Hana Farouk,E0302,Treasury Specialist,JC-896,Professional,L8,Finance,Treasury,Corporate,Dubai,Full-time,Filled,1.0,CC-915,hana.farouk@example.com,2024-08-27
E0307,Hana Saleh,E0302,Senior Treasury Specialist,JC-756,Professional,L7,Finance,Treasury,Corporate,Dammam,Full-time,Filled,1.0,CC-915,hana.saleh@example.com,2018-01-02
E0308,Tariq Saleh,E0302,Senior Treasury Specialist,JC-724,Professional,L7,Finance,Treasury,Corporate,Dammam,Full-time,Filled,0.5,CC-915,tariq.saleh@example.com,2020-08-15
E0309,Tariq Rahman,E0302,Treasury Specialist,JC-811,Professional,L8,Finance,Treasury,Corporate,Riyadh,Full-time,Filled,1.0,CC-915,tariq.rahman@example.com,2022-02-24
E0310,Karim Mansour,E0269,Director Treasury,JC-492,Leadership,L4,Finance,Treasury,Corporate,Riyadh,Full-time,Filled,1.0,CC-915,karim.mansour@example.com,2021-08-07
E0311,Zaid Khan,E0310,Manager Treasury,JC-690,Management,L6,Finance,Treasury,Corporate,Dammam,Contractor,Filled,1.0,CC-915,zaid.khan@example.com,2019-11-08
E0312,Amina Al-Harbi,E0311,Senior Treasury Specialist,JC-757,Professional,L7,Finance,Treasury,Corporate,Jeddah,Full-time,Filled,1.0,CC-915,amina.alharbi@example.com,2023-11-06
E0313,Karim Zahra,E0311,Treasury Specialist,JC-858,Professional,L8,Finance,Treasury,Corporate,Remote,Full-time,Filled,1.0,CC-915,karim.zahra@example.com,2020-06-08
E0314,Adel Haddad,E0311,Senior Treasury Specialist,JC-715,Professional,L7,Finance,Treasury,Corporate,Jeddah,Full-time,Filled,1.0,CC-915,adel.haddad@example.com,2024-11-27
E0315,Rana Nasser,E0310,Manager Treasury,JC-673,Management,L6,Finance,Treasury,Corporate,Jeddah,Full-time,Filled,1.0,CC-915,rana.nasser@example.com,2022-12-06
E0316,Reem Khan,E0315,Senior Treasury Specialist,JC-727,Professional,L7,Finance,Treasury,Corporate,Jeddah,Full-time,Filled,1.0,CC-915,reem.khan@example.com,2021-02-02
E0317,Hassan Saleh,E0315,Senior Treasury Specialist,JC-714,Professional,L7,Finance,Treasury,Corporate,Dammam,Contractor,Filled,1.0,CC-915,hassan.saleh@example.com,2023-07-05
E0318,Bilal Nasser,E0315,Treasury Specialist,JC-818,Professional,L8,Finance,Treasury,Corporate,Dubai,Full-time,Filled,1.0,CC-915,bilal.nasser@example.com,2015-11-27
E0319,Karim Rahman,E0315,Senior Treasury Specialist,JC-766,Professional,L7,Finance,Treasury,Corporate,Dammam,Contractor,Filled,1.0,CC-915,karim.rahman@example.com,2020-10-07
E0320,Adel Baker,E0315,Treasury Specialist,JC-878,Professional,L8,Finance,Treasury,Corporate,Dubai,Full-time,Filled,0.5,CC-915,adel.baker@example.com,2021-10-20
E0321,Sami Nasser,E0310,Manager Treasury,JC-687,Management,L6,Finance,Treasury,Corporate,Dammam,Full-time,Filled,1.0,CC-915,sami.nasser@example.com,2024-10-14
E0322,Reem Idris,E0321,Senior Treasury Specialist,JC-734,Professional,L7,Finance,Treasury,Corporate,Dammam,Full-time,Filled,1.0,CC-915,reem.idris@example.com,2022-12-03
E0323,Mona Haddad,E0321,Treasury Specialist,JC-856,Professional,L8,Finance,Treasury,Corporate,Remote,Full-time,Filled,0.5,CC-915,mona.haddad@example.com,2018-10-15
E0324,Yusuf Aziz,E0321,Senior Treasury Specialist,JC-738,Professional,L7,Finance,Treasury,Corporate,Jeddah,Full-time,Filled,1.0,CC-915,yusuf.aziz@example.com,2016-04-17
E0325,Aya Darwish,E0321,Senior Treasury Specialist,JC-738,Professional,L7,Finance,Treasury,Corporate,Remote,Full-time,Filled,0.5,CC-915,aya.darwish@example.com,2024-12-04
E0326,Waleed Khan,E0321,Senior Treasury Specialist,JC-727,Professional,L7,Finance,Treasury,Corporate,Riyadh,Full-time,Filled,0.5,CC-915,waleed.khan@example.com,2023-09-23
E0327,Yusuf Fahmy,E0310,Manager Treasury,JC-668,Management,L6,Finance,Treasury,Corporate,Riyadh,Full-time,Filled,1.0,CC-915,yusuf.fahmy@example.com,2023-03-07
E0328,Layla Idris,E0327,Senior Treasury Specialist,JC-761,Professional,L7,Finance,Treasury,Corporate,Remote,Full-time,Filled,1.0,CC-915,layla.idris@example.com,2015-06-02
E0329,Vacant,E0327,Treasury Specialist,JC-848,Professional,L8,Finance,Treasury,Corporate,Jeddah,Full-time,Vacant,0.5,CC-915,,2017-07-03
E0330,Rami Saleh,E0327,Treasury Specialist,JC-831,Professional,L8,Finance,Treasury,Corporate,Riyadh,Full-time,Filled,1.0,CC-915,rami.saleh@example.com,2020-12-22
E0331,Vacant,E0327,Senior Treasury Specialist,JC-757,Professional,L7,Finance,Treasury,Corporate,Riyadh,Full-time,Vacant,1.0,CC-915,,2023-06-24
E0332,Hana Haddad,E0327,Senior Treasury Specialist,JC-787,Professional,L7,Finance,Treasury,Corporate,Dammam,Full-time,Filled,1.0,CC-915,hana.haddad@example.com,2015-11-08
E0333,Noor Younes,E0327,Senior Treasury Specialist,JC-724,Professional,L7,Finance,Treasury,Corporate,Remote,Full-time,Filled,0.5,CC-915,noor.younes@example.com,2022-02-03
E0334,Khalid Idris,E0327,Treasury Specialist,JC-828,Professional,L8,Finance,Treasury,Corporate,Dammam,Contractor,Filled,0.5,CC-915,khalid.idris@example.com,2019-09-23
E0335,Huda Younes,E0217,VP Accounting,JC-313,Leadership,L3,Finance,Accounting,Corporate,Riyadh,Full-time,Filled,1.0,CC-396,huda.younes@example.com,2017-08-17
E0336,Sami Nasser,E0335,Director Accounting,JC-433,Leadership,L4,Finance,Accounting,Corporate,Riyadh,Contractor,Filled,1.0,CC-396,sami.nasser@example.com,2024-07-27
E0337,Aya Younes,E0336,Manager Accounting,JC-639,Management,L6,Finance,Accounting,Corporate,Dubai,Contractor,Filled,1.0,CC-396,aya.younes@example.com,2023-02-12
E0338,Tariq Idris,E0337,Accounting Specialist,JC-837,Professional,L8,Finance,Accounting,Corporate,Remote,Full-time,Filled,1.0,CC-396,tariq.idris@example.com,2020-12-15
E0339,Dina Qureshi,E0337,Senior Accounting Specialist,JC-752,Professional,L7,Finance,Accounting,Corporate,Dammam,Contractor,Filled,1.0,CC-396,dina.qureshi@example.com,2022-06-08
E0340,Vacant,E0337,Senior Accounting Specialist,JC-790,Professional,L7,Finance,Accounting,Corporate,Remote,Full-time,Vacant,1.0,CC-396,,2017-05-13
E0341,Lina Mansour,E0337,Senior Accounting Specialist,JC-799,Professional,L7,Finance,Accounting,Corporate,Remote,Full-time,Filled,1.0,CC-396,lina.mansour@example.com,2023-02-28
E0342,Salim Farouk,E0337,Senior Accounting Specialist,JC-728,Professional,L7,Finance,Accounting,Corporate,Dammam,Full-time,Filled,1.0,CC-396,salim.farouk@example.com,2019-06-24
E0343,Rami Aziz,E0336,Manager Accounting,JC-680,Management,L6,Finance,Accounting,Corporate,Dammam,Full-time,Filled,1.0,CC-396,rami.aziz@example.com,2020-01-23
E0344,Dana Darwish,E0343,Accounting Specialist,JC-840,Professional,L8,Finance,Accounting,Corporate,Dammam,Full-time,Filled,1.0,CC-396,dana.darwish@example.com,2017-03-07
E0345,Vacant,E0343,Accounting Specialist,JC-867,Professional,L8,Finance,Accounting,Corporate,Dubai,Full-time,Vacant,0.5,CC-396,,2024-05-06
E0346,Sara Zahra,E0343,Accounting Specialist,JC-883,Professional,L8,Finance,Accounting,Corporate,Dammam,Full-time,Filled,1.0,CC-396,sara.zahra@example.com,2020-02-07
E0347,Layla Rahman,E0343,Senior Accounting Specialist,JC-769,Professional,L7,Finance,Accounting,Corporate,Remote,Full-time,Filled,1.0,CC-396,layla.rahman@example.com,2021-12-28
E0348,Hana Darwish,E0343,Senior Accounting Specialist,JC-742,Professional,L7,Finance,Accounting,Corporate,Jeddah,Full-time,Filled,1.0,CC-396,hana.darwish@example.com,2015-03-21
E0349,Aya Al-Harbi,E0336,Manager Accounting,JC-616,Management,L6,Finance,Accounting,Corporate,Jeddah,Full-time,Filled,1.0,CC-396,aya.alharbi@example.com,2022-04-20
E0350,Reem Farouk,E0349,Senior Accounting Specialist,JC-726,Professional,L7,Finance,Accounting,Corporate,Jeddah,Contractor,Filled,1.0,CC-396,reem.farouk@example.com,2015-02-03
E0351,Dana Baker,E0349,Accounting Specialist,JC-834,Professional,L8,Finance,Accounting,Corporate,Jeddah,Full-time,Filled,1.0,CC-396,dana.baker@example.com,2023-11-01
E0352,Waleed Al-Harbi,E0349,Senior Accounting Specialist,JC-713,Professional,L7,Finance,Accounting,Corporate,Dammam,Full-time,Filled,1.0,CC-396,waleed.alharbi@example.com,2021-10-22
E0353,Khalid Nasser,E0349,Senior Accounting Specialist,JC-790,Professional,L7,Finance,Accounting,Corporate,Riyadh,Contractor,Filled,1.0,CC-396,khalid.nasser@example.com,2020-08-20
E0354,Dina Al-Harbi,E0349,Senior Accounting Specialist,JC-717,Professional,L7,Finance,Accounting,Corporate,Dammam,Full-time,Filled,1.0,CC-396,dina.alharbi@example.com,2024-12-24
E0355,Khalid Khan,E0335,Director Accounting,JC-429,Leadership,L4,Finance,Accounting,Corporate,Riyadh,Full-time,Filled,1.0,CC-396,khalid.khan@example.com,2017-09-25
E0356,Zaid Osman,E0355,Manager Accounting,JC-678,Management,L6,Finance,Accounting,Corporate,Dammam,Contractor,Filled,1.0,CC-396,zaid.osman@example.com,2023-03-22
E0357,Faisal Mansour,E0356,Accounting Specialist,JC-892,Professional,L8,Finance,Accounting,Corporate,Dubai,Full-time,Filled,1.0,CC-396,faisal.mansour@example.com,2023-12-15
E0358,Zaid Fahmy,E0356,Accounting Specialist,JC-842,Professional,L8,Finance,Accounting,Corporate,Dammam,Full-time,Filled,1.0,CC-396,zaid.fahmy@example.com,2023-08-04
E0359,Jana Haddad,E0356,Senior Accounting Specialist,JC-721,Professional,L7,Finance,Accounting,Corporate,Jeddah,Full-time,Filled,0.5,CC-396,jana.haddad@example.com,2024-03-04
E0360,Vacant,E0356,Accounting Specialist,JC-843,Professional,L8,Finance,Accounting,Corporate,Jeddah,Contractor,Vacant,1.0,CC-396,,2020-12-05
E0361,Rami Rahman,E0356,Accounting Specialist,JC-841,Professional,L8,Finance,Accounting,Corporate,Riyadh,Full-time,Filled,1.0,CC-396,rami.rahman@example.com,2022-04-21
E0362,Dana Qureshi,E0356,Senior Accounting Specialist,JC-713,Professional,L7,Finance,Accounting,Corporate,Jeddah,Full-time,Filled,1.0,CC-396,dana.qureshi@example.com,2015-02-26
E0363,Rana Haddad,E0356,Senior Accounting Specialist,JC-762,Professional,L7,Finance,Accounting,Corporate,Jeddah,Full-time,Filled,0.5,CC-396,rana.haddad@example.com,2018-01-09
E0364,Vacant,E0355,Manager Accounting,JC-640,Management,L6,Finance,Accounting,Corporate,Dubai,Full-time,Vacant,1.0,CC-396,,2020-04-11
E0365,Tariq Darwish,E0364,Senior Accounting Specialist,JC-771,Professional,L7,Finance,Accounting,Corporate,Remote,Full-time,Filled,1.0,CC-396,tariq.darwish@example.com,2017-05-10
E0366,Vacant,E0364,Senior Accounting Specialist,JC-730,Professional,L7,Finance,Accounting,Corporate,Dubai,Full-time,Vacant,1.0,CC-396,,2024-10-15
E0367,Omar Saleh,E0364,Accounting Specialist,JC-866,Professional,L8,Finance,Accounting,Corporate,Dammam,Full-time,Filled,1.0,CC-396,omar.saleh@example.com,2021-03-10
E0368,Sami Farouk,E0364,Senior Accounting Specialist,JC-748,Professional,L7,Finance,Accounting,Corporate,Riyadh,Full-time,Filled,1.0,CC-396,sami.farouk@example.com,2023-12-12
E0369,Vacant,E0364,Senior Accounting Specialist,JC-721,Professional,L7,Finance,Accounting,Corporate,Dubai,Full-time,Vacant,0.5,CC-396,,2020-11-22
E0370,Dana Baker,E0364,Senior Accounting Specialist,JC-735,Professional,L7,Finance,Accounting,Corporate,Remote,Full-time,Filled,1.0,CC-396,dana.baker@example.com,2015-03-17
E0371,Mona Osman,E0335,Director Accounting,JC-412,Leadership,L4,Finance,Accounting,Corporate,Riyadh,Full-time,Filled,1.0,CC-396,mona.osman@example.com,2020-02-04
E0372,Sara Fahmy,E0371,Manager Accounting,JC-610,Management,L6,Finance,Accounting,Corporate,Dubai,Full-time,Filled,1.0,CC-396,sara.fahmy@example.com,2018-11-18
E0373,Adel Fahmy,E0372,Senior Accounting Specialist,JC-773,Professional,L7,Finance,Accounting,Corporate,Remote,Full-time,Filled,1.0,CC-396,adel.fahmy@example.com,2020-04-28
E0374,Dana Aziz,E0372,Accounting Specialist,JC-832,Professional,L8,Finance,Accounting,Corporate,Riyadh,Full-time,Filled,1.0,CC-396,dana.aziz@example.com,2019-05-03
E0375,Noor Fahmy,E0372,Senior Accounting Specialist,JC-744,Professional,L7,Finance,Accounting,Corporate,Dubai,Full-time,Filled,1.0,CC-396,noor.fahmy@example.com,2020-12-02
E0376,Adel Zahra,E0372,Accounting Specialist,JC-844,Professional,L8,Finance,Accounting,Corporate,Dammam,Full-time,Filled,0.5,CC-396,adel.zahra@example.com,2021-06-18
E0377,Sara Qureshi,E0371,Manager Accounting,JC-662,Management,L6,Finance,Accounting,Corporate,Dubai,Full-time,Filled,1.0,CC-396,sara.qureshi@example.com,2015-04-20
E0378,Huda Qureshi,E0377,Senior Accounting Specialist,JC-721,Professional,L7,Finance,Accounting,Corporate,Jeddah,Contractor,Filled,1.0,CC-396,huda.qureshi@example.com,2015-12-02
E0379,Adel Baker,E0377,Accounting Specialist,JC-868,Professional,L8,Finance,Accounting,Corporate,Dubai,Contractor,Filled,1.0,CC-396,adel.baker@example.com,2015-08-24
E0380,Hassan Fahmy,E0377,Senior Accounting Specialist,JC-740,Professional,L7,Finance,Accounting,Corporate,Remote,Full-time,Filled,0.5,CC-396,hassan.fahmy@example.com,2020-12-03
E0381,Lina Mansour,E0377,Accounting Specialist,JC-890,Professional,L8,Finance,Accounting,Corporate,Dammam,Full-time,Filled,1.0,CC-396,lina.mansour@example.com,2018-10-25
E0382,Waleed Darwish,E0377,Accounting Specialist,JC-883,Professional,L8,Finance,Accounting,Corporate,Dammam,Full-time,Filled,0.5,CC-396,waleed.darwish@example.com,2017-02-25
E0383,Lina Saleh,E0377,Accounting Specialist,JC-840,Professional,L8,Finance,Accounting,Corporate,Jeddah,Full-time,Filled,1.0,CC-396,lina.saleh@example.com,2017-11-15
E0384,Hana Nasser,E0377,Senior Accounting Specialist,JC-764,Professional,L7,Finance,Accounting,Corporate,Dubai,Full-time,Filled,1.0,CC-396,hana.nasser@example.com,2021-03-23
E0385,Yusuf Haddad,E0001,Chief People Officer,JC-255,Executive,L2,People,Talent Acquisition,Corporate,Riyadh,Full-time,Filled,1.0,CC-527,yusuf.haddad@example.com,2023-05-15
E0386,Huda Qureshi,E0385,VP Talent Acquisition,JC-367,Leadership,L3,People,Talent Acquisition,Corporate,Dammam,Full-time,Filled,1.0,CC-527,huda.qureshi@example.com,2022-11-16
E0387,Sara Al-Harbi,E0386,Director Talent Acquisition,JC-456,Leadership,L4,People,Talent Acquisition,Corporate,Jeddah,Full-time,Filled,1.0,CC-527,sara.alharbi@example.com,2023-11-08
E0388,Maya Qureshi,E0387,Manager Talent Acquisition,JC-612,Management,L6,People,Talent Acquisition,Corporate,Dammam,Full-time,Filled,1.0,CC-527,maya.qureshi@example.com,2018-01-19
E0389,Vacant,E0388,Senior Talent Acquisition Specialist,JC-751,Professional,L7,People,Talent Acquisition,Corporate,Dammam,Full-time,Vacant,1.0,CC-527,,2018-05-27
E0390,Lina Darwish,E0388,Senior Talent Acquisition Specialist,JC-764,Professional,L7,People,Talent Acquisition,Corporate,Jeddah,Full-time,Filled,1.0,CC-527,lina.darwish@example.com,2024-06-02
E0391,Rana Haddad,E0388,Senior Talent Acquisition Specialist,JC-765,Professional,L7,People,Talent Acquisition,Corporate,Dammam,Contractor,Filled,0.5,CC-527,rana.haddad@example.com,2019-06-08
E0392,Mona Idris,E0388,Talent Acquisition Specialist,JC-818,Professional,L8,People,Talent Acquisition,Corporate,Jeddah,Full-time,Filled,1.0,CC-527,mona.idris@example.com,2020-02-03
E0393,Rana Qureshi,E0388,Talent Acquisition Specialist,JC-892,Professional,L8,People,Talent Acquisition,Corporate,Dubai,Full-time,Filled,0.5,CC-527,rana.qureshi@example.com,2016-10-19
E0394,Dina Osman,E0387,Manager Talent Acquisition,JC-670,Management,L6,People,Talent Acquisition,Corporate,Dubai,Full-time,Filled,1.0,CC-527,dina.osman@example.com,2016-08-13
E0395,Jana Al-Harbi,E0394,Talent Acquisition Specialist,JC-861,Professional,L8,People,Talent Acquisition,Corporate,Jeddah,Full-time,Filled,1.0,CC-527,jana.alharbi@example.com,2015-11-10
E0396,Jana Qureshi,E0394,Senior Talent Acquisition Specialist,JC-738,Professional,L7,People,Talent Acquisition,Corporate,Riyadh,Full-time,Filled,1.0,CC-527,jana.qureshi@example.com,2024-01-04
E0397,Rami Saleh,E0394,Talent Acquisition Specialist,JC-897,Professional,L8,People,Talent Acquisition,Corporate,Dubai,Full-time,Filled,1.0,CC-527,rami.saleh@example.com,2020-08-28
E0398,Vacant,E0394,Talent Acquisition Specialist,JC-862,Professional,L8,People,Talent Acquisition,Corporate,Dubai,Full-time,Vacant,1.0,CC-527,,2017-06-11
E0399,Amina Rahman,E0394,Talent Acquisition Specialist,JC-821,Professional,L8,People,Talent Acquisition,Corporate,Dammam,Full-time,Filled,1.0,CC-527,amina.rahman@example.com,2021-05-22
E0400,Adel Qureshi,E0394,Talent Acquisition Specialist,JC-849,Professional,L8,People,Talent Acquisition,Corporate,Dubai,Full-time,Filled,1.0,CC-527,adel.qureshi@example.com,2018-07-26
E0401,Adel Mansour,E0387,Manager Talent Acquisition,JC-635,Management,L6,People,Talent Acquisition,Corporate,Dammam,Full-time,Filled,1.0,CC-527,adel.mansour@example.com,2015-04-18
E0402,Bilal Darwish,E0401,Talent Acquisition Specialist,JC-856,Professional,L8,People,Talent Acquisition,Corporate,Remote,Full-time,Filled,1.0,CC-527,bilal.darwish@example.com,2018-08-23
E0403,Omar Baker,E0401,Senior Talent Acquisition Specialist,JC-762,Professional,L7,People,Talent Acquisition,Corporate,Remote,Contractor,Filled,1.0,CC-527,omar.baker@example.com,2020-01-09
E0404,Dina Zahra,E0401,Senior Talent Acquisition Specialist,JC-761,Professional,L7,People,Talent Acquisition,Corporate,Jeddah,Full-time,Filled,0.5,CC-527,dina.zahra@example.com,2018-04-02
E0405,Rami Farouk,E0401,Senior Talent Acquisition Specialist,JC-786,Professional,L7,People,Talent Acquisition,Corporate,Jeddah,Full-time,Filled,1.0,CC-527,rami.farouk@example.com,2017-01-24
E0406,Sami Rahman,E0401,Senior Talent Acquisition Specialist,JC-737,Professional,L7,People,Talent Acquisition,Corporate,Jeddah,Full-time,Filled,1.0,CC-527,sami.rahman@example.com,2017-03-25
E0407,Noor Fahmy,E0387,Manager Talent Acquisition,JC-669,Management,L6,People,Talent Acquisition,Corporate,Riyadh,Full-time,Filled,1.0,CC-527,noor.fahmy@example.com,2018-02-02
E0408,Hana Mansour,E0407,Talent Acquisition Specialist,JC-829,Professional,L8,People,Talent Acquisition,Corporate,Dubai,Full-time,Filled,0.5,CC-527,hana.mansour@example.com,2017-01-06
E0409,Tariq Aziz,E0407,Talent Acquisition Specialist,JC-849,Professional,L8,People,Talent Acquisition,Corporate,Dammam,Full-time,Filled,1.0,CC-527,tariq.aziz@example.com,2020-09-27
E0410,Sami Aziz,E0407,Senior Talent Acquisition Specialist,JC-758,Professional,L7,People,Talent Acquisition,Corporate,Riyadh,Full-time,Filled,1.0,CC-527,sami.aziz@example.com,2019-04-21
E0411,Layla Saleh,E0407,Senior Talent Acquisition Specialist,JC-765,Professional,L7,People,Talent Acquisition,Corporate,Jeddah,Full-time,Filled,1.0,CC-527,layla.saleh@example.com,2021-02-02
E0412,Yusuf Saleh,E0407,Talent Acquisition Specialist,JC-847,Professional,L8,People,Talent Acquisition,Corporate,Remote,Full-time,Filled,1.0,CC-527,yusuf.saleh@example.com,2020-01-25
E0413,Dana Khan,E0407,Senior Talent Acquisition Specialist,JC-748,Professional,L7,People,Talent Acquisition,Corporate,Dubai,Contractor,Filled,1.0,CC-527,dana.khan@example.com,2024-09-25
E0414,Sara Darwish,E0386,Director Talent Acquisition,JC-439,Leadership,L4,People,Talent Acquisition,Corporate,Dammam,Contractor,Filled,1.0,CC-527,sara.darwish@example.com,2019-01-19
E0415,Amina Haddad,E0414,Manager Talent Acquisition,JC-629,Management,L6,People,Talent Acquisition,Corporate,Jeddah,Full-time,Filled,1.0,CC-527,amina.haddad@example.com,2015-03-11
E0416,Faisal Baker,E0415,Talent Acquisition Specialist,JC-824,Professional,L8,People,Talent Acquisition,Corporate,Dammam,Full-time,Filled,1.0,CC-527,faisal.baker@example.com,2016-12-18
E0417,Karim Rashed,E0415,Senior Talent Acquisition Specialist,JC-769,Professional,L7,People,Talent Acquisition,Corporate,Jeddah,Full-time,Filled,0.5,CC-527,karim.rashed@example.com,2015-01-17
E0418,Salim Idris,E0415,Senior Talent Acquisition Specialist,JC-719,Professional,L7,People,Talent Acquisition,Corporate,Remote,Full-time,Filled,1.0,CC-527,salim.idris@example.com,2017-06-06
E0419,Layla Baker,E0415,Senior Talent Acquisition Specialist,JC-729,Professional,L7,People,Talent Acquisition,Corporate,Dubai,Full-time,Filled,1.0,CC-527,layla.baker@example.com,2016-02-08
E0420,Hassan Mansour,E0415,Talent Acquisition Specialist,JC-851,Professional,L8,People,Talent Acquisition,Corporate,Remote,Full-time,Filled,1.0,CC-527,hassan.mansour@example.com,2018-03-19
E0421,Lina Mansour,E0414,Manager Talent Acquisition,JC-635,Management,L6,People,Talent Acquisition,Corporate,Dammam,Full-time,Filled,1.0,CC-527,lina.mansour@example.com,2021-09-07
E0422,Karim Rashed,E0421,Talent Acquisition Specialist,JC-811,Professional,L8,People,Talent Acquisition,Corporate,Jeddah,Full-time,Filled,1.0,CC-527,karim.rashed@example.com,2015-08-26
E0423,Mona Saleh,E0421,Talent Acquisition Specialist,JC-831,Professional,L8,People,Talent Acquisition,Corporate,Jeddah,Full-time,Filled,1.0,CC-527,mona.saleh@example.com,2019-01-14
E0424,Lina Farouk,E0421,Senior Talent Acquisition Specialist,JC-720,Professional,L7,People,Talent Acquisition,Corporate,Remote,Contractor,Filled,1.0,CC-527,lina.farouk@example.com,2018-04-08
E0425,Sami Fahmy,E0421,Talent Acquisition Specialist,JC-819,Professional,L8,People,Talent Acquisition,Corporate,Riyadh,Contractor,Filled,1.0,CC-527,sami.fahmy@example.com,2020-02-02
E0426,Jana Rahman,E0414,Manager Talent Acquisition,JC-653,Management,L6,People,Talent Acquisition,Corporate,Dammam,Full-time,Filled,1.0,CC-527,jana.rahman@example.com,2022-10-06
E0427,Waleed Osman,E0426,Senior Talent Acquisition Specialist,JC-741,Professional,L7,People,Talent Acquisition,Corporate,Riyadh,Full-time,Filled,1.0,CC-527,waleed.osman@example.com,2023-11-06
E0428,Zaid Idris,E0426,Senior Talent Acquisition Specialist,JC-797,Professional,L7,People,Talent Acquisition,Corporate,Jeddah,Full-time,Filled,1.0,CC-527,zaid.idris@example.com,2016-01-26
E0429,Omar Darwish,E0426,Talent Acquisition Specialist,JC-887,Professional,L8,People,Talent Acquisition,Corporate,Dammam,Full-time,Filled,1.0,CC-527,omar.darwish@example.com,2018-11-02
E0430,Sami Osman,E0414,Manager Talent Acquisition,JC-693,Management,L6,People,Talent Acquisition,Corporate,Riyadh,Full-time,Filled,1.0,CC-527,sami.osman@example.com,2024-03-26
E0431,Karim Darwish,E0430,Senior Talent Acquisition Specialist,JC-716,Professional,L7,People,Talent Acquisition,Corporate,Dammam,Full-time,Filled,1.0,CC-527,karim.darwish@example.com,2024-03-14
E0432,Reem Fahmy,E0430,Senior Talent Acquisition Specialist,JC-718,Professional,L7,People,Talent Acquisition,Corporate,Remote,Full-time,Filled,1.0,CC-527,reem.fahmy@example.com,2018-04-07
E0433,Adel Aziz,E0430,Senior Talent Acquisition Specialist,JC-760,Professional,L7,People,Talent Acquisition,Corporate,Remote,Full-time,Filled,1.0,CC-527,adel.aziz@example.com,2020-07-13
E0434,Faisal Baker,E0430,Talent Acquisition Specialist,JC-849,Professional,L8,People,Talent Acquisition,Corporate,Remote,Full-time,Filled,0.5,CC-527,faisal.baker@example.com,2019-08-20
E0435,Vacant,E0430,Senior Talent Acquisition Specialist,JC-762,Professional,L7,People,Talent Acquisition,Corporate,Dubai,Contractor,Vacant,0.5,CC-527,,2019-08-05
E0436,Noor Khan,E0430,Senior Talent Acquisition Specialist,JC-789,Professional,L7,People,Talent Acquisition,Corporate,Dubai,Full-time,Filled,0.5,CC-527,noor.khan@example.com,2019-06-03
E0437,Khalid Younes,E0385,VP HR Operations,JC-394,Leadership,L3,People,HR Operations,Corporate,Dubai,Full-time,Filled,1.0,CC-959,khalid.younes@example.com,2018-02-07
E0438,Dana Rahman,E0437,Director HR Operations,JC-444,Leadership,L4,People,HR Operations,Corporate,Dubai,Full-time,Filled,1.0,CC-959,dana.rahman@example.com,2017-06-06
E0439,Hana Qureshi,E0438,Manager HR Operations,JC-673,Management,L6,People,HR Operations,Corporate,Dammam,Full-time,Filled,1.0,CC-959,hana.qureshi@example.com,2023-10-07
E0440,Amina Al-Harbi,E0439,Senior HR Operations Specialist,JC-768,Professional,L7,People,HR Operations,Corporate,Riyadh,Contractor,Filled,1.0,CC-959,amina.alharbi@example.com,2019-12-12
E0441,Adel Fahmy,E0439,HR Operations Specialist,JC-842,Professional,L8,People,HR Operations,Corporate,Dubai,Full-time,Filled,1.0,CC-959,adel.fahmy@example.com,2016-09-20
E0442,Huda Zahra,E0439,Senior HR Operations Specialist,JC-776,Professional,L7,People,HR Operations,Corporate,Dammam,Full-time,Filled,0.5,CC-959,huda.zahra@example.com,2022-08-12
E0443,Amina Nasser,E0439,HR Operations Specialist,JC-867,Professional,L8,People,HR Operations,Corporate,Riyadh,Full-time,Filled,0.5,CC-959,amina.nasser@example.com,2023-03-24
E0444,Dina Nasser,E0438,Manager HR Operations,JC-671,Management,L6,People,HR Operations,Corporate,Dammam,Full-time,Filled,1.0,CC-959,dina.nasser@example.com,2015-05-05
E0445,Mona Fahmy,E0444,Senior HR Operations Specialist,JC-785,Professional,L7,People,HR Operations,Corporate,Dubai,Full-time,Filled,1.0,CC-959,mona.fahmy@example.com,2018-05-25
E0446,Salim Rashed,E0444,Senior HR Operations Specialist,JC-773,Professional,L7,People,HR Operations,Corporate,Riyadh,Full-time,Filled,0.5,CC-959,salim.rashed@example.com,2019-06-06
E0447,Hassan Nasser,E0444,HR Operations Specialist,JC-835,Professional,L8,People,HR Operations,Corporate,Dammam,Full-time,Filled,1.0,CC-959,hassan.nasser@example.com,2015-03-10
E0448,Khalid Zahra,E0444,Senior HR Operations Specialist,JC-759,Professional,L7,People,HR Operations,Corporate,Remote,Full-time,Filled,1.0,CC-959,khalid.zahra@example.com,2017-05-10
E0449,Hassan Saleh,E0437,Director HR Operations,JC-451,Leadership,L4,People,HR Operations,Corporate,Remote,Full-time,Filled,1.0,CC-959,hassan.saleh@example.com,2021-02-22
E0450,Maya Qureshi,E0449,Manager HR Operations,JC-644,Management,L6,People,HR Operations,Corporate,Dubai,Full-time,Filled,1.0,CC-959,maya.qureshi@example.com,2018-10-15
E0451,Reem Rahman,E0450,Senior HR Operations Specialist,JC-745,Professional,L7,People,HR Operations,Corporate,Riyadh,Full-time,Filled,1.0,CC-959,reem.rahman@example.com,2022-11-18
E0452,Salim Khan,E0450,Senior HR Operations Specialist,JC-760,Professional,L7,People,HR Operations,Corporate,Dubai,Full-time,Filled,1.0,CC-959,salim.khan@example.com,2019-11-04
E0453,Jana Al-Harbi,E0450,Senior HR Operations Specialist,JC-755,Professional,L7,People,HR Operations,Corporate,Remote,Contractor,Filled,1.0,CC-959,jana.alharbi@example.com,2020-05-08
E0454,Dana Rashed,E0450,Senior HR Operations Specialist,JC-724,Professional,L7,People,HR Operations,Corporate,Remote,Full-time,Filled,0.5,CC-959,dana.rashed@example.com,2017-11-06
E0455,Reem Farouk,E0450,Senior HR Operations Specialist,JC-761,Professional,L7,People,HR Operations,Corporate,Dubai,Full-time,Filled,1.0,CC-959,reem.farouk@example.com,2022-06-12
E0456,Aya Idris,E0450,HR Operations Specialist,JC-895,Professional,L8,People,HR Operations,Corporate,Remote,Full-time,Filled,0.5,CC-959,aya.idris@example.com,2017-04-11
E0457,Waleed Osman,E0450,Senior HR Operations Specialist,JC-783,Professional,L7,People,HR Operations,Corporate,Remote,Full-time,Filled,1.0,CC-959,waleed.osman@example.com,2024-07-13
E0458,Karim Mansour,E0449,Manager HR Operations,JC-629,Management,L6,People,HR Operations,Corporate,Jeddah,Full-time,Filled,1.0,CC-959,karim.mansour@example.com,2018-09-04
E0459,Karim Qureshi,E0458,Senior HR Operations Specialist,JC-788,Professional,L7,People,HR Operations,Corporate,Jeddah,Full-time,Filled,0.5,CC-959,karim.qureshi@example.com,2016-10-20
E0460,Huda Saleh,E0458,Senior HR Operations Specialist,JC-756,Professional,L7,People,HR Operations,Corporate,Dammam,Contractor,Filled,1.0,CC-959,huda.saleh@example.com,2016-06-01
E0461,Layla Farouk,E0458,Senior HR Operations Specialist,JC-768,Professional,L7,People,HR Operations,Corporate,Jeddah,Full-time,Filled,1.0,CC-959,layla.farouk@example.com,2022-05-17
E0462,Vacant,E0458,Senior HR Operations Specialist,JC-715,Professional,L7,People,HR Operations,Corporate,Remote,Full-time,Vacant,1.0,CC-959,,2022-02-16
E0463,Reem Baker,E0458,Senior HR Operations Specialist,JC-737,Professional,L7,People,HR Operations,Corporate,Remote,Full-time,Filled,1.0,CC-959,reem.baker@example.com,2018-05-27
E0464,Mona Rashed,E0449,Manager HR Operations,JC-638,Management,L6,People,HR Operations,Corporate,Riyadh,Full-time,Filled,1.0,CC-959,mona.rashed@example.com,2015-09-09
E0465,Reem Mansour,E0464,HR Operations Specialist,JC-861,Professional,L8,People,HR Operations,Corporate,Riyadh,Full-time,Filled,1.0,CC-959,reem.mansour@example.com,2023-10-14
E0466,Rami Nasser,E0464,Senior HR Operations Specialist,JC-794,Professional,L7,People,HR Operations,Corporate,Remote,Full-time,Filled,1.0,CC-959,rami.nasser@example.com,2016-11-16
E0467,Salim Younes,E0464,HR Operations Specialist,JC-834,Professional,L8,People,HR Operations,Corporate,Remote,Full-time,Filled,0.5,CC-959,salim.younes@example.com,2024-04-04
E0468,Tariq Saleh,E0464,Senior HR Operations Specialist,JC-766,Professional,L7,People,HR Operations,Corporate,Remote,Full-time,Filled,1.0,CC-959,tariq.saleh@example.com,2018-05-07
E0469,Aya Zahra,E0464,HR Operations Specialist,JC-818,Professional,L8,People,HR Operations,Corporate,Riyadh,Full-time,Filled,1.0,CC-959,aya.zahra@example.com,2018-07-01
E0470,Reem Rashed,E0464,Senior HR Operations Specialist,JC-790,Professional,L7,People,HR Operations,Corporate,Remote,Full-time,Filled,1.0,CC-959,reem.rashed@example.com,2024-11-11
E0471,Tariq Farouk,E0385,VP Learning,JC-332,Leadership,L3,People,Learning,Corporate,Riyadh,Full-time,Filled,1.0,CC-508,tariq.farouk@example.com,2021-01-26
E0472,Maya Farouk,E0471,Director Learning,JC-456,Leadership,L4,People,Learning,Corporate,Jeddah,Full-time,Filled,1.0,CC-508,maya.farouk@example.com,2022-02-11
E0473,Hana Idris,E0472,Manager Learning,JC-677,Management,L6,People,Learning,Corporate,Riyadh,Contractor,Filled,1.0,CC-508,hana.idris@example.com,2019-09-13
E0474,Bilal Al-Harbi,E0473,Senior Learning Specialist,JC-759,Professional,L7,People,Learning,Corporate,Dammam,Full-time,Filled,0.5,CC-508,bilal.alharbi@example.com,2021-03-05
E0475,Vacant,E0473,Senior Learning Specialist,JC-713,Professional,L7,People,Learning,Corporate,Remote,Full-time,Vacant,0.5,CC-508,,2016-08-25
E0476,Vacant,E0473,Learning Specialist,JC-851,Professional,L8,People,Learning,Corporate,Remote,Full-time,Vacant,1.0,CC-508,,2024-09-15
E0477,Reem Saleh,E0473,Senior Learning Specialist,JC-755,Professional,L7,People,Learning,Corporate,Jeddah,Full-time,Filled,1.0,CC-508,reem.saleh@example.com,2016-02-19
E0478,Noor Younes,E0472,Manager Learning,JC-683,Management,L6,People,Learning,Corporate,Dubai,Contractor,Filled,1.0,CC-508,noor.younes@example.com,2022-02-19
E0479,Khalid Qureshi,E0478,Learning Specialist,JC-898,Professional,L8,People,Learning,Corporate,Jeddah,Full-time,Filled,0.5,CC-508,khalid.qureshi@example.com,2024-03-04
E0480,Nasser Qureshi,E0478,Senior Learning Specialist,JC-710,Professional,L7,People,Learning,Corporate,Jeddah,Full-time,Filled,1.0,CC-508,nasser.qureshi@example.com,2024-12-27
E0481,Karim Nasser,E0478,Senior Learning Specialist,JC-710,Professional,L7,People,Learning,Corporate,Riyadh,Full-time,Filled,1.0,CC-508,karim.nasser@example.com,2022-01-13
E0482,Waleed Aziz,E0472,Manager Learning,JC-681,Management,L6,People,Learning,Corporate,Riyadh,Contractor,Filled,1.0,CC-508,waleed.aziz@example.com,2021-05-02
E0483,Hassan Farouk,E0482,Learning Specialist,JC-828,Professional,L8,People,Learning,Corporate,Riyadh,Full-time,Filled,1.0,CC-508,hassan.farouk@example.com,2017-10-17
E0484,Lina Qureshi,E0482,Senior Learning Specialist,JC-781,Professional,L7,People,Learning,Corporate,Riyadh,Full-time,Filled,1.0,CC-508,lina.qureshi@example.com,2023-09-20
E0485,Sami Rashed,E0482,Senior Learning Specialist,JC-768,Professional,L7,People,Learning,Corporate,Riyadh,Full-time,Filled,1.0,CC-508,sami.rashed@example.com,2015-09-24
E0486,Khalid Fahmy,E0482,Senior Learning Specialist,JC-793,Professional,L7,People,Learning,Corporate,Jeddah,Full-time,Filled,1.0,CC-508,khalid.fahmy@example.com,2021-02-20
E0487,Adel Fahmy,E0471,Director Learning,JC-496,Leadership,L4,People,Learning,Corporate,Dammam,Full-time,Filled,1.0,CC-508,adel.fahmy@example.com,2016-12-08
E0488,Huda Zahra,E0487,Manager Learning,JC-647,Management,L6,People,Learning,Corporate,Dammam,Full-time,Filled,1.0,CC-508,huda.zahra@example.com,2022-10-19
E0489,Amina Khan,E0488,Senior Learning Specialist,JC-797,Professional,L7,People,Learning,Corporate,Riyadh,Contractor,Filled,1.0,CC-508,amina.khan@example.com,2018-09-13
E0490,Salim Saleh,E0488,Learning Specialist,JC-817,Professional,L8,People,Learning,Corporate,Riyadh,Full-time,Filled,1.0,CC-508,salim.saleh@example.com,2017-07-26
E0491,Khalid Zahra,E0488,Senior Learning Specialist,JC-742,Professional,L7,People,Learning,Corporate,Dammam,Full-time,Filled,1.0,CC-508,khalid.zahra@example.com,2020-01-11
E0492,Khalid Younes,E0488,Senior Learning Specialist,JC-745,Professional,L7,People,Learning,Corporate,Dubai,Full-time,Filled,1.0,CC-508,khalid.younes@example.com,2015-07-18
E0493,Vacant,E0488,Senior Learning Specialist,JC-752,Professional,L7,People,Learning,Corporate,Remote,Full-time,Vacant,1.0,CC-508,,2018-06-26
E0494,Vacant,E0487,Manager Learning,JC-623,Management,L6,People,Learning,Corporate,Jeddah,Full-time,Vacant,1.0,CC-508,,2020-07-21
E0495,Adel Farouk,E0494,Senior Learning Specialist,JC-777,Professional,L7,People,Learning,Corporate,Jeddah,Full-time,Filled,1.0,CC-508,adel.farouk@example.com,2023-04-14
E0496,Lina Khan,E0494,Learning Specialist,JC-846,Professional,L8,People,Learning,Corporate,Jeddah,Full-time,Filled,1.0,CC-508,lina.khan@example.com,2019-07-23
E0497,Khalid Younes,E0494,Learning Specialist,JC-860,Professional,L8,People,Learning,Corporate,Jeddah,Full-time,Filled,1.0,CC-508,khalid.younes@example.com,2020-05-01
E0498,Vacant,E0494,Senior Learning Specialist,JC-793,Professional,L7,People,Learning,Corporate,Dammam,Full-time,Vacant,1.0,CC-508,,2024-02-23
E0499,Layla Khan,E0494,Learning Specialist,JC-819,Professional,L8,People,Learning,Corporate,Riyadh,Full-time,Filled,1.0,CC-508,layla.khan@example.com,2016-03-18
E0500,Hassan Fahmy,E0471,Director Learning,JC-467,Leadership,L4,People,Learning,Corporate,Dammam,Full-time,Filled,1.0,CC-508,hassan.fahmy@example.com,2016-05-10
E0501,Aya Rahman,E0500,Manager Learning,JC-622,Management,L6,People,Learning,Corporate,Dubai,Full-time,Filled,1.0,CC-508,aya.rahman@example.com,2020-06-27
E0502,Vacant,E0501,Senior Learning Specialist,JC-754,Professional,L7,People,Learning,Corporate,Riyadh,Full-time,Vacant,1.0,CC-508,,2019-10-01
E0503,Layla Khan,E0501,Senior Learning Specialist,JC-794,Professional,L7,People,Learning,Corporate,Remote,Full-time,Filled,1.0,CC-508,layla.khan@example.com,2017-01-05
E0504,Hana Nasser,E0501,Senior Learning Specialist,JC-782,Professional,L7,People,Learning,Corporate,Dammam,Contractor,Filled,1.0,CC-508,hana.nasser@example.com,2018-01-03
E0505,Huda Idris,E0501,Senior Learning Specialist,JC-727,Professional,L7,People,Learning,Corporate,Dammam,Full-time,Filled,1.0,CC-508,huda.idris@example.com,2019-06-12
E0506,Bilal Farouk,E0500,Manager Learning,JC-631,Management,L6,People,Learning,Corporate,Jeddah,Full-time,Filled,1.0,CC-508,bilal.farouk@example.com,2021-01-08
E0507,Jana Qureshi,E0506,Senior Learning Specialist,JC-743,Professional,L7,People,Learning,Corporate,Jeddah,Full-time,Filled,0.5,CC-508,jana.qureshi@example.com,2015-02-22
E0508,Zaid Aziz,E0506,Senior Learning Specialist,JC-766,Professional,L7,People,Learning,Corporate,Riyadh,Full-time,Filled,0.5,CC-508,zaid.aziz@example.com,2016-02-15
E0509,Hassan Khan,E0506,Senior Learning Specialist,JC-771,Professional,L7,People,Learning,Corporate,Riyadh,Full-time,Filled,0.5,CC-508,hassan.khan@example.com,2018-07-15
E0510,Vacant,E0506,Senior Learning Specialist,JC-756,Professional,L7,People,Learning,Corporate,Riyadh,Full-time,Vacant,1.0,CC-508,,2022-04-11
E0511,Layla Fahmy,E0500,Manager Learning,JC-671,Management,L6,People,Learning,Corporate,Jeddah,Full-time,Filled,1.0,CC-508,layla.fahmy@example.com,2024-10-28
E0512,Salim Fahmy,E0511,Senior Learning Specialist,JC-775,Professional,L7,People,Learning,Corporate,Jeddah,Full-time,Filled,1.0,CC-508,salim.fahmy@example.com,2018-02-03
E0513,Dina Younes,E0511,Learning Specialist,JC-867,Professional,L8,People,Learning,Corporate,Jeddah,Full-time,Filled,1.0,CC-508,dina.younes@example.com,2016-04-09
E0514,Zaid Khan,E0511,Senior Learning Specialist,JC-742,Professional,L7,People,Learning,Corporate,Dubai,Full-time,Filled,0.5,CC-508,zaid.khan@example.com,2023-01-21
E0515,Lina Al-Harbi,E0511,Learning Specialist,JC-878,Professional,L8,People,Learning,Corporate,Dubai,Full-time,Filled,1.0,CC-508,lina.alharbi@example.com,2022-11-20
E0516,Zaid Idris,E0511,Senior Learning Specialist,JC-757,Professional,L7,People,Learning,Corporate,Dammam,Full-time,Filled,1.0,CC-508,zaid.idris@example.com,2018-01-20
E0517,Karim Khan,E0511,Senior Learning Specialist,JC-746,Professional,L7,People,Learning,Corporate,Jeddah,Full-time,Filled,1.0,CC-508,karim.khan@example.com,2017-04-10
E0518,Mona Saleh,E0001,Chief Commercial Officer,JC-218,Executive,L2,Commercial,Sales,Corporate,Riyadh,Full-time,Filled,1.0,CC-215,mona.saleh@example.com,2015-11-06
E0519,Vacant,E0518,VP Sales,JC-339,Leadership,L3,Commercial,Sales,Corporate,Dubai,Full-time,Vacant,1.0,CC-215,,2022-06-17
E0520,Noor Saleh,E0519,Director Sales,JC-470,Leadership,L4,Commercial,Sales,Corporate,Jeddah,Full-time,Filled,1.0,CC-215,noor.saleh@example.com,2019-08-09
E0521,Jana Baker,E0520,Manager Sales,JC-662,Management,L6,Commercial,Sales,Corporate,Riyadh,Full-time,Filled,1.0,CC-215,jana.baker@example.com,2020-07-22
E0522,Jana Rahman,E0521,Senior Sales Specialist,JC-787,Professional,L7,Commercial,Sales,Corporate,Riyadh,Full-time,Filled,1.0,CC-215,jana.rahman@example.com,2024-08-16
E0523,Aya Qureshi,E0521,Senior Sales Specialist,JC-781,Professional,L7,Commercial,Sales,Corporate,Dammam,Full-time,Filled,1.0,CC-215,aya.qureshi@example.com,2019-07-05
E0524,Lina Idris,E0521,Sales Specialist,JC-831,Professional,L8,Commercial,Sales,Corporate,Dammam,Full-time,Filled,1.0,CC-215,lina.idris@example.com,2021-03-03
E0525,Dina Osman,E0520,Manager Sales,JC-682,Management,L6,Commercial,Sales,Corporate,Dammam,Full-time,Filled,1.0,CC-215,dina.osman@example.com,2017-12-09
E0526,Vacant,E0525,Senior Sales Specialist,JC-747,Professional,L7,Commercial,Sales,Corporate,Riyadh,Full-time,Vacant,1.0,CC-215,,2019-03-28
E0527,Layla Fahmy,E0525,Senior Sales Specialist,JC-767,Professional,L7,Commercial,Sales,Corporate,Dammam,Full-time,Filled,1.0,CC-215,layla.fahmy@example.com,2022-11-17
E0528,Sami Haddad,E0525,Sales Specialist,JC-865,Professional,L8,Commercial,Sales,Corporate,Remote,Full-time,Filled,1.0,CC-215,sami.haddad@example.com,2024-05-19
E0529,Rami Mansour,E0525,Sales Specialist,JC-856,Professional,L8,Commercial,Sales,Corporate,Jeddah,Full-time,Filled,0.5,CC-215,rami.mansour@example.com,2019-11-27
E0530,Vacant,E0525,Sales Specialist,JC-837,Professional,L8,Commercial,Sales,Corporate,Riyadh,Full-time,Vacant,0.5,CC-215,,2015-08-16
E0531,Jana Rahman,E0525,Senior Sales Specialist,JC-765,Professional,L7,Commercial,Sales,Corporate,Dammam,Full-time,Filled,1.0,CC-215,jana.rahman@example.com,2018-09-14
E0532,Sara Aziz,E0519,Director Sales,JC-456,Leadership,L4,Commercial,Sales,Corporate,Dammam,Full-time,Filled,1.0,CC-215,sara.aziz@example.com,2022-06-05
E0533,Dana Mansour,E0532,Manager Sales,JC-614,Management,L6,Commercial,Sales,Corporate,Riyadh,Full-time,Filled,1.0,CC-215,dana.mansour@example.com,2017-07-20
E0534,Hassan Younes,E0533,Senior Sales Specialist,JC-754,Professional,L7,Commercial,Sales,Corporate,Remote,Full-time,Filled,1.0,CC-215,hassan.younes@example.com,2020-03-26
E0535,Amina Rahman,E0533,Senior Sales Specialist,JC-790,Professional,L7,Commercial,Sales,Corporate,Dammam,Full-time,Filled,1.0,CC-215,amina.rahman@example.com,2023-11-07
E0536,Aya Saleh,E0533,Senior Sales Specialist,JC-730,Professional,L7,Commercial,Sales,Corporate,Dammam,Full-time,Filled,1.0,CC-215,aya.saleh@example.com,2024-08-28
E0537,Jana Nasser,E0533,Senior Sales Specialist,JC-781,Professional,L7,Commercial,Sales,Corporate,Riyadh,Full-time,Filled,0.5,CC-215,jana.nasser@example.com,2015-02-26
E0538,Vacant,E0533,Senior Sales Specialist,JC-710,Professional,L7,Commercial,Sales,Corporate,Riyadh,Full-time,Vacant,1.0,CC-215,,2018-03-09
E0539,Sami Aziz,E0533,Senior Sales Specialist,JC-720,Professional,L7,Commercial,Sales,Corporate,Riyadh,Full-time,Filled,1.0,CC-215,sami.aziz@example.com,2018-03-16
E0540,Lina Haddad,E0532,Manager Sales,JC-647,Management,L6,Commercial,Sales,Corporate,Dammam,Full-time,Filled,1.0,CC-215,lina.haddad@example.com,2022-05-11
E0541,Huda Rahman,E0540,Senior Sales Specialist,JC-789,Professional,L7,Commercial,Sales,Corporate,Riyadh,Full-time,Filled,1.0,CC-215,huda.rahman@example.com,2019-03-26
E0542,Maya Baker,E0540,Sales Specialist,JC-834,Professional,L8,Commercial,Sales,Corporate,Dubai,Contractor,Filled,1.0,CC-215,maya.baker@example.com,2023-01-25
E0543,Aya Osman,E0540,Senior Sales Specialist,JC-739,Professional,L7,Commercial,Sales,Corporate,Dammam,Full-time,Filled,1.0,CC-215,aya.osman@example.com,2016-08-04
E0544,Sara Saleh,E0519,Director Sales,JC-469,Leadership,L4,Commercial,Sales,Corporate,Dubai,Full-time,Filled,1.0,CC-215,sara.saleh@example.com,2024-02-27
E0545,Salim Idris,E0544,Manager Sales,JC-634,Management,L6,Commercial,Sales,Corporate,Riyadh,Contractor,Filled,1.0,CC-215,salim.idris@example.com,2018-02-27
E0546,Huda Fahmy,E0545,Senior Sales Specialist,JC-717,Professional,L7,Commercial,Sales,Corporate,Remote,Full-time,Filled,1.0,CC-215,huda.fahmy@example.com,2018-12-01
E0547,Tariq Saleh,E0545,Sales Specialist,JC-833,Professional,L8,Commercial,Sales,Corporate,Dubai,Full-time,Filled,1.0,CC-215,tariq.saleh@example.com,2019-11-09
E0548,Omar Aziz,E0545,Senior Sales Specialist,JC-760,Professional,L7,Commercial,Sales,Corporate,Dammam,Full-time,Filled,1.0,CC-215,omar.aziz@example.com,2023-12-10
E0549,Vacant,E0545,Sales Specialist,JC-847,Professional,L8,Commercial,Sales,Corporate,Dammam,Full-time,Vacant,1.0,CC-215,,2020-09-08
E0550,Waleed Aziz,E0545,Senior Sales Specialist,JC-751,Professional,L7,Commercial,Sales,Corporate,Riyadh,Full-time,Filled,1.0,CC-215,waleed.aziz@example.com,2023-12-17
E0551,Bilal Darwish,E0545,Sales Specialist,JC-823,Professional,L8,Commercial,Sales,Corporate,Dammam,Full-time,Filled,1.0,CC-215,bilal.darwish@example.com,2024-07-14
E0552,Huda Fahmy,E0544,Manager Sales,JC-667,Management,L6,Commercial,Sales,Corporate,Jeddah,Full-time,Filled,1.0,CC-215,huda.fahmy@example.com,2022-12-14
E0553,Jana Baker,E0552,Sales Specialist,JC-868,Professional,L8,Commercial,Sales,Corporate,Riyadh,Full-time,Filled,1.0,CC-215,jana.baker@example.com,2019-03-02
E0554,Waleed Rashed,E0552,Senior Sales Specialist,JC-797,Professional,L7,Commercial,Sales,Corporate,Riyadh,Contractor,Filled,0.5,CC-215,waleed.rashed@example.com,2015-05-22
E0555,Vacant,E0552,Sales Specialist,JC-876,Professional,L8,Commercial,Sales,Corporate,Dammam,Full-time,Vacant,0.5,CC-215,,2017-07-23
E0556,Vacant,E0552,Sales Specialist,JC-846,Professional,L8,Commercial,Sales,Corporate,Riyadh,Full-time,Vacant,1.0,CC-215,,2023-02-23
E0557,Vacant,E0552,Senior Sales Specialist,JC-731,Professional,L7,Commercial,Sales,Corporate,Remote,Full-time,Vacant,0.5,CC-215,,2017-07-25
E0558,Aya Baker,E0544,Manager Sales,JC-625,Management,L6,Commercial,Sales,Corporate,Dammam,Full-time,Filled,1.0,CC-215,aya.baker@example.com,2022-09-04
E0559,Karim Qureshi,E0558,Senior Sales Specialist,JC-787,Professional,L7,Commercial,Sales,Corporate,Jeddah,Full-time,Filled,1.0,CC-215,karim.qureshi@example.com,2022-07-23
E0560,Sami Idris,E0558,Sales Specialist,JC-823,Professional,L8,Commercial,Sales,Corporate,Jeddah,Full-time,Filled,0.5,CC-215,sami.idris@example.com,2020-04-01
E0561,Hassan Idris,E0558,Sales Specialist,JC-832,Professional,L8,Commercial,Sales,Corporate,Dammam,Full-time,Filled,1.0,CC-215,hassan.idris@example.com,2018-11-14
E0562,Vacant,E0544,Manager Sales,JC-639,Management,L6,Commercial,Sales,Corporate,Riyadh,Contractor,Vacant,1.0,CC-215,,2020-01-26
E0563,Dana Nasser,E0562,Senior Sales Specialist,JC-744,Professional,L7,Commercial,Sales,Corporate,Jeddah,Full-time,Filled,1.0,CC-215,dana.nasser@example.com,2019-06-20
E0564,Rana Zahra,E0562,Senior Sales Specialist,JC-796,Professional,L7,Commercial,Sales,Corporate,Jeddah,Full-time,Filled,1.0,CC-215,rana.zahra@example.com,2024-04-27
E0565,Sami Nasser,E0562,Sales Specialist,JC-849,Professional,L8,Commercial,Sales,Corporate,Jeddah,Full-time,Filled,1.0,CC-215,sami.nasser@example.com,2023-11-11
E0566,Hana Zahra,E0562,Senior Sales Specialist,JC-795,Professional,L7,Commercial,Sales,Corporate,Jeddah,Full-time,Filled,1.0,CC-215,hana.zahra@example.com,2020-03-28
E0567,Jana Idris,E0562,Sales Specialist,JC-880,Professional,L8,Commercial,Sales,Corporate,Remote,Full-time,Filled,1.0,CC-215,jana.idris@example.com,2020-08-26
E0568,Karim Saleh,E0518,VP Marketing,JC-356,Leadership,L3,Commercial,Marketing,Corporate,Dammam,Full-time,Filled,1.0,CC-299,karim.saleh@example.com,2016-02-04
E0569,Dana Al-Harbi,E0568,Director Marketing,JC-457,Leadership,L4,Commercial,Marketing,Corporate,Jeddah,Full-time,Filled,1.0,CC-299,dana.alharbi@example.com,2024-02-16
E0570,Vacant,E0569,Manager Marketing,JC-691,Management,L6,Commercial,Marketing,Corporate,Dubai,Full-time,Vacant,1.0,CC-299,,2019-08-13
E0571,Dana Darwish,E0570,Senior Marketing Specialist,JC-755,Professional,L7,Commercial,Marketing,Corporate,Dammam,Contractor,Filled,1.0,CC-299,dana.darwish@example.com,2016-10-19
E0572,Dana Fahmy,E0570,Senior Marketing Specialist,JC-763,Professional,L7,Commercial,Marketing,Corporate,Dubai,Full-time,Filled,0.5,CC-299,dana.fahmy@example.com,2018-04-07
E0573,Zaid Farouk,E0570,Marketing Specialist,JC-869,Professional,L8,Commercial,Marketing,Corporate,Remote,Contractor,Filled,1.0,CC-299,zaid.farouk@example.com,2024-07-01
E0574,Salim Khan,E0570,Senior Marketing Specialist,JC-775,Professional,L7,Commercial,Marketing,Corporate,Remote,Full-time,Filled,1.0,CC-299,salim.khan@example.com,2016-04-26
E0575,Sami Nasser,E0570,Senior Marketing Specialist,JC-730,Professional,L7,Commercial,Marketing,Corporate,Dammam,Full-time,Filled,0.5,CC-299,sami.nasser@example.com,2016-07-07
E0576,Maya Fahmy,E0569,Manager Marketing,JC-672,Management,L6,Commercial,Marketing,Corporate,Jeddah,Full-time,Filled,1.0,CC-299,maya.fahmy@example.com,2023-01-22
E0577,Rana Rashed,E0576,Senior Marketing Specialist,JC-793,Professional,L7,Commercial,Marketing,Corporate,Jeddah,Full-time,Filled,1.0,CC-299,rana.rashed@example.com,2016-10-12
E0578,Vacant,E0576,Senior Marketing Specialist,JC-774,Professional,L7,Commercial,Marketing,Corporate,Jeddah,Full-time,Vacant,1.0,CC-299,,2023-08-05
E0579,Sara Idris,E0576,Marketing Specialist,JC-864,Professional,L8,Commercial,Marketing,Corporate,Dubai,Full-time,Filled,1.0,CC-299,sara.idris@example.com,2024-12-09
E0580,Faisal Osman,E0576,Senior Marketing Specialist,JC-716,Professional,L7,Commercial,Marketing,Corporate,Remote,Full-time,Filled,0.5,CC-299,faisal.osman@example.com,2015-06-23
E0581,Sami Aziz,E0569,Manager Marketing,JC-642,Management,L6,Commercial,Marketing,Corporate,Remote,Full-time,Filled,1.0,CC-299,sami.aziz@example.com,2023-03-08
E0582,Rami Saleh,E0581,Marketing Specialist,JC-886,Professional,L8,Commercial,Marketing,Corporate,Riyadh,Full-time,Filled,0.5,CC-299,rami.saleh@example.com,2019-07-17
E0583,Vacant,E0581,Senior Marketing Specialist,JC-718,Professional,L7,Commercial,Marketing,Corporate,Dubai,Full-time,Vacant,1.0,CC-299,,2021-03-11
E0584,Reem Saleh,E0581,Marketing Specialist,JC-841,Professional,L8,Commercial,Marketing,Corporate,Dammam,Full-time,Filled,0.5,CC-299,reem.saleh@example.com,2018-03-28
E0585,Nasser Osman,E0581,Senior Marketing Specialist,JC-791,Professional,L7,Commercial,Marketing,Corporate,Dammam,Full-time,Filled,1.0,CC-299,nasser.osman@example.com,2022-02-05
E0586,Maya Farouk,E0581,Marketing Specialist,JC-863,Professional,L8,Commercial,Marketing,Corporate,Dammam,Full-time,Filled,1.0,CC-299,maya.farouk@example.com,2022-10-16
E0587,Huda Darwish,E0581,Marketing Specialist,JC-885,Professional,L8,Commercial,Marketing,Corporate,Jeddah,Full-time,Filled,0.5,CC-299,huda.darwish@example.com,2017-09-06
E0588,Zaid Qureshi,E0581,Senior Marketing Specialist,JC-755,Professional,L7,Commercial,Marketing,Corporate,Dubai,Full-time,Filled,1.0,CC-299,zaid.qureshi@example.com,2020-06-23
E0589,Rana Idris,E0569,Manager Marketing,JC-683,Management,L6,Commercial,Marketing,Corporate,Dubai,Full-time,Filled,1.0,CC-299,rana.idris@example.com,2015-01-28
E0590,Reem Qureshi,E0589,Senior Marketing Specialist,JC-730,Professional,L7,Commercial,Marketing,Corporate,Remote,Full-time,Filled,1.0,CC-299,reem.qureshi@example.com,2015-11-05
E0591,Bilal Qureshi,E0589,Senior Marketing Specialist,JC-753,Professional,L7,Commercial,Marketing,Corporate,Remote,Full-time,Filled,1.0,CC-299,bilal.qureshi@example.com,2023-09-13
E0592,Tariq Farouk,E0589,Senior Marketing Specialist,JC-771,Professional,L7,Commercial,Marketing,Corporate,Riyadh,Full-time,Filled,1.0,CC-299,tariq.farouk@example.com,2022-05-12
E0593,Amina Haddad,E0589,Marketing Specialist,JC-891,Professional,L8,Commercial,Marketing,Corporate,Remote,Full-time,Filled,1.0,CC-299,amina.haddad@example.com,2016-06-09
E0594,Nasser Mansour,E0589,Senior Marketing Specialist,JC-718,Professional,L7,Commercial,Marketing,Corporate,Dammam,Full-time,Filled,0.5,CC-299,nasser.mansour@example.com,2023-01-09
E0595,Tariq Darwish,E0589,Senior Marketing Specialist,JC-719,Professional,L7,Commercial,Marketing,Corporate,Dubai,Full-time,Filled,1.0,CC-299,tariq.darwish@example.com,2018-01-24
E0596,Sara Zahra,E0568,Director Marketing,JC-438,Leadership,L4,Commercial,Marketing,Corporate,Jeddah,Full-time,Filled,1.0,CC-299,sara.zahra@example.com,2021-05-04
E0597,Waleed Farouk,E0596,Manager Marketing,JC-680,Management,L6,Commercial,Marketing,Corporate,Jeddah,Full-time,Filled,1.0,CC-299,waleed.farouk@example.com,2016-03-14
E0598,Vacant,E0597,Senior Marketing Specialist,JC-721,Professional,L7,Commercial,Marketing,Corporate,Dubai,Full-time,Vacant,0.5,CC-299,,2024-03-10
E0599,Vacant,E0597,Senior Marketing Specialist,JC-714,Professional,L7,Commercial,Marketing,Corporate,Jeddah,Full-time,Vacant,1.0,CC-299,,2020-12-23
E0600,Yusuf Younes,E0597,Senior Marketing Specialist,JC-735,Professional,L7,Commercial,Marketing,Corporate,Riyadh,Contractor,Filled,1.0,CC-299,yusuf.younes@example.com,2020-11-07
E0601,Rami Osman,E0597,Senior Marketing Specialist,JC-742,Professional,L7,Commercial,Marketing,Corporate,Dubai,Full-time,Filled,0.5,CC-299,rami.osman@example.com,2018-08-01
E0602,Aya Rahman,E0596,Manager Marketing,JC-633,Management,L6,Commercial,Marketing,Corporate,Jeddah,Full-time,Filled,1.0,CC-299,aya.rahman@example.com,2020-11-24
E0603,Nasser Nasser,E0602,Senior Marketing Specialist,JC-767,Professional,L7,Commercial,Marketing,Corporate,Remote,Full-time,Filled,1.0,CC-299,nasser.nasser@example.com,2015-10-21
E0604,Rana Fahmy,E0602,Senior Marketing Specialist,JC-773,Professional,L7,Commercial,Marketing,Corporate,Riyadh,Full-time,Filled,1.0,CC-299,rana.fahmy@example.com,2021-03-23
E0605,Lina Fahmy,E0602,Senior Marketing Specialist,JC-795,Professional,L7,Commercial,Marketing,Corporate,Dammam,Full-time,Filled,0.5,CC-299,lina.fahmy@example.com,2024-07-24
E0606,Maya Darwish,E0596,Manager Marketing,JC-688,Management,L6,Commercial,Marketing,Corporate,Remote,Full-time,Filled,1.0,CC-299,maya.darwish@example.com,2020-07-07
E0607,Noor Al-Harbi,E0606,Marketing Specialist,JC-892,Professional,L8,Commercial,Marketing,Corporate,Dammam,Full-time,Filled,1.0,CC-299,noor.alharbi@example.com,2019-10-11
E0608,Rami Rashed,E0606,Senior Marketing Specialist,JC-772,Professional,L7,Commercial,Marketing,Corporate,Dammam,Full-time,Filled,1.0,CC-299,rami.rashed@example.com,2017-07-25
E0609,Vacant,E0606,Senior Marketing Specialist,JC-710,Professional,L7,Commercial,Marketing,Corporate,Dammam,Full-time,Vacant,0.5,CC-299,,2024-03-04
E0610,Dana Farouk,E0606,Marketing Specialist,JC-842,Professional,L8,Commercial,Marketing,Corporate,Dubai,Full-time,Filled,0.5,CC-299,dana.farouk@example.com,2022-11-12
E0611,Vacant,E0606,Senior Marketing Specialist,JC-718,Professional,L7,Commercial,Marketing,Corporate,Dammam,Full-time,Vacant,1.0,CC-299,,2019-06-07
E0612,Lina Fahmy,E0596,Manager Marketing,JC-683,Management,L6,Commercial,Marketing,Corporate,Dubai,Full-time,Filled,1.0,CC-299,lina.fahmy@example.com,2022-11-28
E0613,Aya Darwish,E0612,Senior Marketing Specialist,JC-796,Professional,L7,Commercial,Marketing,Corporate,Riyadh,Full-time,Filled,1.0,CC-299,aya.darwish@example.com,2015-10-28
E0614,Karim Idris,E0612,Senior Marketing Specialist,JC-743,Professional,L7,Commercial,Marketing,Corporate,Dubai,Full-time,Filled,1.0,CC-299,karim.idris@example.com,2015-08-16
E0615,Vacant,E0612,Senior Marketing Specialist,JC-769,Professional,L7,Commercial,Marketing,Corporate,Riyadh,Contractor,Vacant,1.0,CC-299,,2022-12-03
E0616,Maya Rahman,E0612,Senior Marketing Specialist,JC-774,Professional,L7,Commercial,Marketing,Corporate,Riyadh,Full-time,Filled,1.0,CC-299,maya.rahman@example.com,2020-03-06
E0617,Faisal Darwish,E0612,Senior Marketing Specialist,JC-717,Professional,L7,Commercial,Marketing,Corporate,Dammam,Full-time,Filled,1.0,CC-299,faisal.darwish@example.com,2017-10-10
E0618,Jana Khan,E0568,Director Marketing,JC-478,Leadership,L4,Commercial,Marketing,Corporate,Dubai,Contractor,Filled,1.0,CC-299,jana.khan@example.com,2022-04-04
E0619,Sami Baker,E0618,Manager Marketing,JC-659,Management,L6,Commercial,Marketing,Corporate,Riyadh,Full-time,Filled,1.0,CC-299,sami.baker@example.com,2022-08-27
E0620,Waleed Mansour,E0619,Senior Marketing Specialist,JC-780,Professional,L7,Commercial,Marketing,Corporate,Remote,Full-time,Filled,1.0,CC-299,waleed.mansour@example.com,2021-03-05
E0621,Hassan Darwish,E0619,Senior Marketing Specialist,JC-722,Professional,L7,Commercial,Marketing,Corporate,Remote,Full-time,Filled,1.0,CC-299,hassan.darwish@example.com,2022-10-11
E0622,Dana Farouk,E0619,Senior Marketing Specialist,JC-727,Professional,L7,Commercial,Marketing,Corporate,Dubai,Full-time,Filled,1.0,CC-299,dana.farouk@example.com,2024-05-11
E0623,Adel Rahman,E0619,Senior Marketing Specialist,JC-736,Professional,L7,Commercial,Marketing,Corporate,Riyadh,Full-time,Filled,1.0,CC-299,adel.rahman@example.com,2016-05-15
E0624,Mona Haddad,E0619,Senior Marketing Specialist,JC-756,Professional,L7,Commercial,Marketing,Corporate,Jeddah,Full-time,Filled,1.0,CC-299,mona.haddad@example.com,2024-04-10
E0625,Aya Aziz,E0619,Marketing Specialist,JC-863,Professional,L8,Commercial,Marketing,Corporate,Remote,Full-time,Filled,1.0,CC-299,aya.aziz@example.com,2018-09-03
E0626,Lina Farouk,E0619,Senior Marketing Specialist,JC-722,Professional,L7,Commercial,Marketing,Corporate,Riyadh,Full-time,Filled,1.0,CC-299,lina.farouk@example.com,2024-12-22
E0627,Vacant,E0618,Manager Marketing,JC-664,Management,L6,Commercial,Marketing,Corporate,Riyadh,Full-time,Vacant,1.0,CC-299,,2019-06-19
E0628,Zaid Rashed,E0627,Senior Marketing Specialist,JC-732,Professional,L7,Commercial,Marketing,Corporate,Riyadh,Full-time,Filled,1.0,CC-299,zaid.rashed@example.com,2016-04-04
E0629,Dana Fahmy,E0627,Senior Marketing Specialist,JC-799,Professional,L7,Commercial,Marketing,Corporate,Dubai,Full-time,Filled,0.5,CC-299,dana.fahmy@example.com,2016-10-27
E0630,Salim Farouk,E0627,Marketing Specialist,JC-864,Professional,L8,Commercial,Marketing,Corporate,Dammam,Full-time,Filled,1.0,CC-299,salim.farouk@example.com,2015-01-02
E0631,Nasser Rashed,E0618,Manager Marketing,JC-630,Management,L6,Commercial,Marketing,Corporate,Dubai,Full-time,Filled,1.0,CC-299,nasser.rashed@example.com,2020-09-05
E0632,Zaid Mansour,E0631,Marketing Specialist,JC-830,Professional,L8,Commercial,Marketing,Corporate,Jeddah,Full-time,Filled,1.0,CC-299,zaid.mansour@example.com,2017-02-19
E0633,Yusuf Rahman,E0631,Senior Marketing Specialist,JC-781,Professional,L7,Commercial,Marketing,Corporate,Remote,Full-time,Filled,1.0,CC-299,yusuf.rahman@example.com,2021-08-18
E0634,Karim Nasser,E0631,Senior Marketing Specialist,JC-740,Professional,L7,Commercial,Marketing,Corporate,Dubai,Full-time,Filled,1.0,CC-299,karim.nasser@example.com,2018-06-08
E0635,Hana Darwish,E0631,Marketing Specialist,JC-852,Professional,L8,Commercial,Marketing,Corporate,Dubai,Full-time,Filled,0.5,CC-299,hana.darwish@example.com,2015-04-22
E0636,Omar Younes,E0631,Marketing Specialist,JC-887,Professional,L8,Commercial,Marketing,Corporate,Jeddah,Full-time,Filled,1.0,CC-299,omar.younes@example.com,2018-02-09
E0637,Maya Khan,E0518,VP Customer Success,JC-393,Leadership,L3,Commercial,Customer Success,Corporate,Dammam,Full-time,Filled,1.0,CC-184,maya.khan@example.com,2021-05-03
E0638,Sara Rahman,E0637,Director Customer Success,JC-465,Leadership,L4,Commercial,Customer Success,Corporate,Dammam,Full-time,Filled,1.0,CC-184,sara.rahman@example.com,2016-12-17
E0639,Mona Nasser,E0638,Manager Customer Success,JC-625,Management,L6,Commercial,Customer Success,Corporate,Dubai,Full-time,Filled,1.0,CC-184,mona.nasser@example.com,2015-05-17
E0640,Yusuf Fahmy,E0639,Customer Success Specialist,JC-831,Professional,L8,Commercial,Customer Success,Corporate,Jeddah,Full-time,Filled,0.5,CC-184,yusuf.fahmy@example.com,2018-07-09
E0641,Layla Aziz,E0639,Senior Customer Success Specialist,JC-794,Professional,L7,Commercial,Customer Success,Corporate,Riyadh,Full-time,Filled,1.0,CC-184,layla.aziz@example.com,2016-04-14
E0642,Vacant,E0639,Customer Success Specialist,JC-852,Professional,L8,Commercial,Customer Success,Corporate,Dammam,Full-time,Vacant,1.0,CC-184,,2019-11-22
E0643,Omar Qureshi,E0638,Manager Customer Success,JC-698,Management,L6,Commercial,Customer Success,Corporate,Dubai,Full-time,Filled,1.0,CC-184,omar.qureshi@example.com,2016-03-03
E0644,Vacant,E0643,Senior Customer Success Specialist,JC-758,Professional,L7,Commercial,Customer Success,Corporate,Dammam,Full-time,Vacant,1.0,CC-184,,2022-05-07
E0645,Vacant,E0643,Senior Customer Success Specialist,JC-747,Professional,L7,Commercial,Customer Success,Corporate,Remote,Full-time,Vacant,0.5,CC-184,,2024-08-05
E0646,Hassan Osman,E0643,Senior Customer Success Specialist,JC-784,Professional,L7,Commercial,Customer Success,Corporate,Riyadh,Full-time,Filled,1.0,CC-184,hassan.osman@example.com,2016-02-26
E0647,Omar Aziz,E0638,Manager Customer Success,JC-644,Management,L6,Commercial,Customer Success,Corporate,Remote,Full-time,Filled,1.0,CC-184,omar.aziz@example.com,2017-12-27
E0648,Hana Mansour,E0647,Senior Customer Success Specialist,JC-732,Professional,L7,Commercial,Customer Success,Corporate,Dubai,Full-time,Filled,0.5,CC-184,hana.mansour@example.com,2017-02-18
E0649,Rami Aziz,E0647,Customer Success Specialist,JC-824,Professional,L8,Commercial,Customer Success,Corporate,Jeddah,Full-time,Filled,1.0,CC-184,rami.aziz@example.com,2021-02-22
E0650,Sara Nasser,E0647,Senior Customer Success Specialist,JC-785,Professional,L7,Commercial,Customer Success,Corporate,Riyadh,Full-time,Filled,1.0,CC-184,sara.nasser@example.com,2023-10-15
E0651,Reem Rashed,E0647,Senior Customer Success Specialist,JC-771,Professional,L7,Commercial,Customer Success,Corporate,Dammam,Full-time,Filled,1.0,CC-184,reem.rashed@example.com,2017-06-12
E0652,Mona Aziz,E0647,Customer Success Specialist,JC-874,Professional,L8,Commercial,Customer Success,Corporate,Dammam,Full-time,Filled,1.0,CC-184,mona.aziz@example.com,2021-07-22
E0653,Omar Rashed,E0637,Director Customer Success,JC-445,Leadership,L4,Commercial,Customer Success,Corporate,Dammam,Full-time,Filled,1.0,CC-184,omar.rashed@example.com,2022-06-17
E0654,Waleed Fahmy,E0653,Manager Customer Success,JC-658,Management,L6,Commercial,Customer Success,Corporate,Remote,Full-time,Filled,1.0,CC-184,waleed.fahmy@example.com,2019-05-13
E0655,Hassan Baker,E0654,Customer Success Specialist,JC-855,Professional,L8,Commercial,Customer Success,Corporate,Jeddah,Full-time,Filled,0.5,CC-184,hassan.baker@example.com,2022-06-03
E0656,Karim Saleh,E0654,Senior Customer Success Specialist,JC-791,Professional,L7,Commercial,Customer Success,Corporate,Dubai,Full-time,Filled,1.0,CC-184,karim.saleh@example.com,2015-05-18
E0657,Vacant,E0654,Senior Customer Success Specialist,JC-765,Professional,L7,Commercial,Customer Success,Corporate,Dubai,Contractor,Vacant,1.0,CC-184,,2023-11-28
E0658,Sami Aziz,E0653,Manager Customer Success,JC-653,Management,L6,Commercial,Customer Success,Corporate,Dammam,Full-time,Filled,1.0,CC-184,sami.aziz@example.com,2016-12-26
E0659,Zaid Saleh,E0658,Senior Customer Success Specialist,JC-726,Professional,L7,Commercial,Customer Success,Corporate,Dubai,Full-time,Filled,1.0,CC-184,zaid.saleh@example.com,2021-08-10
E0660,Maya Idris,E0658,Customer Success Specialist,JC-855,Professional,L8,Commercial,Customer Success,Corporate,Jeddah,Full-time,Filled,1.0,CC-184,maya.idris@example.com,2015-11-28
E0661,Omar Rahman,E0658,Senior Customer Success Specialist,JC-734,Professional,L7,Commercial,Customer Success,Corporate,Dubai,Full-time,Filled,0.5,CC-184,omar.rahman@example.com,2020-09-04
E0662,Huda Younes,E0658,Customer Success Specialist,JC-812,Professional,L8,Commercial,Customer Success,Corporate,Dubai,Full-time,Filled,1.0,CC-184,huda.younes@example.com,2021-03-13
E0663,Karim Haddad,E0653,Manager Customer Success,JC-651,Management,L6,Commercial,Customer Success,Corporate,Riyadh,Full-time,Filled,1.0,CC-184,karim.haddad@example.com,2017-11-02
E0664,Noor Al-Harbi,E0663,Customer Success Specialist,JC-847,Professional,L8,Commercial,Customer Success,Corporate,Remote,Full-time,Filled,1.0,CC-184,noor.alharbi@example.com,2018-12-28
E0665,Faisal Aziz,E0663,Senior Customer Success Specialist,JC-725,Professional,L7,Commercial,Customer Success,Corporate,Remote,Full-time,Filled,1.0,CC-184,faisal.aziz@example.com,2024-06-17
E0666,Nasser Khan,E0663,Customer Success Specialist,JC-840,Professional,L8,Commercial,Customer Success,Corporate,Dubai,Full-time,Filled,1.0,CC-184,nasser.khan@example.com,2022-05-14
E0667,Amina Aziz,E0663,Senior Customer Success Specialist,JC-740,Professional,L7,Commercial,Customer Success,Corporate,Dammam,Full-time,Filled,0.5,CC-184,amina.aziz@example.com,2018-06-19
E0668,Reem Nasser,E0663,Customer Success Specialist,JC-844,Professional,L8,Commercial,Customer Success,Corporate,Remote,Full-time,Filled,1.0,CC-184,reem.nasser@example.com,2022-08-01
E0669,Vacant,E0663,Senior Customer Success Specialist,JC-786,Professional,L7,Commercial,Customer Success,Corporate,Dubai,Contractor,Vacant,1.0,CC-184,,2017-10-27
E0670,Rana Rahman,E0663,Senior Customer Success Specialist,JC-721,Professional,L7,Commercial,Customer Success,Corporate,Dammam,Full-time,Filled,0.5,CC-184,rana.rahman@example.com,2022-04-23
E0671,Vacant,E0637,Director Customer Success,JC-421,Leadership,L4,Commercial,Customer Success,Corporate,Riyadh,Full-time,Vacant,1.0,CC-184,,2020-01-14
E0672,Tariq Haddad,E0671,Manager Customer Success,JC-657,Management,L6,Commercial,Customer Success,Corporate,Remote,Full-time,Filled,1.0,CC-184,tariq.haddad@example.com,2016-09-17
E0673,Tariq Rashed,E0672,Senior Customer Success Specialist,JC-755,Professional,L7,Commercial,Customer Success,Corporate,Jeddah,Full-time,Filled,0.5,CC-184,tariq.rashed@example.com,2024-10-18
E0674,Tariq Khan,E0672,Customer Success Specialist,JC-856,Professional,L8,Commercial,Customer Success,Corporate,Dammam,Full-time,Filled,1.0,CC-184,tariq.khan@example.com,2020-03-11
E0675,Yusuf Baker,E0672,Senior Customer Success Specialist,JC-756,Professional,L7,Commercial,Customer Success,Corporate,Dubai,Full-time,Filled,1.0,CC-184,yusuf.baker@example.com,2021-01-06
E0676,Noor Rashed,E0672,Senior Customer Success Specialist,JC-743,Professional,L7,Commercial,Customer Success,Corporate,Dammam,Full-time,Filled,0.5,CC-184,noor.rashed@example.com,2017-12-15
E0677,Waleed Haddad,E0672,Customer Success Specialist,JC-858,Professional,L8,Commercial,Customer Success,Corporate,Riyadh,Full-time,Filled,1.0,CC-184,waleed.haddad@example.com,2020-11-13
E0678,Hassan Rashed,E0672,Senior Customer Success Specialist,JC-718,Professional,L7,Commercial,Customer Success,Corporate,Jeddah,Full-time,Filled,1.0,CC-184,hassan.rashed@example.com,2017-05-26
E0679,Sara Rahman,E0671,Manager Customer Success,JC-650,Management,L6,Commercial,Customer Success,Corporate,Remote,Full-time,Filled,1.0,CC-184,sara.rahman@example.com,2023-09-05
E0680,Yusuf Idris,E0679,Senior Customer Success Specialist,JC-796,Professional,L7,Commercial,Customer Success,Corporate,Dammam,Full-time,Filled,1.0,CC-184,yusuf.idris@example.com,2023-10-26
E0681,Mona Aziz,E0679,Customer Success Specialist,JC-882,Professional,L8,Commercial,Customer Success,Corporate,Dubai,Full-time,Filled,1.0,CC-184,mona.aziz@example.com,2020-08-15
E0682,Khalid Nasser,E0679,Customer Success Specialist,JC-888,Professional,L8,Commercial,Customer Success,Corporate,Riyadh,Contractor,Filled,1.0,CC-184,khalid.nasser@example.com,2015-10-23
E0683,Karim Idris,E0679,Senior Customer Success Specialist,JC-776,Professional,L7,Commercial,Customer Success,Corporate,Riyadh,Full-time,Filled,1.0,CC-184,karim.idris@example.com,2015-10-08
E0684,Hana Younes,E0679,Customer Success Specialist,JC-835,Professional,L8,Commercial,Customer Success,Corporate,Jeddah,Full-time,Filled,1.0,CC-184,hana.younes@example.com,2020-10-01
E0685,Zaid Khan,E0679,Senior Customer Success Specialist,JC-716,Professional,L7,Commercial,Customer Success,Corporate,Riyadh,Full-time,Filled,1.0,CC-184,zaid.khan@example.com,2019-11-09
E0686,Karim Khan,E0671,Manager Customer Success,JC-666,Management,L6,Commercial,Customer Success,Corporate,Jeddah,Contractor,Filled,1.0,CC-184,karim.khan@example.com,2019-09-01
E0687,Faisal Zahra,E0686,Senior Customer Success Specialist,JC-788,Professional,L7,Commercial,Customer Success,Corporate,Remote,Contractor,Filled,0.5,CC-184,faisal.zahra@example.com,2017-07-23
E0688,Rana Younes,E0686,Senior Customer Success Specialist,JC-744,Professional,L7,Commercial,Customer Success,Corporate,Jeddah,Full-time,Filled,1.0,CC-184,rana.younes@example.com,2018-03-23
E0689,Omar Aziz,E0686,Senior Customer Success Specialist,JC-757,Professional,L7,Commercial,Customer Success,Corporate,Jeddah,Full-time,Filled,0.5,CC-184,omar.aziz@example.com,2023-06-17
E0690,Nasser Haddad,E0001,Chief Operations Officer,JC-261,Executive,L2,Operations,Supply Chain,Corporate,Riyadh,Full-time,Filled,1.0,CC-535,nasser.haddad@example.com,2017-06-16
E0691,Bilal Qureshi,E0690,VP Supply Chain,JC-377,Leadership,L3,Operations,Supply Chain,Corporate,Jeddah,Full-time,Filled,1.0,CC-535,bilal.qureshi@example.com,2021-03-16
E0692,Noor Aziz,E0691,Director Supply Chain,JC-483,Leadership,L4,Operations,Supply Chain,Corporate,Dammam,Full-time,Filled,1.0,CC-535,noor.aziz@example.com,2019-05-12
E0693,Tariq Qureshi,E0692,Manager Supply Chain,JC-684,Management,L6,Operations,Supply Chain,Corporate,Remote,Full-time,Filled,1.0,CC-535,tariq.qureshi@example.com,2020-07-26
E0694,Tariq Mansour,E0693,Senior Supply Chain Specialist,JC-799,Professional,L7,Operations,Supply Chain,Corporate,Remote,Full-time,Filled,1.0,CC-535,tariq.mansour@example.com,2019-11-28
E0695,Vacant,E0693,Supply Chain Specialist,JC-865,Professional,L8,Operations,Supply Chain,Corporate,Dubai,Full-time,Vacant,0.5,CC-535,,2018-02-05
E0696,Lina Idris,E0693,Senior Supply Chain Specialist,JC-759,Professional,L7,Operations,Supply Chain,Corporate,Jeddah,Full-time,Filled,0.5,CC-535,lina.idris@example.com,2017-02-06
E0697,Hana Saleh,E0692,Manager Supply Chain,JC-670,Management,L6,Operations,Supply Chain,Corporate,Jeddah,Contractor,Filled,1.0,CC-535,hana.saleh@example.com,2023-04-15
E0698,Yusuf Al-Harbi,E0697,Senior Supply Chain Specialist,JC-792,Professional,L7,Operations,Supply Chain,Corporate,Dubai,Contractor,Filled,1.0,CC-535,yusuf.alharbi@example.com,2016-09-14
E0699,Jana Zahra,E0697,Supply Chain Specialist,JC-883,Professional,L8,Operations,Supply Chain,Corporate,Remote,Full-time,Filled,1.0,CC-535,jana.zahra@example.com,2020-06-04
E0700,Layla Rahman,E0697,Supply Chain Specialist,JC-842,Professional,L8,Operations,Supply Chain,Corporate,Dammam,Full-time,Filled,1.0,CC-535,layla.rahman@example.com,2016-01-27
E0701,Dana Nasser,E0697,Senior Supply Chain Specialist,JC-720,Professional,L7,Operations,Supply Chain,Corporate,Jeddah,Full-time,Filled,1.0,CC-535,dana.nasser@example.com,2019-02-09
E0702,Huda Al-Harbi,E0697,Senior Supply Chain Specialist,JC-757,Professional,L7,Operations,Supply Chain,Corporate,Dubai,Full-time,Filled,1.0,CC-535,huda.alharbi@example.com,2021-02-25
E0703,Amina Farouk,E0697,Senior Supply Chain Specialist,JC-799,Professional,L7,Operations,Supply Chain,Corporate,Riyadh,Full-time,Filled,0.5,CC-535,amina.farouk@example.com,2015-04-07
E0704,Maya Qureshi,E0697,Senior Supply Chain Specialist,JC-738,Professional,L7,Operations,Supply Chain,Corporate,Remote,Full-time,Filled,0.5,CC-535,maya.qureshi@example.com,2021-02-20
E0705,Lina Younes,E0692,Manager Supply Chain,JC-684,Management,L6,Operations,Supply Chain,Corporate,Dubai,Full-time,Filled,1.0,CC-535,lina.younes@example.com,2022-05-06
E0706,Hana Osman,E0705,Senior Supply Chain Specialist,JC-769,Professional,L7,Operations,Supply Chain,Corporate,Riyadh,Contractor,Filled,1.0,CC-535,hana.osman@example.com,2018-09-17
E0707,Layla Haddad,E0705,Senior Supply Chain Specialist,JC-743,Professional,L7,Operations,Supply Chain,Corporate,Riyadh,Full-time,Filled,1.0,CC-535,layla.haddad@example.com,2017-04-16
E0708,Rami Zahra,E0705,Senior Supply Chain Specialist,JC-792,Professional,L7,Operations,Supply Chain,Corporate,Jeddah,Full-time,Filled,1.0,CC-535,rami.zahra@example.com,2015-11-10
E0709,Vacant,E0705,Senior Supply Chain Specialist,JC-753,Professional,L7,Operations,Supply Chain,Corporate,Dammam,Full-time,Vacant,1.0,CC-535,,2017-01-22
E0710,Vacant,E0705,Senior Supply Chain Specialist,JC-779,Professional,L7,Operations,Supply Chain,Corporate,Dammam,Full-time,Vacant,1.0,CC-535,,2016-02-24
E0711,Waleed Zahra,E0705,Senior Supply Chain Specialist,JC-788,Professional,L7,Operations,Supply Chain,Corporate,Dammam,Full-time,Filled,1.0,CC-535,waleed.zahra@example.com,2023-12-14
E0712,Yusuf Fahmy,E0692,Manager Supply Chain,JC-648,Management,L6,Operations,Supply Chain,Corporate,Dubai,Full-time,Filled,1.0,CC-535,yusuf.fahmy@example.com,2022-07-04
E0713,Rana Saleh,E0712,Senior Supply Chain Specialist,JC-760,Professional,L7,Operations,Supply Chain,Corporate,Dubai,Full-time,Filled,0.5,CC-535,rana.saleh@example.com,2023-05-27
E0714,Omar Younes,E0712,Senior Supply Chain Specialist,JC-766,Professional,L7,Operations,Supply Chain,Corporate,Jeddah,Full-time,Filled,1.0,CC-535,omar.younes@example.com,2024-05-12
E0715,Lina Rahman,E0712,Senior Supply Chain Specialist,JC-740,Professional,L7,Operations,Supply Chain,Corporate,Jeddah,Full-time,Filled,1.0,CC-535,lina.rahman@example.com,2023-01-14
E0716,Vacant,E0712,Supply Chain Specialist,JC-885,Professional,L8,Operations,Supply Chain,Corporate,Dubai,Full-time,Vacant,1.0,CC-535,,2016-02-26
E0717,Tariq Fahmy,E0712,Supply Chain Specialist,JC-856,Professional,L8,Operations,Supply Chain,Corporate,Riyadh,Full-time,Filled,0.5,CC-535,tariq.fahmy@example.com,2022-02-01
E0718,Vacant,E0712,Supply Chain Specialist,JC-821,Professional,L8,Operations,Supply Chain,Corporate,Jeddah,Full-time,Vacant,1.0,CC-535,,2018-10-17
E0719,Tariq Osman,E0691,Director Supply Chain,JC-442,Leadership,L4,Operations,Supply Chain,Corporate,Dubai,Contractor,Filled,1.0,CC-535,tariq.osman@example.com,2018-06-27
E0720,Yusuf Rashed,E0719,Manager Supply Chain,JC-649,Management,L6,Operations,Supply Chain,Corporate,Dubai,Contractor,Filled,1.0,CC-535,yusuf.rashed@example.com,2015-02-04
E0721,Vacant,E0720,Supply Chain Specialist,JC-896,Professional,L8,Operations,Supply Chain,Corporate,Jeddah,Full-time,Vacant,1.0,CC-535,,2019-03-19
E0722,Tariq Younes,E0720,Supply Chain Specialist,JC-880,Professional,L8,Operations,Supply Chain,Corporate,Dammam,Full-time,Filled,1.0,CC-535,tariq.younes@example.com,2023-02-04
E0723,Hassan Baker,E0720,Senior Supply Chain Specialist,JC-750,Professional,L7,Operations,Supply Chain,Corporate,Dammam,Full-time,Filled,1.0,CC-535,hassan.baker@example.com,2023-05-24
E0724,Faisal Osman,E0720,Supply Chain Specialist,JC-865,Professional,L8,Operations,Supply Chain,Corporate,Dammam,Full-time,Filled,1.0,CC-535,faisal.osman@example.com,2019-10-26
E0725,Adel Idris,E0720,Supply Chain Specialist,JC-842,Professional,L8,Operations,Supply Chain,Corporate,Riyadh,Full-time,Filled,1.0,CC-535,adel.idris@example.com,2020-05-23
E0726,Noor Qureshi,E0720,Senior Supply Chain Specialist,JC-748,Professional,L7,Operations,Supply Chain,Corporate,Jeddah,Full-time,Filled,1.0,CC-535,noor.qureshi@example.com,2017-08-21
E0727,Bilal Osman,E0719,Manager Supply Chain,JC-634,Management,L6,Operations,Supply Chain,Corporate,Riyadh,Full-time,Filled,1.0,CC-535,bilal.osman@example.com,2021-11-14
E0728,Aya Rashed,E0727,Supply Chain Specialist,JC-894,Professional,L8,Operations,Supply Chain,Corporate,Dammam,Contractor,Filled,0.5,CC-535,aya.rashed@example.com,2021-09-13
E0729,Sara Fahmy,E0727,Senior Supply Chain Specialist,JC-714,Professional,L7,Operations,Supply Chain,Corporate,Remote,Full-time,Filled,0.5,CC-535,sara.fahmy@example.com,2018-11-24
E0730,Vacant,E0727,Supply Chain Specialist,JC-844,Professional,L8,Operations,Supply Chain,Corporate,Jeddah,Full-time,Vacant,1.0,CC-535,,2022-06-10
E0731,Sami Rahman,E0727,Supply Chain Specialist,JC-821,Professional,L8,Operations,Supply Chain,Corporate,Jeddah,Full-time,Filled,1.0,CC-535,sami.rahman@example.com,2024-09-07
E0732,Rami Farouk,E0690,VP Facilities,JC-329,Leadership,L3,Operations,Facilities,Corporate,Remote,Full-time,Filled,1.0,CC-291,rami.farouk@example.com,2023-04-28
E0733,Tariq Zahra,E0732,Director Facilities,JC-444,Leadership,L4,Operations,Facilities,Corporate,Riyadh,Full-time,Filled,1.0,CC-291,tariq.zahra@example.com,2021-01-14
E0734,Amina Younes,E0733,Manager Facilities,JC-610,Management,L6,Operations,Facilities,Corporate,Dubai,Full-time,Filled,1.0,CC-291,amina.younes@example.com,2018-07-09
E0735,Vacant,E0734,Senior Facilities Specialist,JC-784,Professional,L7,Operations,Facilities,Corporate,Dubai,Full-time,Vacant,0.5,CC-291,,2016-04-15
E0736,Omar Haddad,E0734,Facilities Specialist,JC-885,Professional,L8,Operations,Facilities,Corporate,Riyadh,Full-time,Filled,1.0,CC-291,omar.haddad@example.com,2024-12-16
E0737,Hana Qureshi,E0734,Senior Facilities Specialist,JC-744,Professional,L7,Operations,Facilities,Corporate,Remote,Full-time,Filled,0.5,CC-291,hana.qureshi@example.com,2021-03-07
E0738,Vacant,E0734,Facilities Specialist,JC-834,Professional,L8,Operations,Facilities,Corporate,Dammam,Full-time,Vacant,0.5,CC-291,,2024-11-11
E0739,Vacant,E0733,Manager Facilities,JC-657,Management,L6,Operations,Facilities,Corporate,Remote,Full-time,Vacant,1.0,CC-291,,2016-01-11
E0740,Waleed Mansour,E0739,Facilities Specialist,JC-877,Professional,L8,Operations,Facilities,Corporate,Dammam,Full-time,Filled,0.5,CC-291,waleed.mansour@example.com,2022-08-15
E0741,Maya Farouk,E0739,Facilities Specialist,JC-824,Professional,L8,Operations,Facilities,Corporate,Remote,Full-time,Filled,1.0,CC-291,maya.farouk@example.com,2017-04-05
E0742,Bilal Baker,E0739,Senior Facilities Specialist,JC-771,Professional,L7,Operations,Facilities,Corporate,Dammam,Full-time,Filled,0.5,CC-291,bilal.baker@example.com,2017-01-06
E0743,Layla Younes,E0739,Senior Facilities Specialist,JC-762,Professional,L7,Operations,Facilities,Corporate,Riyadh,Full-time,Filled,0.5,CC-291,layla.younes@example.com,2016-07-08
E0744,Jana Nasser,E0739,Facilities Specialist,JC-853,Professional,L8,Operations,Facilities,Corporate,Dubai,Full-time,Filled,1.0,CC-291,jana.nasser@example.com,2022-07-13
E0745,Vacant,E0732,Director Facilities,JC-411,Leadership,L4,Operations,Facilities,Corporate,Remote,Full-time,Vacant,1.0,CC-291,,2015-10-26
E0746,Maya Al-Harbi,E0745,Manager Facilities,JC-622,Management,L6,Operations,Facilities,Corporate,Riyadh,Full-time,Filled,1.0,CC-291,maya.alharbi@example.com,2021-08-23
E0747,Hana Farouk,E0746,Facilities Specialist,JC-811,Professional,L8,Operations,Facilities,Corporate,Dubai,Full-time,Filled,1.0,CC-291,hana.farouk@example.com,2019-07-20
E0748,Hassan Rashed,E0746,Facilities Specialist,JC-872,Professional,L8,Operations,Facilities,Corporate,Dubai,Full-time,Filled,1.0,CC-291,hassan.rashed@example.com,2021-11-04
E0749,Salim Fahmy,E0746,Facilities Specialist,JC-886,Professional,L8,Operations,Facilities,Corporate,Riyadh,Full-time,Filled,1.0,CC-291,salim.fahmy@example.com,2019-01-20
E0750,Bilal Mansour,E0746,Facilities Specialist,JC-841,Professional,L8,Operations,Facilities,Corporate,Riyadh,Full-time,Filled,0.5,CC-291,bilal.mansour@example.com,2024-08-13
E0751,Reem Nasser,E0746,Senior Facilities Specialist,JC-782,Professional,L7,Operations,Facilities,Corporate,Dammam,Full-time,Filled,1.0,CC-291,reem.nasser@example.com,2024-11-01
E0752,Dana Rashed,E0746,Facilities Specialist,JC-889,Professional,L8,Operations,Facilities,Corporate,Remote,Full-time,Filled,1.0,CC-291,dana.rashed@example.com,2019-11-18
E0753,Vacant,E0745,Manager Facilities,JC-695,Management,L6,Operations,Facilities,Corporate,Dammam,Full-time,Vacant,1.0,CC-291,,2017-06-23
E0754,Faisal Al-Harbi,E0753,Facilities Specialist,JC-840,Professional,L8,Operations,Facilities,Corporate,Jeddah,Full-time,Filled,1.0,CC-291,faisal.alharbi@example.com,2018-12-23
E0755,Nasser Baker,E0753,Facilities Specialist,JC-822,Professional,L8,Operations,Facilities,Corporate,Remote,Full-time,Filled,1.0,CC-291,nasser.baker@example.com,2022-09-13
E0756,Sara Younes,E0753,Senior Facilities Specialist,JC-757,Professional,L7,Operations,Facilities,Corporate,Remote,Full-time,Filled,1.0,CC-291,sara.younes@example.com,2023-05-26
E0757,Waleed Farouk,E0745,Manager Facilities,JC-610,Management,L6,Operations,Facilities,Corporate,Jeddah,Full-time,Filled,1.0,CC-291,waleed.farouk@example.com,2023-11-24
E0758,Layla Idris,E0757,Senior Facilities Specialist,JC-779,Professional,L7,Operations,Facilities,Corporate,Jeddah,Full-time,Filled,1.0,CC-291,layla.idris@example.com,2024-02-28
E0759,Lina Idris,E0757,Senior Facilities Specialist,JC-729,Professional,L7,Operations,Facilities,Corporate,Riyadh,Full-time,Filled,1.0,CC-291,lina.idris@example.com,2018-01-02
E0760,Hana Mansour,E0757,Senior Facilities Specialist,JC-791,Professional,L7,Operations,Facilities,Corporate,Jeddah,Full-time,Filled,0.5,CC-291,hana.mansour@example.com,2020-03-06
E0761,Bilal Qureshi,E0732,Director Facilities,JC-496,Leadership,L4,Operations,Facilities,Corporate,Jeddah,Contractor,Filled,1.0,CC-291,bilal.qureshi@example.com,2022-05-26
E0762,Khalid Idris,E0761,Manager Facilities,JC-657,Management,L6,Operations,Facilities,Corporate,Remote,Full-time,Filled,1.0,CC-291,khalid.idris@example.com,2018-12-23
E0763,Yusuf Saleh,E0762,Senior Facilities Specialist,JC-751,Professional,L7,Operations,Facilities,Corporate,Riyadh,Full-time,Filled,1.0,CC-291,yusuf.saleh@example.com,2019-11-15
E0764,Adel Rahman,E0762,Senior Facilities Specialist,JC-754,Professional,L7,Operations,Facilities,Corporate,Riyadh,Full-time,Filled,1.0,CC-291,adel.rahman@example.com,2017-03-07
E0765,Vacant,E0762,Senior Facilities Specialist,JC-720,Professional,L7,Operations,Facilities,Corporate,Riyadh,Full-time,Vacant,0.5,CC-291,,2018-08-22
E0766,Vacant,E0761,Manager Facilities,JC-690,Management,L6,Operations,Facilities,Corporate,Dubai,Full-time,Vacant,1.0,CC-291,,2016-01-13
E0767,Mona Osman,E0766,Facilities Specialist,JC-878,Professional,L8,Operations,Facilities,Corporate,Dammam,Full-time,Filled,0.5,CC-291,mona.osman@example.com,2017-07-03
E0768,Tariq Zahra,E0766,Facilities Specialist,JC-865,Professional,L8,Operations,Facilities,Corporate,Riyadh,Full-time,Filled,1.0,CC-291,tariq.zahra@example.com,2022-05-07
E0769,Reem Darwish,E0766,Senior Facilities Specialist,JC-725,Professional,L7,Operations,Facilities,Corporate,Dubai,Full-time,Filled,1.0,CC-291,reem.darwish@example.com,2016-10-15
E0770,Huda Darwish,E0766,Senior Facilities Specialist,JC-739,Professional,L7,Operations,Facilities,Corporate,Dubai,Full-time,Filled,1.0,CC-291,huda.darwish@example.com,2017-09-14
E0771,Amina Darwish,E0766,Senior Facilities Specialist,JC-792,Professional,L7,Operations,Facilities,Corporate,Dammam,Full-time,Filled,0.5,CC-291,amina.darwish@example.com,2023-11-24
E0772,Waleed Qureshi,E0761,Manager Facilities,JC-649,Management,L6,Operations,Facilities,Corporate,Jeddah,Full-time,Filled,1.0,CC-291,waleed.qureshi@example.com,2023-03-10
E0773,Dina Zahra,E0772,Facilities Specialist,JC-832,Professional,L8,Operations,Facilities,Corporate,Dubai,Full-time,Filled,1.0,CC-291,dina.zahra@example.com,2023-01-14
E0774,Sami Al-Harbi,E0772,Senior Facilities Specialist,JC-757,Professional,L7,Operations,Facilities,Corporate,Remote,Full-time,Filled,0.5,CC-291,sami.alharbi@example.com,2021-01-15
E0775,Karim Saleh,E0772,Facilities Specialist,JC-891,Professional,L8,Operations,Facilities,Corporate,Riyadh,Full-time,Filled,1.0,CC-291,karim.saleh@example.com,2019-07-07
E0776,Mona Younes,E0772,Facilities Specialist,JC-859,Professional,L8,Operations,Facilities,Corporate,Dubai,Full-time,Filled,1.0,CC-291,mona.younes@example.com,2018-02-10
E0777,Mona Younes,E0772,Senior Facilities Specialist,JC-790,Professional,L7,Operations,Facilities,Corporate,Dammam,Full-time,Filled,0.5,CC-291,mona.younes@example.com,2018-11-19
E0778,Salim Baker,E0690,VP Quality,JC-359,Leadership,L3,Operations,Quality,Corporate,Dammam,Full-time,Filled,1.0,CC-200,salim.baker@example.com,2022-12-15
E0779,Mona Fahmy,E0778,Director Quality,JC-494,Leadership,L4,Operations,Quality,Corporate,Jeddah,Full-time,Filled,1.0,CC-200,mona.fahmy@example.com,2017-01-12
E0780,Dana Saleh,E0779,Manager Quality,JC-673,Management,L6,Operations,Quality,Corporate,Jeddah,Full-time,Filled,1.0,CC-200,dana.saleh@example.com,2022-09-14
E0781,Vacant,E0780,Quality Specialist,JC-895,Professional,L8,Operations,Quality,Corporate,Riyadh,Full-time,Vacant,1.0,CC-200,,2016-07-05
E0782,Hana Zahra,E0780,Senior Quality Specialist,JC-780,Professional,L7,Operations,Quality,Corporate,Riyadh,Full-time,Filled,1.0,CC-200,hana.zahra@example.com,2021-04-04
E0783,Vacant,E0780,Senior Quality Specialist,JC-761,Professional,L7,Operations,Quality,Corporate,Dammam,Full-time,Vacant,1.0,CC-200,,2020-08-08
E0784,Dina Rahman,E0780,Senior Quality Specialist,JC-727,Professional,L7,Operations,Quality,Corporate,Dubai,Contractor,Filled,1.0,CC-200,dina.rahman@example.com,2021-09-03
E0785,Zaid Mansour,E0780,Quality Specialist,JC-881,Professional,L8,Operations,Quality,Corporate,Jeddah,Full-time,Filled,1.0,CC-200,zaid.mansour@example.com,2021-04-20
E0786,Amina Al-Harbi,E0780,Senior Quality Specialist,JC-748,Professional,L7,Operations,Quality,Corporate,Dubai,Full-time,Filled,1.0,CC-200,amina.alharbi@example.com,2018-10-23
E0787,Noor Haddad,E0780,Quality Specialist,JC-899,Professional,L8,Operations,Quality,Corporate,Dubai,Full-time,Filled,1.0,CC-200,noor.haddad@example.com,2016-01-19
E0788,Amina Rashed,E0779,Manager Quality,JC-690,Management,L6,Operations,Quality,Corporate,Dubai,Full-time,Filled,1.0,CC-200,amina.rashed@example.com,2022-04-14
E0789,Noor Darwish,E0788,Senior Quality Specialist,JC-751,Professional,L7,Operations,Quality,Corporate,Dubai,Full-time,Filled,1.0,CC-200,noor.darwish@example.com,2015-12-09
E0790,Aya Idris,E0788,Quality Specialist,JC-846,Professional,L8,Operations,Quality,Corporate,Dubai,Full-time,Filled,1.0,CC-200,aya.idris@example.com,2022-10-06
E0791,Noor Zahra,E0788,Senior Quality Specialist,JC-722,Professional,L7,Operations,Quality,Corporate,Dammam,Full-time,Filled,1.0,CC-200,noor.zahra@example.com,2020-12-07
E0792,Khalid Osman,E0788,Quality Specialist,JC-857,Professional,L8,Operations,Quality,Corporate,Dammam,Contractor,Filled,1.0,CC-200,khalid.osman@example.com,2017-02-10
E0793,Lina Osman,E0788,Senior Quality Specialist,JC-796,Professional,L7,Operations,Quality,Corporate,Dubai,Full-time,Filled,1.0,CC-200,lina.osman@example.com,2020-05-22
E0794,Karim Al-Harbi,E0788,Senior Quality Specialist,JC-751,Professional,L7,Operations,Quality,Corporate,Dammam,Full-time,Filled,1.0,CC-200,karim.alharbi@example.com,2021-05-11
E0795,Vacant,E0788,Quality Specialist,JC-811,Professional,L8,Operations,Quality,Corporate,Dammam,Full-time,Vacant,1.0,CC-200,,2019-03-07
E0796,Reem Haddad,E0779,Manager Quality,JC-625,Management,L6,Operations,Quality,Corporate,Dammam,Full-time,Filled,1.0,CC-200,reem.haddad@example.com,2017-07-09
E0797,Dina Darwish,E0796,Senior Quality Specialist,JC-753,Professional,L7,Operations,Quality,Corporate,Dammam,Full-time,Filled,1.0,CC-200,dina.darwish@example.com,2024-05-18
E0798,Hassan Baker,E0796,Senior Quality Specialist,JC-787,Professional,L7,Operations,Quality,Corporate,Jeddah,Full-time,Filled,1.0,CC-200,hassan.baker@example.com,2018-04-08
E0799,Vacant,E0796,Quality Specialist,JC-826,Professional,L8,Operations,Quality,Corporate,Remote,Full-time,Vacant,1.0,CC-200,,2022-06-28
E0800,Bilal Nasser,E0778,Director Quality,JC-495,Leadership,L4,Operations,Quality,Corporate,Jeddah,Full-time,Filled,1.0,CC-200,bilal.nasser@example.com,2021-09-16
E0801,Vacant,E0800,Manager Quality,JC-615,Management,L6,Operations,Quality,Corporate,Dammam,Full-time,Vacant,1.0,CC-200,,2019-06-04
E0802,Lina Rahman,E0801,Quality Specialist,JC-858,Professional,L8,Operations,Quality,Corporate,Riyadh,Full-time,Filled,1.0,CC-200,lina.rahman@example.com,2019-04-19
E0803,Hassan Khan,E0801,Senior Quality Specialist,JC-736,Professional,L7,Operations,Quality,Corporate,Dammam,Full-time,Filled,0.5,CC-200,hassan.khan@example.com,2015-08-16
E0804,Adel Fahmy,E0801,Senior Quality Specialist,JC-786,Professional,L7,Operations,Quality,Corporate,Dubai,Full-time,Filled,1.0,CC-200,adel.fahmy@example.com,2020-03-04
E0805,Adel Baker,E0801,Senior Quality Specialist,JC-723,Professional,L7,Operations,Quality,Corporate,Riyadh,Full-time,Filled,0.5,CC-200,adel.baker@example.com,2015-05-21
E0806,Sami Younes,E0801,Senior Quality Specialist,JC-748,Professional,L7,Operations,Quality,Corporate,Dammam,Full-time,Filled,1.0,CC-200,sami.younes@example.com,2015-04-16
E0807,Noor Haddad,E0801,Quality Specialist,JC-834,Professional,L8,Operations,Quality,Corporate,Remote,Full-time,Filled,0.5,CC-200,noor.haddad@example.com,2016-09-23
E0808,Omar Idris,E0800,Manager Quality,JC-677,Management,L6,Operations,Quality,Corporate,Riyadh,Full-time,Filled,1.0,CC-200,omar.idris@example.com,2022-10-22
E0809,Amina Osman,E0808,Quality Specialist,JC-844,Professional,L8,Operations,Quality,Corporate,Dammam,Full-time,Filled,1.0,CC-200,amina.osman@example.com,2022-04-24
E0810,Faisal Idris,E0808,Senior Quality Specialist,JC-726,Professional,L7,Operations,Quality,Corporate,Remote,Full-time,Filled,1.0,CC-200,faisal.idris@example.com,2021-06-01
E0811,Aya Nasser,E0808,Quality Specialist,JC-884,Professional,L8,Operations,Quality,Corporate,Riyadh,Full-time,Filled,0.5,CC-200,aya.nasser@example.com,2021-12-05
E0812,Hassan Rahman,E0808,Senior Quality Specialist,JC-726,Professional,L7,Operations,Quality,Corporate,Remote,Full-time,Filled,0.5,CC-200,hassan.rahman@example.com,2021-05-09
E0813,Vacant,E0808,Senior Quality Specialist,JC-782,Professional,L7,Operations,Quality,Corporate,Dubai,Full-time,Vacant,1.0,CC-200,,2023-09-17
