Job Code,Course,Mandatory,Frequency
JC5003,Code of Conduct,Yes,Annual
JC5003,Cyber Security Awareness,Yes,Annual
JC5003,Leading Teams,Yes,Once
JC9948,Code of Conduct,Yes,Annual
JC9948,Cyber Security Awareness,Yes,Annual
JC9948,Leading Teams,Yes,Once
JC1391,Code of Conduct,Yes,Annual
JC1391,Cyber Security Awareness,Yes,Annual
JC1391,Leading Teams,Yes,Once
JC6141,Code of Conduct,Yes,Annual
JC6141,Cyber Security Awareness,Yes,Annual
JC6141,Leading Teams,Yes,Once
JC4309,Code of Conduct,Yes,Annual
JC4309,Cyber Security Awareness,Yes,Annual
JC4309,Code of Conduct,Yes,Annual
JC5406,Code of Conduct,Yes,Annual
JC5406,Cyber Security Awareness,Yes,Annual
JC9655,Code of Conduct,Yes,Annual
JC9655,Cyber Security Awareness,Yes,Annual
JC9655,Cyber Security Awareness,Yes,Annual
JC1550,Code of Conduct,Yes,Annual
JC1550,Cyber Security Awareness,Yes,Annual
JC1550,Leading Teams,Yes,Once
JC9711,Code of Conduct,Yes,Annual
JC9711,Cyber Security Awareness,Yes,Annual
JC5281,Code of Conduct,Yes,Annual
JC5281,Cyber Security Awareness,Yes,Annual
JC2872,Code of Conduct,Yes,Annual
JC2872,Cyber Security Awareness,Yes,Annual
JC2872,Data Privacy,Yes,Annual
JC2449,Code of Conduct,Yes,Annual
JC2449,Cyber Security Awareness,Yes,Annual
JC3368,Code of Conduct,Yes,Annual
JC3368,Cyber Security Awareness,Yes,Annual
JC5844,Code of Conduct,Yes,Annual
JC5844,Cyber Security Awareness,Yes,Annual
JC8579,Code of Conduct,Yes,Annual
JC8579,Cyber Security Awareness,Yes,Annual
JC8579,SAMA Consumer Protection,Yes,Annual
JC8325,Code of Conduct,Yes,Annual
JC8325,Cyber Security Awareness,Yes,Annual
JC4564,Code of Conduct,Yes,Annual
JC4564,Cyber Security Awareness,Yes,Annual
JC5198,Code of Conduct,Yes,Annual
JC5198,Cyber Security Awareness,Yes,Annual
JC6142,Code of Conduct,Yes,Annual
JC6142,Cyber Security Awareness,Yes,Annual
JC4534,Code of Conduct,Yes,Annual
JC4534,Cyber Security Awareness,Yes,Annual
JC4534,Cyber Security Awareness,Yes,Annual
JC2472,Code of Conduct,Yes,Annual
JC2472,Cyber Security Awareness,Yes,Annual
JC2472,Leading Teams,Yes,Once
JC2472,SAMA Consumer Protection,Yes,Annual
JC4929,Code of Conduct,Yes,Annual
JC4929,Cyber Security Awareness,Yes,Annual
JC5915,Code of Conduct,Yes,Annual
JC5915,Cyber Security Awareness,Yes,Annual
JC4547,Code of Conduct,Yes,Annual
JC4547,Cyber Security Awareness,Yes,Annual
JC3455,Code of Conduct,Yes,Annual
JC3455,Cyber Security Awareness,Yes,Annual
JC3455,IFRS 9 Update,Yes,Annual
JC6679,Code of Conduct,Yes,Annual
JC6679,Cyber Security Awareness,Yes,Annual
JC6679,IFRS 9 Update,Yes,Annual
JC5681,Code of Conduct,Yes,Annual
JC5681,Cyber Security Awareness,Yes,Annual
JC5681,Anti-Fraud Fundamentals,Yes,Annual
JC8875,Code of Conduct,Yes,Annual
JC8875,Cyber Security Awareness,Yes,Annual
JC7891,Code of Conduct,Yes,Annual
JC7891,Cyber Security Awareness,Yes,Annual
JC5441,Code of Conduct,Yes,Annual
JC5441,Cyber Security Awareness,Yes,Annual
JC9889,Code of Conduct,Yes,Annual
JC9889,Cyber Security Awareness,Yes,Annual
JC3868,Code of Conduct,Yes,Annual
JC3868,Cyber Security Awareness,Yes,Annual
JC4294,Code of Conduct,Yes,Annual
JC4294,Cyber Security Awareness,Yes,Annual
JC1526,Code of Conduct,Yes,Annual
JC1526,Cyber Security Awareness,Yes,Annual
JC1526,Data Privacy,Yes,Annual
JC9831,Code of Conduct,Yes,Annual
JC9831,Cyber Security Awareness,Yes,Annual
JC9706,Code of Conduct,Yes,Annual
JC9706,Cyber Security Awareness,Yes,Annual
JC6800,Code of Conduct,Yes,Annual
JC6800,Cyber Security Awareness,Yes,Annual
JC6800,Anti-Fraud Fundamentals,Yes,Annual
JC4374,Code of Conduct,Yes,Annual
JC4374,Cyber Security Awareness,Yes,Annual
JC4374,Leading Teams,Yes,Once
JC3860,Code of Conduct,Yes,Annual
JC3860,Cyber Security Awareness,Yes,Annual
JC3860,Leading Teams,Yes,Once
JC3860,Code of Conduct,Yes,Annual
JC6852,Code of Conduct,Yes,Annual
JC6852,Cyber Security Awareness,Yes,Annual
JC7870,Code of Conduct,Yes,Annual
JC7870,Cyber Security Awareness,Yes,Annual
JC7870,Operational Risk Management,Yes,Every 2 years
JC8678,Code of Conduct,Yes,Annual
JC8678,Cyber Security Awareness,Yes,Annual
JC2707,Code of Conduct,Yes,Annual
JC2707,Cyber Security Awareness,Yes,Annual
JC2707,Leading Teams,Yes,Once
JC2205,Code of Conduct,Yes,Annual
JC2205,Cyber Security Awareness,Yes,Annual
JC6665,Code of Conduct,Yes,Annual
JC6665,Cyber Security Awareness,Yes,Annual
JC7196,Code of Conduct,Yes,Annual
JC7196,Cyber Security Awareness,Yes,Annual
JC6636,Code of Conduct,Yes,Annual
JC6636,Cyber Security Awareness,Yes,Annual
JC7137,Code of Conduct,Yes,Annual
JC7137,Cyber Security Awareness,Yes,Annual
JC4696,Code of Conduct,Yes,Annual
JC4696,Cyber Security Awareness,Yes,Annual
JC5009,Code of Conduct,Yes,Annual
JC5009,Cyber Security Awareness,Yes,Annual
JC5009,Leading Teams,Yes,Once
JC1495,Code of Conduct,Yes,Annual
JC1495,Cyber Security Awareness,Yes,Annual
JC7473,Code of Conduct,Yes,Annual
JC7473,Cyber Security Awareness,Yes,Annual
JC7473,AML & Sanctions Awareness,Yes,Annual
JC1059,Code of Conduct,Yes,Annual
JC1059,Cyber Security Awareness,Yes,Annual
JC1059,SAMA Consumer Protection,Yes,Annual
JC6752,Code of Conduct,Yes,Annual
JC6752,Cyber Security Awareness,Yes,Annual
JC6752,Data Privacy,Yes,Annual
JC5028,Code of Conduct,Yes,Annual
JC5028,Cyber Security Awareness,Yes,Annual
JC5028,Operational Risk Management,Yes,Every 2 years
JC7772,Code of Conduct,Yes,Annual
JC7772,Cyber Security Awareness,Yes,Annual
JC7772,Leading Teams,Yes,Once
JC5927,Code of Conduct,Yes,Annual
JC5927,Cyber Security Awareness,Yes,Annual
JC5927,Cyber Security Awareness,Yes,Annual
JC7026,Code of Conduct,Yes,Annual
JC7026,Cyber Security Awareness,Yes,Annual
JC7093,Code of Conduct,Yes,Annual
JC7093,Cyber Security Awareness,Yes,Annual
JC5934,Code of Conduct,Yes,Annual
JC5934,Cyber Security Awareness,Yes,Annual
JC5934,Cyber Security Awareness,Yes,Annual
JC7591,Code of Conduct,Yes,Annual
JC7591,Cyber Security Awareness,Yes,Annual
JC7591,Cyber Security Awareness,Yes,Annual
JC7475,Code of Conduct,Yes,Annual
JC7475,Cyber Security Awareness,Yes,Annual
JC2367,Code of Conduct,Yes,Annual
JC2367,Cyber Security Awareness,Yes,Annual
JC2939,Code of Conduct,Yes,Annual
JC2939,Cyber Security Awareness,Yes,Annual
JC4281,Code of Conduct,Yes,Annual
JC4281,Cyber Security Awareness,Yes,Annual
JC9519,Code of Conduct,Yes,Annual
JC9519,Cyber Security Awareness,Yes,Annual
JC5211,Code of Conduct,Yes,Annual
JC5211,Cyber Security Awareness,Yes,Annual
JC5211,Credit Risk Essentials,Yes,Every 2 years
JC6022,Code of Conduct,Yes,Annual
JC6022,Cyber Security Awareness,Yes,Annual
JC2979,Code of Conduct,Yes,Annual
JC2979,Cyber Security Awareness,Yes,Annual
JC5693,Code of Conduct,Yes,Annual
JC5693,Cyber Security Awareness,Yes,Annual
JC5693,Data Privacy,Yes,Annual
JC9909,Code of Conduct,Yes,Annual
JC9909,Cyber Security Awareness,Yes,Annual
JC9909,AML & Sanctions Awareness,Yes,Annual
JC9909,Leading Teams,Yes,Once
JC6662,Code of Conduct,Yes,Annual
JC6662,Cyber Security Awareness,Yes,Annual
JC6662,AML & Sanctions Awareness,Yes,Annual
JC6662,Leading Teams,Yes,Once
JC7019,Code of Conduct,Yes,Annual
JC7019,Cyber Security Awareness,Yes,Annual
JC7019,AML & Sanctions Awareness,Yes,Annual
JC7019,Leading Teams,Yes,Once
JC4024,Code of Conduct,Yes,Annual
JC4024,Cyber Security Awareness,Yes,Annual
JC4024,AML & Sanctions Awareness,Yes,Annual
JC4024,Leading Teams,Yes,Once
JC3210,Code of Conduct,Yes,Annual
JC3210,Cyber Security Awareness,Yes,Annual
JC3210,AML & Sanctions Awareness,Yes,Annual
JC5881,Code of Conduct,Yes,Annual
JC5881,Cyber Security Awareness,Yes,Annual
JC5881,AML & Sanctions Awareness,Yes,Annual
JC1244,Code of Conduct,Yes,Annual
JC1244,Cyber Security Awareness,Yes,Annual
JC1244,AML & Sanctions Awareness,Yes,Annual
JC1244,Anti-Fraud Fundamentals,Yes,Annual
JC4903,Code of Conduct,Yes,Annual
JC4903,Cyber Security Awareness,Yes,Annual
JC4903,AML & Sanctions Awareness,Yes,Annual
JC4569,Code of Conduct,Yes,Annual
JC4569,Cyber Security Awareness,Yes,Annual
JC4569,AML & Sanctions Awareness,Yes,Annual
JC4569,Operational Risk Management,Yes,Every 2 years
JC7232,Code of Conduct,Yes,Annual
JC7232,Cyber Security Awareness,Yes,Annual
JC7232,AML & Sanctions Awareness,Yes,Annual
JC7018,Code of Conduct,Yes,Annual
JC7018,Cyber Security Awareness,Yes,Annual
JC7018,AML & Sanctions Awareness,Yes,Annual
JC1270,Code of Conduct,Yes,Annual
JC1270,Cyber Security Awareness,Yes,Annual
JC1270,AML & Sanctions Awareness,Yes,Annual
JC8685,Code of Conduct,Yes,Annual
JC8685,Cyber Security Awareness,Yes,Annual
JC8685,AML & Sanctions Awareness,Yes,Annual
JC3991,Code of Conduct,Yes,Annual
JC3991,Cyber Security Awareness,Yes,Annual
JC3991,AML & Sanctions Awareness,Yes,Annual
JC8038,Code of Conduct,Yes,Annual
JC8038,Cyber Security Awareness,Yes,Annual
JC8038,AML & Sanctions Awareness,Yes,Annual
JC6686,Code of Conduct,Yes,Annual
JC6686,Cyber Security Awareness,Yes,Annual
JC6686,AML & Sanctions Awareness,Yes,Annual
JC6686,Code of Conduct,Yes,Annual
JC8893,Code of Conduct,Yes,Annual
JC8893,Cyber Security Awareness,Yes,Annual
JC8893,AML & Sanctions Awareness,Yes,Annual
JC3481,Code of Conduct,Yes,Annual
JC3481,Cyber Security Awareness,Yes,Annual
JC3481,AML & Sanctions Awareness,Yes,Annual
JC4999,Code of Conduct,Yes,Annual
JC4999,Cyber Security Awareness,Yes,Annual
JC4999,AML & Sanctions Awareness,Yes,Annual
JC4999,Cyber Security Awareness,Yes,Annual
JC3052,Code of Conduct,Yes,Annual
JC3052,Cyber Security Awareness,Yes,Annual
JC3052,AML & Sanctions Awareness,Yes,Annual
JC3511,Code of Conduct,Yes,Annual
JC3511,Cyber Security Awareness,Yes,Annual
JC3511,AML & Sanctions Awareness,Yes,Annual
JC2079,Code of Conduct,Yes,Annual
JC2079,Cyber Security Awareness,Yes,Annual
JC2079,AML & Sanctions Awareness,Yes,Annual
JC6821,Code of Conduct,Yes,Annual
JC6821,Cyber Security Awareness,Yes,Annual
JC6821,AML & Sanctions Awareness,Yes,Annual
JC6821,Leading Teams,Yes,Once
JC6821,Cyber Security Awareness,Yes,Annual
JC5115,Code of Conduct,Yes,Annual
JC5115,Cyber Security Awareness,Yes,Annual
JC5115,AML & Sanctions Awareness,Yes,Annual
JC5115,Code of Conduct,Yes,Annual
JC4175,Code of Conduct,Yes,Annual
JC4175,Cyber Security Awareness,Yes,Annual
JC4175,AML & Sanctions Awareness,Yes,Annual
JC5017,Code of Conduct,Yes,Annual
JC5017,Cyber Security Awareness,Yes,Annual
JC5017,AML & Sanctions Awareness,Yes,Annual
JC7724,Code of Conduct,Yes,Annual
JC7724,Cyber Security Awareness,Yes,Annual
JC7724,AML & Sanctions Awareness,Yes,Annual
JC8449,Code of Conduct,Yes,Annual
JC8449,Cyber Security Awareness,Yes,Annual
JC8449,AML & Sanctions Awareness,Yes,Annual
JC7411,Code of Conduct,Yes,Annual
JC7411,Cyber Security Awareness,Yes,Annual
JC7411,AML & Sanctions Awareness,Yes,Annual
JC6565,Code of Conduct,Yes,Annual
JC6565,Cyber Security Awareness,Yes,Annual
JC6565,AML & Sanctions Awareness,Yes,Annual
JC6565,AML & Sanctions Awareness,Yes,Annual
JC8984,Code of Conduct,Yes,Annual
JC8984,Cyber Security Awareness,Yes,Annual
JC8984,AML & Sanctions Awareness,Yes,Annual
JC6954,Code of Conduct,Yes,Annual
JC6954,Cyber Security Awareness,Yes,Annual
JC6954,AML & Sanctions Awareness,Yes,Annual
JC6954,Anti-Fraud Fundamentals,Yes,Annual
JC1437,Code of Conduct,Yes,Annual
JC1437,Cyber Security Awareness,Yes,Annual
JC1437,AML & Sanctions Awareness,Yes,Annual
JC6139,Code of Conduct,Yes,Annual
JC6139,Cyber Security Awareness,Yes,Annual
JC6139,AML & Sanctions Awareness,Yes,Annual
JC8751,Code of Conduct,Yes,Annual
JC8751,Cyber Security Awareness,Yes,Annual
JC8751,AML & Sanctions Awareness,Yes,Annual
JC8751,Code of Conduct,Yes,Annual
JC7333,Code of Conduct,Yes,Annual
JC7333,Cyber Security Awareness,Yes,Annual
JC7333,AML & Sanctions Awareness,Yes,Annual
JC1057,Code of Conduct,Yes,Annual
JC1057,Cyber Security Awareness,Yes,Annual
JC1057,AML & Sanctions Awareness,Yes,Annual
JC9199,Code of Conduct,Yes,Annual
JC9199,Cyber Security Awareness,Yes,Annual
JC9199,AML & Sanctions Awareness,Yes,Annual
JC7020,Code of Conduct,Yes,Annual
JC7020,Cyber Security Awareness,Yes,Annual
JC7020,AML & Sanctions Awareness,Yes,Annual
JC7020,AML & Sanctions Awareness,Yes,Annual
JC6845,Code of Conduct,Yes,Annual
JC6845,Cyber Security Awareness,Yes,Annual
JC6845,AML & Sanctions Awareness,Yes,Annual
JC6845,Cyber Security Awareness,Yes,Annual
JC9905,Code of Conduct,Yes,Annual
JC9905,Cyber Security Awareness,Yes,Annual
JC9905,AML & Sanctions Awareness,Yes,Annual
JC3711,Code of Conduct,Yes,Annual
JC3711,Cyber Security Awareness,Yes,Annual
JC3711,AML & Sanctions Awareness,Yes,Annual
JC5981,Code of Conduct,Yes,Annual
JC5981,Cyber Security Awareness,Yes,Annual
JC5981,AML & Sanctions Awareness,Yes,Annual
JC5981,Code of Conduct,Yes,Annual
JC7241,Code of Conduct,Yes,Annual
JC7241,Cyber Security Awareness,Yes,Annual
JC7241,AML & Sanctions Awareness,Yes,Annual
JC7241,Leading Teams,Yes,Once
JC2915,Code of Conduct,Yes,Annual
JC2915,Cyber Security Awareness,Yes,Annual
JC2915,AML & Sanctions Awareness,Yes,Annual
JC2915,Leading Teams,Yes,Once
JC2915,SAMA Consumer Protection,Yes,Annual
JC8937,Code of Conduct,Yes,Annual
JC8937,Cyber Security Awareness,Yes,Annual
JC8937,AML & Sanctions Awareness,Yes,Annual
JC7152,Code of Conduct,Yes,Annual
JC7152,Cyber Security Awareness,Yes,Annual
JC7152,AML & Sanctions Awareness,Yes,Annual
JC3628,Code of Conduct,Yes,Annual
JC3628,Cyber Security Awareness,Yes,Annual
JC3628,AML & Sanctions Awareness,Yes,Annual
JC3628,Data Privacy,Yes,Annual
JC2977,Code of Conduct,Yes,Annual
JC2977,Cyber Security Awareness,Yes,Annual
JC2977,AML & Sanctions Awareness,Yes,Annual
JC8115,Code of Conduct,Yes,Annual
JC8115,Cyber Security Awareness,Yes,Annual
JC8115,AML & Sanctions Awareness,Yes,Annual
JC8115,Code of Conduct,Yes,Annual
JC1032,Code of Conduct,Yes,Annual
JC1032,Cyber Security Awareness,Yes,Annual
JC1032,AML & Sanctions Awareness,Yes,Annual
JC7512,Code of Conduct,Yes,Annual
JC7512,Cyber Security Awareness,Yes,Annual
JC7512,AML & Sanctions Awareness,Yes,Annual
JC7512,Anti-Fraud Fundamentals,Yes,Annual
JC1954,Code of Conduct,Yes,Annual
JC1954,Cyber Security Awareness,Yes,Annual
JC1954,AML & Sanctions Awareness,Yes,Annual
JC9708,Code of Conduct,Yes,Annual
JC9708,Cyber Security Awareness,Yes,Annual
JC9708,AML & Sanctions Awareness,Yes,Annual
JC9708,Operational Risk Management,Yes,Every 2 years
JC8805,Code of Conduct,Yes,Annual
JC8805,Cyber Security Awareness,Yes,Annual
JC8805,AML & Sanctions Awareness,Yes,Annual
JC8805,Operational Risk Management,Yes,Every 2 years
JC7520,Code of Conduct,Yes,Annual
JC7520,Cyber Security Awareness,Yes,Annual
JC7520,AML & Sanctions Awareness,Yes,Annual
JC7288,Code of Conduct,Yes,Annual
JC7288,Cyber Security Awareness,Yes,Annual
JC7288,AML & Sanctions Awareness,Yes,Annual
JC3357,Code of Conduct,Yes,Annual
JC3357,Cyber Security Awareness,Yes,Annual
JC3357,AML & Sanctions Awareness,Yes,Annual
JC7868,Code of Conduct,Yes,Annual
JC7868,Cyber Security Awareness,Yes,Annual
JC7868,AML & Sanctions Awareness,Yes,Annual
JC7868,Leading Teams,Yes,Once
JC3807,Code of Conduct,Yes,Annual
JC3807,Cyber Security Awareness,Yes,Annual
JC3807,AML & Sanctions Awareness,Yes,Annual
JC7044,Code of Conduct,Yes,Annual
JC7044,Cyber Security Awareness,Yes,Annual
JC7044,AML & Sanctions Awareness,Yes,Annual
JC7044,IFRS 9 Update,Yes,Annual
JC5100,Code of Conduct,Yes,Annual
JC5100,Cyber Security Awareness,Yes,Annual
JC5100,AML & Sanctions Awareness,Yes,Annual
JC2917,Code of Conduct,Yes,Annual
JC2917,Cyber Security Awareness,Yes,Annual
JC2917,AML & Sanctions Awareness,Yes,Annual
JC2917,Credit Risk Essentials,Yes,Every 2 years
JC4431,Code of Conduct,Yes,Annual
JC4431,Cyber Security Awareness,Yes,Annual
JC4431,AML & Sanctions Awareness,Yes,Annual
JC6793,Code of Conduct,Yes,Annual
JC6793,Cyber Security Awareness,Yes,Annual
JC6793,AML & Sanctions Awareness,Yes,Annual
JC6793,Leading Teams,Yes,Once
JC3560,Code of Conduct,Yes,Annual
JC3560,Cyber Security Awareness,Yes,Annual
JC3560,AML & Sanctions Awareness,Yes,Annual
JC3560,AML & Sanctions Awareness,Yes,Annual
JC2513,Code of Conduct,Yes,Annual
JC2513,Cyber Security Awareness,Yes,Annual
JC2513,AML & Sanctions Awareness,Yes,Annual
JC2513,Cyber Security Awareness,Yes,Annual
JC2136,Code of Conduct,Yes,Annual
JC2136,Cyber Security Awareness,Yes,Annual
JC2136,AML & Sanctions Awareness,Yes,Annual
JC1048,Code of Conduct,Yes,Annual
JC1048,Cyber Security Awareness,Yes,Annual
JC1048,AML & Sanctions Awareness,Yes,Annual
JC1048,Leading Teams,Yes,Once
JC4788,Code of Conduct,Yes,Annual
JC4788,Cyber Security Awareness,Yes,Annual
JC4788,AML & Sanctions Awareness,Yes,Annual
JC4788,Anti-Fraud Fundamentals,Yes,Annual
JC3524,Code of Conduct,Yes,Annual
JC3524,Cyber Security Awareness,Yes,Annual
JC3524,AML & Sanctions Awareness,Yes,Annual
JC6512,Code of Conduct,Yes,Annual
JC6512,Cyber Security Awareness,Yes,Annual
JC6512,AML & Sanctions Awareness,Yes,Annual
JC6512,IFRS 9 Update,Yes,Annual
JC5680,Code of Conduct,Yes,Annual
JC5680,Cyber Security Awareness,Yes,Annual
JC5680,AML & Sanctions Awareness,Yes,Annual
JC5680,Operational Risk Management,Yes,Every 2 years
JC5783,Code of Conduct,Yes,Annual
JC5783,Cyber Security Awareness,Yes,Annual
JC5783,AML & Sanctions Awareness,Yes,Annual
JC4893,Code of Conduct,Yes,Annual
JC4893,Cyber Security Awareness,Yes,Annual
JC4893,AML & Sanctions Awareness,Yes,Annual
JC4893,Leading Teams,Yes,Once
JC4893,IFRS 9 Update,Yes,Annual
JC6632,Code of Conduct,Yes,Annual
JC6632,Cyber Security Awareness,Yes,Annual
JC6632,AML & Sanctions Awareness,Yes,Annual
JC6632,Leading Teams,Yes,Once
JC9798,Code of Conduct,Yes,Annual
JC9798,Cyber Security Awareness,Yes,Annual
JC9798,AML & Sanctions Awareness,Yes,Annual
JC2326,Code of Conduct,Yes,Annual
JC2326,Cyber Security Awareness,Yes,Annual
JC2326,AML & Sanctions Awareness,Yes,Annual
JC5479,Code of Conduct,Yes,Annual
JC5479,Cyber Security Awareness,Yes,Annual
JC5479,AML & Sanctions Awareness,Yes,Annual
JC6117,Code of Conduct,Yes,Annual
JC6117,Cyber Security Awareness,Yes,Annual
JC6117,AML & Sanctions Awareness,Yes,Annual
JC9344,Code of Conduct,Yes,Annual
JC9344,Cyber Security Awareness,Yes,Annual
JC9344,AML & Sanctions Awareness,Yes,Annual
JC1965,Code of Conduct,Yes,Annual
JC1965,Cyber Security Awareness,Yes,Annual
JC1965,AML & Sanctions Awareness,Yes,Annual
JC7637,Code of Conduct,Yes,Annual
JC7637,Cyber Security Awareness,Yes,Annual
JC7637,AML & Sanctions Awareness,Yes,Annual
JC6024,Code of Conduct,Yes,Annual
JC6024,Cyber Security Awareness,Yes,Annual
JC6024,AML & Sanctions Awareness,Yes,Annual
JC6995,Code of Conduct,Yes,Annual
JC6995,Cyber Security Awareness,Yes,Annual
JC6995,AML & Sanctions Awareness,Yes,Annual
JC5501,Code of Conduct,Yes,Annual
JC5501,Cyber Security Awareness,Yes,Annual
JC5501,AML & Sanctions Awareness,Yes,Annual
JC1233,Code of Conduct,Yes,Annual
JC1233,Cyber Security Awareness,Yes,Annual
JC1233,AML & Sanctions Awareness,Yes,Annual
JC6089,Code of Conduct,Yes,Annual
JC6089,Cyber Security Awareness,Yes,Annual
JC6089,AML & Sanctions Awareness,Yes,Annual
JC6089,Leading Teams,Yes,Once
JC7304,Code of Conduct,Yes,Annual
JC7304,Cyber Security Awareness,Yes,Annual
JC7304,AML & Sanctions Awareness,Yes,Annual
JC6859,Code of Conduct,Yes,Annual
JC6859,Cyber Security Awareness,Yes,Annual
JC6859,AML & Sanctions Awareness,Yes,Annual
JC6859,Leading Teams,Yes,Once
JC6859,IFRS 9 Update,Yes,Annual
JC8312,Code of Conduct,Yes,Annual
JC8312,Cyber Security Awareness,Yes,Annual
JC8312,AML & Sanctions Awareness,Yes,Annual
JC2403,Code of Conduct,Yes,Annual
JC2403,Cyber Security Awareness,Yes,Annual
JC2403,AML & Sanctions Awareness,Yes,Annual
JC2403,Credit Risk Essentials,Yes,Every 2 years
JC9089,Code of Conduct,Yes,Annual
JC9089,Cyber Security Awareness,Yes,Annual
JC9089,AML & Sanctions Awareness,Yes,Annual
JC9089,Code of Conduct,Yes,Annual
JC5007,Code of Conduct,Yes,Annual
JC5007,Cyber Security Awareness,Yes,Annual
JC5007,AML & Sanctions Awareness,Yes,Annual
JC1759,Code of Conduct,Yes,Annual
JC1759,Cyber Security Awareness,Yes,Annual
JC1759,AML & Sanctions Awareness,Yes,Annual
JC1759,Code of Conduct,Yes,Annual
JC7155,Code of Conduct,Yes,Annual
JC7155,Cyber Security Awareness,Yes,Annual
JC7155,AML & Sanctions Awareness,Yes,Annual
JC7155,Anti-Fraud Fundamentals,Yes,Annual
JC7385,Code of Conduct,Yes,Annual
JC7385,Cyber Security Awareness,Yes,Annual
JC7385,AML & Sanctions Awareness,Yes,Annual
JC7385,Anti-Fraud Fundamentals,Yes,Annual
JC3247,Code of Conduct,Yes,Annual
JC3247,Cyber Security Awareness,Yes,Annual
JC3247,AML & Sanctions Awareness,Yes,Annual
JC3247,Operational Risk Management,Yes,Every 2 years
JC5484,Code of Conduct,Yes,Annual
JC5484,Cyber Security Awareness,Yes,Annual
JC5484,AML & Sanctions Awareness,Yes,Annual
JC8562,Code of Conduct,Yes,Annual
JC8562,Cyber Security Awareness,Yes,Annual
JC8562,AML & Sanctions Awareness,Yes,Annual
JC2299,Code of Conduct,Yes,Annual
JC2299,Cyber Security Awareness,Yes,Annual
JC2299,AML & Sanctions Awareness,Yes,Annual
JC5251,Code of Conduct,Yes,Annual
JC5251,Cyber Security Awareness,Yes,Annual
JC5251,AML & Sanctions Awareness,Yes,Annual
JC5587,Code of Conduct,Yes,Annual
JC5587,Cyber Security Awareness,Yes,Annual
JC5587,AML & Sanctions Awareness,Yes,Annual
JC1650,Code of Conduct,Yes,Annual
JC1650,Cyber Security Awareness,Yes,Annual
JC1650,AML & Sanctions Awareness,Yes,Annual
JC1650,AML & Sanctions Awareness,Yes,Annual
JC5048,Code of Conduct,Yes,Annual
JC5048,Cyber Security Awareness,Yes,Annual
JC5048,AML & Sanctions Awareness,Yes,Annual
JC6115,Code of Conduct,Yes,Annual
JC6115,Cyber Security Awareness,Yes,Annual
JC6115,AML & Sanctions Awareness,Yes,Annual
JC6115,Cyber Security Awareness,Yes,Annual
JC3934,Code of Conduct,Yes,Annual
JC3934,Cyber Security Awareness,Yes,Annual
JC3934,AML & Sanctions Awareness,Yes,Annual
JC5906,Code of Conduct,Yes,Annual
JC5906,Cyber Security Awareness,Yes,Annual
JC5906,AML & Sanctions Awareness,Yes,Annual
JC5906,Leading Teams,Yes,Once
JC2424,Code of Conduct,Yes,Annual
JC2424,Cyber Security Awareness,Yes,Annual
JC2424,AML & Sanctions Awareness,Yes,Annual
JC2424,Cyber Security Awareness,Yes,Annual
JC2483,Code of Conduct,Yes,Annual
JC2483,Cyber Security Awareness,Yes,Annual
JC2483,AML & Sanctions Awareness,Yes,Annual
JC2483,Leading Teams,Yes,Once
JC5786,Code of Conduct,Yes,Annual
JC5786,Cyber Security Awareness,Yes,Annual
JC5786,AML & Sanctions Awareness,Yes,Annual
JC5786,Leading Teams,Yes,Once
JC9833,Code of Conduct,Yes,Annual
JC9833,Cyber Security Awareness,Yes,Annual
JC9833,AML & Sanctions Awareness,Yes,Annual
JC9833,Leading Teams,Yes,Once
JC5718,Code of Conduct,Yes,Annual
JC5718,Cyber Security Awareness,Yes,Annual
JC5718,AML & Sanctions Awareness,Yes,Annual
JC5332,Code of Conduct,Yes,Annual
JC5332,Cyber Security Awareness,Yes,Annual
JC5332,AML & Sanctions Awareness,Yes,Annual
JC5332,Credit Risk Essentials,Yes,Every 2 years
JC3883,Code of Conduct,Yes,Annual
JC3883,Cyber Security Awareness,Yes,Annual
JC3883,AML & Sanctions Awareness,Yes,Annual
JC8858,Code of Conduct,Yes,Annual
JC8858,Cyber Security Awareness,Yes,Annual
JC8858,AML & Sanctions Awareness,Yes,Annual
JC7515,Code of Conduct,Yes,Annual
JC7515,Cyber Security Awareness,Yes,Annual
JC7515,AML & Sanctions Awareness,Yes,Annual
JC2379,Code of Conduct,Yes,Annual
JC2379,Cyber Security Awareness,Yes,Annual
JC2379,AML & Sanctions Awareness,Yes,Annual
JC5067,Code of Conduct,Yes,Annual
JC5067,Cyber Security Awareness,Yes,Annual
JC5067,AML & Sanctions Awareness,Yes,Annual
JC5236,Code of Conduct,Yes,Annual
JC5236,Cyber Security Awareness,Yes,Annual
JC5236,AML & Sanctions Awareness,Yes,Annual
JC5236,Code of Conduct,Yes,Annual
JC3409,Code of Conduct,Yes,Annual
JC3409,Cyber Security Awareness,Yes,Annual
JC3409,AML & Sanctions Awareness,Yes,Annual
JC3409,IFRS 9 Update,Yes,Annual
JC8030,Code of Conduct,Yes,Annual
JC8030,Cyber Security Awareness,Yes,Annual
JC8030,AML & Sanctions Awareness,Yes,Annual
JC2105,Code of Conduct,Yes,Annual
JC2105,Cyber Security Awareness,Yes,Annual
JC2105,AML & Sanctions Awareness,Yes,Annual
JC2105,Anti-Fraud Fundamentals,Yes,Annual
JC7734,Code of Conduct,Yes,Annual
JC7734,Cyber Security Awareness,Yes,Annual
JC7734,AML & Sanctions Awareness,Yes,Annual
JC8033,Code of Conduct,Yes,Annual
JC8033,Cyber Security Awareness,Yes,Annual
JC8033,AML & Sanctions Awareness,Yes,Annual
JC8350,Code of Conduct,Yes,Annual
JC8350,Cyber Security Awareness,Yes,Annual
JC8350,AML & Sanctions Awareness,Yes,Annual
JC8350,Leading Teams,Yes,Once
JC2231,Code of Conduct,Yes,Annual
JC2231,Cyber Security Awareness,Yes,Annual
JC2231,AML & Sanctions Awareness,Yes,Annual
JC3310,Code of Conduct,Yes,Annual
JC3310,Cyber Security Awareness,Yes,Annual
JC3310,AML & Sanctions Awareness,Yes,Annual
JC1762,Code of Conduct,Yes,Annual
JC1762,Cyber Security Awareness,Yes,Annual
JC1762,AML & Sanctions Awareness,Yes,Annual
JC1762,Code of Conduct,Yes,Annual
JC7372,Code of Conduct,Yes,Annual
JC7372,Cyber Security Awareness,Yes,Annual
JC7372,AML & Sanctions Awareness,Yes,Annual
JC7372,Code of Conduct,Yes,Annual
JC3548,Code of Conduct,Yes,Annual
JC3548,Cyber Security Awareness,Yes,Annual
JC3548,AML & Sanctions Awareness,Yes,Annual
JC3548,IFRS 9 Update,Yes,Annual
JC5423,Code of Conduct,Yes,Annual
JC5423,Cyber Security Awareness,Yes,Annual
JC5423,AML & Sanctions Awareness,Yes,Annual
JC1857,Code of Conduct,Yes,Annual
JC1857,Cyber Security Awareness,Yes,Annual
JC1857,AML & Sanctions Awareness,Yes,Annual
JC6396,Code of Conduct,Yes,Annual
JC6396,Cyber Security Awareness,Yes,Annual
JC6396,AML & Sanctions Awareness,Yes,Annual
JC6396,AML & Sanctions Awareness,Yes,Annual
JC3613,Code of Conduct,Yes,Annual
JC3613,Cyber Security Awareness,Yes,Annual
JC3613,AML & Sanctions Awareness,Yes,Annual
JC8080,Code of Conduct,Yes,Annual
JC8080,Cyber Security Awareness,Yes,Annual
JC8080,AML & Sanctions Awareness,Yes,Annual
JC1688,Code of Conduct,Yes,Annual
JC1688,Cyber Security Awareness,Yes,Annual
JC1688,AML & Sanctions Awareness,Yes,Annual
JC1803,Code of Conduct,Yes,Annual
JC1803,Cyber Security Awareness,Yes,Annual
JC1803,AML & Sanctions Awareness,Yes,Annual
JC8806,Code of Conduct,Yes,Annual
JC8806,Cyber Security Awareness,Yes,Annual
JC8806,AML & Sanctions Awareness,Yes,Annual
JC8806,Leading Teams,Yes,Once
JC9032,Code of Conduct,Yes,Annual
JC9032,Cyber Security Awareness,Yes,Annual
JC9032,AML & Sanctions Awareness,Yes,Annual
JC4453,Code of Conduct,Yes,Annual
JC4453,Cyber Security Awareness,Yes,Annual
JC4453,AML & Sanctions Awareness,Yes,Annual
JC4453,Code of Conduct,Yes,Annual
JC5225,Code of Conduct,Yes,Annual
JC5225,Cyber Security Awareness,Yes,Annual
JC5225,AML & Sanctions Awareness,Yes,Annual
JC5225,Operational Risk Management,Yes,Every 2 years
JC2300,Code of Conduct,Yes,Annual
JC2300,Cyber Security Awareness,Yes,Annual
JC2300,AML & Sanctions Awareness,Yes,Annual
JC3283,Code of Conduct,Yes,Annual
JC3283,Cyber Security Awareness,Yes,Annual
JC3283,AML & Sanctions Awareness,Yes,Annual
JC3283,Leading Teams,Yes,Once
JC6942,Code of Conduct,Yes,Annual
JC6942,Cyber Security Awareness,Yes,Annual
JC6942,AML & Sanctions Awareness,Yes,Annual
JC6942,Leading Teams,Yes,Once
JC6884,Code of Conduct,Yes,Annual
JC6884,Cyber Security Awareness,Yes,Annual
JC6884,AML & Sanctions Awareness,Yes,Annual
JC4157,Code of Conduct,Yes,Annual
JC4157,Cyber Security Awareness,Yes,Annual
JC4157,AML & Sanctions Awareness,Yes,Annual
JC7344,Code of Conduct,Yes,Annual
JC7344,Cyber Security Awareness,Yes,Annual
JC7344,AML & Sanctions Awareness,Yes,Annual
JC8754,Code of Conduct,Yes,Annual
JC8754,Cyber Security Awareness,Yes,Annual
JC8754,AML & Sanctions Awareness,Yes,Annual
JC9307,Code of Conduct,Yes,Annual
JC9307,Cyber Security Awareness,Yes,Annual
JC9307,AML & Sanctions Awareness,Yes,Annual
JC4874,Code of Conduct,Yes,Annual
JC4874,Cyber Security Awareness,Yes,Annual
JC4874,AML & Sanctions Awareness,Yes,Annual
JC4874,Anti-Fraud Fundamentals,Yes,Annual
JC7329,Code of Conduct,Yes,Annual
JC7329,Cyber Security Awareness,Yes,Annual
JC7329,AML & Sanctions Awareness,Yes,Annual
JC7329,SAMA Consumer Protection,Yes,Annual
JC1601,Code of Conduct,Yes,Annual
JC1601,Cyber Security Awareness,Yes,Annual
JC1601,AML & Sanctions Awareness,Yes,Annual
JC9884,Code of Conduct,Yes,Annual
JC9884,Cyber Security Awareness,Yes,Annual
JC9884,AML & Sanctions Awareness,Yes,Annual
JC3399,Code of Conduct,Yes,Annual
JC3399,Cyber Security Awareness,Yes,Annual
JC3399,AML & Sanctions Awareness,Yes,Annual
JC8891,Code of Conduct,Yes,Annual
JC8891,Cyber Security Awareness,Yes,Annual
JC8891,AML & Sanctions Awareness,Yes,Annual
JC2862,Code of Conduct,Yes,Annual
JC2862,Cyber Security Awareness,Yes,Annual
JC2862,AML & Sanctions Awareness,Yes,Annual
JC2862,Data Privacy,Yes,Annual
JC9748,Code of Conduct,Yes,Annual
JC9748,Cyber Security Awareness,Yes,Annual
JC9748,AML & Sanctions Awareness,Yes,Annual
JC9748,IFRS 9 Update,Yes,Annual
JC6675,Code of Conduct,Yes,Annual
JC6675,Cyber Security Awareness,Yes,Annual
JC6675,AML & Sanctions Awareness,Yes,Annual
JC1609,Code of Conduct,Yes,Annual
JC1609,Cyber Security Awareness,Yes,Annual
JC1609,AML & Sanctions Awareness,Yes,Annual
JC9251,Code of Conduct,Yes,Annual
JC9251,Cyber Security Awareness,Yes,Annual
JC9251,AML & Sanctions Awareness,Yes,Annual
JC9251,IFRS 9 Update,Yes,Annual
JC5243,Code of Conduct,Yes,Annual
JC5243,Cyber Security Awareness,Yes,Annual
JC5243,AML & Sanctions Awareness,Yes,Annual
JC5243,Leading Teams,Yes,Once
JC6619,Code of Conduct,Yes,Annual
JC6619,Cyber Security Awareness,Yes,Annual
JC6619,AML & Sanctions Awareness,Yes,Annual
JC2484,Code of Conduct,Yes,Annual
JC2484,Cyber Security Awareness,Yes,Annual
JC2484,AML & Sanctions Awareness,Yes,Annual
JC2484,Data Privacy,Yes,Annual
JC4746,Code of Conduct,Yes,Annual
JC4746,Cyber Security Awareness,Yes,Annual
JC4746,AML & Sanctions Awareness,Yes,Annual
JC4746,Code of Conduct,Yes,Annual
JC7610,Code of Conduct,Yes,Annual
JC7610,Cyber Security Awareness,Yes,Annual
JC7610,AML & Sanctions Awareness,Yes,Annual
JC7277,Code of Conduct,Yes,Annual
JC7277,Cyber Security Awareness,Yes,Annual
JC7277,AML & Sanctions Awareness,Yes,Annual
JC7222,Code of Conduct,Yes,Annual
JC7222,Cyber Security Awareness,Yes,Annual
JC7222,AML & Sanctions Awareness,Yes,Annual
JC2844,Code of Conduct,Yes,Annual
JC2844,Cyber Security Awareness,Yes,Annual
JC2844,AML & Sanctions Awareness,Yes,Annual
JC4967,Code of Conduct,Yes,Annual
JC4967,Cyber Security Awareness,Yes,Annual
JC4967,AML & Sanctions Awareness,Yes,Annual
JC4967,Anti-Fraud Fundamentals,Yes,Annual
JC1033,Code of Conduct,Yes,Annual
JC1033,Cyber Security Awareness,Yes,Annual
JC1033,AML & Sanctions Awareness,Yes,Annual
JC7663,Code of Conduct,Yes,Annual
JC7663,Cyber Security Awareness,Yes,Annual
JC7663,AML & Sanctions Awareness,Yes,Annual
JC8917,Code of Conduct,Yes,Annual
JC8917,Cyber Security Awareness,Yes,Annual
JC8917,AML & Sanctions Awareness,Yes,Annual
JC8180,Code of Conduct,Yes,Annual
JC8180,Cyber Security Awareness,Yes,Annual
JC8180,AML & Sanctions Awareness,Yes,Annual
JC8180,IFRS 9 Update,Yes,Annual
JC7676,Code of Conduct,Yes,Annual
JC7676,Cyber Security Awareness,Yes,Annual
JC7676,AML & Sanctions Awareness,Yes,Annual
JC1801,Code of Conduct,Yes,Annual
JC1801,Cyber Security Awareness,Yes,Annual
JC1801,AML & Sanctions Awareness,Yes,Annual
JC1801,Leading Teams,Yes,Once
JC1801,Anti-Fraud Fundamentals,Yes,Annual
JC9283,Code of Conduct,Yes,Annual
JC9283,Cyber Security Awareness,Yes,Annual
JC9283,AML & Sanctions Awareness,Yes,Annual
JC9283,Leading Teams,Yes,Once
JC2387,Code of Conduct,Yes,Annual
JC2387,Cyber Security Awareness,Yes,Annual
JC2387,AML & Sanctions Awareness,Yes,Annual
JC2387,IFRS 9 Update,Yes,Annual
JC7059,Code of Conduct,Yes,Annual
JC7059,Cyber Security Awareness,Yes,Annual
JC7059,AML & Sanctions Awareness,Yes,Annual
JC5563,Code of Conduct,Yes,Annual
JC5563,Cyber Security Awareness,Yes,Annual
JC5563,AML & Sanctions Awareness,Yes,Annual
JC4382,Code of Conduct,Yes,Annual
JC4382,Cyber Security Awareness,Yes,Annual
JC4382,AML & Sanctions Awareness,Yes,Annual
JC4382,Credit Risk Essentials,Yes,Every 2 years
JC4305,Code of Conduct,Yes,Annual
JC4305,Cyber Security Awareness,Yes,Annual
JC4305,AML & Sanctions Awareness,Yes,Annual
JC4305,Code of Conduct,Yes,Annual
JC1416,Code of Conduct,Yes,Annual
JC1416,Cyber Security Awareness,Yes,Annual
JC1416,AML & Sanctions Awareness,Yes,Annual
JC2839,Code of Conduct,Yes,Annual
JC2839,Cyber Security Awareness,Yes,Annual
JC2839,AML & Sanctions Awareness,Yes,Annual
JC6580,Code of Conduct,Yes,Annual
JC6580,Cyber Security Awareness,Yes,Annual
JC6580,AML & Sanctions Awareness,Yes,Annual
JC6580,IFRS 9 Update,Yes,Annual
JC2022,Code of Conduct,Yes,Annual
JC2022,Cyber Security Awareness,Yes,Annual
JC2022,AML & Sanctions Awareness,Yes,Annual
JC2022,Cyber Security Awareness,Yes,Annual
JC4630,Code of Conduct,Yes,Annual
JC4630,Cyber Security Awareness,Yes,Annual
JC4630,AML & Sanctions Awareness,Yes,Annual
JC4630,IFRS 9 Update,Yes,Annual
JC1983,Code of Conduct,Yes,Annual
JC1983,Cyber Security Awareness,Yes,Annual
JC1983,AML & Sanctions Awareness,Yes,Annual
JC6513,Code of Conduct,Yes,Annual
JC6513,Cyber Security Awareness,Yes,Annual
JC6513,AML & Sanctions Awareness,Yes,Annual
JC6513,AML & Sanctions Awareness,Yes,Annual
JC9768,Code of Conduct,Yes,Annual
JC9768,Cyber Security Awareness,Yes,Annual
JC9768,AML & Sanctions Awareness,Yes,Annual
JC8222,Code of Conduct,Yes,Annual
JC8222,Cyber Security Awareness,Yes,Annual
JC8222,AML & Sanctions Awareness,Yes,Annual
JC5763,Code of Conduct,Yes,Annual
JC5763,Cyber Security Awareness,Yes,Annual
JC5763,AML & Sanctions Awareness,Yes,Annual
JC5763,Leading Teams,Yes,Once
JC6900,Code of Conduct,Yes,Annual
JC6900,Cyber Security Awareness,Yes,Annual
JC6900,AML & Sanctions Awareness,Yes,Annual
JC5882,Code of Conduct,Yes,Annual
JC5882,Cyber Security Awareness,Yes,Annual
JC5882,AML & Sanctions Awareness,Yes,Annual
JC4669,Code of Conduct,Yes,Annual
JC4669,Cyber Security Awareness,Yes,Annual
JC4669,AML & Sanctions Awareness,Yes,Annual
JC2847,Code of Conduct,Yes,Annual
JC2847,Cyber Security Awareness,Yes,Annual
JC2847,AML & Sanctions Awareness,Yes,Annual
JC8679,Code of Conduct,Yes,Annual
JC8679,Cyber Security Awareness,Yes,Annual
JC8679,AML & Sanctions Awareness,Yes,Annual
JC8679,Credit Risk Essentials,Yes,Every 2 years
JC8991,Code of Conduct,Yes,Annual
JC8991,Cyber Security Awareness,Yes,Annual
JC8991,AML & Sanctions Awareness,Yes,Annual
JC3039,Code of Conduct,Yes,Annual
JC3039,Cyber Security Awareness,Yes,Annual
JC3039,AML & Sanctions Awareness,Yes,Annual
JC3039,Code of Conduct,Yes,Annual
JC8928,Code of Conduct,Yes,Annual
JC8928,Cyber Security Awareness,Yes,Annual
JC8928,AML & Sanctions Awareness,Yes,Annual
JC9459,Code of Conduct,Yes,Annual
JC9459,Cyber Security Awareness,Yes,Annual
JC9459,AML & Sanctions Awareness,Yes,Annual
JC9459,Credit Risk Essentials,Yes,Every 2 years
JC2674,Code of Conduct,Yes,Annual
JC2674,Cyber Security Awareness,Yes,Annual
JC2674,AML & Sanctions Awareness,Yes,Annual
JC8786,Code of Conduct,Yes,Annual
JC8786,Cyber Security Awareness,Yes,Annual
JC8786,AML & Sanctions Awareness,Yes,Annual
JC9729,Code of Conduct,Yes,Annual
JC9729,Cyber Security Awareness,Yes,Annual
JC9729,AML & Sanctions Awareness,Yes,Annual
JC3202,Code of Conduct,Yes,Annual
JC3202,Cyber Security Awareness,Yes,Annual
JC3202,AML & Sanctions Awareness,Yes,Annual
JC6548,Code of Conduct,Yes,Annual
JC6548,Cyber Security Awareness,Yes,Annual
JC6548,AML & Sanctions Awareness,Yes,Annual
JC6508,Code of Conduct,Yes,Annual
JC6508,Cyber Security Awareness,Yes,Annual
JC6508,AML & Sanctions Awareness,Yes,Annual
JC6193,Code of Conduct,Yes,Annual
JC6193,Cyber Security Awareness,Yes,Annual
JC6193,AML & Sanctions Awareness,Yes,Annual
JC2161,Code of Conduct,Yes,Annual
JC2161,Cyber Security Awareness,Yes,Annual
JC2161,AML & Sanctions Awareness,Yes,Annual
JC9491,Code of Conduct,Yes,Annual
JC9491,Cyber Security Awareness,Yes,Annual
JC9491,AML & Sanctions Awareness,Yes,Annual
JC9491,Leading Teams,Yes,Once
JC4090,Code of Conduct,Yes,Annual
JC4090,Cyber Security Awareness,Yes,Annual
JC4090,AML & Sanctions Awareness,Yes,Annual
JC4090,Leading Teams,Yes,Once
JC4090,Operational Risk Management,Yes,Every 2 years
JC2898,Code of Conduct,Yes,Annual
JC2898,Cyber Security Awareness,Yes,Annual
JC2898,AML & Sanctions Awareness,Yes,Annual
JC2898,Leading Teams,Yes,Once
JC3918,Code of Conduct,Yes,Annual
JC3918,Cyber Security Awareness,Yes,Annual
JC3918,AML & Sanctions Awareness,Yes,Annual
JC3918,AML & Sanctions Awareness,Yes,Annual
JC3486,Code of Conduct,Yes,Annual
JC3486,Cyber Security Awareness,Yes,Annual
JC3486,AML & Sanctions Awareness,Yes,Annual
JC7742,Code of Conduct,Yes,Annual
JC7742,Cyber Security Awareness,Yes,Annual
JC7742,AML & Sanctions Awareness,Yes,Annual
JC9353,Code of Conduct,Yes,Annual
JC9353,Cyber Security Awareness,Yes,Annual
JC9353,AML & Sanctions Awareness,Yes,Annual
JC9353,Cyber Security Awareness,Yes,Annual
JC7234,Code of Conduct,Yes,Annual
JC7234,Cyber Security Awareness,Yes,Annual
JC7234,AML & Sanctions Awareness,Yes,Annual
JC6291,Code of Conduct,Yes,Annual
JC6291,Cyber Security Awareness,Yes,Annual
JC6291,AML & Sanctions Awareness,Yes,Annual
JC7892,Code of Conduct,Yes,Annual
JC7892,Cyber Security Awareness,Yes,Annual
JC7892,AML & Sanctions Awareness,Yes,Annual
JC5025,Code of Conduct,Yes,Annual
JC5025,Cyber Security Awareness,Yes,Annual
JC5025,AML & Sanctions Awareness,Yes,Annual
JC3714,Code of Conduct,Yes,Annual
JC3714,Cyber Security Awareness,Yes,Annual
JC3714,AML & Sanctions Awareness,Yes,Annual
JC6944,Code of Conduct,Yes,Annual
JC6944,Cyber Security Awareness,Yes,Annual
JC6944,AML & Sanctions Awareness,Yes,Annual
JC9456,Code of Conduct,Yes,Annual
JC9456,Cyber Security Awareness,Yes,Annual
JC9456,AML & Sanctions Awareness,Yes,Annual
JC9456,Leading Teams,Yes,Once
JC7004,Code of Conduct,Yes,Annual
JC7004,Cyber Security Awareness,Yes,Annual
JC7004,AML & Sanctions Awareness,Yes,Annual
JC3712,Code of Conduct,Yes,Annual
JC3712,Cyber Security Awareness,Yes,Annual
JC3712,AML & Sanctions Awareness,Yes,Annual
JC4500,Code of Conduct,Yes,Annual
JC4500,Cyber Security Awareness,Yes,Annual
JC4500,AML & Sanctions Awareness,Yes,Annual
JC1674,Code of Conduct,Yes,Annual
JC1674,Cyber Security Awareness,Yes,Annual
JC1674,AML & Sanctions Awareness,Yes,Annual
JC1337,Code of Conduct,Yes,Annual
JC1337,Cyber Security Awareness,Yes,Annual
JC1337,AML & Sanctions Awareness,Yes,Annual
JC3721,Code of Conduct,Yes,Annual
JC3721,Cyber Security Awareness,Yes,Annual
JC3721,AML & Sanctions Awareness,Yes,Annual
JC3721,Leading Teams,Yes,Once
JC1528,Code of Conduct,Yes,Annual
JC1528,Cyber Security Awareness,Yes,Annual
JC1528,AML & Sanctions Awareness,Yes,Annual
JC1528,Leading Teams,Yes,Once
JC5585,Code of Conduct,Yes,Annual
JC5585,Cyber Security Awareness,Yes,Annual
JC5585,AML & Sanctions Awareness,Yes,Annual
JC5585,Operational Risk Management,Yes,Every 2 years
JC1656,Code of Conduct,Yes,Annual
JC1656,Cyber Security Awareness,Yes,Annual
JC1656,AML & Sanctions Awareness,Yes,Annual
JC1656,Credit Risk Essentials,Yes,Every 2 years
JC5119,Code of Conduct,Yes,Annual
JC5119,Cyber Security Awareness,Yes,Annual
JC5119,AML & Sanctions Awareness,Yes,Annual
JC5119,AML & Sanctions Awareness,Yes,Annual
JC6762,Code of Conduct,Yes,Annual
JC6762,Cyber Security Awareness,Yes,Annual
JC6762,AML & Sanctions Awareness,Yes,Annual
JC6762,Credit Risk Essentials,Yes,Every 2 years
JC5237,Code of Conduct,Yes,Annual
JC5237,Cyber Security Awareness,Yes,Annual
JC5237,AML & Sanctions Awareness,Yes,Annual
JC3748,Code of Conduct,Yes,Annual
JC3748,Cyber Security Awareness,Yes,Annual
JC3748,AML & Sanctions Awareness,Yes,Annual
JC3748,AML & Sanctions Awareness,Yes,Annual
JC1406,Code of Conduct,Yes,Annual
JC1406,Cyber Security Awareness,Yes,Annual
JC1406,AML & Sanctions Awareness,Yes,Annual
JC5269,Code of Conduct,Yes,Annual
JC5269,Cyber Security Awareness,Yes,Annual
JC5269,AML & Sanctions Awareness,Yes,Annual
JC5269,Code of Conduct,Yes,Annual
JC1090,Code of Conduct,Yes,Annual
JC1090,Cyber Security Awareness,Yes,Annual
JC1090,AML & Sanctions Awareness,Yes,Annual
JC1268,Code of Conduct,Yes,Annual
JC1268,Cyber Security Awareness,Yes,Annual
JC1268,AML & Sanctions Awareness,Yes,Annual
JC3788,Code of Conduct,Yes,Annual
JC3788,Cyber Security Awareness,Yes,Annual
JC3788,AML & Sanctions Awareness,Yes,Annual
JC3686,Code of Conduct,Yes,Annual
JC3686,Cyber Security Awareness,Yes,Annual
JC3686,AML & Sanctions Awareness,Yes,Annual
JC4923,Code of Conduct,Yes,Annual
JC4923,Cyber Security Awareness,Yes,Annual
JC4923,AML & Sanctions Awareness,Yes,Annual
JC4137,Code of Conduct,Yes,Annual
JC4137,Cyber Security Awareness,Yes,Annual
JC4137,AML & Sanctions Awareness,Yes,Annual
JC4137,IFRS 9 Update,Yes,Annual
JC6274,Code of Conduct,Yes,Annual
JC6274,Cyber Security Awareness,Yes,Annual
JC6274,AML & Sanctions Awareness,Yes,Annual
JC8645,Code of Conduct,Yes,Annual
JC8645,Cyber Security Awareness,Yes,Annual
JC8645,AML & Sanctions Awareness,Yes,Annual
JC8447,Code of Conduct,Yes,Annual
JC8447,Cyber Security Awareness,Yes,Annual
JC8447,AML & Sanctions Awareness,Yes,Annual
JC8447,Leading Teams,Yes,Once
JC8447,IFRS 9 Update,Yes,Annual
JC5411,Code of Conduct,Yes,Annual
JC5411,Cyber Security Awareness,Yes,Annual
JC5411,AML & Sanctions Awareness,Yes,Annual
JC5411,Leading Teams,Yes,Once
JC5411,Credit Risk Essentials,Yes,Every 2 years
JC6599,Code of Conduct,Yes,Annual
JC6599,Cyber Security Awareness,Yes,Annual
JC6599,AML & Sanctions Awareness,Yes,Annual
JC6599,Anti-Fraud Fundamentals,Yes,Annual
JC6811,Code of Conduct,Yes,Annual
JC6811,Cyber Security Awareness,Yes,Annual
JC6811,AML & Sanctions Awareness,Yes,Annual
JC9341,Code of Conduct,Yes,Annual
JC9341,Cyber Security Awareness,Yes,Annual
JC9341,AML & Sanctions Awareness,Yes,Annual
JC2011,Code of Conduct,Yes,Annual
JC2011,Cyber Security Awareness,Yes,Annual
JC2011,AML & Sanctions Awareness,Yes,Annual
JC2317,Code of Conduct,Yes,Annual
JC2317,Cyber Security Awareness,Yes,Annual
JC2317,AML & Sanctions Awareness,Yes,Annual
JC4226,Code of Conduct,Yes,Annual
JC4226,Cyber Security Awareness,Yes,Annual
JC4226,AML & Sanctions Awareness,Yes,Annual
JC4226,Leading Teams,Yes,Once
JC5976,Code of Conduct,Yes,Annual
JC5976,Cyber Security Awareness,Yes,Annual
JC5976,AML & Sanctions Awareness,Yes,Annual
JC6889,Code of Conduct,Yes,Annual
JC6889,Cyber Security Awareness,Yes,Annual
JC6889,AML & Sanctions Awareness,Yes,Annual
JC6227,Code of Conduct,Yes,Annual
JC6227,Cyber Security Awareness,Yes,Annual
JC6227,AML & Sanctions Awareness,Yes,Annual
JC3667,Code of Conduct,Yes,Annual
JC3667,Cyber Security Awareness,Yes,Annual
JC3667,AML & Sanctions Awareness,Yes,Annual
JC3667,Code of Conduct,Yes,Annual
JC4321,Code of Conduct,Yes,Annual
JC4321,Cyber Security Awareness,Yes,Annual
JC4321,AML & Sanctions Awareness,Yes,Annual
JC4321,AML & Sanctions Awareness,Yes,Annual
JC6001,Code of Conduct,Yes,Annual
JC6001,Cyber Security Awareness,Yes,Annual
JC6001,AML & Sanctions Awareness,Yes,Annual
JC7792,Code of Conduct,Yes,Annual
JC7792,Cyber Security Awareness,Yes,Annual
JC7792,AML & Sanctions Awareness,Yes,Annual
JC1718,Code of Conduct,Yes,Annual
JC1718,Cyber Security Awareness,Yes,Annual
JC1718,AML & Sanctions Awareness,Yes,Annual
JC2432,Code of Conduct,Yes,Annual
JC2432,Cyber Security Awareness,Yes,Annual
JC2432,AML & Sanctions Awareness,Yes,Annual
JC9438,Code of Conduct,Yes,Annual
JC9438,Cyber Security Awareness,Yes,Annual
JC9438,AML & Sanctions Awareness,Yes,Annual
JC9438,Leading Teams,Yes,Once
JC5340,Code of Conduct,Yes,Annual
JC5340,Cyber Security Awareness,Yes,Annual
JC5340,AML & Sanctions Awareness,Yes,Annual
JC7621,Code of Conduct,Yes,Annual
JC7621,Cyber Security Awareness,Yes,Annual
JC7621,AML & Sanctions Awareness,Yes,Annual
JC1914,Code of Conduct,Yes,Annual
JC1914,Cyber Security Awareness,Yes,Annual
JC1914,AML & Sanctions Awareness,Yes,Annual
JC5602,Code of Conduct,Yes,Annual
JC5602,Cyber Security Awareness,Yes,Annual
JC5602,AML & Sanctions Awareness,Yes,Annual
JC5602,Data Privacy,Yes,Annual
JC9805,Code of Conduct,Yes,Annual
JC9805,Cyber Security Awareness,Yes,Annual
JC9805,AML & Sanctions Awareness,Yes,Annual
JC1155,Code of Conduct,Yes,Annual
JC1155,Cyber Security Awareness,Yes,Annual
JC1155,AML & Sanctions Awareness,Yes,Annual
JC1940,Code of Conduct,Yes,Annual
JC1940,Cyber Security Awareness,Yes,Annual
JC1940,AML & Sanctions Awareness,Yes,Annual
JC2973,Code of Conduct,Yes,Annual
JC2973,Cyber Security Awareness,Yes,Annual
JC2973,AML & Sanctions Awareness,Yes,Annual
JC2973,Anti-Fraud Fundamentals,Yes,Annual
JC1486,Code of Conduct,Yes,Annual
JC1486,Cyber Security Awareness,Yes,Annual
JC1486,AML & Sanctions Awareness,Yes,Annual
JC3777,Code of Conduct,Yes,Annual
JC3777,Cyber Security Awareness,Yes,Annual
JC3777,AML & Sanctions Awareness,Yes,Annual
JC3777,Operational Risk Management,Yes,Every 2 years
JC6008,Code of Conduct,Yes,Annual
JC6008,Cyber Security Awareness,Yes,Annual
JC6008,AML & Sanctions Awareness,Yes,Annual
JC6008,Credit Risk Essentials,Yes,Every 2 years
JC9061,Code of Conduct,Yes,Annual
JC9061,Cyber Security Awareness,Yes,Annual
JC9061,AML & Sanctions Awareness,Yes,Annual
JC9061,Credit Risk Essentials,Yes,Every 2 years
JC2178,Code of Conduct,Yes,Annual
JC2178,Cyber Security Awareness,Yes,Annual
JC2178,AML & Sanctions Awareness,Yes,Annual
JC2803,Code of Conduct,Yes,Annual
JC2803,Cyber Security Awareness,Yes,Annual
JC2803,AML & Sanctions Awareness,Yes,Annual
JC7934,Code of Conduct,Yes,Annual
JC7934,Cyber Security Awareness,Yes,Annual
JC7934,AML & Sanctions Awareness,Yes,Annual
JC7338,Code of Conduct,Yes,Annual
JC7338,Cyber Security Awareness,Yes,Annual
JC7338,AML & Sanctions Awareness,Yes,Annual
JC7338,Leading Teams,Yes,Once
JC8924,Code of Conduct,Yes,Annual
JC8924,Cyber Security Awareness,Yes,Annual
JC8924,AML & Sanctions Awareness,Yes,Annual
JC8924,Leading Teams,Yes,Once
JC6770,Code of Conduct,Yes,Annual
JC6770,Cyber Security Awareness,Yes,Annual
JC6770,AML & Sanctions Awareness,Yes,Annual
JC2960,Code of Conduct,Yes,Annual
JC2960,Cyber Security Awareness,Yes,Annual
JC2960,AML & Sanctions Awareness,Yes,Annual
JC7847,Code of Conduct,Yes,Annual
JC7847,Cyber Security Awareness,Yes,Annual
JC7847,AML & Sanctions Awareness,Yes,Annual
JC7847,IFRS 9 Update,Yes,Annual
JC6319,Code of Conduct,Yes,Annual
JC6319,Cyber Security Awareness,Yes,Annual
JC6319,AML & Sanctions Awareness,Yes,Annual
JC3813,Code of Conduct,Yes,Annual
JC3813,Cyber Security Awareness,Yes,Annual
JC3813,AML & Sanctions Awareness,Yes,Annual
JC3813,Leading Teams,Yes,Once
JC1897,Code of Conduct,Yes,Annual
JC1897,Cyber Security Awareness,Yes,Annual
JC1897,AML & Sanctions Awareness,Yes,Annual
JC3922,Code of Conduct,Yes,Annual
JC3922,Cyber Security Awareness,Yes,Annual
JC3922,AML & Sanctions Awareness,Yes,Annual
JC3922,Data Privacy,Yes,Annual
JC5946,Code of Conduct,Yes,Annual
JC5946,Cyber Security Awareness,Yes,Annual
JC5946,AML & Sanctions Awareness,Yes,Annual
JC9465,Code of Conduct,Yes,Annual
JC9465,Cyber Security Awareness,Yes,Annual
JC9465,AML & Sanctions Awareness,Yes,Annual
JC6438,Code of Conduct,Yes,Annual
JC6438,Cyber Security Awareness,Yes,Annual
JC6438,AML & Sanctions Awareness,Yes,Annual
JC2861,Code of Conduct,Yes,Annual
JC2861,Cyber Security Awareness,Yes,Annual
JC2861,AML & Sanctions Awareness,Yes,Annual
JC2861,IFRS 9 Update,Yes,Annual
JC6082,Code of Conduct,Yes,Annual
JC6082,Cyber Security Awareness,Yes,Annual
JC6082,AML & Sanctions Awareness,Yes,Annual
JC1305,Code of Conduct,Yes,Annual
JC1305,Cyber Security Awareness,Yes,Annual
JC1305,AML & Sanctions Awareness,Yes,Annual
JC1305,Leading Teams,Yes,Once
JC4475,Code of Conduct,Yes,Annual
JC4475,Cyber Security Awareness,Yes,Annual
JC4475,AML & Sanctions Awareness,Yes,Annual
JC4475,Operational Risk Management,Yes,Every 2 years
JC9634,Code of Conduct,Yes,Annual
JC9634,Cyber Security Awareness,Yes,Annual
JC9634,AML & Sanctions Awareness,Yes,Annual
JC8127,Code of Conduct,Yes,Annual
JC8127,Cyber Security Awareness,Yes,Annual
JC8127,AML & Sanctions Awareness,Yes,Annual
JC8127,Code of Conduct,Yes,Annual
JC7255,Code of Conduct,Yes,Annual
JC7255,Cyber Security Awareness,Yes,Annual
JC7255,AML & Sanctions Awareness,Yes,Annual
JC3030,Code of Conduct,Yes,Annual
JC3030,Cyber Security Awareness,Yes,Annual
JC3030,AML & Sanctions Awareness,Yes,Annual
JC3030,Leading Teams,Yes,Once
JC8921,Code of Conduct,Yes,Annual
JC8921,Cyber Security Awareness,Yes,Annual
JC8921,AML & Sanctions Awareness,Yes,Annual
JC5288,Code of Conduct,Yes,Annual
JC5288,Cyber Security Awareness,Yes,Annual
JC5288,AML & Sanctions Awareness,Yes,Annual
JC7087,Code of Conduct,Yes,Annual
JC7087,Cyber Security Awareness,Yes,Annual
JC7087,AML & Sanctions Awareness,Yes,Annual
JC7087,Data Privacy,Yes,Annual
JC5959,Code of Conduct,Yes,Annual
JC5959,Cyber Security Awareness,Yes,Annual
JC5959,AML & Sanctions Awareness,Yes,Annual
JC3104,Code of Conduct,Yes,Annual
JC3104,Cyber Security Awareness,Yes,Annual
JC3104,AML & Sanctions Awareness,Yes,Annual
JC1616,Code of Conduct,Yes,Annual
JC1616,Cyber Security Awareness,Yes,Annual
JC1616,AML & Sanctions Awareness,Yes,Annual
JC1616,Leading Teams,Yes,Once
JC9990,Code of Conduct,Yes,Annual
JC9990,Cyber Security Awareness,Yes,Annual
JC9990,AML & Sanctions Awareness,Yes,Annual
JC9203,Code of Conduct,Yes,Annual
JC9203,Cyber Security Awareness,Yes,Annual
JC9203,AML & Sanctions Awareness,Yes,Annual
JC8324,Code of Conduct,Yes,Annual
JC8324,Cyber Security Awareness,Yes,Annual
JC8324,AML & Sanctions Awareness,Yes,Annual
JC8324,AML & Sanctions Awareness,Yes,Annual
JC6938,Code of Conduct,Yes,Annual
JC6938,Cyber Security Awareness,Yes,Annual
JC6938,AML & Sanctions Awareness,Yes,Annual
JC2919,Code of Conduct,Yes,Annual
JC2919,Cyber Security Awareness,Yes,Annual
JC2919,AML & Sanctions Awareness,Yes,Annual
JC2919,Credit Risk Essentials,Yes,Every 2 years
JC2096,Code of Conduct,Yes,Annual
JC2096,Cyber Security Awareness,Yes,Annual
JC2096,AML & Sanctions Awareness,Yes,Annual
JC3268,Code of Conduct,Yes,Annual
JC3268,Cyber Security Awareness,Yes,Annual
JC3268,AML & Sanctions Awareness,Yes,Annual
JC9448,Code of Conduct,Yes,Annual
JC9448,Cyber Security Awareness,Yes,Annual
JC9448,AML & Sanctions Awareness,Yes,Annual
JC9448,Leading Teams,Yes,Once
JC8304,Code of Conduct,Yes,Annual
JC8304,Cyber Security Awareness,Yes,Annual
JC8304,AML & Sanctions Awareness,Yes,Annual
JC9092,Code of Conduct,Yes,Annual
JC9092,Cyber Security Awareness,Yes,Annual
JC9092,AML & Sanctions Awareness,Yes,Annual
JC9092,IFRS 9 Update,Yes,Annual
JC3707,Code of Conduct,Yes,Annual
JC3707,Cyber Security Awareness,Yes,Annual
JC3707,AML & Sanctions Awareness,Yes,Annual
JC4804,Code of Conduct,Yes,Annual
JC4804,Cyber Security Awareness,Yes,Annual
JC4804,AML & Sanctions Awareness,Yes,Annual
JC9974,Code of Conduct,Yes,Annual
JC9974,Cyber Security Awareness,Yes,Annual
JC9974,AML & Sanctions Awareness,Yes,Annual
JC9974,Data Privacy,Yes,Annual
JC2822,Code of Conduct,Yes,Annual
JC2822,Cyber Security Awareness,Yes,Annual
JC2822,AML & Sanctions Awareness,Yes,Annual
JC8078,Code of Conduct,Yes,Annual
JC8078,Cyber Security Awareness,Yes,Annual
JC8078,AML & Sanctions Awareness,Yes,Annual
JC9865,Code of Conduct,Yes,Annual
JC9865,Cyber Security Awareness,Yes,Annual
JC9865,AML & Sanctions Awareness,Yes,Annual
JC5508,Code of Conduct,Yes,Annual
JC5508,Cyber Security Awareness,Yes,Annual
JC5508,AML & Sanctions Awareness,Yes,Annual
JC8734,Code of Conduct,Yes,Annual
JC8734,Cyber Security Awareness,Yes,Annual
JC8734,AML & Sanctions Awareness,Yes,Annual
JC9989,Code of Conduct,Yes,Annual
JC9989,Cyber Security Awareness,Yes,Annual
JC9989,AML & Sanctions Awareness,Yes,Annual
JC6581,Code of Conduct,Yes,Annual
JC6581,Cyber Security Awareness,Yes,Annual
JC6581,AML & Sanctions Awareness,Yes,Annual
JC2752,Code of Conduct,Yes,Annual
JC2752,Cyber Security Awareness,Yes,Annual
JC2752,AML & Sanctions Awareness,Yes,Annual
JC4589,Code of Conduct,Yes,Annual
JC4589,Cyber Security Awareness,Yes,Annual
JC4589,AML & Sanctions Awareness,Yes,Annual
JC4589,Leading Teams,Yes,Once
JC2224,Code of Conduct,Yes,Annual
JC2224,Cyber Security Awareness,Yes,Annual
JC2224,AML & Sanctions Awareness,Yes,Annual
JC1363,Code of Conduct,Yes,Annual
JC1363,Cyber Security Awareness,Yes,Annual
JC1363,AML & Sanctions Awareness,Yes,Annual
JC1363,Code of Conduct,Yes,Annual
JC8438,Code of Conduct,Yes,Annual
JC8438,Cyber Security Awareness,Yes,Annual
JC8438,AML & Sanctions Awareness,Yes,Annual
JC8438,AML & Sanctions Awareness,Yes,Annual
JC6216,Code of Conduct,Yes,Annual
JC6216,Cyber Security Awareness,Yes,Annual
JC6216,AML & Sanctions Awareness,Yes,Annual
JC9633,Code of Conduct,Yes,Annual
JC9633,Cyber Security Awareness,Yes,Annual
JC9633,AML & Sanctions Awareness,Yes,Annual
JC9633,Code of Conduct,Yes,Annual
JC9402,Code of Conduct,Yes,Annual
JC9402,Cyber Security Awareness,Yes,Annual
JC9402,AML & Sanctions Awareness,Yes,Annual
JC9402,AML & Sanctions Awareness,Yes,Annual
JC9069,Code of Conduct,Yes,Annual
JC9069,Cyber Security Awareness,Yes,Annual
JC9069,AML & Sanctions Awareness,Yes,Annual
JC9069,Cyber Security Awareness,Yes,Annual
JC8386,Code of Conduct,Yes,Annual
JC8386,Cyber Security Awareness,Yes,Annual
JC8386,AML & Sanctions Awareness,Yes,Annual
JC8386,Code of Conduct,Yes,Annual
JC3786,Code of Conduct,Yes,Annual
JC3786,Cyber Security Awareness,Yes,Annual
JC3786,AML & Sanctions Awareness,Yes,Annual
JC3786,IFRS 9 Update,Yes,Annual
JC9129,Code of Conduct,Yes,Annual
JC9129,Cyber Security Awareness,Yes,Annual
JC9129,AML & Sanctions Awareness,Yes,Annual
JC9129,Credit Risk Essentials,Yes,Every 2 years
JC5973,Code of Conduct,Yes,Annual
JC5973,Cyber Security Awareness,Yes,Annual
JC5973,AML & Sanctions Awareness,Yes,Annual
JC3410,Code of Conduct,Yes,Annual
JC3410,Cyber Security Awareness,Yes,Annual
JC3410,AML & Sanctions Awareness,Yes,Annual
JC8933,Code of Conduct,Yes,Annual
JC8933,Cyber Security Awareness,Yes,Annual
JC8933,AML & Sanctions Awareness,Yes,Annual
JC7414,Code of Conduct,Yes,Annual
JC7414,Cyber Security Awareness,Yes,Annual
JC7414,AML & Sanctions Awareness,Yes,Annual
JC7980,Code of Conduct,Yes,Annual
JC7980,Cyber Security Awareness,Yes,Annual
JC7980,AML & Sanctions Awareness,Yes,Annual
JC1840,Code of Conduct,Yes,Annual
JC1840,Cyber Security Awareness,Yes,Annual
JC1840,AML & Sanctions Awareness,Yes,Annual
JC3594,Code of Conduct,Yes,Annual
JC3594,Cyber Security Awareness,Yes,Annual
JC3594,AML & Sanctions Awareness,Yes,Annual
JC1894,Code of Conduct,Yes,Annual
JC1894,Cyber Security Awareness,Yes,Annual
JC1894,AML & Sanctions Awareness,Yes,Annual
JC8465,Code of Conduct,Yes,Annual
JC8465,Cyber Security Awareness,Yes,Annual
JC8465,AML & Sanctions Awareness,Yes,Annual
JC8465,Leading Teams,Yes,Once
JC8465,Cyber Security Awareness,Yes,Annual
JC6972,Code of Conduct,Yes,Annual
JC6972,Cyber Security Awareness,Yes,Annual
JC6972,AML & Sanctions Awareness,Yes,Annual
JC6972,Leading Teams,Yes,Once
JC6972,Data Privacy,Yes,Annual
JC4166,Code of Conduct,Yes,Annual
JC4166,Cyber Security Awareness,Yes,Annual
JC4166,AML & Sanctions Awareness,Yes,Annual
JC4166,Leading Teams,Yes,Once
JC4166,SAMA Consumer Protection,Yes,Annual
JC3165,Code of Conduct,Yes,Annual
JC3165,Cyber Security Awareness,Yes,Annual
JC3165,AML & Sanctions Awareness,Yes,Annual
JC3165,Leading Teams,Yes,Once
JC9411,Code of Conduct,Yes,Annual
JC9411,Cyber Security Awareness,Yes,Annual
JC9411,AML & Sanctions Awareness,Yes,Annual
JC4358,Code of Conduct,Yes,Annual
JC4358,Cyber Security Awareness,Yes,Annual
JC4358,AML & Sanctions Awareness,Yes,Annual
JC8264,Code of Conduct,Yes,Annual
JC8264,Cyber Security Awareness,Yes,Annual
JC8264,AML & Sanctions Awareness,Yes,Annual
JC8264,Credit Risk Essentials,Yes,Every 2 years
JC7632,Code of Conduct,Yes,Annual
JC7632,Cyber Security Awareness,Yes,Annual
JC7632,AML & Sanctions Awareness,Yes,Annual
JC7632,Code of Conduct,Yes,Annual
JC7524,Code of Conduct,Yes,Annual
JC7524,Cyber Security Awareness,Yes,Annual
JC7524,AML & Sanctions Awareness,Yes,Annual
JC3391,Code of Conduct,Yes,Annual
JC3391,Cyber Security Awareness,Yes,Annual
JC3391,AML & Sanctions Awareness,Yes,Annual
JC5049,Code of Conduct,Yes,Annual
JC5049,Cyber Security Awareness,Yes,Annual
JC5049,AML & Sanctions Awareness,Yes,Annual
JC1357,Code of Conduct,Yes,Annual
JC1357,Cyber Security Awareness,Yes,Annual
JC1357,AML & Sanctions Awareness,Yes,Annual
JC2199,Code of Conduct,Yes,Annual
JC2199,Cyber Security Awareness,Yes,Annual
JC2199,AML & Sanctions Awareness,Yes,Annual
JC4113,Code of Conduct,Yes,Annual
JC4113,Cyber Security Awareness,Yes,Annual
JC4113,AML & Sanctions Awareness,Yes,Annual
JC4113,Credit Risk Essentials,Yes,Every 2 years
JC4839,Code of Conduct,Yes,Annual
JC4839,Cyber Security Awareness,Yes,Annual
JC4839,AML & Sanctions Awareness,Yes,Annual
JC5233,Code of Conduct,Yes,Annual
JC5233,Cyber Security Awareness,Yes,Annual
JC5233,AML & Sanctions Awareness,Yes,Annual
JC7799,Code of Conduct,Yes,Annual
JC7799,Cyber Security Awareness,Yes,Annual
JC7799,AML & Sanctions Awareness,Yes,Annual
JC4204,Code of Conduct,Yes,Annual
JC4204,Cyber Security Awareness,Yes,Annual
JC4204,AML & Sanctions Awareness,Yes,Annual
JC4204,Leading Teams,Yes,Once
JC5443,Code of Conduct,Yes,Annual
JC5443,Cyber Security Awareness,Yes,Annual
JC5443,AML & Sanctions Awareness,Yes,Annual
JC5443,Anti-Fraud Fundamentals,Yes,Annual
JC2033,Code of Conduct,Yes,Annual
JC2033,Cyber Security Awareness,Yes,Annual
JC2033,AML & Sanctions Awareness,Yes,Annual
JC7203,Code of Conduct,Yes,Annual
JC7203,Cyber Security Awareness,Yes,Annual
JC7203,AML & Sanctions Awareness,Yes,Annual
JC1284,Code of Conduct,Yes,Annual
JC1284,Cyber Security Awareness,Yes,Annual
JC1284,AML & Sanctions Awareness,Yes,Annual
JC1284,Data Privacy,Yes,Annual
JC1096,Code of Conduct,Yes,Annual
JC1096,Cyber Security Awareness,Yes,Annual
JC1096,AML & Sanctions Awareness,Yes,Annual
JC4851,Code of Conduct,Yes,Annual
JC4851,Cyber Security Awareness,Yes,Annual
JC4851,AML & Sanctions Awareness,Yes,Annual
JC9358,Code of Conduct,Yes,Annual
JC9358,Cyber Security Awareness,Yes,Annual
JC9358,AML & Sanctions Awareness,Yes,Annual
JC7168,Code of Conduct,Yes,Annual
JC7168,Cyber Security Awareness,Yes,Annual
JC7168,AML & Sanctions Awareness,Yes,Annual
JC3750,Code of Conduct,Yes,Annual
JC3750,Cyber Security Awareness,Yes,Annual
JC3750,AML & Sanctions Awareness,Yes,Annual
JC7537,Code of Conduct,Yes,Annual
JC7537,Cyber Security Awareness,Yes,Annual
JC7537,AML & Sanctions Awareness,Yes,Annual
JC7924,Code of Conduct,Yes,Annual
JC7924,Cyber Security Awareness,Yes,Annual
JC7924,AML & Sanctions Awareness,Yes,Annual
JC7924,Operational Risk Management,Yes,Every 2 years
JC2049,Code of Conduct,Yes,Annual
JC2049,Cyber Security Awareness,Yes,Annual
JC2049,AML & Sanctions Awareness,Yes,Annual
JC1774,Code of Conduct,Yes,Annual
JC1774,Cyber Security Awareness,Yes,Annual
JC1774,AML & Sanctions Awareness,Yes,Annual
JC3727,Code of Conduct,Yes,Annual
JC3727,Cyber Security Awareness,Yes,Annual
JC3727,AML & Sanctions Awareness,Yes,Annual
JC6984,Code of Conduct,Yes,Annual
JC6984,Cyber Security Awareness,Yes,Annual
JC6984,AML & Sanctions Awareness,Yes,Annual
JC9117,Code of Conduct,Yes,Annual
JC9117,Cyber Security Awareness,Yes,Annual
JC9117,AML & Sanctions Awareness,Yes,Annual
JC9740,Code of Conduct,Yes,Annual
JC9740,Cyber Security Awareness,Yes,Annual
JC9740,AML & Sanctions Awareness,Yes,Annual
JC9740,Leading Teams,Yes,Once
JC1799,Code of Conduct,Yes,Annual
JC1799,Cyber Security Awareness,Yes,Annual
JC1799,AML & Sanctions Awareness,Yes,Annual
JC1799,Leading Teams,Yes,Once
JC2840,Code of Conduct,Yes,Annual
JC2840,Cyber Security Awareness,Yes,Annual
JC2840,AML & Sanctions Awareness,Yes,Annual
JC2840,Operational Risk Management,Yes,Every 2 years
JC5625,Code of Conduct,Yes,Annual
JC5625,Cyber Security Awareness,Yes,Annual
JC5625,AML & Sanctions Awareness,Yes,Annual
JC9766,Code of Conduct,Yes,Annual
JC9766,Cyber Security Awareness,Yes,Annual
JC9766,AML & Sanctions Awareness,Yes,Annual
JC9766,Leading Teams,Yes,Once
JC8524,Code of Conduct,Yes,Annual
JC8524,Cyber Security Awareness,Yes,Annual
JC8524,AML & Sanctions Awareness,Yes,Annual
JC8524,Operational Risk Management,Yes,Every 2 years
JC5110,Code of Conduct,Yes,Annual
JC5110,Cyber Security Awareness,Yes,Annual
JC5110,AML & Sanctions Awareness,Yes,Annual
JC5110,Code of Conduct,Yes,Annual
JC2779,Code of Conduct,Yes,Annual
JC2779,Cyber Security Awareness,Yes,Annual
JC2779,AML & Sanctions Awareness,Yes,Annual
JC2779,AML & Sanctions Awareness,Yes,Annual
JC2286,Code of Conduct,Yes,Annual
JC2286,Cyber Security Awareness,Yes,Annual
JC2286,AML & Sanctions Awareness,Yes,Annual
JC7187,Code of Conduct,Yes,Annual
JC7187,Cyber Security Awareness,Yes,Annual
JC7187,AML & Sanctions Awareness,Yes,Annual
JC1120,Code of Conduct,Yes,Annual
JC1120,Cyber Security Awareness,Yes,Annual
JC1120,AML & Sanctions Awareness,Yes,Annual
JC6465,Code of Conduct,Yes,Annual
JC6465,Cyber Security Awareness,Yes,Annual
JC6465,AML & Sanctions Awareness,Yes,Annual
JC6542,Code of Conduct,Yes,Annual
JC6542,Cyber Security Awareness,Yes,Annual
JC6542,AML & Sanctions Awareness,Yes,Annual
JC4853,Code of Conduct,Yes,Annual
JC4853,Cyber Security Awareness,Yes,Annual
JC4853,AML & Sanctions Awareness,Yes,Annual
JC5312,Code of Conduct,Yes,Annual
JC5312,Cyber Security Awareness,Yes,Annual
JC5312,AML & Sanctions Awareness,Yes,Annual
JC5691,Code of Conduct,Yes,Annual
JC5691,Cyber Security Awareness,Yes,Annual
JC5691,AML & Sanctions Awareness,Yes,Annual
JC5691,Leading Teams,Yes,Once
JC1509,Code of Conduct,Yes,Annual
JC1509,Cyber Security Awareness,Yes,Annual
JC1509,AML & Sanctions Awareness,Yes,Annual
JC1928,Code of Conduct,Yes,Annual
JC1928,Cyber Security Awareness,Yes,Annual
JC1928,AML & Sanctions Awareness,Yes,Annual
JC1928,Credit Risk Essentials,Yes,Every 2 years
JC2622,Code of Conduct,Yes,Annual
JC2622,Cyber Security Awareness,Yes,Annual
JC2622,AML & Sanctions Awareness,Yes,Annual
JC8442,Code of Conduct,Yes,Annual
JC8442,Cyber Security Awareness,Yes,Annual
JC8442,AML & Sanctions Awareness,Yes,Annual
JC8442,Anti-Fraud Fundamentals,Yes,Annual
JC5328,Code of Conduct,Yes,Annual
JC5328,Cyber Security Awareness,Yes,Annual
JC5328,AML & Sanctions Awareness,Yes,Annual
JC7215,Code of Conduct,Yes,Annual
JC7215,Cyber Security Awareness,Yes,Annual
JC7215,AML & Sanctions Awareness,Yes,Annual
JC7507,Code of Conduct,Yes,Annual
JC7507,Cyber Security Awareness,Yes,Annual
JC7507,AML & Sanctions Awareness,Yes,Annual
JC7507,Operational Risk Management,Yes,Every 2 years
JC4739,Code of Conduct,Yes,Annual
JC4739,Cyber Security Awareness,Yes,Annual
JC4739,AML & Sanctions Awareness,Yes,Annual
JC8787,Code of Conduct,Yes,Annual
JC8787,Cyber Security Awareness,Yes,Annual
JC8787,AML & Sanctions Awareness,Yes,Annual
JC2185,Code of Conduct,Yes,Annual
JC2185,Cyber Security Awareness,Yes,Annual
JC2185,AML & Sanctions Awareness,Yes,Annual
JC4179,Code of Conduct,Yes,Annual
JC4179,Cyber Security Awareness,Yes,Annual
JC4179,AML & Sanctions Awareness,Yes,Annual
JC4179,SAMA Consumer Protection,Yes,Annual
JC1735,Code of Conduct,Yes,Annual
JC1735,Cyber Security Awareness,Yes,Annual
JC1735,AML & Sanctions Awareness,Yes,Annual
JC3203,Code of Conduct,Yes,Annual
JC3203,Cyber Security Awareness,Yes,Annual
JC3203,AML & Sanctions Awareness,Yes,Annual
JC3203,Leading Teams,Yes,Once
JC6603,Code of Conduct,Yes,Annual
JC6603,Cyber Security Awareness,Yes,Annual
JC6603,AML & Sanctions Awareness,Yes,Annual
JC6603,Leading Teams,Yes,Once
JC8258,Code of Conduct,Yes,Annual
JC8258,Cyber Security Awareness,Yes,Annual
JC8258,AML & Sanctions Awareness,Yes,Annual
JC8258,Leading Teams,Yes,Once
JC8258,Credit Risk Essentials,Yes,Every 2 years
JC1015,Code of Conduct,Yes,Annual
JC1015,Cyber Security Awareness,Yes,Annual
JC1015,AML & Sanctions Awareness,Yes,Annual
JC3266,Code of Conduct,Yes,Annual
JC3266,Cyber Security Awareness,Yes,Annual
JC3266,AML & Sanctions Awareness,Yes,Annual
JC5105,Code of Conduct,Yes,Annual
JC5105,Cyber Security Awareness,Yes,Annual
JC5105,AML & Sanctions Awareness,Yes,Annual
JC5105,Leading Teams,Yes,Once
JC7250,Code of Conduct,Yes,Annual
JC7250,Cyber Security Awareness,Yes,Annual
JC7250,AML & Sanctions Awareness,Yes,Annual
JC7250,Credit Risk Essentials,Yes,Every 2 years
JC6460,Code of Conduct,Yes,Annual
JC6460,Cyber Security Awareness,Yes,Annual
JC6460,AML & Sanctions Awareness,Yes,Annual
JC6460,Leading Teams,Yes,Once
JC5104,Code of Conduct,Yes,Annual
JC5104,Cyber Security Awareness,Yes,Annual
JC5104,AML & Sanctions Awareness,Yes,Annual
JC8503,Code of Conduct,Yes,Annual
JC8503,Cyber Security Awareness,Yes,Annual
JC8503,AML & Sanctions Awareness,Yes,Annual
JC8499,Code of Conduct,Yes,Annual
JC8499,Cyber Security Awareness,Yes,Annual
JC8499,AML & Sanctions Awareness,Yes,Annual
JC3233,Code of Conduct,Yes,Annual
JC3233,Cyber Security Awareness,Yes,Annual
JC3233,AML & Sanctions Awareness,Yes,Annual
JC1134,Code of Conduct,Yes,Annual
JC1134,Cyber Security Awareness,Yes,Annual
JC1134,AML & Sanctions Awareness,Yes,Annual
JC1134,Data Privacy,Yes,Annual
JC6002,Code of Conduct,Yes,Annual
JC6002,Cyber Security Awareness,Yes,Annual
JC6002,AML & Sanctions Awareness,Yes,Annual
JC3490,Code of Conduct,Yes,Annual
JC3490,Cyber Security Awareness,Yes,Annual
JC3490,AML & Sanctions Awareness,Yes,Annual
JC3992,Code of Conduct,Yes,Annual
JC3992,Cyber Security Awareness,Yes,Annual
JC3992,AML & Sanctions Awareness,Yes,Annual
JC4319,Code of Conduct,Yes,Annual
JC4319,Cyber Security Awareness,Yes,Annual
JC4319,AML & Sanctions Awareness,Yes,Annual
JC4319,Leading Teams,Yes,Once
JC4319,Anti-Fraud Fundamentals,Yes,Annual
JC4540,Code of Conduct,Yes,Annual
JC4540,Cyber Security Awareness,Yes,Annual
JC4540,AML & Sanctions Awareness,Yes,Annual
JC3031,Code of Conduct,Yes,Annual
JC3031,Cyber Security Awareness,Yes,Annual
JC3031,AML & Sanctions Awareness,Yes,Annual
JC3031,IFRS 9 Update,Yes,Annual
JC8360,Code of Conduct,Yes,Annual
JC8360,Cyber Security Awareness,Yes,Annual
JC8360,AML & Sanctions Awareness,Yes,Annual
JC6285,Code of Conduct,Yes,Annual
JC6285,Cyber Security Awareness,Yes,Annual
JC6285,AML & Sanctions Awareness,Yes,Annual
JC6285,Credit Risk Essentials,Yes,Every 2 years
JC4225,Code of Conduct,Yes,Annual
JC4225,Cyber Security Awareness,Yes,Annual
JC4225,AML & Sanctions Awareness,Yes,Annual
JC7636,Code of Conduct,Yes,Annual
JC7636,Cyber Security Awareness,Yes,Annual
JC7636,AML & Sanctions Awareness,Yes,Annual
JC6451,Code of Conduct,Yes,Annual
JC6451,Cyber Security Awareness,Yes,Annual
JC6451,AML & Sanctions Awareness,Yes,Annual
JC6451,Credit Risk Essentials,Yes,Every 2 years
JC3512,Code of Conduct,Yes,Annual
JC3512,Cyber Security Awareness,Yes,Annual
JC3512,AML & Sanctions Awareness,Yes,Annual
JC1178,Code of Conduct,Yes,Annual
JC1178,Cyber Security Awareness,Yes,Annual
JC1178,AML & Sanctions Awareness,Yes,Annual
JC6678,Code of Conduct,Yes,Annual
JC6678,Cyber Security Awareness,Yes,Annual
JC6678,AML & Sanctions Awareness,Yes,Annual
JC4648,Code of Conduct,Yes,Annual
JC4648,Cyber Security Awareness,Yes,Annual
JC4648,AML & Sanctions Awareness,Yes,Annual
JC5986,Code of Conduct,Yes,Annual
JC5986,Cyber Security Awareness,Yes,Annual
JC5986,AML & Sanctions Awareness,Yes,Annual
JC7298,Code of Conduct,Yes,Annual
JC7298,Cyber Security Awareness,Yes,Annual
JC7298,AML & Sanctions Awareness,Yes,Annual
JC7298,Credit Risk Essentials,Yes,Every 2 years
JC6152,Code of Conduct,Yes,Annual
JC6152,Cyber Security Awareness,Yes,Annual
JC6152,AML & Sanctions Awareness,Yes,Annual
JC6152,Cyber Security Awareness,Yes,Annual
JC6377,Code of Conduct,Yes,Annual
JC6377,Cyber Security Awareness,Yes,Annual
JC6377,AML & Sanctions Awareness,Yes,Annual
JC8703,Code of Conduct,Yes,Annual
JC8703,Cyber Security Awareness,Yes,Annual
JC8703,AML & Sanctions Awareness,Yes,Annual
JC8703,Leading Teams,Yes,Once
JC7461,Code of Conduct,Yes,Annual
JC7461,Cyber Security Awareness,Yes,Annual
JC7461,AML & Sanctions Awareness,Yes,Annual
JC7461,Leading Teams,Yes,Once
JC5854,Code of Conduct,Yes,Annual
JC5854,Cyber Security Awareness,Yes,Annual
JC5854,AML & Sanctions Awareness,Yes,Annual
JC1094,Code of Conduct,Yes,Annual
JC1094,Cyber Security Awareness,Yes,Annual
JC1094,AML & Sanctions Awareness,Yes,Annual
JC5187,Code of Conduct,Yes,Annual
JC5187,Cyber Security Awareness,Yes,Annual
JC5187,AML & Sanctions Awareness,Yes,Annual
JC5187,Leading Teams,Yes,Once
JC7008,Code of Conduct,Yes,Annual
JC7008,Cyber Security Awareness,Yes,Annual
JC7008,AML & Sanctions Awareness,Yes,Annual
JC6097,Code of Conduct,Yes,Annual
JC6097,Cyber Security Awareness,Yes,Annual
JC6097,AML & Sanctions Awareness,Yes,Annual
JC6097,Leading Teams,Yes,Once
JC5712,Code of Conduct,Yes,Annual
JC5712,Cyber Security Awareness,Yes,Annual
JC5712,AML & Sanctions Awareness,Yes,Annual
JC1520,Code of Conduct,Yes,Annual
JC1520,Cyber Security Awareness,Yes,Annual
JC1520,AML & Sanctions Awareness,Yes,Annual
JC1520,Anti-Fraud Fundamentals,Yes,Annual
JC7126,Code of Conduct,Yes,Annual
JC7126,Cyber Security Awareness,Yes,Annual
JC7126,AML & Sanctions Awareness,Yes,Annual
JC8713,Code of Conduct,Yes,Annual
JC8713,Cyber Security Awareness,Yes,Annual
JC8713,AML & Sanctions Awareness,Yes,Annual
JC4038,Code of Conduct,Yes,Annual
JC4038,Cyber Security Awareness,Yes,Annual
JC4038,AML & Sanctions Awareness,Yes,Annual
JC3747,Code of Conduct,Yes,Annual
JC3747,Cyber Security Awareness,Yes,Annual
JC3747,AML & Sanctions Awareness,Yes,Annual
JC3747,Cyber Security Awareness,Yes,Annual
JC2634,Code of Conduct,Yes,Annual
JC2634,Cyber Security Awareness,Yes,Annual
JC2634,AML & Sanctions Awareness,Yes,Annual
JC2634,Credit Risk Essentials,Yes,Every 2 years
JC5561,Code of Conduct,Yes,Annual
JC5561,Cyber Security Awareness,Yes,Annual
JC5561,AML & Sanctions Awareness,Yes,Annual
JC8224,Code of Conduct,Yes,Annual
JC8224,Cyber Security Awareness,Yes,Annual
JC8224,AML & Sanctions Awareness,Yes,Annual
JC2319,Code of Conduct,Yes,Annual
JC2319,Cyber Security Awareness,Yes,Annual
JC2319,AML & Sanctions Awareness,Yes,Annual
JC3581,Code of Conduct,Yes,Annual
JC3581,Cyber Security Awareness,Yes,Annual
JC3581,AML & Sanctions Awareness,Yes,Annual
JC4285,Code of Conduct,Yes,Annual
JC4285,Cyber Security Awareness,Yes,Annual
JC4285,AML & Sanctions Awareness,Yes,Annual
JC1435,Code of Conduct,Yes,Annual
JC1435,Cyber Security Awareness,Yes,Annual
JC1435,AML & Sanctions Awareness,Yes,Annual
JC9104,Code of Conduct,Yes,Annual
JC9104,Cyber Security Awareness,Yes,Annual
JC9104,AML & Sanctions Awareness,Yes,Annual
JC9104,Leading Teams,Yes,Once
JC1390,Code of Conduct,Yes,Annual
JC1390,Cyber Security Awareness,Yes,Annual
JC1390,AML & Sanctions Awareness,Yes,Annual
JC2485,Code of Conduct,Yes,Annual
JC2485,Cyber Security Awareness,Yes,Annual
JC2485,AML & Sanctions Awareness,Yes,Annual
JC6127,Code of Conduct,Yes,Annual
JC6127,Cyber Security Awareness,Yes,Annual
JC6127,AML & Sanctions Awareness,Yes,Annual
JC4479,Code of Conduct,Yes,Annual
JC4479,Cyber Security Awareness,Yes,Annual
JC4479,AML & Sanctions Awareness,Yes,Annual
JC4479,Code of Conduct,Yes,Annual
JC9627,Code of Conduct,Yes,Annual
JC9627,Cyber Security Awareness,Yes,Annual
JC9627,AML & Sanctions Awareness,Yes,Annual
JC6433,Code of Conduct,Yes,Annual
JC6433,Cyber Security Awareness,Yes,Annual
JC6433,AML & Sanctions Awareness,Yes,Annual
JC6433,Leading Teams,Yes,Once
JC3343,Code of Conduct,Yes,Annual
JC3343,Cyber Security Awareness,Yes,Annual
JC3343,AML & Sanctions Awareness,Yes,Annual
JC3343,Code of Conduct,Yes,Annual
JC8979,Code of Conduct,Yes,Annual
JC8979,Cyber Security Awareness,Yes,Annual
JC8979,AML & Sanctions Awareness,Yes,Annual
JC5409,Code of Conduct,Yes,Annual
JC5409,Cyber Security Awareness,Yes,Annual
JC5409,AML & Sanctions Awareness,Yes,Annual
JC1671,Code of Conduct,Yes,Annual
JC1671,Cyber Security Awareness,Yes,Annual
JC1671,AML & Sanctions Awareness,Yes,Annual
JC9390,Code of Conduct,Yes,Annual
JC9390,Cyber Security Awareness,Yes,Annual
JC9390,AML & Sanctions Awareness,Yes,Annual
JC9390,Cyber Security Awareness,Yes,Annual
JC7685,Code of Conduct,Yes,Annual
JC7685,Cyber Security Awareness,Yes,Annual
JC7685,AML & Sanctions Awareness,Yes,Annual
JC2893,Code of Conduct,Yes,Annual
JC2893,Cyber Security Awareness,Yes,Annual
JC2893,AML & Sanctions Awareness,Yes,Annual
JC4969,Code of Conduct,Yes,Annual
JC4969,Cyber Security Awareness,Yes,Annual
JC4969,AML & Sanctions Awareness,Yes,Annual
JC4969,Leading Teams,Yes,Once
JC1500,Code of Conduct,Yes,Annual
JC1500,Cyber Security Awareness,Yes,Annual
JC1500,AML & Sanctions Awareness,Yes,Annual
JC1500,Cyber Security Awareness,Yes,Annual
JC6699,Code of Conduct,Yes,Annual
JC6699,Cyber Security Awareness,Yes,Annual
JC6699,AML & Sanctions Awareness,Yes,Annual
JC7032,Code of Conduct,Yes,Annual
JC7032,Cyber Security Awareness,Yes,Annual
JC7032,AML & Sanctions Awareness,Yes,Annual
JC7032,Anti-Fraud Fundamentals,Yes,Annual
JC5764,Code of Conduct,Yes,Annual
JC5764,Cyber Security Awareness,Yes,Annual
JC5764,AML & Sanctions Awareness,Yes,Annual
JC5764,Leading Teams,Yes,Once
JC4786,Code of Conduct,Yes,Annual
JC4786,Cyber Security Awareness,Yes,Annual
JC4786,AML & Sanctions Awareness,Yes,Annual
JC4786,Leading Teams,Yes,Once
JC6835,Code of Conduct,Yes,Annual
JC6835,Cyber Security Awareness,Yes,Annual
JC6835,AML & Sanctions Awareness,Yes,Annual
JC6835,Code of Conduct,Yes,Annual
JC7695,Code of Conduct,Yes,Annual
JC7695,Cyber Security Awareness,Yes,Annual
JC7695,AML & Sanctions Awareness,Yes,Annual
JC3281,Code of Conduct,Yes,Annual
JC3281,Cyber Security Awareness,Yes,Annual
JC3281,AML & Sanctions Awareness,Yes,Annual
JC3953,Code of Conduct,Yes,Annual
JC3953,Cyber Security Awareness,Yes,Annual
JC3953,AML & Sanctions Awareness,Yes,Annual
JC3953,Credit Risk Essentials,Yes,Every 2 years
JC3864,Code of Conduct,Yes,Annual
JC3864,Cyber Security Awareness,Yes,Annual
JC3864,AML & Sanctions Awareness,Yes,Annual
JC3626,Code of Conduct,Yes,Annual
JC3626,Cyber Security Awareness,Yes,Annual
JC3626,AML & Sanctions Awareness,Yes,Annual
JC9458,Code of Conduct,Yes,Annual
JC9458,Cyber Security Awareness,Yes,Annual
JC9458,AML & Sanctions Awareness,Yes,Annual
JC8955,Code of Conduct,Yes,Annual
JC8955,Cyber Security Awareness,Yes,Annual
JC8955,AML & Sanctions Awareness,Yes,Annual
JC3948,Code of Conduct,Yes,Annual
JC3948,Cyber Security Awareness,Yes,Annual
JC3948,AML & Sanctions Awareness,Yes,Annual
JC2773,Code of Conduct,Yes,Annual
JC2773,Cyber Security Awareness,Yes,Annual
JC2773,AML & Sanctions Awareness,Yes,Annual
JC2773,AML & Sanctions Awareness,Yes,Annual
JC9178,Code of Conduct,Yes,Annual
JC9178,Cyber Security Awareness,Yes,Annual
JC9178,AML & Sanctions Awareness,Yes,Annual
JC8183,Code of Conduct,Yes,Annual
JC8183,Cyber Security Awareness,Yes,Annual
JC8183,AML & Sanctions Awareness,Yes,Annual
JC8183,AML & Sanctions Awareness,Yes,Annual
JC3158,Code of Conduct,Yes,Annual
JC3158,Cyber Security Awareness,Yes,Annual
JC3158,AML & Sanctions Awareness,Yes,Annual
JC6647,Code of Conduct,Yes,Annual
JC6647,Cyber Security Awareness,Yes,Annual
JC6647,AML & Sanctions Awareness,Yes,Annual
JC6647,IFRS 9 Update,Yes,Annual
JC5372,Code of Conduct,Yes,Annual
JC5372,Cyber Security Awareness,Yes,Annual
JC5372,AML & Sanctions Awareness,Yes,Annual
JC5372,Leading Teams,Yes,Once
JC2823,Code of Conduct,Yes,Annual
JC2823,Cyber Security Awareness,Yes,Annual
JC2823,AML & Sanctions Awareness,Yes,Annual
JC2823,AML & Sanctions Awareness,Yes,Annual
JC9444,Code of Conduct,Yes,Annual
JC9444,Cyber Security Awareness,Yes,Annual
JC9444,AML & Sanctions Awareness,Yes,Annual
JC6211,Code of Conduct,Yes,Annual
JC6211,Cyber Security Awareness,Yes,Annual
JC6211,AML & Sanctions Awareness,Yes,Annual
JC6611,Code of Conduct,Yes,Annual
JC6611,Cyber Security Awareness,Yes,Annual
JC6611,AML & Sanctions Awareness,Yes,Annual
JC8911,Code of Conduct,Yes,Annual
JC8911,Cyber Security Awareness,Yes,Annual
JC8911,AML & Sanctions Awareness,Yes,Annual
JC7639,Code of Conduct,Yes,Annual
JC7639,Cyber Security Awareness,Yes,Annual
JC7639,AML & Sanctions Awareness,Yes,Annual
JC7639,Data Privacy,Yes,Annual
JC8368,Code of Conduct,Yes,Annual
JC8368,Cyber Security Awareness,Yes,Annual
JC8368,AML & Sanctions Awareness,Yes,Annual
JC4366,Code of Conduct,Yes,Annual
JC4366,Cyber Security Awareness,Yes,Annual
JC4366,AML & Sanctions Awareness,Yes,Annual
JC3005,Code of Conduct,Yes,Annual
JC3005,Cyber Security Awareness,Yes,Annual
JC3005,AML & Sanctions Awareness,Yes,Annual
JC3005,Credit Risk Essentials,Yes,Every 2 years
JC6819,Code of Conduct,Yes,Annual
JC6819,Cyber Security Awareness,Yes,Annual
JC6819,AML & Sanctions Awareness,Yes,Annual
JC6549,Code of Conduct,Yes,Annual
JC6549,Cyber Security Awareness,Yes,Annual
JC6549,AML & Sanctions Awareness,Yes,Annual
JC4974,Code of Conduct,Yes,Annual
JC4974,Cyber Security Awareness,Yes,Annual
JC4974,AML & Sanctions Awareness,Yes,Annual
JC4974,Credit Risk Essentials,Yes,Every 2 years
JC1065,Code of Conduct,Yes,Annual
JC1065,Cyber Security Awareness,Yes,Annual
JC1065,AML & Sanctions Awareness,Yes,Annual
JC1065,Anti-Fraud Fundamentals,Yes,Annual
JC4464,Code of Conduct,Yes,Annual
JC4464,Cyber Security Awareness,Yes,Annual
JC4464,AML & Sanctions Awareness,Yes,Annual
JC9306,Code of Conduct,Yes,Annual
JC9306,Cyber Security Awareness,Yes,Annual
JC9306,AML & Sanctions Awareness,Yes,Annual
JC9306,Leading Teams,Yes,Once
JC6341,Code of Conduct,Yes,Annual
JC6341,Cyber Security Awareness,Yes,Annual
JC6341,AML & Sanctions Awareness,Yes,Annual
JC6341,Leading Teams,Yes,Once
JC6864,Code of Conduct,Yes,Annual
JC6864,Cyber Security Awareness,Yes,Annual
JC6864,AML & Sanctions Awareness,Yes,Annual
JC6864,IFRS 9 Update,Yes,Annual
JC1191,Code of Conduct,Yes,Annual
JC1191,Cyber Security Awareness,Yes,Annual
JC1191,AML & Sanctions Awareness,Yes,Annual
JC9515,Code of Conduct,Yes,Annual
JC9515,Cyber Security Awareness,Yes,Annual
JC9515,AML & Sanctions Awareness,Yes,Annual
JC9515,Leading Teams,Yes,Once
JC2514,Code of Conduct,Yes,Annual
JC2514,Cyber Security Awareness,Yes,Annual
JC2514,AML & Sanctions Awareness,Yes,Annual
JC2964,Code of Conduct,Yes,Annual
JC2964,Cyber Security Awareness,Yes,Annual
JC2964,AML & Sanctions Awareness,Yes,Annual
JC9526,Code of Conduct,Yes,Annual
JC9526,Cyber Security Awareness,Yes,Annual
JC9526,AML & Sanctions Awareness,Yes,Annual
JC5836,Code of Conduct,Yes,Annual
JC5836,Cyber Security Awareness,Yes,Annual
JC5836,AML & Sanctions Awareness,Yes,Annual
JC1633,Code of Conduct,Yes,Annual
JC1633,Cyber Security Awareness,Yes,Annual
JC1633,AML & Sanctions Awareness,Yes,Annual
JC4716,Code of Conduct,Yes,Annual
JC4716,Cyber Security Awareness,Yes,Annual
JC4716,AML & Sanctions Awareness,Yes,Annual
JC1613,Code of Conduct,Yes,Annual
JC1613,Cyber Security Awareness,Yes,Annual
JC1613,AML & Sanctions Awareness,Yes,Annual
JC3209,Code of Conduct,Yes,Annual
JC3209,Cyber Security Awareness,Yes,Annual
JC3209,AML & Sanctions Awareness,Yes,Annual
JC1551,Code of Conduct,Yes,Annual
JC1551,Cyber Security Awareness,Yes,Annual
JC1551,AML & Sanctions Awareness,Yes,Annual
JC9345,Code of Conduct,Yes,Annual
JC9345,Cyber Security Awareness,Yes,Annual
JC9345,AML & Sanctions Awareness,Yes,Annual
JC1537,Code of Conduct,Yes,Annual
JC1537,Cyber Security Awareness,Yes,Annual
JC1537,AML & Sanctions Awareness,Yes,Annual
JC1537,Leading Teams,Yes,Once
JC7074,Code of Conduct,Yes,Annual
JC7074,Cyber Security Awareness,Yes,Annual
JC7074,AML & Sanctions Awareness,Yes,Annual
JC8116,Code of Conduct,Yes,Annual
JC8116,Cyber Security Awareness,Yes,Annual
JC8116,AML & Sanctions Awareness,Yes,Annual
JC7376,Code of Conduct,Yes,Annual
JC7376,Cyber Security Awareness,Yes,Annual
JC7376,AML & Sanctions Awareness,Yes,Annual
JC7376,Cyber Security Awareness,Yes,Annual
JC2310,Code of Conduct,Yes,Annual
JC2310,Cyber Security Awareness,Yes,Annual
JC2310,AML & Sanctions Awareness,Yes,Annual
JC4674,Code of Conduct,Yes,Annual
JC4674,Cyber Security Awareness,Yes,Annual
JC4674,AML & Sanctions Awareness,Yes,Annual
JC9215,Code of Conduct,Yes,Annual
JC9215,Cyber Security Awareness,Yes,Annual
JC9215,AML & Sanctions Awareness,Yes,Annual
JC4537,Code of Conduct,Yes,Annual
JC4537,Cyber Security Awareness,Yes,Annual
JC4537,AML & Sanctions Awareness,Yes,Annual
JC4537,Code of Conduct,Yes,Annual
JC5875,Code of Conduct,Yes,Annual
JC5875,Cyber Security Awareness,Yes,Annual
JC5875,AML & Sanctions Awareness,Yes,Annual
JC5875,Code of Conduct,Yes,Annual
JC7949,Code of Conduct,Yes,Annual
JC7949,Cyber Security Awareness,Yes,Annual
JC7949,AML & Sanctions Awareness,Yes,Annual
JC1780,Code of Conduct,Yes,Annual
JC1780,Cyber Security Awareness,Yes,Annual
JC1780,AML & Sanctions Awareness,Yes,Annual
JC3277,Code of Conduct,Yes,Annual
JC3277,Cyber Security Awareness,Yes,Annual
JC3277,AML & Sanctions Awareness,Yes,Annual
JC8265,Code of Conduct,Yes,Annual
JC8265,Cyber Security Awareness,Yes,Annual
JC8265,AML & Sanctions Awareness,Yes,Annual
JC4794,Code of Conduct,Yes,Annual
JC4794,Cyber Security Awareness,Yes,Annual
JC4794,Leading Teams,Yes,Once
JC3756,Code of Conduct,Yes,Annual
JC3756,Cyber Security Awareness,Yes,Annual
JC3756,Leading Teams,Yes,Once
JC3756,IFRS 9 Update,Yes,Annual
JC3051,Code of Conduct,Yes,Annual
JC3051,Cyber Security Awareness,Yes,Annual
JC3051,Leading Teams,Yes,Once
JC3051,Operational Risk Management,Yes,Every 2 years
JC4212,Code of Conduct,Yes,Annual
JC4212,Cyber Security Awareness,Yes,Annual
JC4212,Leading Teams,Yes,Once
JC7340,Code of Conduct,Yes,Annual
JC7340,Cyber Security Awareness,Yes,Annual
JC4054,Code of Conduct,Yes,Annual
JC4054,Cyber Security Awareness,Yes,Annual
JC4054,Operational Risk Management,Yes,Every 2 years
JC4931,Code of Conduct,Yes,Annual
JC4931,Cyber Security Awareness,Yes,Annual
JC4931,Cyber Security Awareness,Yes,Annual
JC2624,Code of Conduct,Yes,Annual
JC2624,Cyber Security Awareness,Yes,Annual
JC2624,Code of Conduct,Yes,Annual
JC7860,Code of Conduct,Yes,Annual
JC7860,Cyber Security Awareness,Yes,Annual
JC7860,Anti-Fraud Fundamentals,Yes,Annual
JC6219,Code of Conduct,Yes,Annual
JC6219,Cyber Security Awareness,Yes,Annual
JC6487,Code of Conduct,Yes,Annual
JC6487,Cyber Security Awareness,Yes,Annual
JC2751,Code of Conduct,Yes,Annual
JC2751,Cyber Security Awareness,Yes,Annual
JC2045,Code of Conduct,Yes,Annual
JC2045,Cyber Security Awareness,Yes,Annual
JC1171,Code of Conduct,Yes,Annual
JC1171,Cyber Security Awareness,Yes,Annual
JC9595,Code of Conduct,Yes,Annual
JC9595,Cyber Security Awareness,Yes,Annual
JC3119,Code of Conduct,Yes,Annual
JC3119,Cyber Security Awareness,Yes,Annual
JC4448,Code of Conduct,Yes,Annual
JC4448,Cyber Security Awareness,Yes,Annual
JC4448,Code of Conduct,Yes,Annual
JC9484,Code of Conduct,Yes,Annual
JC9484,Cyber Security Awareness,Yes,Annual
JC6446,Code of Conduct,Yes,Annual
JC6446,Cyber Security Awareness,Yes,Annual
JC6446,Data Privacy,Yes,Annual
JC2777,Code of Conduct,Yes,Annual
JC2777,Cyber Security Awareness,Yes,Annual
JC2777,Leading Teams,Yes,Once
JC2777,Operational Risk Management,Yes,Every 2 years
JC7143,Code of Conduct,Yes,Annual
JC7143,Cyber Security Awareness,Yes,Annual
JC8767,Code of Conduct,Yes,Annual
JC8767,Cyber Security Awareness,Yes,Annual
JC8767,Data Privacy,Yes,Annual
JC8712,Code of Conduct,Yes,Annual
JC8712,Cyber Security Awareness,Yes,Annual
JC6253,Code of Conduct,Yes,Annual
JC6253,Cyber Security Awareness,Yes,Annual
JC9093,Code of Conduct,Yes,Annual
JC9093,Cyber Security Awareness,Yes,Annual
JC3873,Code of Conduct,Yes,Annual
JC3873,Cyber Security Awareness,Yes,Annual
JC3184,Code of Conduct,Yes,Annual
JC3184,Cyber Security Awareness,Yes,Annual
JC3184,SAMA Consumer Protection,Yes,Annual
JC9670,Code of Conduct,Yes,Annual
JC9670,Cyber Security Awareness,Yes,Annual
JC1163,Code of Conduct,Yes,Annual
JC1163,Cyber Security Awareness,Yes,Annual
JC6674,Code of Conduct,Yes,Annual
JC6674,Cyber Security Awareness,Yes,Annual
JC1726,Code of Conduct,Yes,Annual
JC1726,Cyber Security Awareness,Yes,Annual
JC5780,Code of Conduct,Yes,Annual
JC5780,Cyber Security Awareness,Yes,Annual
JC1813,Code of Conduct,Yes,Annual
JC1813,Cyber Security Awareness,Yes,Annual
JC3731,Code of Conduct,Yes,Annual
JC3731,Cyber Security Awareness,Yes,Annual
JC2384,Code of Conduct,Yes,Annual
JC2384,Cyber Security Awareness,Yes,Annual
JC1637,Code of Conduct,Yes,Annual
JC1637,Cyber Security Awareness,Yes,Annual
JC1851,Code of Conduct,Yes,Annual
JC1851,Cyber Security Awareness,Yes,Annual
JC1851,Leading Teams,Yes,Once
JC2294,Code of Conduct,Yes,Annual
JC2294,Cyber Security Awareness,Yes,Annual
JC2393,Code of Conduct,Yes,Annual
JC2393,Cyber Security Awareness,Yes,Annual
JC2393,Code of Conduct,Yes,Annual
JC2671,Code of Conduct,Yes,Annual
JC2671,Cyber Security Awareness,Yes,Annual
JC3914,Code of Conduct,Yes,Annual
JC3914,Cyber Security Awareness,Yes,Annual
JC5139,Code of Conduct,Yes,Annual
JC5139,Cyber Security Awareness,Yes,Annual
JC5139,Credit Risk Essentials,Yes,Every 2 years
JC7923,Code of Conduct,Yes,Annual
JC7923,Cyber Security Awareness,Yes,Annual
JC7762,Code of Conduct,Yes,Annual
JC7762,Cyber Security Awareness,Yes,Annual
JC8835,Code of Conduct,Yes,Annual
JC8835,Cyber Security Awareness,Yes,Annual
JC8599,Code of Conduct,Yes,Annual
JC8599,Cyber Security Awareness,Yes,Annual
JC9235,Code of Conduct,Yes,Annual
JC9235,Cyber Security Awareness,Yes,Annual
JC9235,Leading Teams,Yes,Once
JC2439,Code of Conduct,Yes,Annual
JC2439,Cyber Security Awareness,Yes,Annual
JC2439,Operational Risk Management,Yes,Every 2 years
JC7102,Code of Conduct,Yes,Annual
JC7102,Cyber Security Awareness,Yes,Annual
JC4834,Code of Conduct,Yes,Annual
JC4834,Cyber Security Awareness,Yes,Annual
JC4834,Cyber Security Awareness,Yes,Annual
JC6280,Code of Conduct,Yes,Annual
JC6280,Cyber Security Awareness,Yes,Annual
JC6280,Leading Teams,Yes,Once
JC6280,Anti-Fraud Fundamentals,Yes,Annual
JC1641,Code of Conduct,Yes,Annual
JC1641,Cyber Security Awareness,Yes,Annual
JC5091,Code of Conduct,Yes,Annual
JC5091,Cyber Security Awareness,Yes,Annual
JC5091,Data Privacy,Yes,Annual
JC1321,Code of Conduct,Yes,Annual
JC1321,Cyber Security Awareness,Yes,Annual
JC1321,SAMA Consumer Protection,Yes,Annual
JC7145,Code of Conduct,Yes,Annual
JC7145,Cyber Security Awareness,Yes,Annual
JC1116,Code of Conduct,Yes,Annual
JC1116,Cyber Security Awareness,Yes,Annual
JC1116,Cyber Security Awareness,Yes,Annual
JC8109,Code of Conduct,Yes,Annual
JC8109,Cyber Security Awareness,Yes,Annual
JC9614,Code of Conduct,Yes,Annual
JC9614,Cyber Security Awareness,Yes,Annual
JC2583,Code of Conduct,Yes,Annual
JC2583,Cyber Security Awareness,Yes,Annual
JC7478,Code of Conduct,Yes,Annual
JC7478,Cyber Security Awareness,Yes,Annual
JC7478,IFRS 9 Update,Yes,Annual
JC3204,Code of Conduct,Yes,Annual
JC3204,Cyber Security Awareness,Yes,Annual
JC8369,Code of Conduct,Yes,Annual
JC8369,Cyber Security Awareness,Yes,Annual
JC3423,Code of Conduct,Yes,Annual
JC3423,Cyber Security Awareness,Yes,Annual
JC3423,AML & Sanctions Awareness,Yes,Annual
JC8882,Code of Conduct,Yes,Annual
JC8882,Cyber Security Awareness,Yes,Annual
JC8882,Credit Risk Essentials,Yes,Every 2 years
JC5482,Code of Conduct,Yes,Annual
JC5482,Cyber Security Awareness,Yes,Annual
JC2804,Code of Conduct,Yes,Annual
JC2804,Cyber Security Awareness,Yes,Annual
JC3703,Code of Conduct,Yes,Annual
JC3703,Cyber Security Awareness,Yes,Annual
JC3703,Data Privacy,Yes,Annual
JC4162,Code of Conduct,Yes,Annual
JC4162,Cyber Security Awareness,Yes,Annual
JC4162,Leading Teams,Yes,Once
JC2692,Code of Conduct,Yes,Annual
JC2692,Cyber Security Awareness,Yes,Annual
JC2692,Leading Teams,Yes,Once
JC2692,Cyber Security Awareness,Yes,Annual
JC6552,Code of Conduct,Yes,Annual
JC6552,Cyber Security Awareness,Yes,Annual
JC6552,Leading Teams,Yes,Once
JC1515,Code of Conduct,Yes,Annual
JC1515,Cyber Security Awareness,Yes,Annual
JC1309,Code of Conduct,Yes,Annual
JC1309,Cyber Security Awareness,Yes,Annual
JC1309,Code of Conduct,Yes,Annual
JC3749,Code of Conduct,Yes,Annual
JC3749,Cyber Security Awareness,Yes,Annual
JC1121,Code of Conduct,Yes,Annual
JC1121,Cyber Security Awareness,Yes,Annual
JC1121,Operational Risk Management,Yes,Every 2 years
JC7162,Code of Conduct,Yes,Annual
JC7162,Cyber Security Awareness,Yes,Annual
JC7162,Leading Teams,Yes,Once
JC3612,Code of Conduct,Yes,Annual
JC3612,Cyber Security Awareness,Yes,Annual
JC3612,IFRS 9 Update,Yes,Annual
JC7153,Code of Conduct,Yes,Annual
JC7153,Cyber Security Awareness,Yes,Annual
JC7153,IFRS 9 Update,Yes,Annual
JC5420,Code of Conduct,Yes,Annual
JC5420,Cyber Security Awareness,Yes,Annual
JC8381,Code of Conduct,Yes,Annual
JC8381,Cyber Security Awareness,Yes,Annual
JC7124,Code of Conduct,Yes,Annual
JC7124,Cyber Security Awareness,Yes,Annual
JC4753,Code of Conduct,Yes,Annual
JC4753,Cyber Security Awareness,Yes,Annual
JC8885,Code of Conduct,Yes,Annual
JC8885,Cyber Security Awareness,Yes,Annual
JC8885,Credit Risk Essentials,Yes,Every 2 years
JC8887,Code of Conduct,Yes,Annual
JC8887,Cyber Security Awareness,Yes,Annual
JC8887,Operational Risk Management,Yes,Every 2 years
JC6545,Code of Conduct,Yes,Annual
JC6545,Cyber Security Awareness,Yes,Annual
JC6545,Credit Risk Essentials,Yes,Every 2 years
JC3767,Code of Conduct,Yes,Annual
JC3767,Cyber Security Awareness,Yes,Annual
JC3767,Credit Risk Essentials,Yes,Every 2 years
JC7183,Code of Conduct,Yes,Annual
JC7183,Cyber Security Awareness,Yes,Annual
JC2986,Code of Conduct,Yes,Annual
JC2986,Cyber Security Awareness,Yes,Annual
JC2986,Anti-Fraud Fundamentals,Yes,Annual
JC8040,Code of Conduct,Yes,Annual
JC8040,Cyber Security Awareness,Yes,Annual
JC4282,Code of Conduct,Yes,Annual
JC4282,Cyber Security Awareness,Yes,Annual
JC4282,Leading Teams,Yes,Once
JC8639,Code of Conduct,Yes,Annual
JC8639,Cyber Security Awareness,Yes,Annual
JC6457,Code of Conduct,Yes,Annual
JC6457,Cyber Security Awareness,Yes,Annual
JC2525,Code of Conduct,Yes,Annual
JC2525,Cyber Security Awareness,Yes,Annual
JC2145,Code of Conduct,Yes,Annual
JC2145,Cyber Security Awareness,Yes,Annual
JC8001,Code of Conduct,Yes,Annual
JC8001,Cyber Security Awareness,Yes,Annual
JC2892,Code of Conduct,Yes,Annual
JC2892,Cyber Security Awareness,Yes,Annual
JC4059,Code of Conduct,Yes,Annual
JC4059,Cyber Security Awareness,Yes,Annual
JC4059,Credit Risk Essentials,Yes,Every 2 years
JC5687,Code of Conduct,Yes,Annual
JC5687,Cyber Security Awareness,Yes,Annual
JC3979,Code of Conduct,Yes,Annual
JC3979,Cyber Security Awareness,Yes,Annual
JC6267,Code of Conduct,Yes,Annual
JC6267,Cyber Security Awareness,Yes,Annual
JC9362,Code of Conduct,Yes,Annual
JC9362,Cyber Security Awareness,Yes,Annual
JC4956,Code of Conduct,Yes,Annual
JC4956,Cyber Security Awareness,Yes,Annual
JC3109,Code of Conduct,Yes,Annual
JC3109,Cyber Security Awareness,Yes,Annual
JC9513,Code of Conduct,Yes,Annual
JC9513,Cyber Security Awareness,Yes,Annual
JC9513,Credit Risk Essentials,Yes,Every 2 years
JC4767,Code of Conduct,Yes,Annual
JC4767,Cyber Security Awareness,Yes,Annual
JC4767,Leading Teams,Yes,Once
JC8849,Code of Conduct,Yes,Annual
JC8849,Cyber Security Awareness,Yes,Annual
JC8849,Leading Teams,Yes,Once
JC8849,Credit Risk Essentials,Yes,Every 2 years
JC4200,Code of Conduct,Yes,Annual
JC4200,Cyber Security Awareness,Yes,Annual
JC6862,Code of Conduct,Yes,Annual
JC6862,Cyber Security Awareness,Yes,Annual
JC4072,Code of Conduct,Yes,Annual
JC4072,Cyber Security Awareness,Yes,Annual
JC7486,Code of Conduct,Yes,Annual
JC7486,Cyber Security Awareness,Yes,Annual
JC7486,Anti-Fraud Fundamentals,Yes,Annual
JC2493,Code of Conduct,Yes,Annual
JC2493,Cyber Security Awareness,Yes,Annual
JC9959,Code of Conduct,Yes,Annual
JC9959,Cyber Security Awareness,Yes,Annual
JC2027,Code of Conduct,Yes,Annual
JC2027,Cyber Security Awareness,Yes,Annual
JC7698,Code of Conduct,Yes,Annual
JC7698,Cyber Security Awareness,Yes,Annual
JC1278,Code of Conduct,Yes,Annual
JC1278,Cyber Security Awareness,Yes,Annual
JC1278,SAMA Consumer Protection,Yes,Annual
JC1745,Code of Conduct,Yes,Annual
JC1745,Cyber Security Awareness,Yes,Annual
JC1745,Credit Risk Essentials,Yes,Every 2 years
JC2543,Code of Conduct,Yes,Annual
JC2543,Cyber Security Awareness,Yes,Annual
JC2543,IFRS 9 Update,Yes,Annual
JC9667,Code of Conduct,Yes,Annual
JC9667,Cyber Security Awareness,Yes,Annual
JC9667,IFRS 9 Update,Yes,Annual
JC4064,Code of Conduct,Yes,Annual
JC4064,Cyber Security Awareness,Yes,Annual
JC4064,Leading Teams,Yes,Once
JC3519,Code of Conduct,Yes,Annual
JC3519,Cyber Security Awareness,Yes,Annual
JC9360,Code of Conduct,Yes,Annual
JC9360,Cyber Security Awareness,Yes,Annual
JC3759,Code of Conduct,Yes,Annual
JC3759,Cyber Security Awareness,Yes,Annual
JC1708,Code of Conduct,Yes,Annual
JC1708,Cyber Security Awareness,Yes,Annual
JC9229,Code of Conduct,Yes,Annual
JC9229,Cyber Security Awareness,Yes,Annual
JC9229,Data Privacy,Yes,Annual
JC2397,Code of Conduct,Yes,Annual
JC2397,Cyber Security Awareness,Yes,Annual
JC9742,Code of Conduct,Yes,Annual
JC9742,Cyber Security Awareness,Yes,Annual
JC9742,Anti-Fraud Fundamentals,Yes,Annual
JC9951,Code of Conduct,Yes,Annual
JC9951,Cyber Security Awareness,Yes,Annual
JC9951,Operational Risk Management,Yes,Every 2 years
JC8267,Code of Conduct,Yes,Annual
JC8267,Cyber Security Awareness,Yes,Annual
JC8267,Data Privacy,Yes,Annual
JC5548,Code of Conduct,Yes,Annual
JC5548,Cyber Security Awareness,Yes,Annual
JC3908,Code of Conduct,Yes,Annual
JC3908,Cyber Security Awareness,Yes,Annual
JC7428,Code of Conduct,Yes,Annual
JC7428,Cyber Security Awareness,Yes,Annual
JC7428,IFRS 9 Update,Yes,Annual
JC7428,Leading Teams,Yes,Once
JC9730,Code of Conduct,Yes,Annual
JC9730,Cyber Security Awareness,Yes,Annual
JC9730,IFRS 9 Update,Yes,Annual
JC9730,Leading Teams,Yes,Once
JC9730,IFRS 9 Update,Yes,Annual
JC1773,Code of Conduct,Yes,Annual
JC1773,Cyber Security Awareness,Yes,Annual
JC1773,IFRS 9 Update,Yes,Annual
JC1773,Leading Teams,Yes,Once
JC4372,Code of Conduct,Yes,Annual
JC4372,Cyber Security Awareness,Yes,Annual
JC4372,IFRS 9 Update,Yes,Annual
JC4372,Leading Teams,Yes,Once
JC3117,Code of Conduct,Yes,Annual
JC3117,Cyber Security Awareness,Yes,Annual
JC3117,IFRS 9 Update,Yes,Annual
JC9479,Code of Conduct,Yes,Annual
JC9479,Cyber Security Awareness,Yes,Annual
JC9479,IFRS 9 Update,Yes,Annual
JC9479,Data Privacy,Yes,Annual
JC4816,Code of Conduct,Yes,Annual
JC4816,Cyber Security Awareness,Yes,Annual
JC4816,IFRS 9 Update,Yes,Annual
JC4816,IFRS 9 Update,Yes,Annual
JC8221,Code of Conduct,Yes,Annual
JC8221,Cyber Security Awareness,Yes,Annual
JC8221,IFRS 9 Update,Yes,Annual
JC6780,Code of Conduct,Yes,Annual
JC6780,Cyber Security Awareness,Yes,Annual
JC6780,IFRS 9 Update,Yes,Annual
JC6922,Code of Conduct,Yes,Annual
JC6922,Cyber Security Awareness,Yes,Annual
JC6922,IFRS 9 Update,Yes,Annual
JC7615,Code of Conduct,Yes,Annual
JC7615,Cyber Security Awareness,Yes,Annual
JC7615,IFRS 9 Update,Yes,Annual
JC1577,Code of Conduct,Yes,Annual
JC1577,Cyber Security Awareness,Yes,Annual
JC1577,IFRS 9 Update,Yes,Annual
JC1577,Data Privacy,Yes,Annual
JC2456,Code of Conduct,Yes,Annual
JC2456,Cyber Security Awareness,Yes,Annual
JC2456,IFRS 9 Update,Yes,Annual
JC8201,Code of Conduct,Yes,Annual
JC8201,Cyber Security Awareness,Yes,Annual
JC8201,IFRS 9 Update,Yes,Annual
JC4939,Code of Conduct,Yes,Annual
JC4939,Cyber Security Awareness,Yes,Annual
JC4939,IFRS 9 Update,Yes,Annual
JC2452,Code of Conduct,Yes,Annual
JC2452,Cyber Security Awareness,Yes,Annual
JC2452,IFRS 9 Update,Yes,Annual
JC2452,Code of Conduct,Yes,Annual
JC2373,Code of Conduct,Yes,Annual
JC2373,Cyber Security Awareness,Yes,Annual
JC2373,IFRS 9 Update,Yes,Annual
JC5931,Code of Conduct,Yes,Annual
JC5931,Cyber Security Awareness,Yes,Annual
JC5931,IFRS 9 Update,Yes,Annual
JC5931,Leading Teams,Yes,Once
JC5931,Credit Risk Essentials,Yes,Every 2 years
JC5921,Code of Conduct,Yes,Annual
JC5921,Cyber Security Awareness,Yes,Annual
JC5921,IFRS 9 Update,Yes,Annual
JC7561,Code of Conduct,Yes,Annual
JC7561,Cyber Security Awareness,Yes,Annual
JC7561,IFRS 9 Update,Yes,Annual
JC7561,AML & Sanctions Awareness,Yes,Annual
JC1325,Code of Conduct,Yes,Annual
JC1325,Cyber Security Awareness,Yes,Annual
JC1325,IFRS 9 Update,Yes,Annual
JC3021,Code of Conduct,Yes,Annual
JC3021,Cyber Security Awareness,Yes,Annual
JC3021,IFRS 9 Update,Yes,Annual
JC5410,Code of Conduct,Yes,Annual
JC5410,Cyber Security Awareness,Yes,Annual
JC5410,IFRS 9 Update,Yes,Annual
JC8466,Code of Conduct,Yes,Annual
JC8466,Cyber Security Awareness,Yes,Annual
JC8466,IFRS 9 Update,Yes,Annual
JC5101,Code of Conduct,Yes,Annual
JC5101,Cyber Security Awareness,Yes,Annual
JC5101,IFRS 9 Update,Yes,Annual
JC7732,Code of Conduct,Yes,Annual
JC7732,Cyber Security Awareness,Yes,Annual
JC7732,IFRS 9 Update,Yes,Annual
JC7732,Operational Risk Management,Yes,Every 2 years
JC3178,Code of Conduct,Yes,Annual
JC3178,Cyber Security Awareness,Yes,Annual
JC3178,IFRS 9 Update,Yes,Annual
JC3178,Cyber Security Awareness,Yes,Annual
JC4196,Code of Conduct,Yes,Annual
JC4196,Cyber Security Awareness,Yes,Annual
JC4196,IFRS 9 Update,Yes,Annual
JC4376,Code of Conduct,Yes,Annual
JC4376,Cyber Security Awareness,Yes,Annual
JC4376,IFRS 9 Update,Yes,Annual
JC4376,Leading Teams,Yes,Once
JC1573,Code of Conduct,Yes,Annual
JC1573,Cyber Security Awareness,Yes,Annual
JC1573,IFRS 9 Update,Yes,Annual
JC8785,Code of Conduct,Yes,Annual
JC8785,Cyber Security Awareness,Yes,Annual
JC8785,IFRS 9 Update,Yes,Annual
JC4827,Code of Conduct,Yes,Annual
JC4827,Cyber Security Awareness,Yes,Annual
JC4827,IFRS 9 Update,Yes,Annual
JC4827,Operational Risk Management,Yes,Every 2 years
JC5707,Code of Conduct,Yes,Annual
JC5707,Cyber Security Awareness,Yes,Annual
JC5707,IFRS 9 Update,Yes,Annual
JC8779,Code of Conduct,Yes,Annual
JC8779,Cyber Security Awareness,Yes,Annual
JC8779,IFRS 9 Update,Yes,Annual
JC4346,Code of Conduct,Yes,Annual
JC4346,Cyber Security Awareness,Yes,Annual
JC4346,IFRS 9 Update,Yes,Annual
JC2242,Code of Conduct,Yes,Annual
JC2242,Cyber Security Awareness,Yes,Annual
JC2242,IFRS 9 Update,Yes,Annual
JC2242,SAMA Consumer Protection,Yes,Annual
JC1828,Code of Conduct,Yes,Annual
JC1828,Cyber Security Awareness,Yes,Annual
JC1828,IFRS 9 Update,Yes,Annual
JC1828,AML & Sanctions Awareness,Yes,Annual
JC7784,Code of Conduct,Yes,Annual
JC7784,Cyber Security Awareness,Yes,Annual
JC7784,IFRS 9 Update,Yes,Annual
JC6521,Code of Conduct,Yes,Annual
JC6521,Cyber Security Awareness,Yes,Annual
JC6521,IFRS 9 Update,Yes,Annual
JC3696,Code of Conduct,Yes,Annual
JC3696,Cyber Security Awareness,Yes,Annual
JC3696,IFRS 9 Update,Yes,Annual
JC3696,Code of Conduct,Yes,Annual
JC2097,Code of Conduct,Yes,Annual
JC2097,Cyber Security Awareness,Yes,Annual
JC2097,IFRS 9 Update,Yes,Annual
JC6496,Code of Conduct,Yes,Annual
JC6496,Cyber Security Awareness,Yes,Annual
JC6496,IFRS 9 Update,Yes,Annual
JC6496,Credit Risk Essentials,Yes,Every 2 years
JC8927,Code of Conduct,Yes,Annual
JC8927,Cyber Security Awareness,Yes,Annual
JC8927,IFRS 9 Update,Yes,Annual
JC6773,Code of Conduct,Yes,Annual
JC6773,Cyber Security Awareness,Yes,Annual
JC6773,IFRS 9 Update,Yes,Annual
JC4602,Code of Conduct,Yes,Annual
JC4602,Cyber Security Awareness,Yes,Annual
JC4602,IFRS 9 Update,Yes,Annual
JC4602,Leading Teams,Yes,Once
JC3089,Code of Conduct,Yes,Annual
JC3089,Cyber Security Awareness,Yes,Annual
JC3089,IFRS 9 Update,Yes,Annual
JC3089,Code of Conduct,Yes,Annual
JC2754,Code of Conduct,Yes,Annual
JC2754,Cyber Security Awareness,Yes,Annual
JC2754,IFRS 9 Update,Yes,Annual
JC7140,Code of Conduct,Yes,Annual
JC7140,Cyber Security Awareness,Yes,Annual
JC7140,IFRS 9 Update,Yes,Annual
JC1680,Code of Conduct,Yes,Annual
JC1680,Cyber Security Awareness,Yes,Annual
JC1680,IFRS 9 Update,Yes,Annual
JC1680,SAMA Consumer Protection,Yes,Annual
JC5863,Code of Conduct,Yes,Annual
JC5863,Cyber Security Awareness,Yes,Annual
JC5863,IFRS 9 Update,Yes,Annual
JC2444,Code of Conduct,Yes,Annual
JC2444,Cyber Security Awareness,Yes,Annual
JC2444,IFRS 9 Update,Yes,Annual
JC4658,Code of Conduct,Yes,Annual
JC4658,Cyber Security Awareness,Yes,Annual
JC4658,IFRS 9 Update,Yes,Annual
JC4658,Anti-Fraud Fundamentals,Yes,Annual
JC5669,Code of Conduct,Yes,Annual
JC5669,Cyber Security Awareness,Yes,Annual
JC5669,IFRS 9 Update,Yes,Annual
JC7598,Code of Conduct,Yes,Annual
JC7598,Cyber Security Awareness,Yes,Annual
JC7598,IFRS 9 Update,Yes,Annual
JC9916,Code of Conduct,Yes,Annual
JC9916,Cyber Security Awareness,Yes,Annual
JC9916,IFRS 9 Update,Yes,Annual
JC4885,Code of Conduct,Yes,Annual
JC4885,Cyber Security Awareness,Yes,Annual
JC4885,IFRS 9 Update,Yes,Annual
JC4885,Operational Risk Management,Yes,Every 2 years
JC8931,Code of Conduct,Yes,Annual
JC8931,Cyber Security Awareness,Yes,Annual
JC8931,IFRS 9 Update,Yes,Annual
JC2982,Code of Conduct,Yes,Annual
JC2982,Cyber Security Awareness,Yes,Annual
JC2982,IFRS 9 Update,Yes,Annual
JC2982,Leading Teams,Yes,Once
JC2982,Cyber Security Awareness,Yes,Annual
JC2682,Code of Conduct,Yes,Annual
JC2682,Cyber Security Awareness,Yes,Annual
JC2682,IFRS 9 Update,Yes,Annual
JC2682,Leading Teams,Yes,Once
JC2184,Code of Conduct,Yes,Annual
JC2184,Cyber Security Awareness,Yes,Annual
JC2184,IFRS 9 Update,Yes,Annual
JC6855,Code of Conduct,Yes,Annual
JC6855,Cyber Security Awareness,Yes,Annual
JC6855,IFRS 9 Update,Yes,Annual
JC3208,Code of Conduct,Yes,Annual
JC3208,Cyber Security Awareness,Yes,Annual
JC3208,IFRS 9 Update,Yes,Annual
JC3208,Leading Teams,Yes,Once
JC4103,Code of Conduct,Yes,Annual
JC4103,Cyber Security Awareness,Yes,Annual
JC4103,IFRS 9 Update,Yes,Annual
JC8203,Code of Conduct,Yes,Annual
JC8203,Cyber Security Awareness,Yes,Annual
JC8203,IFRS 9 Update,Yes,Annual
JC5353,Code of Conduct,Yes,Annual
JC5353,Cyber Security Awareness,Yes,Annual
JC5353,IFRS 9 Update,Yes,Annual
JC3647,Code of Conduct,Yes,Annual
JC3647,Cyber Security Awareness,Yes,Annual
JC3647,IFRS 9 Update,Yes,Annual
JC3507,Code of Conduct,Yes,Annual
JC3507,Cyber Security Awareness,Yes,Annual
JC3507,IFRS 9 Update,Yes,Annual
JC3507,Cyber Security Awareness,Yes,Annual
JC5818,Code of Conduct,Yes,Annual
JC5818,Cyber Security Awareness,Yes,Annual
JC5818,IFRS 9 Update,Yes,Annual
JC7451,Code of Conduct,Yes,Annual
JC7451,Cyber Security Awareness,Yes,Annual
JC7451,IFRS 9 Update,Yes,Annual
JC4572,Code of Conduct,Yes,Annual
JC4572,Cyber Security Awareness,Yes,Annual
JC4572,IFRS 9 Update,Yes,Annual
JC1837,Code of Conduct,Yes,Annual
JC1837,Cyber Security Awareness,Yes,Annual
JC1837,IFRS 9 Update,Yes,Annual
JC1837,Anti-Fraud Fundamentals,Yes,Annual
JC8855,Code of Conduct,Yes,Annual
JC8855,Cyber Security Awareness,Yes,Annual
JC8855,IFRS 9 Update,Yes,Annual
JC1131,Code of Conduct,Yes,Annual
JC1131,Cyber Security Awareness,Yes,Annual
JC1131,IFRS 9 Update,Yes,Annual
JC1131,SAMA Consumer Protection,Yes,Annual
JC1955,Code of Conduct,Yes,Annual
JC1955,Cyber Security Awareness,Yes,Annual
JC1955,IFRS 9 Update,Yes,Annual
JC7504,Code of Conduct,Yes,Annual
JC7504,Cyber Security Awareness,Yes,Annual
JC7504,IFRS 9 Update,Yes,Annual
JC5390,Code of Conduct,Yes,Annual
JC5390,Cyber Security Awareness,Yes,Annual
JC5390,IFRS 9 Update,Yes,Annual
JC5176,Code of Conduct,Yes,Annual
JC5176,Cyber Security Awareness,Yes,Annual
JC5176,IFRS 9 Update,Yes,Annual
JC2287,Code of Conduct,Yes,Annual
JC2287,Cyber Security Awareness,Yes,Annual
JC2287,IFRS 9 Update,Yes,Annual
JC6917,Code of Conduct,Yes,Annual
JC6917,Cyber Security Awareness,Yes,Annual
JC6917,IFRS 9 Update,Yes,Annual
JC8869,Code of Conduct,Yes,Annual
JC8869,Cyber Security Awareness,Yes,Annual
JC8869,IFRS 9 Update,Yes,Annual
JC7590,Code of Conduct,Yes,Annual
JC7590,Cyber Security Awareness,Yes,Annual
JC7590,IFRS 9 Update,Yes,Annual
JC4255,Code of Conduct,Yes,Annual
JC4255,Cyber Security Awareness,Yes,Annual
JC4255,IFRS 9 Update,Yes,Annual
JC4525,Code of Conduct,Yes,Annual
JC4525,Cyber Security Awareness,Yes,Annual
JC4525,IFRS 9 Update,Yes,Annual
JC3814,Code of Conduct,Yes,Annual
JC3814,Cyber Security Awareness,Yes,Annual
JC3814,IFRS 9 Update,Yes,Annual
JC6901,Code of Conduct,Yes,Annual
JC6901,Cyber Security Awareness,Yes,Annual
JC6901,IFRS 9 Update,Yes,Annual
JC7165,Code of Conduct,Yes,Annual
JC7165,Cyber Security Awareness,Yes,Annual
JC7165,IFRS 9 Update,Yes,Annual
JC1216,Code of Conduct,Yes,Annual
JC1216,Cyber Security Awareness,Yes,Annual
JC1216,IFRS 9 Update,Yes,Annual
JC1216,SAMA Consumer Protection,Yes,Annual
JC5424,Code of Conduct,Yes,Annual
JC5424,Cyber Security Awareness,Yes,Annual
JC5424,IFRS 9 Update,Yes,Annual
JC7434,Code of Conduct,Yes,Annual
JC7434,Cyber Security Awareness,Yes,Annual
JC7434,IFRS 9 Update,Yes,Annual
JC4269,Code of Conduct,Yes,Annual
JC4269,Cyber Security Awareness,Yes,Annual
JC4269,IFRS 9 Update,Yes,Annual
JC2477,Code of Conduct,Yes,Annual
JC2477,Cyber Security Awareness,Yes,Annual
JC2477,IFRS 9 Update,Yes,Annual
JC5258,Code of Conduct,Yes,Annual
JC5258,Cyber Security Awareness,Yes,Annual
JC5258,IFRS 9 Update,Yes,Annual
JC8185,Code of Conduct,Yes,Annual
JC8185,Cyber Security Awareness,Yes,Annual
JC8185,IFRS 9 Update,Yes,Annual
JC1347,Code of Conduct,Yes,Annual
JC1347,Cyber Security Awareness,Yes,Annual
JC1347,IFRS 9 Update,Yes,Annual
JC1347,Leading Teams,Yes,Once
JC1151,Code of Conduct,Yes,Annual
JC1151,Cyber Security Awareness,Yes,Annual
JC1151,IFRS 9 Update,Yes,Annual
JC1151,Leading Teams,Yes,Once
JC1151,SAMA Consumer Protection,Yes,Annual
JC3434,Code of Conduct,Yes,Annual
JC3434,Cyber Security Awareness,Yes,Annual
JC3434,IFRS 9 Update,Yes,Annual
JC3434,Leading Teams,Yes,Once
JC8532,Code of Conduct,Yes,Annual
JC8532,Cyber Security Awareness,Yes,Annual
JC8532,IFRS 9 Update,Yes,Annual
JC4001,Code of Conduct,Yes,Annual
JC4001,Cyber Security Awareness,Yes,Annual
JC4001,IFRS 9 Update,Yes,Annual
JC1017,Code of Conduct,Yes,Annual
JC1017,Cyber Security Awareness,Yes,Annual
JC1017,IFRS 9 Update,Yes,Annual
JC1017,Leading Teams,Yes,Once
JC2786,Code of Conduct,Yes,Annual
JC2786,Cyber Security Awareness,Yes,Annual
JC2786,IFRS 9 Update,Yes,Annual
JC2798,Code of Conduct,Yes,Annual
JC2798,Cyber Security Awareness,Yes,Annual
JC2798,IFRS 9 Update,Yes,Annual
JC1146,Code of Conduct,Yes,Annual
JC1146,Cyber Security Awareness,Yes,Annual
JC1146,IFRS 9 Update,Yes,Annual
JC1146,Code of Conduct,Yes,Annual
JC8289,Code of Conduct,Yes,Annual
JC8289,Cyber Security Awareness,Yes,Annual
JC8289,IFRS 9 Update,Yes,Annual
JC2787,Code of Conduct,Yes,Annual
JC2787,Cyber Security Awareness,Yes,Annual
JC2787,IFRS 9 Update,Yes,Annual
JC8919,Code of Conduct,Yes,Annual
JC8919,Cyber Security Awareness,Yes,Annual
JC8919,IFRS 9 Update,Yes,Annual
JC6490,Code of Conduct,Yes,Annual
JC6490,Cyber Security Awareness,Yes,Annual
JC6490,IFRS 9 Update,Yes,Annual
JC6947,Code of Conduct,Yes,Annual
JC6947,Cyber Security Awareness,Yes,Annual
JC6947,IFRS 9 Update,Yes,Annual
JC6947,IFRS 9 Update,Yes,Annual
JC7564,Code of Conduct,Yes,Annual
JC7564,Cyber Security Awareness,Yes,Annual
JC7564,IFRS 9 Update,Yes,Annual
JC7564,Anti-Fraud Fundamentals,Yes,Annual
JC8670,Code of Conduct,Yes,Annual
JC8670,Cyber Security Awareness,Yes,Annual
JC8670,IFRS 9 Update,Yes,Annual
JC8670,AML & Sanctions Awareness,Yes,Annual
JC9901,Code of Conduct,Yes,Annual
JC9901,Cyber Security Awareness,Yes,Annual
JC9901,IFRS 9 Update,Yes,Annual
JC5867,Code of Conduct,Yes,Annual
JC5867,Cyber Security Awareness,Yes,Annual
JC5867,IFRS 9 Update,Yes,Annual
JC5867,Leading Teams,Yes,Once
JC4176,Code of Conduct,Yes,Annual
JC4176,Cyber Security Awareness,Yes,Annual
JC4176,IFRS 9 Update,Yes,Annual
JC6920,Code of Conduct,Yes,Annual
JC6920,Cyber Security Awareness,Yes,Annual
JC6920,IFRS 9 Update,Yes,Annual
JC8728,Code of Conduct,Yes,Annual
JC8728,Cyber Security Awareness,Yes,Annual
JC8728,IFRS 9 Update,Yes,Annual
JC9105,Code of Conduct,Yes,Annual
JC9105,Cyber Security Awareness,Yes,Annual
JC9105,IFRS 9 Update,Yes,Annual
JC9105,Code of Conduct,Yes,Annual
JC5498,Code of Conduct,Yes,Annual
JC5498,Cyber Security Awareness,Yes,Annual
JC5498,IFRS 9 Update,Yes,Annual
JC3038,Code of Conduct,Yes,Annual
JC3038,Cyber Security Awareness,Yes,Annual
JC3038,IFRS 9 Update,Yes,Annual
JC9797,Code of Conduct,Yes,Annual
JC9797,Cyber Security Awareness,Yes,Annual
JC9797,IFRS 9 Update,Yes,Annual
JC2857,Code of Conduct,Yes,Annual
JC2857,Cyber Security Awareness,Yes,Annual
JC2857,IFRS 9 Update,Yes,Annual
JC1246,Code of Conduct,Yes,Annual
JC1246,Cyber Security Awareness,Yes,Annual
JC1246,IFRS 9 Update,Yes,Annual
JC1246,Code of Conduct,Yes,Annual
JC1016,Code of Conduct,Yes,Annual
JC1016,Cyber Security Awareness,Yes,Annual
JC1016,IFRS 9 Update,Yes,Annual
JC1016,Cyber Security Awareness,Yes,Annual
JC4511,Code of Conduct,Yes,Annual
JC4511,Cyber Security Awareness,Yes,Annual
JC4511,IFRS 9 Update,Yes,Annual
JC4511,Operational Risk Management,Yes,Every 2 years
JC7988,Code of Conduct,Yes,Annual
JC7988,Cyber Security Awareness,Yes,Annual
JC7988,IFRS 9 Update,Yes,Annual
JC2352,Code of Conduct,Yes,Annual
JC2352,Cyber Security Awareness,Yes,Annual
JC2352,IFRS 9 Update,Yes,Annual
JC4689,Code of Conduct,Yes,Annual
JC4689,Cyber Security Awareness,Yes,Annual
JC4689,IFRS 9 Update,Yes,Annual
JC2704,Code of Conduct,Yes,Annual
JC2704,Cyber Security Awareness,Yes,Annual
JC2704,IFRS 9 Update,Yes,Annual
JC5617,Code of Conduct,Yes,Annual
JC5617,Cyber Security Awareness,Yes,Annual
JC5617,IFRS 9 Update,Yes,Annual
JC7922,Code of Conduct,Yes,Annual
JC7922,Cyber Security Awareness,Yes,Annual
JC7922,IFRS 9 Update,Yes,Annual
JC9033,Code of Conduct,Yes,Annual
JC9033,Cyber Security Awareness,Yes,Annual
JC9033,IFRS 9 Update,Yes,Annual
JC9033,Leading Teams,Yes,Once
JC7510,Code of Conduct,Yes,Annual
JC7510,Cyber Security Awareness,Yes,Annual
JC7510,IFRS 9 Update,Yes,Annual
JC7510,Leading Teams,Yes,Once
JC4395,Code of Conduct,Yes,Annual
JC4395,Cyber Security Awareness,Yes,Annual
JC4395,IFRS 9 Update,Yes,Annual
JC4395,Anti-Fraud Fundamentals,Yes,Annual
JC3675,Code of Conduct,Yes,Annual
JC3675,Cyber Security Awareness,Yes,Annual
JC3675,IFRS 9 Update,Yes,Annual
JC1961,Code of Conduct,Yes,Annual
JC1961,Cyber Security Awareness,Yes,Annual
JC1961,IFRS 9 Update,Yes,Annual
JC7346,Code of Conduct,Yes,Annual
JC7346,Cyber Security Awareness,Yes,Annual
JC7346,IFRS 9 Update,Yes,Annual
JC3929,Code of Conduct,Yes,Annual
JC3929,Cyber Security Awareness,Yes,Annual
JC3929,IFRS 9 Update,Yes,Annual
JC3929,IFRS 9 Update,Yes,Annual
JC3334,Code of Conduct,Yes,Annual
JC3334,Cyber Security Awareness,Yes,Annual
JC3334,IFRS 9 Update,Yes,Annual
JC3334,SAMA Consumer Protection,Yes,Annual
JC9783,Code of Conduct,Yes,Annual
JC9783,Cyber Security Awareness,Yes,Annual
JC9783,IFRS 9 Update,Yes,Annual
JC9783,Leading Teams,Yes,Once
JC3981,Code of Conduct,Yes,Annual
JC3981,Cyber Security Awareness,Yes,Annual
JC3981,IFRS 9 Update,Yes,Annual
JC4976,Code of Conduct,Yes,Annual
JC4976,Cyber Security Awareness,Yes,Annual
JC4976,IFRS 9 Update,Yes,Annual
JC8409,Code of Conduct,Yes,Annual
JC8409,Cyber Security Awareness,Yes,Annual
JC8409,IFRS 9 Update,Yes,Annual
JC8409,Cyber Security Awareness,Yes,Annual
JC3740,Code of Conduct,Yes,Annual
JC3740,Cyber Security Awareness,Yes,Annual
JC3740,IFRS 9 Update,Yes,Annual
JC4324,Code of Conduct,Yes,Annual
JC4324,Cyber Security Awareness,Yes,Annual
JC4324,IFRS 9 Update,Yes,Annual
JC4324,Code of Conduct,Yes,Annual
JC8446,Code of Conduct,Yes,Annual
JC8446,Cyber Security Awareness,Yes,Annual
JC8446,IFRS 9 Update,Yes,Annual
JC6158,Code of Conduct,Yes,Annual
JC6158,Cyber Security Awareness,Yes,Annual
JC6158,IFRS 9 Update,Yes,Annual
JC9336,Code of Conduct,Yes,Annual
JC9336,Cyber Security Awareness,Yes,Annual
JC9336,IFRS 9 Update,Yes,Annual
JC9336,Leading Teams,Yes,Once
JC8405,Code of Conduct,Yes,Annual
JC8405,Cyber Security Awareness,Yes,Annual
JC8405,IFRS 9 Update,Yes,Annual
JC6155,Code of Conduct,Yes,Annual
JC6155,Cyber Security Awareness,Yes,Annual
JC6155,IFRS 9 Update,Yes,Annual
JC4284,Code of Conduct,Yes,Annual
JC4284,Cyber Security Awareness,Yes,Annual
JC4284,IFRS 9 Update,Yes,Annual
JC1250,Code of Conduct,Yes,Annual
JC1250,Cyber Security Awareness,Yes,Annual
JC1250,IFRS 9 Update,Yes,Annual
JC1250,SAMA Consumer Protection,Yes,Annual
JC9892,Code of Conduct,Yes,Annual
JC9892,Cyber Security Awareness,Yes,Annual
JC9892,IFRS 9 Update,Yes,Annual
JC2747,Code of Conduct,Yes,Annual
JC2747,Cyber Security Awareness,Yes,Annual
JC2747,IFRS 9 Update,Yes,Annual
JC6943,Code of Conduct,Yes,Annual
JC6943,Cyber Security Awareness,Yes,Annual
JC6943,IFRS 9 Update,Yes,Annual
JC6943,Leading Teams,Yes,Once
JC7768,Code of Conduct,Yes,Annual
JC7768,Cyber Security Awareness,Yes,Annual
JC7768,IFRS 9 Update,Yes,Annual
JC8220,Code of Conduct,Yes,Annual
JC8220,Cyber Security Awareness,Yes,Annual
JC8220,IFRS 9 Update,Yes,Annual
JC8564,Code of Conduct,Yes,Annual
JC8564,Cyber Security Awareness,Yes,Annual
JC8564,IFRS 9 Update,Yes,Annual
JC7948,Code of Conduct,Yes,Annual
JC7948,Cyber Security Awareness,Yes,Annual
JC7948,IFRS 9 Update,Yes,Annual
JC7319,Code of Conduct,Yes,Annual
JC7319,Cyber Security Awareness,Yes,Annual
JC7319,IFRS 9 Update,Yes,Annual
JC1474,Code of Conduct,Yes,Annual
JC1474,Cyber Security Awareness,Yes,Annual
JC1474,IFRS 9 Update,Yes,Annual
JC2479,Code of Conduct,Yes,Annual
JC2479,Cyber Security Awareness,Yes,Annual
JC2479,IFRS 9 Update,Yes,Annual
JC4094,Code of Conduct,Yes,Annual
JC4094,Cyber Security Awareness,Yes,Annual
JC4094,IFRS 9 Update,Yes,Annual
JC4094,Leading Teams,Yes,Once
JC6516,Code of Conduct,Yes,Annual
JC6516,Cyber Security Awareness,Yes,Annual
JC6516,IFRS 9 Update,Yes,Annual
JC6516,Leading Teams,Yes,Once
JC3538,Code of Conduct,Yes,Annual
JC3538,Cyber Security Awareness,Yes,Annual
JC3538,IFRS 9 Update,Yes,Annual
JC3538,Leading Teams,Yes,Once
JC3201,Code of Conduct,Yes,Annual
JC3201,Cyber Security Awareness,Yes,Annual
JC3201,IFRS 9 Update,Yes,Annual
JC3043,Code of Conduct,Yes,Annual
JC3043,Cyber Security Awareness,Yes,Annual
JC3043,IFRS 9 Update,Yes,Annual
JC8581,Code of Conduct,Yes,Annual
JC8581,Cyber Security Awareness,Yes,Annual
JC8581,IFRS 9 Update,Yes,Annual
JC8680,Code of Conduct,Yes,Annual
JC8680,Cyber Security Awareness,Yes,Annual
JC8680,IFRS 9 Update,Yes,Annual
JC8726,Code of Conduct,Yes,Annual
JC8726,Cyber Security Awareness,Yes,Annual
JC8726,IFRS 9 Update,Yes,Annual
JC6929,Code of Conduct,Yes,Annual
JC6929,Cyber Security Awareness,Yes,Annual
JC6929,IFRS 9 Update,Yes,Annual
JC6929,Cyber Security Awareness,Yes,Annual
JC3803,Code of Conduct,Yes,Annual
JC3803,Cyber Security Awareness,Yes,Annual
JC3803,IFRS 9 Update,Yes,Annual
JC3803,Code of Conduct,Yes,Annual
JC9860,Code of Conduct,Yes,Annual
JC9860,Cyber Security Awareness,Yes,Annual
JC9860,IFRS 9 Update,Yes,Annual
JC9860,Anti-Fraud Fundamentals,Yes,Annual
JC1707,Code of Conduct,Yes,Annual
JC1707,Cyber Security Awareness,Yes,Annual
JC1707,IFRS 9 Update,Yes,Annual
JC8510,Code of Conduct,Yes,Annual
JC8510,Cyber Security Awareness,Yes,Annual
JC8510,IFRS 9 Update,Yes,Annual
JC3516,Code of Conduct,Yes,Annual
JC3516,Cyber Security Awareness,Yes,Annual
JC3516,IFRS 9 Update,Yes,Annual
JC4400,Code of Conduct,Yes,Annual
JC4400,Cyber Security Awareness,Yes,Annual
JC4400,IFRS 9 Update,Yes,Annual
JC4401,Code of Conduct,Yes,Annual
JC4401,Cyber Security Awareness,Yes,Annual
JC4401,IFRS 9 Update,Yes,Annual
JC5899,Code of Conduct,Yes,Annual
JC5899,Cyber Security Awareness,Yes,Annual
JC5899,IFRS 9 Update,Yes,Annual
JC2491,Code of Conduct,Yes,Annual
JC2491,Cyber Security Awareness,Yes,Annual
JC2491,IFRS 9 Update,Yes,Annual
JC4327,Code of Conduct,Yes,Annual
JC4327,Cyber Security Awareness,Yes,Annual
JC4327,IFRS 9 Update,Yes,Annual
JC4327,Credit Risk Essentials,Yes,Every 2 years
JC6461,Code of Conduct,Yes,Annual
JC6461,Cyber Security Awareness,Yes,Annual
JC6461,IFRS 9 Update,Yes,Annual
JC6461,Leading Teams,Yes,Once
JC8205,Code of Conduct,Yes,Annual
JC8205,Cyber Security Awareness,Yes,Annual
JC8205,IFRS 9 Update,Yes,Annual
JC3306,Code of Conduct,Yes,Annual
JC3306,Cyber Security Awareness,Yes,Annual
JC3306,IFRS 9 Update,Yes,Annual
JC3306,AML & Sanctions Awareness,Yes,Annual
JC4195,Code of Conduct,Yes,Annual
JC4195,Cyber Security Awareness,Yes,Annual
JC4195,IFRS 9 Update,Yes,Annual
JC2381,Code of Conduct,Yes,Annual
JC2381,Cyber Security Awareness,Yes,Annual
JC2381,IFRS 9 Update,Yes,Annual
JC4823,Code of Conduct,Yes,Annual
JC4823,Cyber Security Awareness,Yes,Annual
JC4823,IFRS 9 Update,Yes,Annual
JC4823,Cyber Security Awareness,Yes,Annual
JC7851,Code of Conduct,Yes,Annual
JC7851,Cyber Security Awareness,Yes,Annual
JC7851,IFRS 9 Update,Yes,Annual
JC1525,Code of Conduct,Yes,Annual
JC1525,Cyber Security Awareness,Yes,Annual
JC1525,IFRS 9 Update,Yes,Annual
JC1245,Code of Conduct,Yes,Annual
JC1245,Cyber Security Awareness,Yes,Annual
JC1245,IFRS 9 Update,Yes,Annual
JC7997,Code of Conduct,Yes,Annual
JC7997,Cyber Security Awareness,Yes,Annual
JC7997,IFRS 9 Update,Yes,Annual
JC7997,Leading Teams,Yes,Once
JC8124,Code of Conduct,Yes,Annual
JC8124,Cyber Security Awareness,Yes,Annual
JC8124,IFRS 9 Update,Yes,Annual
JC9308,Code of Conduct,Yes,Annual
JC9308,Cyber Security Awareness,Yes,Annual
JC9308,IFRS 9 Update,Yes,Annual
JC4545,Code of Conduct,Yes,Annual
JC4545,Cyber Security Awareness,Yes,Annual
JC4545,IFRS 9 Update,Yes,Annual
JC4545,Anti-Fraud Fundamentals,Yes,Annual
JC5120,Code of Conduct,Yes,Annual
JC5120,Cyber Security Awareness,Yes,Annual
JC5120,IFRS 9 Update,Yes,Annual
JC3656,Code of Conduct,Yes,Annual
JC3656,Cyber Security Awareness,Yes,Annual
JC3656,IFRS 9 Update,Yes,Annual
JC3656,Cyber Security Awareness,Yes,Annual
JC8385,Code of Conduct,Yes,Annual
JC8385,Cyber Security Awareness,Yes,Annual
JC8385,IFRS 9 Update,Yes,Annual
JC7785,Code of Conduct,Yes,Annual
JC7785,Cyber Security Awareness,Yes,Annual
JC7785,IFRS 9 Update,Yes,Annual
JC9848,Code of Conduct,Yes,Annual
JC9848,Cyber Security Awareness,Yes,Annual
JC9848,IFRS 9 Update,Yes,Annual
JC9848,IFRS 9 Update,Yes,Annual
JC9280,Code of Conduct,Yes,Annual
JC9280,Cyber Security Awareness,Yes,Annual
JC9280,IFRS 9 Update,Yes,Annual
JC8238,Code of Conduct,Yes,Annual
JC8238,Cyber Security Awareness,Yes,Annual
JC8238,IFRS 9 Update,Yes,Annual
JC8238,Leading Teams,Yes,Once
JC2250,Code of Conduct,Yes,Annual
JC2250,Cyber Security Awareness,Yes,Annual
JC2250,IFRS 9 Update,Yes,Annual
JC3531,Code of Conduct,Yes,Annual
JC3531,Cyber Security Awareness,Yes,Annual
JC3531,IFRS 9 Update,Yes,Annual
JC8163,Code of Conduct,Yes,Annual
JC8163,Cyber Security Awareness,Yes,Annual
JC8163,IFRS 9 Update,Yes,Annual
JC6409,Code of Conduct,Yes,Annual
JC6409,Cyber Security Awareness,Yes,Annual
JC6409,IFRS 9 Update,Yes,Annual
JC5852,Code of Conduct,Yes,Annual
JC5852,Cyber Security Awareness,Yes,Annual
JC5852,IFRS 9 Update,Yes,Annual
JC5852,Credit Risk Essentials,Yes,Every 2 years
JC2313,Code of Conduct,Yes,Annual
JC2313,Cyber Security Awareness,Yes,Annual
JC2313,IFRS 9 Update,Yes,Annual
JC9399,Code of Conduct,Yes,Annual
JC9399,Cyber Security Awareness,Yes,Annual
JC9399,IFRS 9 Update,Yes,Annual
JC8453,Code of Conduct,Yes,Annual
JC8453,Cyber Security Awareness,Yes,Annual
JC8453,IFRS 9 Update,Yes,Annual
JC9978,Code of Conduct,Yes,Annual
JC9978,Cyber Security Awareness,Yes,Annual
JC9978,IFRS 9 Update,Yes,Annual
JC4634,Code of Conduct,Yes,Annual
JC4634,Cyber Security Awareness,Yes,Annual
JC4634,IFRS 9 Update,Yes,Annual
JC2920,Code of Conduct,Yes,Annual
JC2920,Cyber Security Awareness,Yes,Annual
JC2920,IFRS 9 Update,Yes,Annual
JC9682,Code of Conduct,Yes,Annual
JC9682,Cyber Security Awareness,Yes,Annual
JC9682,IFRS 9 Update,Yes,Annual
JC1788,Code of Conduct,Yes,Annual
JC1788,Cyber Security Awareness,Yes,Annual
JC1788,IFRS 9 Update,Yes,Annual
JC6344,Code of Conduct,Yes,Annual
JC6344,Cyber Security Awareness,Yes,Annual
JC6344,IFRS 9 Update,Yes,Annual
JC8731,Code of Conduct,Yes,Annual
JC8731,Cyber Security Awareness,Yes,Annual
JC8731,IFRS 9 Update,Yes,Annual
JC8676,Code of Conduct,Yes,Annual
JC8676,Cyber Security Awareness,Yes,Annual
JC8676,IFRS 9 Update,Yes,Annual
JC7729,Code of Conduct,Yes,Annual
JC7729,Cyber Security Awareness,Yes,Annual
JC7729,IFRS 9 Update,Yes,Annual
JC5598,Code of Conduct,Yes,Annual
JC5598,Cyber Security Awareness,Yes,Annual
JC5598,IFRS 9 Update,Yes,Annual
JC1382,Code of Conduct,Yes,Annual
JC1382,Cyber Security Awareness,Yes,Annual
JC1382,IFRS 9 Update,Yes,Annual
JC8491,Code of Conduct,Yes,Annual
JC8491,Cyber Security Awareness,Yes,Annual
JC8491,IFRS 9 Update,Yes,Annual
JC9101,Code of Conduct,Yes,Annual
JC9101,Cyber Security Awareness,Yes,Annual
JC9101,IFRS 9 Update,Yes,Annual
JC9101,Code of Conduct,Yes,Annual
JC2992,Code of Conduct,Yes,Annual
JC2992,Cyber Security Awareness,Yes,Annual
JC2992,IFRS 9 Update,Yes,Annual
JC2992,IFRS 9 Update,Yes,Annual
JC8958,Code of Conduct,Yes,Annual
JC8958,Cyber Security Awareness,Yes,Annual
JC8958,IFRS 9 Update,Yes,Annual
JC5158,Code of Conduct,Yes,Annual
JC5158,Cyber Security Awareness,Yes,Annual
JC5158,IFRS 9 Update,Yes,Annual
JC5158,Data Privacy,Yes,Annual
JC9653,Code of Conduct,Yes,Annual
JC9653,Cyber Security Awareness,Yes,Annual
JC9653,IFRS 9 Update,Yes,Annual
JC7365,Code of Conduct,Yes,Annual
JC7365,Cyber Security Awareness,Yes,Annual
JC7365,IFRS 9 Update,Yes,Annual
JC8228,Code of Conduct,Yes,Annual
JC8228,Cyber Security Awareness,Yes,Annual
JC8228,IFRS 9 Update,Yes,Annual
JC6339,Code of Conduct,Yes,Annual
JC6339,Cyber Security Awareness,Yes,Annual
JC6339,IFRS 9 Update,Yes,Annual
JC1055,Code of Conduct,Yes,Annual
JC1055,Cyber Security Awareness,Yes,Annual
JC1055,IFRS 9 Update,Yes,Annual
JC1055,Leading Teams,Yes,Once
JC8374,Code of Conduct,Yes,Annual
JC8374,Cyber Security Awareness,Yes,Annual
JC8374,IFRS 9 Update,Yes,Annual
JC8374,Leading Teams,Yes,Once
JC1819,Code of Conduct,Yes,Annual
JC1819,Cyber Security Awareness,Yes,Annual
JC1819,IFRS 9 Update,Yes,Annual
JC3288,Code of Conduct,Yes,Annual
JC3288,Cyber Security Awareness,Yes,Annual
JC3288,IFRS 9 Update,Yes,Annual
JC7024,Code of Conduct,Yes,Annual
JC7024,Cyber Security Awareness,Yes,Annual
JC7024,IFRS 9 Update,Yes,Annual
JC8571,Code of Conduct,Yes,Annual
JC8571,Cyber Security Awareness,Yes,Annual
JC8571,IFRS 9 Update,Yes,Annual
JC5879,Code of Conduct,Yes,Annual
JC5879,Cyber Security Awareness,Yes,Annual
JC5879,IFRS 9 Update,Yes,Annual
JC5879,IFRS 9 Update,Yes,Annual
JC3695,Code of Conduct,Yes,Annual
JC3695,Cyber Security Awareness,Yes,Annual
JC3695,IFRS 9 Update,Yes,Annual
JC5966,Code of Conduct,Yes,Annual
JC5966,Cyber Security Awareness,Yes,Annual
JC5966,IFRS 9 Update,Yes,Annual
JC5966,SAMA Consumer Protection,Yes,Annual
JC7078,Code of Conduct,Yes,Annual
JC7078,Cyber Security Awareness,Yes,Annual
JC7078,IFRS 9 Update,Yes,Annual
JC7078,Leading Teams,Yes,Once
JC8089,Code of Conduct,Yes,Annual
JC8089,Cyber Security Awareness,Yes,Annual
JC8089,IFRS 9 Update,Yes,Annual
JC9962,Code of Conduct,Yes,Annual
JC9962,Cyber Security Awareness,Yes,Annual
JC9962,IFRS 9 Update,Yes,Annual
JC4036,Code of Conduct,Yes,Annual
JC4036,Cyber Security Awareness,Yes,Annual
JC4036,IFRS 9 Update,Yes,Annual
JC4036,SAMA Consumer Protection,Yes,Annual
JC5777,Code of Conduct,Yes,Annual
JC5777,Cyber Security Awareness,Yes,Annual
JC5777,IFRS 9 Update,Yes,Annual
JC1764,Code of Conduct,Yes,Annual
JC1764,Cyber Security Awareness,Yes,Annual
JC1764,IFRS 9 Update,Yes,Annual
JC1764,Leading Teams,Yes,Once
JC1686,Code of Conduct,Yes,Annual
JC1686,Cyber Security Awareness,Yes,Annual
JC1686,IFRS 9 Update,Yes,Annual
JC1686,IFRS 9 Update,Yes,Annual
JC9398,Code of Conduct,Yes,Annual
JC9398,Cyber Security Awareness,Yes,Annual
JC9398,IFRS 9 Update,Yes,Annual
JC1978,Code of Conduct,Yes,Annual
JC1978,Cyber Security Awareness,Yes,Annual
JC1978,IFRS 9 Update,Yes,Annual
JC1471,Code of Conduct,Yes,Annual
JC1471,Cyber Security Awareness,Yes,Annual
JC1471,IFRS 9 Update,Yes,Annual
JC5296,Code of Conduct,Yes,Annual
JC5296,Cyber Security Awareness,Yes,Annual
JC5296,IFRS 9 Update,Yes,Annual
JC4568,Code of Conduct,Yes,Annual
JC4568,Cyber Security Awareness,Yes,Annual
JC4568,IFRS 9 Update,Yes,Annual
JC4484,Code of Conduct,Yes,Annual
JC4484,Cyber Security Awareness,Yes,Annual
JC4484,IFRS 9 Update,Yes,Annual
JC4484,Code of Conduct,Yes,Annual
JC9914,Code of Conduct,Yes,Annual
JC9914,Cyber Security Awareness,Yes,Annual
JC9914,IFRS 9 Update,Yes,Annual
JC9914,Leading Teams,Yes,Once
JC7983,Code of Conduct,Yes,Annual
JC7983,Cyber Security Awareness,Yes,Annual
JC7983,IFRS 9 Update,Yes,Annual
JC7983,Leading Teams,Yes,Once
JC4029,Code of Conduct,Yes,Annual
JC4029,Cyber Security Awareness,Yes,Annual
JC4029,IFRS 9 Update,Yes,Annual
JC4029,SAMA Consumer Protection,Yes,Annual
JC2849,Code of Conduct,Yes,Annual
JC2849,Cyber Security Awareness,Yes,Annual
JC2849,IFRS 9 Update,Yes,Annual
JC2849,Operational Risk Management,Yes,Every 2 years
JC6574,Code of Conduct,Yes,Annual
JC6574,Cyber Security Awareness,Yes,Annual
JC6574,IFRS 9 Update,Yes,Annual
JC4436,Code of Conduct,Yes,Annual
JC4436,Cyber Security Awareness,Yes,Annual
JC4436,IFRS 9 Update,Yes,Annual
JC1945,Code of Conduct,Yes,Annual
JC1945,Cyber Security Awareness,Yes,Annual
JC1945,IFRS 9 Update,Yes,Annual
JC8697,Code of Conduct,Yes,Annual
JC8697,Cyber Security Awareness,Yes,Annual
JC8697,IFRS 9 Update,Yes,Annual
JC6214,Code of Conduct,Yes,Annual
JC6214,Cyber Security Awareness,Yes,Annual
JC6214,IFRS 9 Update,Yes,Annual
JC5778,Code of Conduct,Yes,Annual
JC5778,Cyber Security Awareness,Yes,Annual
JC5778,IFRS 9 Update,Yes,Annual
JC5778,Leading Teams,Yes,Once
JC3303,Code of Conduct,Yes,Annual
JC3303,Cyber Security Awareness,Yes,Annual
JC3303,IFRS 9 Update,Yes,Annual
JC3303,Leading Teams,Yes,Once
JC5154,Code of Conduct,Yes,Annual
JC5154,Cyber Security Awareness,Yes,Annual
JC5154,IFRS 9 Update,Yes,Annual
JC5154,Anti-Fraud Fundamentals,Yes,Annual
JC1118,Code of Conduct,Yes,Annual
JC1118,Cyber Security Awareness,Yes,Annual
JC1118,IFRS 9 Update,Yes,Annual
JC1118,Code of Conduct,Yes,Annual
JC4952,Code of Conduct,Yes,Annual
JC4952,Cyber Security Awareness,Yes,Annual
JC4952,IFRS 9 Update,Yes,Annual
JC9293,Code of Conduct,Yes,Annual
JC9293,Cyber Security Awareness,Yes,Annual
JC9293,IFRS 9 Update,Yes,Annual
JC7626,Code of Conduct,Yes,Annual
JC7626,Cyber Security Awareness,Yes,Annual
JC7626,IFRS 9 Update,Yes,Annual
JC5447,Code of Conduct,Yes,Annual
JC5447,Cyber Security Awareness,Yes,Annual
JC5447,IFRS 9 Update,Yes,Annual
JC3588,Code of Conduct,Yes,Annual
JC3588,Cyber Security Awareness,Yes,Annual
JC3588,IFRS 9 Update,Yes,Annual
JC3588,SAMA Consumer Protection,Yes,Annual
JC2280,Code of Conduct,Yes,Annual
JC2280,Cyber Security Awareness,Yes,Annual
JC2280,IFRS 9 Update,Yes,Annual
JC1709,Code of Conduct,Yes,Annual
JC1709,Cyber Security Awareness,Yes,Annual
JC1709,IFRS 9 Update,Yes,Annual
JC9080,Code of Conduct,Yes,Annual
JC9080,Cyber Security Awareness,Yes,Annual
JC9080,IFRS 9 Update,Yes,Annual
JC4585,Code of Conduct,Yes,Annual
JC4585,Cyber Security Awareness,Yes,Annual
JC4585,IFRS 9 Update,Yes,Annual
JC4585,Credit Risk Essentials,Yes,Every 2 years
JC4253,Code of Conduct,Yes,Annual
JC4253,Cyber Security Awareness,Yes,Annual
JC4253,IFRS 9 Update,Yes,Annual
JC7709,Code of Conduct,Yes,Annual
JC7709,Cyber Security Awareness,Yes,Annual
JC7709,IFRS 9 Update,Yes,Annual
JC3494,Code of Conduct,Yes,Annual
JC3494,Cyber Security Awareness,Yes,Annual
JC3494,IFRS 9 Update,Yes,Annual
JC2834,Code of Conduct,Yes,Annual
JC2834,Cyber Security Awareness,Yes,Annual
JC2834,IFRS 9 Update,Yes,Annual
JC2834,Code of Conduct,Yes,Annual
JC1315,Code of Conduct,Yes,Annual
JC1315,Cyber Security Awareness,Yes,Annual
JC1315,IFRS 9 Update,Yes,Annual
JC1315,Leading Teams,Yes,Once
JC2060,Code of Conduct,Yes,Annual
JC2060,Cyber Security Awareness,Yes,Annual
JC2060,IFRS 9 Update,Yes,Annual
JC1266,Code of Conduct,Yes,Annual
JC1266,Cyber Security Awareness,Yes,Annual
JC1266,IFRS 9 Update,Yes,Annual
JC8782,Code of Conduct,Yes,Annual
JC8782,Cyber Security Awareness,Yes,Annual
JC8782,IFRS 9 Update,Yes,Annual
JC8782,Data Privacy,Yes,Annual
JC6571,Code of Conduct,Yes,Annual
JC6571,Cyber Security Awareness,Yes,Annual
JC6571,IFRS 9 Update,Yes,Annual
JC3006,Code of Conduct,Yes,Annual
JC3006,Cyber Security Awareness,Yes,Annual
JC3006,IFRS 9 Update,Yes,Annual
JC3006,Data Privacy,Yes,Annual
JC6573,Code of Conduct,Yes,Annual
JC6573,Cyber Security Awareness,Yes,Annual
JC6573,IFRS 9 Update,Yes,Annual
JC8310,Code of Conduct,Yes,Annual
JC8310,Cyber Security Awareness,Yes,Annual
JC8310,IFRS 9 Update,Yes,Annual
JC8506,Code of Conduct,Yes,Annual
JC8506,Cyber Security Awareness,Yes,Annual
JC8506,IFRS 9 Update,Yes,Annual
JC8172,Code of Conduct,Yes,Annual
JC8172,Cyber Security Awareness,Yes,Annual
JC8172,IFRS 9 Update,Yes,Annual
JC4151,Code of Conduct,Yes,Annual
JC4151,Cyber Security Awareness,Yes,Annual
JC4151,IFRS 9 Update,Yes,Annual
JC4151,Credit Risk Essentials,Yes,Every 2 years
JC8682,Code of Conduct,Yes,Annual
JC8682,Cyber Security Awareness,Yes,Annual
JC8682,IFRS 9 Update,Yes,Annual
JC5265,Code of Conduct,Yes,Annual
JC5265,Cyber Security Awareness,Yes,Annual
JC5265,IFRS 9 Update,Yes,Annual
JC4350,Code of Conduct,Yes,Annual
JC4350,Cyber Security Awareness,Yes,Annual
JC4350,IFRS 9 Update,Yes,Annual
JC4350,Operational Risk Management,Yes,Every 2 years
JC8387,Code of Conduct,Yes,Annual
JC8387,Cyber Security Awareness,Yes,Annual
JC8387,IFRS 9 Update,Yes,Annual
JC5566,Code of Conduct,Yes,Annual
JC5566,Cyber Security Awareness,Yes,Annual
JC5566,AML & Sanctions Awareness,Yes,Annual
JC5566,Leading Teams,Yes,Once
JC8012,Code of Conduct,Yes,Annual
JC8012,Cyber Security Awareness,Yes,Annual
JC8012,AML & Sanctions Awareness,Yes,Annual
JC8012,Leading Teams,Yes,Once
JC8012,Credit Risk Essentials,Yes,Every 2 years
JC8899,Code of Conduct,Yes,Annual
JC8899,Cyber Security Awareness,Yes,Annual
JC8899,AML & Sanctions Awareness,Yes,Annual
JC8899,Leading Teams,Yes,Once
JC8899,IFRS 9 Update,Yes,Annual
JC3829,Code of Conduct,Yes,Annual
JC3829,Cyber Security Awareness,Yes,Annual
JC3829,AML & Sanctions Awareness,Yes,Annual
JC3829,Leading Teams,Yes,Once
JC5615,Code of Conduct,Yes,Annual
JC5615,Cyber Security Awareness,Yes,Annual
JC5615,AML & Sanctions Awareness,Yes,Annual
JC4567,Code of Conduct,Yes,Annual
JC4567,Cyber Security Awareness,Yes,Annual
JC4567,AML & Sanctions Awareness,Yes,Annual
JC3780,Code of Conduct,Yes,Annual
JC3780,Cyber Security Awareness,Yes,Annual
JC3780,AML & Sanctions Awareness,Yes,Annual
JC3780,Cyber Security Awareness,Yes,Annual
JC3476,Code of Conduct,Yes,Annual
JC3476,Cyber Security Awareness,Yes,Annual
JC3476,AML & Sanctions Awareness,Yes,Annual
JC3476,Cyber Security Awareness,Yes,Annual
JC8384,Code of Conduct,Yes,Annual
JC8384,Cyber Security Awareness,Yes,Annual
JC8384,AML & Sanctions Awareness,Yes,Annual
JC9304,Code of Conduct,Yes,Annual
JC9304,Cyber Security Awareness,Yes,Annual
JC9304,AML & Sanctions Awareness,Yes,Annual
JC3644,Code of Conduct,Yes,Annual
JC3644,Cyber Security Awareness,Yes,Annual
JC3644,AML & Sanctions Awareness,Yes,Annual
JC4100,Code of Conduct,Yes,Annual
JC4100,Cyber Security Awareness,Yes,Annual
JC4100,AML & Sanctions Awareness,Yes,Annual
JC7194,Code of Conduct,Yes,Annual
JC7194,Cyber Security Awareness,Yes,Annual
JC7194,AML & Sanctions Awareness,Yes,Annual
JC4876,Code of Conduct,Yes,Annual
JC4876,Cyber Security Awareness,Yes,Annual
JC4876,AML & Sanctions Awareness,Yes,Annual
JC4876,AML & Sanctions Awareness,Yes,Annual
JC9690,Code of Conduct,Yes,Annual
JC9690,Cyber Security Awareness,Yes,Annual
JC9690,AML & Sanctions Awareness,Yes,Annual
JC2621,Code of Conduct,Yes,Annual
JC2621,Cyber Security Awareness,Yes,Annual
JC2621,AML & Sanctions Awareness,Yes,Annual
JC3317,Code of Conduct,Yes,Annual
JC3317,Cyber Security Awareness,Yes,Annual
JC3317,AML & Sanctions Awareness,Yes,Annual
JC9052,Code of Conduct,Yes,Annual
JC9052,Cyber Security Awareness,Yes,Annual
JC9052,AML & Sanctions Awareness,Yes,Annual
JC9052,Leading Teams,Yes,Once
JC1547,Code of Conduct,Yes,Annual
JC1547,Cyber Security Awareness,Yes,Annual
JC1547,AML & Sanctions Awareness,Yes,Annual
JC1547,Data Privacy,Yes,Annual
JC4275,Code of Conduct,Yes,Annual
JC4275,Cyber Security Awareness,Yes,Annual
JC4275,AML & Sanctions Awareness,Yes,Annual
JC8440,Code of Conduct,Yes,Annual
JC8440,Cyber Security Awareness,Yes,Annual
JC8440,AML & Sanctions Awareness,Yes,Annual
JC8440,Cyber Security Awareness,Yes,Annual
JC4730,Code of Conduct,Yes,Annual
JC4730,Cyber Security Awareness,Yes,Annual
JC4730,AML & Sanctions Awareness,Yes,Annual
JC5601,Code of Conduct,Yes,Annual
JC5601,Cyber Security Awareness,Yes,Annual
JC5601,AML & Sanctions Awareness,Yes,Annual
JC8216,Code of Conduct,Yes,Annual
JC8216,Cyber Security Awareness,Yes,Annual
JC8216,AML & Sanctions Awareness,Yes,Annual
JC8216,IFRS 9 Update,Yes,Annual
JC8908,Code of Conduct,Yes,Annual
JC8908,Cyber Security Awareness,Yes,Annual
JC8908,AML & Sanctions Awareness,Yes,Annual
JC8908,Credit Risk Essentials,Yes,Every 2 years
JC6363,Code of Conduct,Yes,Annual
JC6363,Cyber Security Awareness,Yes,Annual
JC6363,AML & Sanctions Awareness,Yes,Annual
JC9359,Code of Conduct,Yes,Annual
JC9359,Cyber Security Awareness,Yes,Annual
JC9359,AML & Sanctions Awareness,Yes,Annual
JC9085,Code of Conduct,Yes,Annual
JC9085,Cyber Security Awareness,Yes,Annual
JC9085,AML & Sanctions Awareness,Yes,Annual
JC2315,Code of Conduct,Yes,Annual
JC2315,Cyber Security Awareness,Yes,Annual
JC2315,AML & Sanctions Awareness,Yes,Annual
JC1830,Code of Conduct,Yes,Annual
JC1830,Cyber Security Awareness,Yes,Annual
JC1830,AML & Sanctions Awareness,Yes,Annual
JC2731,Code of Conduct,Yes,Annual
JC2731,Cyber Security Awareness,Yes,Annual
JC2731,AML & Sanctions Awareness,Yes,Annual
JC3700,Code of Conduct,Yes,Annual
JC3700,Cyber Security Awareness,Yes,Annual
JC3700,AML & Sanctions Awareness,Yes,Annual
JC3700,Leading Teams,Yes,Once
JC3700,Anti-Fraud Fundamentals,Yes,Annual
JC5612,Code of Conduct,Yes,Annual
JC5612,Cyber Security Awareness,Yes,Annual
JC5612,AML & Sanctions Awareness,Yes,Annual
JC5612,Leading Teams,Yes,Once
JC8066,Code of Conduct,Yes,Annual
JC8066,Cyber Security Awareness,Yes,Annual
JC8066,AML & Sanctions Awareness,Yes,Annual
JC8066,AML & Sanctions Awareness,Yes,Annual
JC4640,Code of Conduct,Yes,Annual
JC4640,Cyber Security Awareness,Yes,Annual
JC4640,AML & Sanctions Awareness,Yes,Annual
JC4640,Data Privacy,Yes,Annual
JC5633,Code of Conduct,Yes,Annual
JC5633,Cyber Security Awareness,Yes,Annual
JC5633,AML & Sanctions Awareness,Yes,Annual
JC9267,Code of Conduct,Yes,Annual
JC9267,Cyber Security Awareness,Yes,Annual
JC9267,AML & Sanctions Awareness,Yes,Annual
JC9267,IFRS 9 Update,Yes,Annual
JC8357,Code of Conduct,Yes,Annual
JC8357,Cyber Security Awareness,Yes,Annual
JC8357,AML & Sanctions Awareness,Yes,Annual
JC8357,IFRS 9 Update,Yes,Annual
JC1553,Code of Conduct,Yes,Annual
JC1553,Cyber Security Awareness,Yes,Annual
JC1553,AML & Sanctions Awareness,Yes,Annual
JC1625,Code of Conduct,Yes,Annual
JC1625,Cyber Security Awareness,Yes,Annual
JC1625,AML & Sanctions Awareness,Yes,Annual
JC1625,Operational Risk Management,Yes,Every 2 years
JC6969,Code of Conduct,Yes,Annual
JC6969,Cyber Security Awareness,Yes,Annual
JC6969,AML & Sanctions Awareness,Yes,Annual
JC7043,Code of Conduct,Yes,Annual
JC7043,Cyber Security Awareness,Yes,Annual
JC7043,AML & Sanctions Awareness,Yes,Annual
JC7043,Leading Teams,Yes,Once
JC7043,Cyber Security Awareness,Yes,Annual
JC5562,Code of Conduct,Yes,Annual
JC5562,Cyber Security Awareness,Yes,Annual
JC5562,AML & Sanctions Awareness,Yes,Annual
JC3815,Code of Conduct,Yes,Annual
JC3815,Cyber Security Awareness,Yes,Annual
JC3815,AML & Sanctions Awareness,Yes,Annual
JC7258,Code of Conduct,Yes,Annual
JC7258,Cyber Security Awareness,Yes,Annual
JC7258,AML & Sanctions Awareness,Yes,Annual
JC7258,Code of Conduct,Yes,Annual
JC6243,Code of Conduct,Yes,Annual
JC6243,Cyber Security Awareness,Yes,Annual
JC6243,AML & Sanctions Awareness,Yes,Annual
JC7051,Code of Conduct,Yes,Annual
JC7051,Cyber Security Awareness,Yes,Annual
JC7051,AML & Sanctions Awareness,Yes,Annual
JC7051,Cyber Security Awareness,Yes,Annual
JC4597,Code of Conduct,Yes,Annual
JC4597,Cyber Security Awareness,Yes,Annual
JC4597,AML & Sanctions Awareness,Yes,Annual
JC4597,Credit Risk Essentials,Yes,Every 2 years
JC6517,Code of Conduct,Yes,Annual
JC6517,Cyber Security Awareness,Yes,Annual
JC6517,AML & Sanctions Awareness,Yes,Annual
JC3776,Code of Conduct,Yes,Annual
JC3776,Cyber Security Awareness,Yes,Annual
JC3776,AML & Sanctions Awareness,Yes,Annual
JC3776,AML & Sanctions Awareness,Yes,Annual
JC4086,Code of Conduct,Yes,Annual
JC4086,Cyber Security Awareness,Yes,Annual
JC4086,AML & Sanctions Awareness,Yes,Annual
JC5438,Code of Conduct,Yes,Annual
JC5438,Cyber Security Awareness,Yes,Annual
JC5438,AML & Sanctions Awareness,Yes,Annual
JC5438,AML & Sanctions Awareness,Yes,Annual
JC8309,Code of Conduct,Yes,Annual
JC8309,Cyber Security Awareness,Yes,Annual
JC8309,AML & Sanctions Awareness,Yes,Annual
JC5530,Code of Conduct,Yes,Annual
JC5530,Cyber Security Awareness,Yes,Annual
JC5530,AML & Sanctions Awareness,Yes,Annual
JC9973,Code of Conduct,Yes,Annual
JC9973,Cyber Security Awareness,Yes,Annual
JC9973,AML & Sanctions Awareness,Yes,Annual
JC9973,Leading Teams,Yes,Once
JC2159,Code of Conduct,Yes,Annual
JC2159,Cyber Security Awareness,Yes,Annual
JC2159,AML & Sanctions Awareness,Yes,Annual
JC2159,Leading Teams,Yes,Once
JC2159,Leading Teams,Yes,Once
JC9488,Code of Conduct,Yes,Annual
JC9488,Cyber Security Awareness,Yes,Annual
JC9488,AML & Sanctions Awareness,Yes,Annual
JC9488,Leading Teams,Yes,Once
JC9488,Cyber Security Awareness,Yes,Annual
JC8226,Code of Conduct,Yes,Annual
JC8226,Cyber Security Awareness,Yes,Annual
JC8226,AML & Sanctions Awareness,Yes,Annual
JC9179,Code of Conduct,Yes,Annual
JC9179,Cyber Security Awareness,Yes,Annual
JC9179,AML & Sanctions Awareness,Yes,Annual
JC3493,Code of Conduct,Yes,Annual
JC3493,Cyber Security Awareness,Yes,Annual
JC3493,AML & Sanctions Awareness,Yes,Annual
JC4004,Code of Conduct,Yes,Annual
JC4004,Cyber Security Awareness,Yes,Annual
JC4004,AML & Sanctions Awareness,Yes,Annual
JC5137,Code of Conduct,Yes,Annual
JC5137,Cyber Security Awareness,Yes,Annual
JC5137,AML & Sanctions Awareness,Yes,Annual
JC3839,Code of Conduct,Yes,Annual
JC3839,Cyber Security Awareness,Yes,Annual
JC3839,AML & Sanctions Awareness,Yes,Annual
JC2400,Code of Conduct,Yes,Annual
JC2400,Cyber Security Awareness,Yes,Annual
JC2400,AML & Sanctions Awareness,Yes,Annual
JC8862,Code of Conduct,Yes,Annual
JC8862,Cyber Security Awareness,Yes,Annual
JC8862,AML & Sanctions Awareness,Yes,Annual
JC4209,Code of Conduct,Yes,Annual
JC4209,Cyber Security Awareness,Yes,Annual
JC4209,AML & Sanctions Awareness,Yes,Annual
JC4209,Code of Conduct,Yes,Annual
JC3023,Code of Conduct,Yes,Annual
JC3023,Cyber Security Awareness,Yes,Annual
JC3023,AML & Sanctions Awareness,Yes,Annual
JC5051,Code of Conduct,Yes,Annual
JC5051,Cyber Security Awareness,Yes,Annual
JC5051,AML & Sanctions Awareness,Yes,Annual
JC4879,Code of Conduct,Yes,Annual
JC4879,Cyber Security Awareness,Yes,Annual
JC4879,AML & Sanctions Awareness,Yes,Annual
JC4879,Code of Conduct,Yes,Annual
JC7317,Code of Conduct,Yes,Annual
JC7317,Cyber Security Awareness,Yes,Annual
JC7317,AML & Sanctions Awareness,Yes,Annual
JC7317,Cyber Security Awareness,Yes,Annual
JC1795,Code of Conduct,Yes,Annual
JC1795,Cyber Security Awareness,Yes,Annual
JC1795,AML & Sanctions Awareness,Yes,Annual
JC7753,Code of Conduct,Yes,Annual
JC7753,Cyber Security Awareness,Yes,Annual
JC7753,AML & Sanctions Awareness,Yes,Annual
JC7753,Leading Teams,Yes,Once
JC2110,Code of Conduct,Yes,Annual
JC2110,Cyber Security Awareness,Yes,Annual
JC2110,AML & Sanctions Awareness,Yes,Annual
JC2267,Code of Conduct,Yes,Annual
JC2267,Cyber Security Awareness,Yes,Annual
JC2267,AML & Sanctions Awareness,Yes,Annual
JC2267,AML & Sanctions Awareness,Yes,Annual
JC7273,Code of Conduct,Yes,Annual
JC7273,Cyber Security Awareness,Yes,Annual
JC7273,AML & Sanctions Awareness,Yes,Annual
JC6528,Code of Conduct,Yes,Annual
JC6528,Cyber Security Awareness,Yes,Annual
JC6528,AML & Sanctions Awareness,Yes,Annual
JC4074,Code of Conduct,Yes,Annual
JC4074,Cyber Security Awareness,Yes,Annual
JC4074,AML & Sanctions Awareness,Yes,Annual
JC4655,Code of Conduct,Yes,Annual
JC4655,Cyber Security Awareness,Yes,Annual
JC4655,AML & Sanctions Awareness,Yes,Annual
JC7201,Code of Conduct,Yes,Annual
JC7201,Cyber Security Awareness,Yes,Annual
JC7201,AML & Sanctions Awareness,Yes,Annual
JC7201,Credit Risk Essentials,Yes,Every 2 years
JC9184,Code of Conduct,Yes,Annual
JC9184,Cyber Security Awareness,Yes,Annual
JC9184,AML & Sanctions Awareness,Yes,Annual
JC6869,Code of Conduct,Yes,Annual
JC6869,Cyber Security Awareness,Yes,Annual
JC6869,AML & Sanctions Awareness,Yes,Annual
JC6869,Operational Risk Management,Yes,Every 2 years
JC2519,Code of Conduct,Yes,Annual
JC2519,Cyber Security Awareness,Yes,Annual
JC2519,AML & Sanctions Awareness,Yes,Annual
JC2519,Operational Risk Management,Yes,Every 2 years
JC3937,Code of Conduct,Yes,Annual
JC3937,Cyber Security Awareness,Yes,Annual
JC3937,AML & Sanctions Awareness,Yes,Annual
JC3001,Code of Conduct,Yes,Annual
JC3001,Cyber Security Awareness,Yes,Annual
JC3001,AML & Sanctions Awareness,Yes,Annual
JC6098,Code of Conduct,Yes,Annual
JC6098,Cyber Security Awareness,Yes,Annual
JC6098,AML & Sanctions Awareness,Yes,Annual
JC5760,Code of Conduct,Yes,Annual
JC5760,Cyber Security Awareness,Yes,Annual
JC5760,AML & Sanctions Awareness,Yes,Annual
JC2411,Code of Conduct,Yes,Annual
JC2411,Cyber Security Awareness,Yes,Annual
JC2411,AML & Sanctions Awareness,Yes,Annual
JC4308,Code of Conduct,Yes,Annual
JC4308,Cyber Security Awareness,Yes,Annual
JC4308,AML & Sanctions Awareness,Yes,Annual
JC8346,Code of Conduct,Yes,Annual
JC8346,Cyber Security Awareness,Yes,Annual
JC8346,AML & Sanctions Awareness,Yes,Annual
JC5214,Code of Conduct,Yes,Annual
JC5214,Cyber Security Awareness,Yes,Annual
JC5214,AML & Sanctions Awareness,Yes,Annual
JC5214,Cyber Security Awareness,Yes,Annual
JC1489,Code of Conduct,Yes,Annual
JC1489,Cyber Security Awareness,Yes,Annual
JC1489,AML & Sanctions Awareness,Yes,Annual
JC6292,Code of Conduct,Yes,Annual
JC6292,Cyber Security Awareness,Yes,Annual
JC6292,AML & Sanctions Awareness,Yes,Annual
JC2931,Code of Conduct,Yes,Annual
JC2931,Cyber Security Awareness,Yes,Annual
JC2931,AML & Sanctions Awareness,Yes,Annual
JC2931,AML & Sanctions Awareness,Yes,Annual
JC9006,Code of Conduct,Yes,Annual
JC9006,Cyber Security Awareness,Yes,Annual
JC9006,AML & Sanctions Awareness,Yes,Annual
JC7128,Code of Conduct,Yes,Annual
JC7128,Cyber Security Awareness,Yes,Annual
JC7128,AML & Sanctions Awareness,Yes,Annual
JC3622,Code of Conduct,Yes,Annual
JC3622,Cyber Security Awareness,Yes,Annual
JC3622,AML & Sanctions Awareness,Yes,Annual
JC3622,Leading Teams,Yes,Once
JC7917,Code of Conduct,Yes,Annual
JC7917,Cyber Security Awareness,Yes,Annual
JC7917,AML & Sanctions Awareness,Yes,Annual
JC1962,Code of Conduct,Yes,Annual
JC1962,Cyber Security Awareness,Yes,Annual
JC1962,AML & Sanctions Awareness,Yes,Annual
JC8624,Code of Conduct,Yes,Annual
JC8624,Cyber Security Awareness,Yes,Annual
JC8624,AML & Sanctions Awareness,Yes,Annual
JC6525,Code of Conduct,Yes,Annual
JC6525,Cyber Security Awareness,Yes,Annual
JC6525,AML & Sanctions Awareness,Yes,Annual
JC6525,Operational Risk Management,Yes,Every 2 years
JC9194,Code of Conduct,Yes,Annual
JC9194,Cyber Security Awareness,Yes,Annual
JC9194,AML & Sanctions Awareness,Yes,Annual
JC9194,Operational Risk Management,Yes,Every 2 years
JC1440,Code of Conduct,Yes,Annual
JC1440,Cyber Security Awareness,Yes,Annual
JC1440,AML & Sanctions Awareness,Yes,Annual
JC6488,Code of Conduct,Yes,Annual
JC6488,Cyber Security Awareness,Yes,Annual
JC6488,AML & Sanctions Awareness,Yes,Annual
JC6290,Code of Conduct,Yes,Annual
JC6290,Cyber Security Awareness,Yes,Annual
JC6290,AML & Sanctions Awareness,Yes,Annual
JC4495,Code of Conduct,Yes,Annual
JC4495,Cyber Security Awareness,Yes,Annual
JC4495,AML & Sanctions Awareness,Yes,Annual
JC8231,Code of Conduct,Yes,Annual
JC8231,Cyber Security Awareness,Yes,Annual
JC8231,AML & Sanctions Awareness,Yes,Annual
JC3316,Code of Conduct,Yes,Annual
JC3316,Cyber Security Awareness,Yes,Annual
JC3316,AML & Sanctions Awareness,Yes,Annual
JC5499,Code of Conduct,Yes,Annual
JC5499,Cyber Security Awareness,Yes,Annual
JC5499,AML & Sanctions Awareness,Yes,Annual
JC8795,Code of Conduct,Yes,Annual
JC8795,Cyber Security Awareness,Yes,Annual
JC8795,AML & Sanctions Awareness,Yes,Annual
JC6962,Code of Conduct,Yes,Annual
JC6962,Cyber Security Awareness,Yes,Annual
JC6962,AML & Sanctions Awareness,Yes,Annual
JC2929,Code of Conduct,Yes,Annual
JC2929,Cyber Security Awareness,Yes,Annual
JC2929,AML & Sanctions Awareness,Yes,Annual
JC4314,Code of Conduct,Yes,Annual
JC4314,Cyber Security Awareness,Yes,Annual
JC4314,AML & Sanctions Awareness,Yes,Annual
JC2923,Code of Conduct,Yes,Annual
JC2923,Cyber Security Awareness,Yes,Annual
JC2923,AML & Sanctions Awareness,Yes,Annual
JC8218,Code of Conduct,Yes,Annual
JC8218,Cyber Security Awareness,Yes,Annual
JC8218,Leading Teams,Yes,Once
JC8642,Code of Conduct,Yes,Annual
JC8642,Cyber Security Awareness,Yes,Annual
JC8642,Leading Teams,Yes,Once
JC8642,SAMA Consumer Protection,Yes,Annual
JC2407,Code of Conduct,Yes,Annual
JC2407,Cyber Security Awareness,Yes,Annual
JC2407,Leading Teams,Yes,Once
JC6108,Code of Conduct,Yes,Annual
JC6108,Cyber Security Awareness,Yes,Annual
JC6108,Leading Teams,Yes,Once
JC1974,Code of Conduct,Yes,Annual
JC1974,Cyber Security Awareness,Yes,Annual
JC2597,Code of Conduct,Yes,Annual
JC2597,Cyber Security Awareness,Yes,Annual
JC4661,Code of Conduct,Yes,Annual
JC4661,Cyber Security Awareness,Yes,Annual
JC1103,Code of Conduct,Yes,Annual
JC1103,Cyber Security Awareness,Yes,Annual
JC8334,Code of Conduct,Yes,Annual
JC8334,Cyber Security Awareness,Yes,Annual
JC9045,Code of Conduct,Yes,Annual
JC9045,Cyber Security Awareness,Yes,Annual
JC1976,Code of Conduct,Yes,Annual
JC1976,Cyber Security Awareness,Yes,Annual
JC1976,Operational Risk Management,Yes,Every 2 years
JC6823,Code of Conduct,Yes,Annual
JC6823,Cyber Security Awareness,Yes,Annual
JC1413,Code of Conduct,Yes,Annual
JC1413,Cyber Security Awareness,Yes,Annual
JC4556,Code of Conduct,Yes,Annual
JC4556,Cyber Security Awareness,Yes,Annual
JC3395,Code of Conduct,Yes,Annual
JC3395,Cyber Security Awareness,Yes,Annual
JC5749,Code of Conduct,Yes,Annual
JC5749,Cyber Security Awareness,Yes,Annual
JC2402,Code of Conduct,Yes,Annual
JC2402,Cyber Security Awareness,Yes,Annual
JC2402,Leading Teams,Yes,Once
JC6792,Code of Conduct,Yes,Annual
JC6792,Cyber Security Awareness,Yes,Annual
JC6792,Leading Teams,Yes,Once
JC6792,AML & Sanctions Awareness,Yes,Annual
JC8560,Code of Conduct,Yes,Annual
JC8560,Cyber Security Awareness,Yes,Annual
JC8637,Code of Conduct,Yes,Annual
JC8637,Cyber Security Awareness,Yes,Annual
JC8637,Data Privacy,Yes,Annual
JC6705,Code of Conduct,Yes,Annual
JC6705,Cyber Security Awareness,Yes,Annual
JC3071,Code of Conduct,Yes,Annual
JC3071,Cyber Security Awareness,Yes,Annual
JC3071,IFRS 9 Update,Yes,Annual
JC4230,Code of Conduct,Yes,Annual
JC4230,Cyber Security Awareness,Yes,Annual
JC2127,Code of Conduct,Yes,Annual
JC2127,Cyber Security Awareness,Yes,Annual
JC2127,Data Privacy,Yes,Annual
JC8985,Code of Conduct,Yes,Annual
JC8985,Cyber Security Awareness,Yes,Annual
JC5024,Code of Conduct,Yes,Annual
JC5024,Cyber Security Awareness,Yes,Annual
JC5024,IFRS 9 Update,Yes,Annual
JC8469,Code of Conduct,Yes,Annual
JC8469,Cyber Security Awareness,Yes,Annual
JC2675,Code of Conduct,Yes,Annual
JC2675,Cyber Security Awareness,Yes,Annual
JC2675,Code of Conduct,Yes,Annual
JC7050,Code of Conduct,Yes,Annual
JC7050,Cyber Security Awareness,Yes,Annual
JC6771,Code of Conduct,Yes,Annual
JC6771,Cyber Security Awareness,Yes,Annual
JC5008,Code of Conduct,Yes,Annual
JC5008,Cyber Security Awareness,Yes,Annual
JC5008,AML & Sanctions Awareness,Yes,Annual
JC6894,Code of Conduct,Yes,Annual
JC6894,Cyber Security Awareness,Yes,Annual
JC6894,Credit Risk Essentials,Yes,Every 2 years
JC8462,Code of Conduct,Yes,Annual
JC8462,Cyber Security Awareness,Yes,Annual
JC8462,Leading Teams,Yes,Once
JC5607,Code of Conduct,Yes,Annual
JC5607,Cyber Security Awareness,Yes,Annual
JC5607,Leading Teams,Yes,Once
JC5122,Code of Conduct,Yes,Annual
JC5122,Cyber Security Awareness,Yes,Annual
JC5122,Code of Conduct,Yes,Annual
JC9946,Code of Conduct,Yes,Annual
JC9946,Cyber Security Awareness,Yes,Annual
JC1310,Code of Conduct,Yes,Annual
JC1310,Cyber Security Awareness,Yes,Annual
JC2615,Code of Conduct,Yes,Annual
JC2615,Cyber Security Awareness,Yes,Annual
JC6095,Code of Conduct,Yes,Annual
JC6095,Cyber Security Awareness,Yes,Annual
JC1446,Code of Conduct,Yes,Annual
JC1446,Cyber Security Awareness,Yes,Annual
JC1754,Code of Conduct,Yes,Annual
JC1754,Cyber Security Awareness,Yes,Annual
JC5902,Code of Conduct,Yes,Annual
JC5902,Cyber Security Awareness,Yes,Annual
JC1335,Code of Conduct,Yes,Annual
JC1335,Cyber Security Awareness,Yes,Annual
JC5134,Code of Conduct,Yes,Annual
JC5134,Cyber Security Awareness,Yes,Annual
JC8619,Code of Conduct,Yes,Annual
JC8619,Cyber Security Awareness,Yes,Annual
JC8619,Leading Teams,Yes,Once
JC3561,Code of Conduct,Yes,Annual
JC3561,Cyber Security Awareness,Yes,Annual
JC4895,Code of Conduct,Yes,Annual
JC4895,Cyber Security Awareness,Yes,Annual
JC4895,Cyber Security Awareness,Yes,Annual
JC5480,Code of Conduct,Yes,Annual
JC5480,Cyber Security Awareness,Yes,Annual
JC5480,Code of Conduct,Yes,Annual
JC5916,Code of Conduct,Yes,Annual
JC5916,Cyber Security Awareness,Yes,Annual
JC5916,Data Privacy,Yes,Annual
JC3872,Code of Conduct,Yes,Annual
JC3872,Cyber Security Awareness,Yes,Annual
JC3872,Code of Conduct,Yes,Annual
JC5506,Code of Conduct,Yes,Annual
JC5506,Cyber Security Awareness,Yes,Annual
JC5506,SAMA Consumer Protection,Yes,Annual
JC7558,Code of Conduct,Yes,Annual
JC7558,Cyber Security Awareness,Yes,Annual
JC1297,Code of Conduct,Yes,Annual
JC1297,Cyber Security Awareness,Yes,Annual
JC5935,Code of Conduct,Yes,Annual
JC5935,Cyber Security Awareness,Yes,Annual
JC3056,Code of Conduct,Yes,Annual
JC3056,Cyber Security Awareness,Yes,Annual
JC8825,Code of Conduct,Yes,Annual
JC8825,Cyber Security Awareness,Yes,Annual
JC9249,Code of Conduct,Yes,Annual
JC9249,Cyber Security Awareness,Yes,Annual
JC1484,Code of Conduct,Yes,Annual
JC1484,Cyber Security Awareness,Yes,Annual
JC9658,Code of Conduct,Yes,Annual
JC9658,Cyber Security Awareness,Yes,Annual
JC9658,Leading Teams,Yes,Once
JC3809,Code of Conduct,Yes,Annual
JC3809,Cyber Security Awareness,Yes,Annual
JC3809,Leading Teams,Yes,Once
JC3947,Code of Conduct,Yes,Annual
JC3947,Cyber Security Awareness,Yes,Annual
JC3947,Leading Teams,Yes,Once
JC6235,Code of Conduct,Yes,Annual
JC6235,Cyber Security Awareness,Yes,Annual
JC2541,Code of Conduct,Yes,Annual
JC2541,Cyber Security Awareness,Yes,Annual
JC7497,Code of Conduct,Yes,Annual
JC7497,Cyber Security Awareness,Yes,Annual
JC9529,Code of Conduct,Yes,Annual
JC9529,Cyber Security Awareness,Yes,Annual
JC3950,Code of Conduct,Yes,Annual
JC3950,Cyber Security Awareness,Yes,Annual
JC4733,Code of Conduct,Yes,Annual
JC4733,Cyber Security Awareness,Yes,Annual
JC9975,Code of Conduct,Yes,Annual
JC9975,Cyber Security Awareness,Yes,Annual
JC9975,Anti-Fraud Fundamentals,Yes,Annual
JC1879,Code of Conduct,Yes,Annual
JC1879,Cyber Security Awareness,Yes,Annual
JC1879,AML & Sanctions Awareness,Yes,Annual
JC2092,Code of Conduct,Yes,Annual
JC2092,Cyber Security Awareness,Yes,Annual
JC2092,Anti-Fraud Fundamentals,Yes,Annual
JC9015,Code of Conduct,Yes,Annual
JC9015,Cyber Security Awareness,Yes,Annual
JC3505,Code of Conduct,Yes,Annual
JC3505,Cyber Security Awareness,Yes,Annual
JC3505,Leading Teams,Yes,Once
JC7178,Code of Conduct,Yes,Annual
JC7178,Cyber Security Awareness,Yes,Annual
JC7178,AML & Sanctions Awareness,Yes,Annual
JC9427,Code of Conduct,Yes,Annual
JC9427,Cyber Security Awareness,Yes,Annual
JC9427,Credit Risk Essentials,Yes,Every 2 years
JC9372,Code of Conduct,Yes,Annual
JC9372,Cyber Security Awareness,Yes,Annual
JC2174,Code of Conduct,Yes,Annual
JC2174,Cyber Security Awareness,Yes,Annual
JC4310,Code of Conduct,Yes,Annual
JC4310,Cyber Security Awareness,Yes,Annual
JC5541,Code of Conduct,Yes,Annual
JC5541,Cyber Security Awareness,Yes,Annual
JC4421,Code of Conduct,Yes,Annual
JC4421,Cyber Security Awareness,Yes,Annual
JC6653,Code of Conduct,Yes,Annual
JC6653,Cyber Security Awareness,Yes,Annual
JC6837,Code of Conduct,Yes,Annual
JC6837,Cyber Security Awareness,Yes,Annual
JC6837,Leading Teams,Yes,Once
JC2819,Code of Conduct,Yes,Annual
JC2819,Cyber Security Awareness,Yes,Annual
JC2584,Code of Conduct,Yes,Annual
JC2584,Cyber Security Awareness,Yes,Annual
JC6667,Code of Conduct,Yes,Annual
JC6667,Cyber Security Awareness,Yes,Annual
JC6667,Operational Risk Management,Yes,Every 2 years
JC3496,Code of Conduct,Yes,Annual
JC3496,Cyber Security Awareness,Yes,Annual
JC6725,Code of Conduct,Yes,Annual
JC6725,Cyber Security Awareness,Yes,Annual
JC8880,Code of Conduct,Yes,Annual
JC8880,Cyber Security Awareness,Yes,Annual
JC2256,Code of Conduct,Yes,Annual
JC2256,Cyber Security Awareness,Yes,Annual
JC4474,Code of Conduct,Yes,Annual
JC4474,Cyber Security Awareness,Yes,Annual
JC2257,Code of Conduct,Yes,Annual
JC2257,Cyber Security Awareness,Yes,Annual
JC2257,Leading Teams,Yes,Once
JC2257,Code of Conduct,Yes,Annual
JC4505,Code of Conduct,Yes,Annual
JC4505,Cyber Security Awareness,Yes,Annual
JC4505,Leading Teams,Yes,Once
JC1742,Code of Conduct,Yes,Annual
JC1742,Cyber Security Awareness,Yes,Annual
JC5626,Code of Conduct,Yes,Annual
JC5626,Cyber Security Awareness,Yes,Annual
JC5626,Credit Risk Essentials,Yes,Every 2 years
JC3828,Code of Conduct,Yes,Annual
JC3828,Cyber Security Awareness,Yes,Annual
JC8412,Code of Conduct,Yes,Annual
JC8412,Cyber Security Awareness,Yes,Annual
JC8412,Code of Conduct,Yes,Annual
JC8566,Code of Conduct,Yes,Annual
JC8566,Cyber Security Awareness,Yes,Annual
JC6778,Code of Conduct,Yes,Annual
JC6778,Cyber Security Awareness,Yes,Annual
JC6778,Leading Teams,Yes,Once
JC3393,Code of Conduct,Yes,Annual
JC3393,Cyber Security Awareness,Yes,Annual
JC3563,Code of Conduct,Yes,Annual
JC3563,Cyber Security Awareness,Yes,Annual
JC2540,Code of Conduct,Yes,Annual
JC2540,Cyber Security Awareness,Yes,Annual
JC7693,Code of Conduct,Yes,Annual
JC7693,Cyber Security Awareness,Yes,Annual
JC2149,Code of Conduct,Yes,Annual
JC2149,Cyber Security Awareness,Yes,Annual
JC1765,Code of Conduct,Yes,Annual
JC1765,Cyber Security Awareness,Yes,Annual
JC9091,Code of Conduct,Yes,Annual
JC9091,Cyber Security Awareness,Yes,Annual
JC5657,Code of Conduct,Yes,Annual
JC5657,Cyber Security Awareness,Yes,Annual
JC5657,Leading Teams,Yes,Once
JC5657,Cyber Security Awareness,Yes,Annual
JC8957,Code of Conduct,Yes,Annual
JC8957,Cyber Security Awareness,Yes,Annual
JC8957,Operational Risk Management,Yes,Every 2 years
JC5939,Code of Conduct,Yes,Annual
JC5939,Cyber Security Awareness,Yes,Annual
JC4040,Code of Conduct,Yes,Annual
JC4040,Cyber Security Awareness,Yes,Annual
JC1190,Code of Conduct,Yes,Annual
JC1190,Cyber Security Awareness,Yes,Annual
JC1190,Leading Teams,Yes,Once
JC6404,Code of Conduct,Yes,Annual
JC6404,Cyber Security Awareness,Yes,Annual
JC6404,SAMA Consumer Protection,Yes,Annual
JC2390,Code of Conduct,Yes,Annual
JC2390,Cyber Security Awareness,Yes,Annual
JC3619,Code of Conduct,Yes,Annual
JC3619,Cyber Security Awareness,Yes,Annual
JC5900,Code of Conduct,Yes,Annual
JC5900,Cyber Security Awareness,Yes,Annual
JC8614,Code of Conduct,Yes,Annual
JC8614,Cyber Security Awareness,Yes,Annual
JC3954,Code of Conduct,Yes,Annual
JC3954,Cyber Security Awareness,Yes,Annual
JC7834,Code of Conduct,Yes,Annual
JC7834,Cyber Security Awareness,Yes,Annual
JC7834,SAMA Consumer Protection,Yes,Annual
JC8894,Code of Conduct,Yes,Annual
JC8894,Cyber Security Awareness,Yes,Annual
JC5570,Code of Conduct,Yes,Annual
JC5570,Cyber Security Awareness,Yes,Annual
JC5570,IFRS 9 Update,Yes,Annual
JC2438,Code of Conduct,Yes,Annual
JC2438,Cyber Security Awareness,Yes,Annual
JC9672,Code of Conduct,Yes,Annual
JC9672,Cyber Security Awareness,Yes,Annual
JC1663,Code of Conduct,Yes,Annual
JC1663,Cyber Security Awareness,Yes,Annual
JC6194,Code of Conduct,Yes,Annual
JC6194,Cyber Security Awareness,Yes,Annual
JC4198,Code of Conduct,Yes,Annual
JC4198,Cyber Security Awareness,Yes,Annual
JC1770,Code of Conduct,Yes,Annual
JC1770,Cyber Security Awareness,Yes,Annual
JC1770,IFRS 9 Update,Yes,Annual
JC1770,Leading Teams,Yes,Once
JC2557,Code of Conduct,Yes,Annual
JC2557,Cyber Security Awareness,Yes,Annual
JC2557,IFRS 9 Update,Yes,Annual
JC2557,Leading Teams,Yes,Once
JC2557,Cyber Security Awareness,Yes,Annual
JC5856,Code of Conduct,Yes,Annual
JC5856,Cyber Security Awareness,Yes,Annual
JC5856,IFRS 9 Update,Yes,Annual
JC5856,Leading Teams,Yes,Once
JC5856,Data Privacy,Yes,Annual
JC2302,Code of Conduct,Yes,Annual
JC2302,Cyber Security Awareness,Yes,Annual
JC2302,IFRS 9 Update,Yes,Annual
JC1462,Code of Conduct,Yes,Annual
JC1462,Cyber Security Awareness,Yes,Annual
JC1462,IFRS 9 Update,Yes,Annual
JC1401,Code of Conduct,Yes,Annual
JC1401,Cyber Security Awareness,Yes,Annual
JC1401,IFRS 9 Update,Yes,Annual
JC9977,Code of Conduct,Yes,Annual
JC9977,Cyber Security Awareness,Yes,Annual
JC9977,IFRS 9 Update,Yes,Annual
JC2497,Code of Conduct,Yes,Annual
JC2497,Cyber Security Awareness,Yes,Annual
JC2497,IFRS 9 Update,Yes,Annual
JC3604,Code of Conduct,Yes,Annual
JC3604,Cyber Security Awareness,Yes,Annual
JC3604,IFRS 9 Update,Yes,Annual
JC6913,Code of Conduct,Yes,Annual
JC6913,Cyber Security Awareness,Yes,Annual
JC6913,IFRS 9 Update,Yes,Annual
JC6913,Anti-Fraud Fundamentals,Yes,Annual
JC2935,Code of Conduct,Yes,Annual
JC2935,Cyber Security Awareness,Yes,Annual
JC2935,IFRS 9 Update,Yes,Annual
JC5150,Code of Conduct,Yes,Annual
JC5150,Cyber Security Awareness,Yes,Annual
JC5150,IFRS 9 Update,Yes,Annual
JC3617,Code of Conduct,Yes,Annual
JC3617,Cyber Security Awareness,Yes,Annual
JC3617,IFRS 9 Update,Yes,Annual
JC6177,Code of Conduct,Yes,Annual
JC6177,Cyber Security Awareness,Yes,Annual
JC6177,IFRS 9 Update,Yes,Annual
JC1647,Code of Conduct,Yes,Annual
JC1647,Cyber Security Awareness,Yes,Annual
JC1647,IFRS 9 Update,Yes,Annual
JC1647,IFRS 9 Update,Yes,Annual
JC6983,Code of Conduct,Yes,Annual
JC6983,Cyber Security Awareness,Yes,Annual
JC6983,IFRS 9 Update,Yes,Annual
JC9455,Code of Conduct,Yes,Annual
JC9455,Cyber Security Awareness,Yes,Annual
JC9455,IFRS 9 Update,Yes,Annual
JC9455,Leading Teams,Yes,Once
JC2889,Code of Conduct,Yes,Annual
JC2889,Cyber Security Awareness,Yes,Annual
JC2889,IFRS 9 Update,Yes,Annual
JC4849,Code of Conduct,Yes,Annual
JC4849,Cyber Security Awareness,Yes,Annual
JC4849,IFRS 9 Update,Yes,Annual
JC4849,Leading Teams,Yes,Once
JC5860,Code of Conduct,Yes,Annual
JC5860,Cyber Security Awareness,Yes,Annual
JC5860,IFRS 9 Update,Yes,Annual
JC5860,Data Privacy,Yes,Annual
JC2776,Code of Conduct,Yes,Annual
JC2776,Cyber Security Awareness,Yes,Annual
JC2776,IFRS 9 Update,Yes,Annual
JC3758,Code of Conduct,Yes,Annual
JC3758,Cyber Security Awareness,Yes,Annual
JC3758,IFRS 9 Update,Yes,Annual
JC4664,Code of Conduct,Yes,Annual
JC4664,Cyber Security Awareness,Yes,Annual
JC4664,IFRS 9 Update,Yes,Annual
JC2971,Code of Conduct,Yes,Annual
JC2971,Cyber Security Awareness,Yes,Annual
JC2971,IFRS 9 Update,Yes,Annual
JC2836,Code of Conduct,Yes,Annual
JC2836,Cyber Security Awareness,Yes,Annual
JC2836,IFRS 9 Update,Yes,Annual
JC2162,Code of Conduct,Yes,Annual
JC2162,Cyber Security Awareness,Yes,Annual
JC2162,IFRS 9 Update,Yes,Annual
JC9255,Code of Conduct,Yes,Annual
JC9255,Cyber Security Awareness,Yes,Annual
JC9255,IFRS 9 Update,Yes,Annual
JC7185,Code of Conduct,Yes,Annual
JC7185,Cyber Security Awareness,Yes,Annual
JC7185,IFRS 9 Update,Yes,Annual
JC9612,Code of Conduct,Yes,Annual
JC9612,Cyber Security Awareness,Yes,Annual
JC9612,IFRS 9 Update,Yes,Annual
JC2728,Code of Conduct,Yes,Annual
JC2728,Cyber Security Awareness,Yes,Annual
JC2728,IFRS 9 Update,Yes,Annual
JC4009,Code of Conduct,Yes,Annual
JC4009,Cyber Security Awareness,Yes,Annual
JC4009,IFRS 9 Update,Yes,Annual
JC4009,Leading Teams,Yes,Once
JC3466,Code of Conduct,Yes,Annual
JC3466,Cyber Security Awareness,Yes,Annual
JC3466,IFRS 9 Update,Yes,Annual
JC3466,IFRS 9 Update,Yes,Annual
JC7000,Code of Conduct,Yes,Annual
JC7000,Cyber Security Awareness,Yes,Annual
JC7000,IFRS 9 Update,Yes,Annual
JC7000,Leading Teams,Yes,Once
JC8398,Code of Conduct,Yes,Annual
JC8398,Cyber Security Awareness,Yes,Annual
JC8398,IFRS 9 Update,Yes,Annual
JC8741,Code of Conduct,Yes,Annual
JC8741,Cyber Security Awareness,Yes,Annual
JC8741,IFRS 9 Update,Yes,Annual
JC9264,Code of Conduct,Yes,Annual
JC9264,Cyber Security Awareness,Yes,Annual
JC9264,IFRS 9 Update,Yes,Annual
JC9264,Leading Teams,Yes,Once
JC7505,Code of Conduct,Yes,Annual
JC7505,Cyber Security Awareness,Yes,Annual
JC7505,IFRS 9 Update,Yes,Annual
JC7505,Leading Teams,Yes,Once
JC8534,Code of Conduct,Yes,Annual
JC8534,Cyber Security Awareness,Yes,Annual
JC8534,IFRS 9 Update,Yes,Annual
JC8534,Anti-Fraud Fundamentals,Yes,Annual
JC9377,Code of Conduct,Yes,Annual
JC9377,Cyber Security Awareness,Yes,Annual
JC9377,IFRS 9 Update,Yes,Annual
JC9377,AML & Sanctions Awareness,Yes,Annual
JC7603,Code of Conduct,Yes,Annual
JC7603,Cyber Security Awareness,Yes,Annual
JC7603,IFRS 9 Update,Yes,Annual
JC8766,Code of Conduct,Yes,Annual
JC8766,Cyber Security Awareness,Yes,Annual
JC8766,IFRS 9 Update,Yes,Annual
JC8766,IFRS 9 Update,Yes,Annual
JC6085,Code of Conduct,Yes,Annual
JC6085,Cyber Security Awareness,Yes,Annual
JC6085,IFRS 9 Update,Yes,Annual
JC3616,Code of Conduct,Yes,Annual
JC3616,Cyber Security Awareness,Yes,Annual
JC3616,IFRS 9 Update,Yes,Annual
JC6373,Code of Conduct,Yes,Annual
JC6373,Cyber Security Awareness,Yes,Annual
JC6373,IFRS 9 Update,Yes,Annual
JC5272,Code of Conduct,Yes,Annual
JC5272,Cyber Security Awareness,Yes,Annual
JC5272,IFRS 9 Update,Yes,Annual
JC5272,Anti-Fraud Fundamentals,Yes,Annual
JC9745,Code of Conduct,Yes,Annual
JC9745,Cyber Security Awareness,Yes,Annual
JC9745,IFRS 9 Update,Yes,Annual
JC9745,Code of Conduct,Yes,Annual
JC4513,Code of Conduct,Yes,Annual
JC4513,Cyber Security Awareness,Yes,Annual
JC4513,IFRS 9 Update,Yes,Annual
JC6957,Code of Conduct,Yes,Annual
JC6957,Cyber Security Awareness,Yes,Annual
JC6957,IFRS 9 Update,Yes,Annual
JC4918,Code of Conduct,Yes,Annual
JC4918,Cyber Security Awareness,Yes,Annual
JC4918,IFRS 9 Update,Yes,Annual
JC9299,Code of Conduct,Yes,Annual
JC9299,Cyber Security Awareness,Yes,Annual
JC9299,IFRS 9 Update,Yes,Annual
JC9299,Leading Teams,Yes,Once
JC4691,Code of Conduct,Yes,Annual
JC4691,Cyber Security Awareness,Yes,Annual
JC4691,IFRS 9 Update,Yes,Annual
JC6791,Code of Conduct,Yes,Annual
JC6791,Cyber Security Awareness,Yes,Annual
JC6791,IFRS 9 Update,Yes,Annual
JC1881,Code of Conduct,Yes,Annual
JC1881,Cyber Security Awareness,Yes,Annual
JC1881,IFRS 9 Update,Yes,Annual
JC1881,AML & Sanctions Awareness,Yes,Annual
JC8232,Code of Conduct,Yes,Annual
JC8232,Cyber Security Awareness,Yes,Annual
JC8232,IFRS 9 Update,Yes,Annual
JC1876,Code of Conduct,Yes,Annual
JC1876,Cyber Security Awareness,Yes,Annual
JC1876,IFRS 9 Update,Yes,Annual
JC7193,Code of Conduct,Yes,Annual
JC7193,Cyber Security Awareness,Yes,Annual
JC7193,IFRS 9 Update,Yes,Annual
JC7193,Anti-Fraud Fundamentals,Yes,Annual
JC1743,Code of Conduct,Yes,Annual
JC1743,Cyber Security Awareness,Yes,Annual
JC1743,IFRS 9 Update,Yes,Annual
JC1743,SAMA Consumer Protection,Yes,Annual
JC9583,Code of Conduct,Yes,Annual
JC9583,Cyber Security Awareness,Yes,Annual
JC9583,IFRS 9 Update,Yes,Annual
JC4785,Code of Conduct,Yes,Annual
JC4785,Cyber Security Awareness,Yes,Annual
JC4785,IFRS 9 Update,Yes,Annual
JC4785,Leading Teams,Yes,Once
JC7337,Code of Conduct,Yes,Annual
JC7337,Cyber Security Awareness,Yes,Annual
JC7337,IFRS 9 Update,Yes,Annual
JC7398,Code of Conduct,Yes,Annual
JC7398,Cyber Security Awareness,Yes,Annual
JC7398,IFRS 9 Update,Yes,Annual
JC9669,Code of Conduct,Yes,Annual
JC9669,Cyber Security Awareness,Yes,Annual
JC9669,IFRS 9 Update,Yes,Annual
JC9669,Operational Risk Management,Yes,Every 2 years
JC3159,Code of Conduct,Yes,Annual
JC3159,Cyber Security Awareness,Yes,Annual
JC3159,IFRS 9 Update,Yes,Annual
JC3159,AML & Sanctions Awareness,Yes,Annual
JC1734,Code of Conduct,Yes,Annual
JC1734,Cyber Security Awareness,Yes,Annual
JC1734,IFRS 9 Update,Yes,Annual
JC1734,Leading Teams,Yes,Once
JC6700,Code of Conduct,Yes,Annual
JC6700,Cyber Security Awareness,Yes,Annual
JC6700,IFRS 9 Update,Yes,Annual
JC6700,Leading Teams,Yes,Once
JC6407,Code of Conduct,Yes,Annual
JC6407,Cyber Security Awareness,Yes,Annual
JC6407,IFRS 9 Update,Yes,Annual
JC6407,Leading Teams,Yes,Once
JC8776,Code of Conduct,Yes,Annual
JC8776,Cyber Security Awareness,Yes,Annual
JC8776,IFRS 9 Update,Yes,Annual
JC8776,IFRS 9 Update,Yes,Annual
JC2314,Code of Conduct,Yes,Annual
JC2314,Cyber Security Awareness,Yes,Annual
JC2314,IFRS 9 Update,Yes,Annual
JC5467,Code of Conduct,Yes,Annual
JC5467,Cyber Security Awareness,Yes,Annual
JC5467,IFRS 9 Update,Yes,Annual
JC6834,Code of Conduct,Yes,Annual
JC6834,Cyber Security Awareness,Yes,Annual
JC6834,IFRS 9 Update,Yes,Annual
JC2120,Code of Conduct,Yes,Annual
JC2120,Cyber Security Awareness,Yes,Annual
JC2120,IFRS 9 Update,Yes,Annual
JC5278,Code of Conduct,Yes,Annual
JC5278,Cyber Security Awareness,Yes,Annual
JC5278,IFRS 9 Update,Yes,Annual
JC5278,AML & Sanctions Awareness,Yes,Annual
JC4060,Code of Conduct,Yes,Annual
JC4060,Cyber Security Awareness,Yes,Annual
JC4060,IFRS 9 Update,Yes,Annual
JC4060,Operational Risk Management,Yes,Every 2 years
JC7071,Code of Conduct,Yes,Annual
JC7071,Cyber Security Awareness,Yes,Annual
JC7071,IFRS 9 Update,Yes,Annual
JC6536,Code of Conduct,Yes,Annual
JC6536,Cyber Security Awareness,Yes,Annual
JC6536,IFRS 9 Update,Yes,Annual
JC6536,Data Privacy,Yes,Annual
JC4217,Code of Conduct,Yes,Annual
JC4217,Cyber Security Awareness,Yes,Annual
JC4217,IFRS 9 Update,Yes,Annual
JC8693,Code of Conduct,Yes,Annual
JC8693,Cyber Security Awareness,Yes,Annual
JC8693,IFRS 9 Update,Yes,Annual
JC3195,Code of Conduct,Yes,Annual
JC3195,Cyber Security Awareness,Yes,Annual
JC3195,IFRS 9 Update,Yes,Annual
JC5648,Code of Conduct,Yes,Annual
JC5648,Cyber Security Awareness,Yes,Annual
JC5648,IFRS 9 Update,Yes,Annual
JC5648,Leading Teams,Yes,Once
JC4653,Code of Conduct,Yes,Annual
JC4653,Cyber Security Awareness,Yes,Annual
JC4653,IFRS 9 Update,Yes,Annual
JC2182,Code of Conduct,Yes,Annual
JC2182,Cyber Security Awareness,Yes,Annual
JC2182,IFRS 9 Update,Yes,Annual
JC2182,Credit Risk Essentials,Yes,Every 2 years
JC2677,Code of Conduct,Yes,Annual
JC2677,Cyber Security Awareness,Yes,Annual
JC2677,IFRS 9 Update,Yes,Annual
JC2864,Code of Conduct,Yes,Annual
JC2864,Cyber Security Awareness,Yes,Annual
JC2864,IFRS 9 Update,Yes,Annual
JC2608,Code of Conduct,Yes,Annual
JC2608,Cyber Security Awareness,Yes,Annual
JC2608,IFRS 9 Update,Yes,Annual
JC9436,Code of Conduct,Yes,Annual
JC9436,Cyber Security Awareness,Yes,Annual
JC9436,IFRS 9 Update,Yes,Annual
JC6940,Code of Conduct,Yes,Annual
JC6940,Cyber Security Awareness,Yes,Annual
JC6940,IFRS 9 Update,Yes,Annual
JC2506,Code of Conduct,Yes,Annual
JC2506,Cyber Security Awareness,Yes,Annual
JC2506,IFRS 9 Update,Yes,Annual
JC2058,Code of Conduct,Yes,Annual
JC2058,Cyber Security Awareness,Yes,Annual
JC2058,IFRS 9 Update,Yes,Annual
JC2363,Code of Conduct,Yes,Annual
JC2363,Cyber Security Awareness,Yes,Annual
JC2363,IFRS 9 Update,Yes,Annual
JC6298,Code of Conduct,Yes,Annual
JC6298,Cyber Security Awareness,Yes,Annual
JC6298,IFRS 9 Update,Yes,Annual
JC1228,Code of Conduct,Yes,Annual
JC1228,Cyber Security Awareness,Yes,Annual
JC1228,IFRS 9 Update,Yes,Annual
JC1228,Leading Teams,Yes,Once
JC1228,Cyber Security Awareness,Yes,Annual
JC3975,Code of Conduct,Yes,Annual
JC3975,Cyber Security Awareness,Yes,Annual
JC3975,IFRS 9 Update,Yes,Annual
JC2792,Code of Conduct,Yes,Annual
JC2792,Cyber Security Awareness,Yes,Annual
JC2792,IFRS 9 Update,Yes,Annual
JC8254,Code of Conduct,Yes,Annual
JC8254,Cyber Security Awareness,Yes,Annual
JC8254,IFRS 9 Update,Yes,Annual
JC4483,Code of Conduct,Yes,Annual
JC4483,Cyber Security Awareness,Yes,Annual
JC4483,IFRS 9 Update,Yes,Annual
JC2059,Code of Conduct,Yes,Annual
JC2059,Cyber Security Awareness,Yes,Annual
JC2059,IFRS 9 Update,Yes,Annual
JC9433,Code of Conduct,Yes,Annual
JC9433,Cyber Security Awareness,Yes,Annual
JC9433,IFRS 9 Update,Yes,Annual
JC6458,Code of Conduct,Yes,Annual
JC6458,Cyber Security Awareness,Yes,Annual
JC6458,IFRS 9 Update,Yes,Annual
JC9204,Code of Conduct,Yes,Annual
JC9204,Cyber Security Awareness,Yes,Annual
JC9204,IFRS 9 Update,Yes,Annual
JC9431,Code of Conduct,Yes,Annual
JC9431,Cyber Security Awareness,Yes,Annual
JC9431,IFRS 9 Update,Yes,Annual
JC2109,Code of Conduct,Yes,Annual
JC2109,Cyber Security Awareness,Yes,Annual
JC2109,IFRS 9 Update,Yes,Annual
JC2109,Operational Risk Management,Yes,Every 2 years
JC1434,Code of Conduct,Yes,Annual
JC1434,Cyber Security Awareness,Yes,Annual
JC1434,IFRS 9 Update,Yes,Annual
JC3609,Code of Conduct,Yes,Annual
JC3609,Cyber Security Awareness,Yes,Annual
JC3609,IFRS 9 Update,Yes,Annual
JC5876,Code of Conduct,Yes,Annual
JC5876,Cyber Security Awareness,Yes,Annual
JC5876,IFRS 9 Update,Yes,Annual
JC1373,Code of Conduct,Yes,Annual
JC1373,Cyber Security Awareness,Yes,Annual
JC1373,IFRS 9 Update,Yes,Annual
JC8783,Code of Conduct,Yes,Annual
JC8783,Cyber Security Awareness,Yes,Annual
JC8783,IFRS 9 Update,Yes,Annual
JC9576,Code of Conduct,Yes,Annual
JC9576,Cyber Security Awareness,Yes,Annual
JC9576,IFRS 9 Update,Yes,Annual
JC8857,Code of Conduct,Yes,Annual
JC8857,Cyber Security Awareness,Yes,Annual
JC8857,IFRS 9 Update,Yes,Annual
JC8964,Code of Conduct,Yes,Annual
JC8964,Cyber Security Awareness,Yes,Annual
JC8964,IFRS 9 Update,Yes,Annual
JC8964,IFRS 9 Update,Yes,Annual
JC2871,Code of Conduct,Yes,Annual
JC2871,Cyber Security Awareness,Yes,Annual
JC2871,IFRS 9 Update,Yes,Annual
JC7879,Code of Conduct,Yes,Annual
JC7879,Cyber Security Awareness,Yes,Annual
JC7879,IFRS 9 Update,Yes,Annual
JC7879,Anti-Fraud Fundamentals,Yes,Annual
JC3976,Code of Conduct,Yes,Annual
JC3976,Cyber Security Awareness,Yes,Annual
JC3976,IFRS 9 Update,Yes,Annual
JC8429,Code of Conduct,Yes,Annual
JC8429,Cyber Security Awareness,Yes,Annual
JC8429,IFRS 9 Update,Yes,Annual
JC8429,SAMA Consumer Protection,Yes,Annual
JC8123,Code of Conduct,Yes,Annual
JC8123,Cyber Security Awareness,Yes,Annual
JC8123,IFRS 9 Update,Yes,Annual
JC4380,Code of Conduct,Yes,Annual
JC4380,Cyber Security Awareness,Yes,Annual
JC4380,IFRS 9 Update,Yes,Annual
JC4380,Operational Risk Management,Yes,Every 2 years
JC4311,Code of Conduct,Yes,Annual
JC4311,Cyber Security Awareness,Yes,Annual
JC4311,IFRS 9 Update,Yes,Annual
JC4311,Leading Teams,Yes,Once
JC1285,Code of Conduct,Yes,Annual
JC1285,Cyber Security Awareness,Yes,Annual
JC1285,IFRS 9 Update,Yes,Annual
JC1285,Leading Teams,Yes,Once
JC2035,Code of Conduct,Yes,Annual
JC2035,Cyber Security Awareness,Yes,Annual
JC2035,IFRS 9 Update,Yes,Annual
JC2035,Leading Teams,Yes,Once
JC1079,Code of Conduct,Yes,Annual
JC1079,Cyber Security Awareness,Yes,Annual
JC1079,IFRS 9 Update,Yes,Annual
JC7423,Code of Conduct,Yes,Annual
JC7423,Cyber Security Awareness,Yes,Annual
JC7423,IFRS 9 Update,Yes,Annual
JC3145,Code of Conduct,Yes,Annual
JC3145,Cyber Security Awareness,Yes,Annual
JC3145,IFRS 9 Update,Yes,Annual
JC5596,Code of Conduct,Yes,Annual
JC5596,Cyber Security Awareness,Yes,Annual
JC5596,IFRS 9 Update,Yes,Annual
JC5463,Code of Conduct,Yes,Annual
JC5463,Cyber Security Awareness,Yes,Annual
JC5463,IFRS 9 Update,Yes,Annual
JC9558,Code of Conduct,Yes,Annual
JC9558,Cyber Security Awareness,Yes,Annual
JC9558,IFRS 9 Update,Yes,Annual
JC9558,Cyber Security Awareness,Yes,Annual
JC1710,Code of Conduct,Yes,Annual
JC1710,Cyber Security Awareness,Yes,Annual
JC1710,IFRS 9 Update,Yes,Annual
JC1710,SAMA Consumer Protection,Yes,Annual
JC7084,Code of Conduct,Yes,Annual
JC7084,Cyber Security Awareness,Yes,Annual
JC7084,IFRS 9 Update,Yes,Annual
JC2334,Code of Conduct,Yes,Annual
JC2334,Cyber Security Awareness,Yes,Annual
JC2334,IFRS 9 Update,Yes,Annual
JC2334,SAMA Consumer Protection,Yes,Annual
JC7265,Code of Conduct,Yes,Annual
JC7265,Cyber Security Awareness,Yes,Annual
JC7265,IFRS 9 Update,Yes,Annual
JC7408,Code of Conduct,Yes,Annual
JC7408,Cyber Security Awareness,Yes,Annual
JC7408,IFRS 9 Update,Yes,Annual
JC8710,Code of Conduct,Yes,Annual
JC8710,Cyber Security Awareness,Yes,Annual
JC8710,IFRS 9 Update,Yes,Annual
JC8710,SAMA Consumer Protection,Yes,Annual
JC2529,Code of Conduct,Yes,Annual
JC2529,Cyber Security Awareness,Yes,Annual
JC2529,IFRS 9 Update,Yes,Annual
JC2012,Code of Conduct,Yes,Annual
JC2012,Cyber Security Awareness,Yes,Annual
JC2012,IFRS 9 Update,Yes,Annual
JC2012,Leading Teams,Yes,Once
JC2012,Credit Risk Essentials,Yes,Every 2 years
JC7678,Code of Conduct,Yes,Annual
JC7678,Cyber Security Awareness,Yes,Annual
JC7678,IFRS 9 Update,Yes,Annual
JC5945,Code of Conduct,Yes,Annual
JC5945,Cyber Security Awareness,Yes,Annual
JC5945,IFRS 9 Update,Yes,Annual
JC1901,Code of Conduct,Yes,Annual
JC1901,Cyber Security Awareness,Yes,Annual
JC1901,IFRS 9 Update,Yes,Annual
JC1901,IFRS 9 Update,Yes,Annual
JC3543,Code of Conduct,Yes,Annual
JC3543,Cyber Security Awareness,Yes,Annual
JC3543,IFRS 9 Update,Yes,Annual
JC9028,Code of Conduct,Yes,Annual
JC9028,Cyber Security Awareness,Yes,Annual
JC9028,IFRS 9 Update,Yes,Annual
JC6968,Code of Conduct,Yes,Annual
JC6968,Cyber Security Awareness,Yes,Annual
JC6968,IFRS 9 Update,Yes,Annual
JC7163,Code of Conduct,Yes,Annual
JC7163,Cyber Security Awareness,Yes,Annual
JC7163,IFRS 9 Update,Yes,Annual
JC7163,IFRS 9 Update,Yes,Annual
JC7810,Code of Conduct,Yes,Annual
JC7810,Cyber Security Awareness,Yes,Annual
JC7810,IFRS 9 Update,Yes,Annual
JC9849,Code of Conduct,Yes,Annual
JC9849,Cyber Security Awareness,Yes,Annual
JC9849,IFRS 9 Update,Yes,Annual
JC9849,Operational Risk Management,Yes,Every 2 years
JC5571,Code of Conduct,Yes,Annual
JC5571,Cyber Security Awareness,Yes,Annual
JC5571,IFRS 9 Update,Yes,Annual
JC7356,Code of Conduct,Yes,Annual
JC7356,Cyber Security Awareness,Yes,Annual
JC7356,IFRS 9 Update,Yes,Annual
JC7356,IFRS 9 Update,Yes,Annual
JC1872,Code of Conduct,Yes,Annual
JC1872,Cyber Security Awareness,Yes,Annual
JC1872,IFRS 9 Update,Yes,Annual
JC1872,Credit Risk Essentials,Yes,Every 2 years
JC7299,Code of Conduct,Yes,Annual
JC7299,Cyber Security Awareness,Yes,Annual
JC7299,IFRS 9 Update,Yes,Annual
JC7675,Code of Conduct,Yes,Annual
JC7675,Cyber Security Awareness,Yes,Annual
JC7675,IFRS 9 Update,Yes,Annual
JC9254,Code of Conduct,Yes,Annual
JC9254,Cyber Security Awareness,Yes,Annual
JC9254,IFRS 9 Update,Yes,Annual
JC8944,Code of Conduct,Yes,Annual
JC8944,Cyber Security Awareness,Yes,Annual
JC8944,Leading Teams,Yes,Once
JC8944,Code of Conduct,Yes,Annual
JC6870,Code of Conduct,Yes,Annual
JC6870,Cyber Security Awareness,Yes,Annual
JC6870,Leading Teams,Yes,Once
JC7845,Code of Conduct,Yes,Annual
JC7845,Cyber Security Awareness,Yes,Annual
JC7845,Leading Teams,Yes,Once
JC7845,Data Privacy,Yes,Annual
JC7301,Code of Conduct,Yes,Annual
JC7301,Cyber Security Awareness,Yes,Annual
JC7301,Leading Teams,Yes,Once
JC7301,Operational Risk Management,Yes,Every 2 years
JC4927,Code of Conduct,Yes,Annual
JC4927,Cyber Security Awareness,Yes,Annual
JC8246,Code of Conduct,Yes,Annual
JC8246,Cyber Security Awareness,Yes,Annual
JC8403,Code of Conduct,Yes,Annual
JC8403,Cyber Security Awareness,Yes,Annual
JC6402,Code of Conduct,Yes,Annual
JC6402,Cyber Security Awareness,Yes,Annual
JC3558,Code of Conduct,Yes,Annual
JC3558,Cyber Security Awareness,Yes,Annual
JC3558,SAMA Consumer Protection,Yes,Annual
JC8302,Code of Conduct,Yes,Annual
JC8302,Cyber Security Awareness,Yes,Annual
JC3075,Code of Conduct,Yes,Annual
JC3075,Cyber Security Awareness,Yes,Annual
JC3237,Code of Conduct,Yes,Annual
JC3237,Cyber Security Awareness,Yes,Annual
JC9626,Code of Conduct,Yes,Annual
JC9626,Cyber Security Awareness,Yes,Annual
JC8112,Code of Conduct,Yes,Annual
JC8112,Cyber Security Awareness,Yes,Annual
JC6374,Code of Conduct,Yes,Annual
JC6374,Cyber Security Awareness,Yes,Annual
JC6374,SAMA Consumer Protection,Yes,Annual
JC7496,Code of Conduct,Yes,Annual
JC7496,Cyber Security Awareness,Yes,Annual
JC6403,Code of Conduct,Yes,Annual
JC6403,Cyber Security Awareness,Yes,Annual
JC6403,Anti-Fraud Fundamentals,Yes,Annual
JC4182,Code of Conduct,Yes,Annual
JC4182,Cyber Security Awareness,Yes,Annual
JC4182,Leading Teams,Yes,Once
JC6265,Code of Conduct,Yes,Annual
JC6265,Cyber Security Awareness,Yes,Annual
JC3478,Code of Conduct,Yes,Annual
JC3478,Cyber Security Awareness,Yes,Annual
JC9709,Code of Conduct,Yes,Annual
JC9709,Cyber Security Awareness,Yes,Annual
JC4986,Code of Conduct,Yes,Annual
JC4986,Cyber Security Awareness,Yes,Annual
JC8828,Code of Conduct,Yes,Annual
JC8828,Cyber Security Awareness,Yes,Annual
JC8828,Operational Risk Management,Yes,Every 2 years
JC6615,Code of Conduct,Yes,Annual
JC6615,Cyber Security Awareness,Yes,Annual
JC4439,Code of Conduct,Yes,Annual
JC4439,Cyber Security Awareness,Yes,Annual
JC1036,Code of Conduct,Yes,Annual
JC1036,Cyber Security Awareness,Yes,Annual
JC3945,Code of Conduct,Yes,Annual
JC3945,Cyber Security Awareness,Yes,Annual
JC4650,Code of Conduct,Yes,Annual
JC4650,Cyber Security Awareness,Yes,Annual
JC4650,Cyber Security Awareness,Yes,Annual
JC2793,Code of Conduct,Yes,Annual
JC2793,Cyber Security Awareness,Yes,Annual
JC5652,Code of Conduct,Yes,Annual
JC5652,Cyber Security Awareness,Yes,Annual
JC6384,Code of Conduct,Yes,Annual
JC6384,Cyber Security Awareness,Yes,Annual
JC1943,Code of Conduct,Yes,Annual
JC1943,Cyber Security Awareness,Yes,Annual
JC1943,Leading Teams,Yes,Once
JC8024,Code of Conduct,Yes,Annual
JC8024,Cyber Security Awareness,Yes,Annual
JC8024,IFRS 9 Update,Yes,Annual
JC8569,Code of Conduct,Yes,Annual
JC8569,Cyber Security Awareness,Yes,Annual
JC8569,Leading Teams,Yes,Once
JC5855,Code of Conduct,Yes,Annual
JC5855,Cyber Security Awareness,Yes,Annual
JC7540,Code of Conduct,Yes,Annual
JC7540,Cyber Security Awareness,Yes,Annual
JC2275,Code of Conduct,Yes,Annual
JC2275,Cyber Security Awareness,Yes,Annual
JC4618,Code of Conduct,Yes,Annual
JC4618,Cyber Security Awareness,Yes,Annual
JC1522,Code of Conduct,Yes,Annual
JC1522,Cyber Security Awareness,Yes,Annual
JC6179,Code of Conduct,Yes,Annual
JC6179,Cyber Security Awareness,Yes,Annual
JC6179,Leading Teams,Yes,Once
JC7642,Code of Conduct,Yes,Annual
JC7642,Cyber Security Awareness,Yes,Annual
JC7642,AML & Sanctions Awareness,Yes,Annual
JC5077,Code of Conduct,Yes,Annual
JC5077,Cyber Security Awareness,Yes,Annual
JC5077,Code of Conduct,Yes,Annual
JC3289,Code of Conduct,Yes,Annual
JC3289,Cyber Security Awareness,Yes,Annual
JC9568,Code of Conduct,Yes,Annual
JC9568,Cyber Security Awareness,Yes,Annual
JC6287,Code of Conduct,Yes,Annual
JC6287,Cyber Security Awareness,Yes,Annual
JC9097,Code of Conduct,Yes,Annual
JC9097,Cyber Security Awareness,Yes,Annual
JC6327,Code of Conduct,Yes,Annual
JC6327,Cyber Security Awareness,Yes,Annual
JC9048,Code of Conduct,Yes,Annual
JC9048,Cyber Security Awareness,Yes,Annual
JC9048,Leading Teams,Yes,Once
JC9048,IFRS 9 Update,Yes,Annual
JC5723,Code of Conduct,Yes,Annual
JC5723,Cyber Security Awareness,Yes,Annual
JC5723,Leading Teams,Yes,Once
JC1095,Code of Conduct,Yes,Annual
JC1095,Cyber Security Awareness,Yes,Annual
JC5526,Code of Conduct,Yes,Annual
JC5526,Cyber Security Awareness,Yes,Annual
JC4267,Code of Conduct,Yes,Annual
JC4267,Cyber Security Awareness,Yes,Annual
JC4267,Anti-Fraud Fundamentals,Yes,Annual
JC6715,Code of Conduct,Yes,Annual
JC6715,Cyber Security Awareness,Yes,Annual
JC5658,Code of Conduct,Yes,Annual
JC5658,Cyber Security Awareness,Yes,Annual
JC5065,Code of Conduct,Yes,Annual
JC5065,Cyber Security Awareness,Yes,Annual
JC1574,Code of Conduct,Yes,Annual
JC1574,Cyber Security Awareness,Yes,Annual
JC2741,Code of Conduct,Yes,Annual
JC2741,Cyber Security Awareness,Yes,Annual
JC3672,Code of Conduct,Yes,Annual
JC3672,Cyber Security Awareness,Yes,Annual
JC1755,Code of Conduct,Yes,Annual
JC1755,Cyber Security Awareness,Yes,Annual
JC6181,Code of Conduct,Yes,Annual
JC6181,Cyber Security Awareness,Yes,Annual
JC5175,Code of Conduct,Yes,Annual
JC5175,Cyber Security Awareness,Yes,Annual
JC9195,Code of Conduct,Yes,Annual
JC9195,Cyber Security Awareness,Yes,Annual
JC5608,Code of Conduct,Yes,Annual
JC5608,Cyber Security Awareness,Yes,Annual
JC5608,Anti-Fraud Fundamentals,Yes,Annual
JC9340,Code of Conduct,Yes,Annual
JC9340,Cyber Security Awareness,Yes,Annual
JC9340,Leading Teams,Yes,Once
JC4080,Code of Conduct,Yes,Annual
JC4080,Cyber Security Awareness,Yes,Annual
JC4080,Leading Teams,Yes,Once
JC4080,Anti-Fraud Fundamentals,Yes,Annual
JC7092,Code of Conduct,Yes,Annual
JC7092,Cyber Security Awareness,Yes,Annual
JC7092,Leading Teams,Yes,Once
JC4755,Code of Conduct,Yes,Annual
JC4755,Cyber Security Awareness,Yes,Annual
JC3889,Code of Conduct,Yes,Annual
JC3889,Cyber Security Awareness,Yes,Annual
JC3121,Code of Conduct,Yes,Annual
JC3121,Cyber Security Awareness,Yes,Annual
JC6173,Code of Conduct,Yes,Annual
JC6173,Cyber Security Awareness,Yes,Annual
JC4980,Code of Conduct,Yes,Annual
JC4980,Cyber Security Awareness,Yes,Annual
JC9725,Code of Conduct,Yes,Annual
JC9725,Cyber Security Awareness,Yes,Annual
JC9725,Data Privacy,Yes,Annual
JC5367,Code of Conduct,Yes,Annual
JC5367,Cyber Security Awareness,Yes,Annual
JC9869,Code of Conduct,Yes,Annual
JC9869,Cyber Security Awareness,Yes,Annual
JC9869,Data Privacy,Yes,Annual
JC9331,Code of Conduct,Yes,Annual
JC9331,Cyber Security Awareness,Yes,Annual
JC5151,Code of Conduct,Yes,Annual
JC5151,Cyber Security Awareness,Yes,Annual
JC3352,Code of Conduct,Yes,Annual
JC3352,Cyber Security Awareness,Yes,Annual
JC5149,Code of Conduct,Yes,Annual
JC5149,Cyber Security Awareness,Yes,Annual
JC1842,Code of Conduct,Yes,Annual
JC1842,Cyber Security Awareness,Yes,Annual
JC7855,Code of Conduct,Yes,Annual
JC7855,Cyber Security Awareness,Yes,Annual
JC1517,Code of Conduct,Yes,Annual
JC1517,Cyber Security Awareness,Yes,Annual
JC1517,Leading Teams,Yes,Once
JC1517,Data Privacy,Yes,Annual
JC4240,Code of Conduct,Yes,Annual
JC4240,Cyber Security Awareness,Yes,Annual
JC7531,Code of Conduct,Yes,Annual
JC7531,Cyber Security Awareness,Yes,Annual
JC4989,Code of Conduct,Yes,Annual
JC4989,Cyber Security Awareness,Yes,Annual
JC4989,IFRS 9 Update,Yes,Annual
JC7582,Code of Conduct,Yes,Annual
JC7582,Cyber Security Awareness,Yes,Annual
JC9328,Code of Conduct,Yes,Annual
JC9328,Cyber Security Awareness,Yes,Annual
JC9328,Credit Risk Essentials,Yes,Every 2 years
JC5283,Code of Conduct,Yes,Annual
JC5283,Cyber Security Awareness,Yes,Annual
JC4955,Code of Conduct,Yes,Annual
JC4955,Cyber Security Awareness,Yes,Annual
JC8121,Code of Conduct,Yes,Annual
JC8121,Cyber Security Awareness,Yes,Annual
JC3154,Code of Conduct,Yes,Annual
JC3154,Cyber Security Awareness,Yes,Annual
JC8790,Code of Conduct,Yes,Annual
JC8790,Cyber Security Awareness,Yes,Annual
JC8790,Leading Teams,Yes,Once
JC2697,Code of Conduct,Yes,Annual
JC2697,Cyber Security Awareness,Yes,Annual
JC2630,Code of Conduct,Yes,Annual
JC2630,Cyber Security Awareness,Yes,Annual
JC2630,Leading Teams,Yes,Once
JC9664,Code of Conduct,Yes,Annual
JC9664,Cyber Security Awareness,Yes,Annual
JC9664,Credit Risk Essentials,Yes,Every 2 years
JC7335,Code of Conduct,Yes,Annual
JC7335,Cyber Security Awareness,Yes,Annual
JC7335,Leading Teams,Yes,Once
JC4614,Code of Conduct,Yes,Annual
JC4614,Cyber Security Awareness,Yes,Annual
JC4614,Leading Teams,Yes,Once
JC4614,Data Privacy,Yes,Annual
JC1101,Code of Conduct,Yes,Annual
JC1101,Cyber Security Awareness,Yes,Annual
JC4590,Code of Conduct,Yes,Annual
JC4590,Cyber Security Awareness,Yes,Annual
JC4590,Data Privacy,Yes,Annual
JC2237,Code of Conduct,Yes,Annual
JC2237,Cyber Security Awareness,Yes,Annual
JC2237,Operational Risk Management,Yes,Every 2 years
JC4683,Code of Conduct,Yes,Annual
JC4683,Cyber Security Awareness,Yes,Annual
JC4899,Code of Conduct,Yes,Annual
JC4899,Cyber Security Awareness,Yes,Annual
JC5184,Code of Conduct,Yes,Annual
JC5184,Cyber Security Awareness,Yes,Annual
JC9233,Code of Conduct,Yes,Annual
JC9233,Cyber Security Awareness,Yes,Annual
JC4093,Code of Conduct,Yes,Annual
JC4093,Cyber Security Awareness,Yes,Annual
JC8573,Code of Conduct,Yes,Annual
JC8573,Cyber Security Awareness,Yes,Annual
JC8573,SAMA Consumer Protection,Yes,Annual
JC5365,Code of Conduct,Yes,Annual
JC5365,Cyber Security Awareness,Yes,Annual
JC6781,Code of Conduct,Yes,Annual
JC6781,Cyber Security Awareness,Yes,Annual
JC8057,Code of Conduct,Yes,Annual
JC8057,Cyber Security Awareness,Yes,Annual
JC8057,Leading Teams,Yes,Once
JC3066,Code of Conduct,Yes,Annual
JC3066,Cyber Security Awareness,Yes,Annual
JC6421,Code of Conduct,Yes,Annual
JC6421,Cyber Security Awareness,Yes,Annual
JC6070,Code of Conduct,Yes,Annual
JC6070,Cyber Security Awareness,Yes,Annual
JC6070,Operational Risk Management,Yes,Every 2 years
JC3988,Code of Conduct,Yes,Annual
JC3988,Cyber Security Awareness,Yes,Annual
JC9661,Code of Conduct,Yes,Annual
JC9661,Cyber Security Awareness,Yes,Annual
JC2270,Code of Conduct,Yes,Annual
JC2270,Cyber Security Awareness,Yes,Annual
JC9492,Code of Conduct,Yes,Annual
JC9492,Cyber Security Awareness,Yes,Annual
JC6104,Code of Conduct,Yes,Annual
JC6104,Cyber Security Awareness,Yes,Annual
JC4963,Code of Conduct,Yes,Annual
JC4963,Cyber Security Awareness,Yes,Annual
JC2277,Code of Conduct,Yes,Annual
JC2277,Cyber Security Awareness,Yes,Annual
JC7517,Code of Conduct,Yes,Annual
JC7517,Cyber Security Awareness,Yes,Annual
JC7517,Credit Risk Essentials,Yes,Every 2 years
JC5838,Code of Conduct,Yes,Annual
JC5838,Cyber Security Awareness,Yes,Annual
JC5877,Code of Conduct,Yes,Annual
JC5877,Cyber Security Awareness,Yes,Annual
JC5877,IFRS 9 Update,Yes,Annual
JC3451,Code of Conduct,Yes,Annual
JC3451,Cyber Security Awareness,Yes,Annual
JC9109,Code of Conduct,Yes,Annual
JC9109,Cyber Security Awareness,Yes,Annual
JC9109,SAMA Consumer Protection,Yes,Annual
JC1203,Code of Conduct,Yes,Annual
JC1203,Cyber Security Awareness,Yes,Annual
JC1203,Data Privacy,Yes,Annual
JC5375,Code of Conduct,Yes,Annual
JC5375,Cyber Security Awareness,Yes,Annual
JC8648,Code of Conduct,Yes,Annual
JC8648,Cyber Security Awareness,Yes,Annual
JC8648,Leading Teams,Yes,Once
JC1346,Code of Conduct,Yes,Annual
JC1346,Cyber Security Awareness,Yes,Annual
JC1346,Leading Teams,Yes,Once
JC1346,Leading Teams,Yes,Once
JC5329,Code of Conduct,Yes,Annual
JC5329,Cyber Security Awareness,Yes,Annual
JC5329,Leading Teams,Yes,Once
JC1145,Code of Conduct,Yes,Annual
JC1145,Cyber Security Awareness,Yes,Annual
JC3252,Code of Conduct,Yes,Annual
JC3252,Cyber Security Awareness,Yes,Annual
JC8998,Code of Conduct,Yes,Annual
JC8998,Cyber Security Awareness,Yes,Annual
JC1781,Code of Conduct,Yes,Annual
JC1781,Cyber Security Awareness,Yes,Annual
JC9367,Code of Conduct,Yes,Annual
JC9367,Cyber Security Awareness,Yes,Annual
JC8580,Code of Conduct,Yes,Annual
JC8580,Cyber Security Awareness,Yes,Annual
JC2203,Code of Conduct,Yes,Annual
JC2203,Cyber Security Awareness,Yes,Annual
JC5023,Code of Conduct,Yes,Annual
JC5023,Cyber Security Awareness,Yes,Annual
JC5023,Operational Risk Management,Yes,Every 2 years
JC4758,Code of Conduct,Yes,Annual
JC4758,Cyber Security Awareness,Yes,Annual
JC4339,Code of Conduct,Yes,Annual
JC4339,Cyber Security Awareness,Yes,Annual
JC8695,Code of Conduct,Yes,Annual
JC8695,Cyber Security Awareness,Yes,Annual
JC9506,Code of Conduct,Yes,Annual
JC9506,Cyber Security Awareness,Yes,Annual
JC5416,Code of Conduct,Yes,Annual
JC5416,Cyber Security Awareness,Yes,Annual
JC8031,Code of Conduct,Yes,Annual
JC8031,Cyber Security Awareness,Yes,Annual
JC8031,Leading Teams,Yes,Once
JC6230,Code of Conduct,Yes,Annual
JC6230,Cyber Security Awareness,Yes,Annual
JC2908,Code of Conduct,Yes,Annual
JC2908,Cyber Security Awareness,Yes,Annual
JC2908,Credit Risk Essentials,Yes,Every 2 years
JC4725,Code of Conduct,Yes,Annual
JC4725,Cyber Security Awareness,Yes,Annual
JC4725,Code of Conduct,Yes,Annual
JC8650,Code of Conduct,Yes,Annual
JC8650,Cyber Security Awareness,Yes,Annual
JC2359,Code of Conduct,Yes,Annual
JC2359,Cyber Security Awareness,Yes,Annual
JC4097,Code of Conduct,Yes,Annual
JC4097,Cyber Security Awareness,Yes,Annual
JC4097,Credit Risk Essentials,Yes,Every 2 years
JC9002,Code of Conduct,Yes,Annual
JC9002,Cyber Security Awareness,Yes,Annual
JC6389,Code of Conduct,Yes,Annual
JC6389,Cyber Security Awareness,Yes,Annual
JC4990,Code of Conduct,Yes,Annual
JC4990,Cyber Security Awareness,Yes,Annual
JC6171,Code of Conduct,Yes,Annual
JC6171,Cyber Security Awareness,Yes,Annual
JC3878,Code of Conduct,Yes,Annual
JC3878,Cyber Security Awareness,Yes,Annual
JC2053,Code of Conduct,Yes,Annual
JC2053,Cyber Security Awareness,Yes,Annual
JC6012,Code of Conduct,Yes,Annual
JC6012,Cyber Security Awareness,Yes,Annual
JC6012,Leading Teams,Yes,Once
JC3454,Code of Conduct,Yes,Annual
JC3454,Cyber Security Awareness,Yes,Annual
JC3454,Leading Teams,Yes,Once
JC5301,Code of Conduct,Yes,Annual
JC5301,Cyber Security Awareness,Yes,Annual
JC5750,Code of Conduct,Yes,Annual
JC5750,Cyber Security Awareness,Yes,Annual
JC4365,Code of Conduct,Yes,Annual
JC4365,Cyber Security Awareness,Yes,Annual
JC1543,Code of Conduct,Yes,Annual
JC1543,Cyber Security Awareness,Yes,Annual
JC8941,Code of Conduct,Yes,Annual
JC8941,Cyber Security Awareness,Yes,Annual
JC2995,Code of Conduct,Yes,Annual
JC2995,Cyber Security Awareness,Yes,Annual
JC1204,Code of Conduct,Yes,Annual
JC1204,Cyber Security Awareness,Yes,Annual
JC3033,Code of Conduct,Yes,Annual
JC3033,Cyber Security Awareness,Yes,Annual
JC3033,Data Privacy,Yes,Annual
JC5183,Code of Conduct,Yes,Annual
JC5183,Cyber Security Awareness,Yes,Annual
JC5183,IFRS 9 Update,Yes,Annual
JC9837,Code of Conduct,Yes,Annual
JC9837,Cyber Security Awareness,Yes,Annual
JC2417,Code of Conduct,Yes,Annual
JC2417,Cyber Security Awareness,Yes,Annual
JC6874,Code of Conduct,Yes,Annual
JC6874,Cyber Security Awareness,Yes,Annual
JC6874,Anti-Fraud Fundamentals,Yes,Annual
JC1873,Code of Conduct,Yes,Annual
JC1873,Cyber Security Awareness,Yes,Annual
JC5631,Code of Conduct,Yes,Annual
JC5631,Cyber Security Awareness,Yes,Annual
JC3840,Code of Conduct,Yes,Annual
JC3840,Cyber Security Awareness,Yes,Annual
JC3840,Leading Teams,Yes,Once
JC8811,Code of Conduct,Yes,Annual
JC8811,Cyber Security Awareness,Yes,Annual
JC8811,Operational Risk Management,Yes,Every 2 years
JC5651,Code of Conduct,Yes,Annual
JC5651,Cyber Security Awareness,Yes,Annual
JC5795,Code of Conduct,Yes,Annual
JC5795,Cyber Security Awareness,Yes,Annual
JC6742,Code of Conduct,Yes,Annual
JC6742,Cyber Security Awareness,Yes,Annual
JC6742,SAMA Consumer Protection,Yes,Annual
JC6886,Code of Conduct,Yes,Annual
JC6886,Cyber Security Awareness,Yes,Annual
JC6886,AML & Sanctions Awareness,Yes,Annual
JC9639,Code of Conduct,Yes,Annual
JC9639,Cyber Security Awareness,Yes,Annual
JC8266,Code of Conduct,Yes,Annual
JC8266,Cyber Security Awareness,Yes,Annual
JC3678,Code of Conduct,Yes,Annual
JC3678,Cyber Security Awareness,Yes,Annual
JC4855,Code of Conduct,Yes,Annual
JC4855,Cyber Security Awareness,Yes,Annual
JC4855,Code of Conduct,Yes,Annual
JC4106,Code of Conduct,Yes,Annual
JC4106,Cyber Security Awareness,Yes,Annual
JC3888,Code of Conduct,Yes,Annual
JC3888,Cyber Security Awareness,Yes,Annual
JC3888,Credit Risk Essentials,Yes,Every 2 years
JC8963,Code of Conduct,Yes,Annual
JC8963,Cyber Security Awareness,Yes,Annual
JC4501,Code of Conduct,Yes,Annual
JC4501,Cyber Security Awareness,Yes,Annual
JC4501,Data Privacy,Yes,Annual
JC6609,Code of Conduct,Yes,Annual
JC6609,Cyber Security Awareness,Yes,Annual
JC6609,Cyber Security Awareness,Yes,Annual
JC9572,Code of Conduct,Yes,Annual
JC9572,Cyber Security Awareness,Yes,Annual
JC9554,Code of Conduct,Yes,Annual
JC9554,Cyber Security Awareness,Yes,Annual
JC9554,Leading Teams,Yes,Once
JC3566,Code of Conduct,Yes,Annual
JC3566,Cyber Security Awareness,Yes,Annual
JC3566,Leading Teams,Yes,Once
JC3566,Credit Risk Essentials,Yes,Every 2 years
JC8557,Code of Conduct,Yes,Annual
JC8557,Cyber Security Awareness,Yes,Annual
JC8557,Leading Teams,Yes,Once
JC6918,Code of Conduct,Yes,Annual
JC6918,Cyber Security Awareness,Yes,Annual
JC7188,Code of Conduct,Yes,Annual
JC7188,Cyber Security Awareness,Yes,Annual
JC5620,Code of Conduct,Yes,Annual
JC5620,Cyber Security Awareness,Yes,Annual
JC8298,Code of Conduct,Yes,Annual
JC8298,Cyber Security Awareness,Yes,Annual
JC1691,Code of Conduct,Yes,Annual
JC1691,Cyber Security Awareness,Yes,Annual
JC5403,Code of Conduct,Yes,Annual
JC5403,Cyber Security Awareness,Yes,Annual
JC7539,Code of Conduct,Yes,Annual
JC7539,Cyber Security Awareness,Yes,Annual
JC7938,Code of Conduct,Yes,Annual
JC7938,Cyber Security Awareness,Yes,Annual
JC3150,Code of Conduct,Yes,Annual
JC3150,Cyber Security Awareness,Yes,Annual
JC3150,SAMA Consumer Protection,Yes,Annual
JC3223,Code of Conduct,Yes,Annual
JC3223,Cyber Security Awareness,Yes,Annual
JC3223,Code of Conduct,Yes,Annual
JC4316,Code of Conduct,Yes,Annual
JC4316,Cyber Security Awareness,Yes,Annual
JC4316,Leading Teams,Yes,Once
JC1152,Code of Conduct,Yes,Annual
JC1152,Cyber Security Awareness,Yes,Annual
JC1152,Operational Risk Management,Yes,Every 2 years
JC8988,Code of Conduct,Yes,Annual
JC8988,Cyber Security Awareness,Yes,Annual
JC9386,Code of Conduct,Yes,Annual
JC9386,Cyber Security Awareness,Yes,Annual
JC9386,Cyber Security Awareness,Yes,Annual
JC9074,Code of Conduct,Yes,Annual
JC9074,Cyber Security Awareness,Yes,Annual
JC3377,Code of Conduct,Yes,Annual
JC3377,Cyber Security Awareness,Yes,Annual
JC5433,Code of Conduct,Yes,Annual
JC5433,Cyber Security Awareness,Yes,Annual
JC4624,Code of Conduct,Yes,Annual
JC4624,Cyber Security Awareness,Yes,Annual
JC6936,Code of Conduct,Yes,Annual
JC6936,Cyber Security Awareness,Yes,Annual
JC5388,Code of Conduct,Yes,Annual
JC5388,Cyber Security Awareness,Yes,Annual
JC3181,Code of Conduct,Yes,Annual
JC3181,Cyber Security Awareness,Yes,Annual
JC7764,Code of Conduct,Yes,Annual
JC7764,Cyber Security Awareness,Yes,Annual
JC9880,Code of Conduct,Yes,Annual
JC9880,Cyber Security Awareness,Yes,Annual
JC5827,Code of Conduct,Yes,Annual
JC5827,Cyber Security Awareness,Yes,Annual
JC6818,Code of Conduct,Yes,Annual
JC6818,Cyber Security Awareness,Yes,Annual
JC1072,Code of Conduct,Yes,Annual
JC1072,Cyber Security Awareness,Yes,Annual
JC1072,Leading Teams,Yes,Once
JC8046,Code of Conduct,Yes,Annual
JC8046,Cyber Security Awareness,Yes,Annual
JC7557,Code of Conduct,Yes,Annual
JC7557,Cyber Security Awareness,Yes,Annual
JC2644,Code of Conduct,Yes,Annual
JC2644,Cyber Security Awareness,Yes,Annual
JC2117,Code of Conduct,Yes,Annual
JC2117,Cyber Security Awareness,Yes,Annual
JC5509,Code of Conduct,Yes,Annual
JC5509,Cyber Security Awareness,Yes,Annual
JC5032,Code of Conduct,Yes,Annual
JC5032,Cyber Security Awareness,Yes,Annual
JC5032,Operational Risk Management,Yes,Every 2 years
JC1638,Code of Conduct,Yes,Annual
JC1638,Cyber Security Awareness,Yes,Annual
JC5540,Code of Conduct,Yes,Annual
JC5540,Cyber Security Awareness,Yes,Annual
JC2010,Code of Conduct,Yes,Annual
JC2010,Cyber Security Awareness,Yes,Annual
JC2010,SAMA Consumer Protection,Yes,Annual
JC6352,Code of Conduct,Yes,Annual
JC6352,Cyber Security Awareness,Yes,Annual
JC5812,Code of Conduct,Yes,Annual
JC5812,Cyber Security Awareness,Yes,Annual
JC5812,Leading Teams,Yes,Once
JC2801,Code of Conduct,Yes,Annual
JC2801,Cyber Security Awareness,Yes,Annual
JC2192,Code of Conduct,Yes,Annual
JC2192,Cyber Security Awareness,Yes,Annual
JC4916,Code of Conduct,Yes,Annual
JC4916,Cyber Security Awareness,Yes,Annual
JC7113,Code of Conduct,Yes,Annual
JC7113,Cyber Security Awareness,Yes,Annual
JC7249,Code of Conduct,Yes,Annual
JC7249,Cyber Security Awareness,Yes,Annual
JC7464,Code of Conduct,Yes,Annual
JC7464,Cyber Security Awareness,Yes,Annual
JC7599,Code of Conduct,Yes,Annual
JC7599,Cyber Security Awareness,Yes,Annual
JC3465,Code of Conduct,Yes,Annual
JC3465,Cyber Security Awareness,Yes,Annual
JC3465,Leading Teams,Yes,Once
JC3475,Code of Conduct,Yes,Annual
JC3475,Cyber Security Awareness,Yes,Annual
JC3475,Credit Risk Essentials,Yes,Every 2 years
JC8126,Code of Conduct,Yes,Annual
JC8126,Cyber Security Awareness,Yes,Annual
JC6831,Code of Conduct,Yes,Annual
JC6831,Cyber Security Awareness,Yes,Annual
JC6831,IFRS 9 Update,Yes,Annual
JC1831,Code of Conduct,Yes,Annual
JC1831,Cyber Security Awareness,Yes,Annual
JC5038,Code of Conduct,Yes,Annual
JC5038,Cyber Security Awareness,Yes,Annual
JC7681,Code of Conduct,Yes,Annual
JC7681,Cyber Security Awareness,Yes,Annual
JC7681,Leading Teams,Yes,Once
JC3003,Code of Conduct,Yes,Annual
JC3003,Cyber Security Awareness,Yes,Annual
JC7023,Code of Conduct,Yes,Annual
JC7023,Cyber Security Awareness,Yes,Annual
JC7023,Leading Teams,Yes,Once
JC2450,Code of Conduct,Yes,Annual
JC2450,Cyber Security Awareness,Yes,Annual
JC2450,Leading Teams,Yes,Once
JC1020,Code of Conduct,Yes,Annual
JC1020,Cyber Security Awareness,Yes,Annual
JC2114,Code of Conduct,Yes,Annual
JC2114,Cyber Security Awareness,Yes,Annual
JC1655,Code of Conduct,Yes,Annual
JC1655,Cyber Security Awareness,Yes,Annual
JC1655,Cyber Security Awareness,Yes,Annual
JC2888,Code of Conduct,Yes,Annual
JC2888,Cyber Security Awareness,Yes,Annual
JC2279,Code of Conduct,Yes,Annual
JC2279,Cyber Security Awareness,Yes,Annual
JC4810,Code of Conduct,Yes,Annual
JC4810,Cyber Security Awareness,Yes,Annual
JC5698,Code of Conduct,Yes,Annual
JC5698,Cyber Security Awareness,Yes,Annual
JC3917,Code of Conduct,Yes,Annual
JC3917,Cyber Security Awareness,Yes,Annual
JC6522,Code of Conduct,Yes,Annual
JC6522,Cyber Security Awareness,Yes,Annual
JC2482,Code of Conduct,Yes,Annual
JC2482,Cyber Security Awareness,Yes,Annual
JC2482,Code of Conduct,Yes,Annual
JC6595,Code of Conduct,Yes,Annual
JC6595,Cyber Security Awareness,Yes,Annual
JC9780,Code of Conduct,Yes,Annual
JC9780,Cyber Security Awareness,Yes,Annual
JC9780,SAMA Consumer Protection,Yes,Annual
JC9673,Code of Conduct,Yes,Annual
JC9673,Cyber Security Awareness,Yes,Annual
JC2340,Code of Conduct,Yes,Annual
JC2340,Cyber Security Awareness,Yes,Annual
JC2340,Data Privacy,Yes,Annual
JC5118,Code of Conduct,Yes,Annual
JC5118,Cyber Security Awareness,Yes,Annual
JC3440,Code of Conduct,Yes,Annual
JC3440,Cyber Security Awareness,Yes,Annual
JC1378,Code of Conduct,Yes,Annual
JC1378,Cyber Security Awareness,Yes,Annual
JC2200,Code of Conduct,Yes,Annual
JC2200,Cyber Security Awareness,Yes,Annual
JC3229,Code of Conduct,Yes,Annual
JC3229,Cyber Security Awareness,Yes,Annual
JC5168,Code of Conduct,Yes,Annual
JC5168,Cyber Security Awareness,Yes,Annual
JC4471,Code of Conduct,Yes,Annual
JC4471,Cyber Security Awareness,Yes,Annual
JC8197,Code of Conduct,Yes,Annual
JC8197,Cyber Security Awareness,Yes,Annual
JC8942,Code of Conduct,Yes,Annual
JC8942,Cyber Security Awareness,Yes,Annual
JC9440,Code of Conduct,Yes,Annual
JC9440,Cyber Security Awareness,Yes,Annual
JC1395,Code of Conduct,Yes,Annual
JC1395,Cyber Security Awareness,Yes,Annual
JC1395,Leading Teams,Yes,Once
JC6485,Code of Conduct,Yes,Annual
JC6485,Cyber Security Awareness,Yes,Annual
JC6485,Leading Teams,Yes,Once
JC9947,Code of Conduct,Yes,Annual
JC9947,Cyber Security Awareness,Yes,Annual
JC4278,Code of Conduct,Yes,Annual
JC4278,Cyber Security Awareness,Yes,Annual
JC1243,Code of Conduct,Yes,Annual
JC1243,Cyber Security Awareness,Yes,Annual
JC8090,Code of Conduct,Yes,Annual
JC8090,Cyber Security Awareness,Yes,Annual
JC8090,Operational Risk Management,Yes,Every 2 years
JC2377,Code of Conduct,Yes,Annual
JC2377,Cyber Security Awareness,Yes,Annual
JC7858,Code of Conduct,Yes,Annual
JC7858,Cyber Security Awareness,Yes,Annual
JC3551,Code of Conduct,Yes,Annual
JC3551,Cyber Security Awareness,Yes,Annual
JC8820,Code of Conduct,Yes,Annual
JC8820,Cyber Security Awareness,Yes,Annual
JC8820,Cyber Security Awareness,Yes,Annual
JC1527,Code of Conduct,Yes,Annual
JC1527,Cyber Security Awareness,Yes,Annual
JC3460,Code of Conduct,Yes,Annual
JC3460,Cyber Security Awareness,Yes,Annual
JC8883,Code of Conduct,Yes,Annual
JC8883,Cyber Security Awareness,Yes,Annual
JC8103,Code of Conduct,Yes,Annual
JC8103,Cyber Security Awareness,Yes,Annual
JC2550,Code of Conduct,Yes,Annual
JC2550,Cyber Security Awareness,Yes,Annual
JC9598,Code of Conduct,Yes,Annual
JC9598,Cyber Security Awareness,Yes,Annual
JC4845,Code of Conduct,Yes,Annual
JC4845,Cyber Security Awareness,Yes,Annual
JC2528,Code of Conduct,Yes,Annual
JC2528,Cyber Security Awareness,Yes,Annual
JC2528,Leading Teams,Yes,Once
JC2528,Operational Risk Management,Yes,Every 2 years
JC9108,Code of Conduct,Yes,Annual
JC9108,Cyber Security Awareness,Yes,Annual
JC9108,Leading Teams,Yes,Once
JC4666,Code of Conduct,Yes,Annual
JC4666,Cyber Security Awareness,Yes,Annual
JC8729,Code of Conduct,Yes,Annual
JC8729,Cyber Security Awareness,Yes,Annual
JC5655,Code of Conduct,Yes,Annual
JC5655,Cyber Security Awareness,Yes,Annual
JC6350,Code of Conduct,Yes,Annual
JC6350,Cyber Security Awareness,Yes,Annual
JC1508,Code of Conduct,Yes,Annual
JC1508,Cyber Security Awareness,Yes,Annual
JC9830,Code of Conduct,Yes,Annual
JC9830,Cyber Security Awareness,Yes,Annual
JC1260,Code of Conduct,Yes,Annual
JC1260,Cyber Security Awareness,Yes,Annual
JC1260,Code of Conduct,Yes,Annual
JC3087,Code of Conduct,Yes,Annual
JC3087,Cyber Security Awareness,Yes,Annual
JC6424,Code of Conduct,Yes,Annual
JC6424,Cyber Security Awareness,Yes,Annual
JC6424,IFRS 9 Update,Yes,Annual
JC6322,Code of Conduct,Yes,Annual
JC6322,Cyber Security Awareness,Yes,Annual
JC4498,Code of Conduct,Yes,Annual
JC4498,Cyber Security Awareness,Yes,Annual
JC9683,Code of Conduct,Yes,Annual
JC9683,Cyber Security Awareness,Yes,Annual
JC5471,Code of Conduct,Yes,Annual
JC5471,Cyber Security Awareness,Yes,Annual
JC5471,SAMA Consumer Protection,Yes,Annual
JC9898,Code of Conduct,Yes,Annual
JC9898,Cyber Security Awareness,Yes,Annual
JC8400,Code of Conduct,Yes,Annual
JC8400,Cyber Security Awareness,Yes,Annual
JC8400,AML & Sanctions Awareness,Yes,Annual
JC8400,Leading Teams,Yes,Once
JC8400,Cyber Security Awareness,Yes,Annual
JC5376,Code of Conduct,Yes,Annual
JC5376,Cyber Security Awareness,Yes,Annual
JC5376,AML & Sanctions Awareness,Yes,Annual
JC5376,Leading Teams,Yes,Once
JC5376,Anti-Fraud Fundamentals,Yes,Annual
JC1910,Code of Conduct,Yes,Annual
JC1910,Cyber Security Awareness,Yes,Annual
JC1910,AML & Sanctions Awareness,Yes,Annual
JC1910,Leading Teams,Yes,Once
JC1119,Code of Conduct,Yes,Annual
JC1119,Cyber Security Awareness,Yes,Annual
JC1119,AML & Sanctions Awareness,Yes,Annual
JC8598,Code of Conduct,Yes,Annual
JC8598,Cyber Security Awareness,Yes,Annual
JC8598,AML & Sanctions Awareness,Yes,Annual
JC8598,Anti-Fraud Fundamentals,Yes,Annual
JC8625,Code of Conduct,Yes,Annual
JC8625,Cyber Security Awareness,Yes,Annual
JC8625,AML & Sanctions Awareness,Yes,Annual
JC6037,Code of Conduct,Yes,Annual
JC6037,Cyber Security Awareness,Yes,Annual
JC6037,AML & Sanctions Awareness,Yes,Annual
JC2154,Code of Conduct,Yes,Annual
JC2154,Cyber Security Awareness,Yes,Annual
JC2154,AML & Sanctions Awareness,Yes,Annual
JC5624,Code of Conduct,Yes,Annual
JC5624,Cyber Security Awareness,Yes,Annual
JC5624,AML & Sanctions Awareness,Yes,Annual
JC5624,IFRS 9 Update,Yes,Annual
JC3067,Code of Conduct,Yes,Annual
JC3067,Cyber Security Awareness,Yes,Annual
JC3067,AML & Sanctions Awareness,Yes,Annual
JC2412,Code of Conduct,Yes,Annual
JC2412,Cyber Security Awareness,Yes,Annual
JC2412,AML & Sanctions Awareness,Yes,Annual
JC3909,Code of Conduct,Yes,Annual
JC3909,Cyber Security Awareness,Yes,Annual
JC3909,AML & Sanctions Awareness,Yes,Annual
JC3909,SAMA Consumer Protection,Yes,Annual
JC9288,Code of Conduct,Yes,Annual
JC9288,Cyber Security Awareness,Yes,Annual
JC9288,AML & Sanctions Awareness,Yes,Annual
JC1487,Code of Conduct,Yes,Annual
JC1487,Cyber Security Awareness,Yes,Annual
JC1487,AML & Sanctions Awareness,Yes,Annual
JC5294,Code of Conduct,Yes,Annual
JC5294,Cyber Security Awareness,Yes,Annual
JC5294,AML & Sanctions Awareness,Yes,Annual
JC3098,Code of Conduct,Yes,Annual
JC3098,Cyber Security Awareness,Yes,Annual
JC3098,AML & Sanctions Awareness,Yes,Annual
JC9650,Code of Conduct,Yes,Annual
JC9650,Cyber Security Awareness,Yes,Annual
JC9650,AML & Sanctions Awareness,Yes,Annual
JC2106,Code of Conduct,Yes,Annual
JC2106,Cyber Security Awareness,Yes,Annual
JC2106,AML & Sanctions Awareness,Yes,Annual
JC2106,Leading Teams,Yes,Once
JC2106,Cyber Security Awareness,Yes,Annual
JC7025,Code of Conduct,Yes,Annual
JC7025,Cyber Security Awareness,Yes,Annual
JC7025,AML & Sanctions Awareness,Yes,Annual
JC7010,Code of Conduct,Yes,Annual
JC7010,Cyber Security Awareness,Yes,Annual
JC7010,AML & Sanctions Awareness,Yes,Annual
JC7010,Data Privacy,Yes,Annual
JC6952,Code of Conduct,Yes,Annual
JC6952,Cyber Security Awareness,Yes,Annual
JC6952,AML & Sanctions Awareness,Yes,Annual
JC3367,Code of Conduct,Yes,Annual
JC3367,Cyber Security Awareness,Yes,Annual
JC3367,AML & Sanctions Awareness,Yes,Annual
JC4390,Code of Conduct,Yes,Annual
JC4390,Cyber Security Awareness,Yes,Annual
JC4390,AML & Sanctions Awareness,Yes,Annual
JC6196,Code of Conduct,Yes,Annual
JC6196,Cyber Security Awareness,Yes,Annual
JC6196,AML & Sanctions Awareness,Yes,Annual
JC6196,Credit Risk Essentials,Yes,Every 2 years
JC1890,Code of Conduct,Yes,Annual
JC1890,Cyber Security Awareness,Yes,Annual
JC1890,AML & Sanctions Awareness,Yes,Annual
JC4765,Code of Conduct,Yes,Annual
JC4765,Cyber Security Awareness,Yes,Annual
JC4765,AML & Sanctions Awareness,Yes,Annual
JC4765,Operational Risk Management,Yes,Every 2 years
JC9996,Code of Conduct,Yes,Annual
JC9996,Cyber Security Awareness,Yes,Annual
JC9996,AML & Sanctions Awareness,Yes,Annual
JC9996,IFRS 9 Update,Yes,Annual
JC1473,Code of Conduct,Yes,Annual
JC1473,Cyber Security Awareness,Yes,Annual
JC1473,AML & Sanctions Awareness,Yes,Annual
JC1181,Code of Conduct,Yes,Annual
JC1181,Cyber Security Awareness,Yes,Annual
JC1181,AML & Sanctions Awareness,Yes,Annual
JC3886,Code of Conduct,Yes,Annual
JC3886,Cyber Security Awareness,Yes,Annual
JC3886,AML & Sanctions Awareness,Yes,Annual
JC3886,SAMA Consumer Protection,Yes,Annual
JC5267,Code of Conduct,Yes,Annual
JC5267,Cyber Security Awareness,Yes,Annual
JC5267,AML & Sanctions Awareness,Yes,Annual
JC5267,Leading Teams,Yes,Once
JC2193,Code of Conduct,Yes,Annual
JC2193,Cyber Security Awareness,Yes,Annual
JC2193,AML & Sanctions Awareness,Yes,Annual
JC2193,Leading Teams,Yes,Once
JC5074,Code of Conduct,Yes,Annual
JC5074,Cyber Security Awareness,Yes,Annual
JC5074,AML & Sanctions Awareness,Yes,Annual
JC5074,Code of Conduct,Yes,Annual
JC2790,Code of Conduct,Yes,Annual
JC2790,Cyber Security Awareness,Yes,Annual
JC2790,AML & Sanctions Awareness,Yes,Annual
JC7864,Code of Conduct,Yes,Annual
JC7864,Cyber Security Awareness,Yes,Annual
JC7864,AML & Sanctions Awareness,Yes,Annual
JC3631,Code of Conduct,Yes,Annual
JC3631,Cyber Security Awareness,Yes,Annual
JC3631,AML & Sanctions Awareness,Yes,Annual
JC3942,Code of Conduct,Yes,Annual
JC3942,Cyber Security Awareness,Yes,Annual
JC3942,AML & Sanctions Awareness,Yes,Annual
JC4185,Code of Conduct,Yes,Annual
JC4185,Cyber Security Awareness,Yes,Annual
JC4185,AML & Sanctions Awareness,Yes,Annual
JC5040,Code of Conduct,Yes,Annual
JC5040,Cyber Security Awareness,Yes,Annual
JC5040,AML & Sanctions Awareness,Yes,Annual
JC4130,Code of Conduct,Yes,Annual
JC4130,Cyber Security Awareness,Yes,Annual
JC4130,AML & Sanctions Awareness,Yes,Annual
JC3055,Code of Conduct,Yes,Annual
JC3055,Cyber Security Awareness,Yes,Annual
JC3055,AML & Sanctions Awareness,Yes,Annual
JC7618,Code of Conduct,Yes,Annual
JC7618,Cyber Security Awareness,Yes,Annual
JC7618,AML & Sanctions Awareness,Yes,Annual
JC7618,Credit Risk Essentials,Yes,Every 2 years
JC2459,Code of Conduct,Yes,Annual
JC2459,Cyber Security Awareness,Yes,Annual
JC2459,AML & Sanctions Awareness,Yes,Annual
JC7573,Code of Conduct,Yes,Annual
JC7573,Cyber Security Awareness,Yes,Annual
JC7573,AML & Sanctions Awareness,Yes,Annual
JC7573,Anti-Fraud Fundamentals,Yes,Annual
JC9523,Code of Conduct,Yes,Annual
JC9523,Cyber Security Awareness,Yes,Annual
JC9523,AML & Sanctions Awareness,Yes,Annual
JC9523,IFRS 9 Update,Yes,Annual
JC5465,Code of Conduct,Yes,Annual
JC5465,Cyber Security Awareness,Yes,Annual
JC5465,AML & Sanctions Awareness,Yes,Annual
JC6875,Code of Conduct,Yes,Annual
JC6875,Cyber Security Awareness,Yes,Annual
JC6875,AML & Sanctions Awareness,Yes,Annual
JC6875,Data Privacy,Yes,Annual
JC3905,Code of Conduct,Yes,Annual
JC3905,Cyber Security Awareness,Yes,Annual
JC3905,AML & Sanctions Awareness,Yes,Annual
JC1540,Code of Conduct,Yes,Annual
JC1540,Cyber Security Awareness,Yes,Annual
JC1540,AML & Sanctions Awareness,Yes,Annual
JC1540,Code of Conduct,Yes,Annual
JC3916,Code of Conduct,Yes,Annual
JC3916,Cyber Security Awareness,Yes,Annual
JC3916,AML & Sanctions Awareness,Yes,Annual
JC3916,Leading Teams,Yes,Once
JC3143,Code of Conduct,Yes,Annual
JC3143,Cyber Security Awareness,Yes,Annual
JC3143,AML & Sanctions Awareness,Yes,Annual
JC9334,Code of Conduct,Yes,Annual
JC9334,Cyber Security Awareness,Yes,Annual
JC9334,AML & Sanctions Awareness,Yes,Annual
JC6030,Code of Conduct,Yes,Annual
JC6030,Cyber Security Awareness,Yes,Annual
JC6030,AML & Sanctions Awareness,Yes,Annual
JC3915,Code of Conduct,Yes,Annual
JC3915,Cyber Security Awareness,Yes,Annual
JC3915,AML & Sanctions Awareness,Yes,Annual
JC6698,Code of Conduct,Yes,Annual
JC6698,Cyber Security Awareness,Yes,Annual
JC6698,AML & Sanctions Awareness,Yes,Annual
JC1850,Code of Conduct,Yes,Annual
JC1850,Cyber Security Awareness,Yes,Annual
JC1850,AML & Sanctions Awareness,Yes,Annual
JC5483,Code of Conduct,Yes,Annual
JC5483,Cyber Security Awareness,Yes,Annual
JC5483,AML & Sanctions Awareness,Yes,Annual
JC5544,Code of Conduct,Yes,Annual
JC5544,Cyber Security Awareness,Yes,Annual
JC5544,AML & Sanctions Awareness,Yes,Annual
JC5544,Leading Teams,Yes,Once
JC5378,Code of Conduct,Yes,Annual
JC5378,Cyber Security Awareness,Yes,Annual
JC5378,AML & Sanctions Awareness,Yes,Annual
JC3855,Code of Conduct,Yes,Annual
JC3855,Cyber Security Awareness,Yes,Annual
JC3855,AML & Sanctions Awareness,Yes,Annual
JC9557,Code of Conduct,Yes,Annual
JC9557,Cyber Security Awareness,Yes,Annual
JC9557,AML & Sanctions Awareness,Yes,Annual
JC9931,Code of Conduct,Yes,Annual
JC9931,Cyber Security Awareness,Yes,Annual
JC9931,AML & Sanctions Awareness,Yes,Annual
JC9193,Code of Conduct,Yes,Annual
JC9193,Cyber Security Awareness,Yes,Annual
JC9193,AML & Sanctions Awareness,Yes,Annual
JC9193,Cyber Security Awareness,Yes,Annual
JC7623,Code of Conduct,Yes,Annual
JC7623,Cyber Security Awareness,Yes,Annual
JC7623,AML & Sanctions Awareness,Yes,Annual
JC7623,Data Privacy,Yes,Annual
JC7882,Code of Conduct,Yes,Annual
JC7882,Cyber Security Awareness,Yes,Annual
JC7882,AML & Sanctions Awareness,Yes,Annual
JC7882,Leading Teams,Yes,Once
JC7882,AML & Sanctions Awareness,Yes,Annual
JC6562,Code of Conduct,Yes,Annual
JC6562,Cyber Security Awareness,Yes,Annual
JC6562,AML & Sanctions Awareness,Yes,Annual
JC6562,Leading Teams,Yes,Once
JC6711,Code of Conduct,Yes,Annual
JC6711,Cyber Security Awareness,Yes,Annual
JC6711,AML & Sanctions Awareness,Yes,Annual
JC6711,Leading Teams,Yes,Once
JC6072,Code of Conduct,Yes,Annual
JC6072,Cyber Security Awareness,Yes,Annual
JC6072,AML & Sanctions Awareness,Yes,Annual
JC5558,Code of Conduct,Yes,Annual
JC5558,Cyber Security Awareness,Yes,Annual
JC5558,AML & Sanctions Awareness,Yes,Annual
JC5558,IFRS 9 Update,Yes,Annual
JC8296,Code of Conduct,Yes,Annual
JC8296,Cyber Security Awareness,Yes,Annual
JC8296,AML & Sanctions Awareness,Yes,Annual
JC6898,Code of Conduct,Yes,Annual
JC6898,Cyber Security Awareness,Yes,Annual
JC6898,AML & Sanctions Awareness,Yes,Annual
JC8701,Code of Conduct,Yes,Annual
JC8701,Cyber Security Awareness,Yes,Annual
JC8701,AML & Sanctions Awareness,Yes,Annual
JC8701,IFRS 9 Update,Yes,Annual
JC7711,Code of Conduct,Yes,Annual
JC7711,Cyber Security Awareness,Yes,Annual
JC7711,AML & Sanctions Awareness,Yes,Annual
JC7711,Anti-Fraud Fundamentals,Yes,Annual
JC2989,Code of Conduct,Yes,Annual
JC2989,Cyber Security Awareness,Yes,Annual
JC2989,AML & Sanctions Awareness,Yes,Annual
JC3504,Code of Conduct,Yes,Annual
JC3504,Cyber Security Awareness,Yes,Annual
JC3504,AML & Sanctions Awareness,Yes,Annual
JC4416,Code of Conduct,Yes,Annual
JC4416,Cyber Security Awareness,Yes,Annual
JC4416,AML & Sanctions Awareness,Yes,Annual
JC4820,Code of Conduct,Yes,Annual
JC4820,Cyber Security Awareness,Yes,Annual
JC4820,AML & Sanctions Awareness,Yes,Annual
JC4820,Cyber Security Awareness,Yes,Annual
JC3348,Code of Conduct,Yes,Annual
JC3348,Cyber Security Awareness,Yes,Annual
JC3348,AML & Sanctions Awareness,Yes,Annual
JC3348,Operational Risk Management,Yes,Every 2 years
JC7027,Code of Conduct,Yes,Annual
JC7027,Cyber Security Awareness,Yes,Annual
JC7027,AML & Sanctions Awareness,Yes,Annual
JC4921,Code of Conduct,Yes,Annual
JC4921,Cyber Security Awareness,Yes,Annual
JC4921,AML & Sanctions Awareness,Yes,Annual
JC4921,Credit Risk Essentials,Yes,Every 2 years
JC6025,Code of Conduct,Yes,Annual
JC6025,Cyber Security Awareness,Yes,Annual
JC6025,AML & Sanctions Awareness,Yes,Annual
JC2976,Code of Conduct,Yes,Annual
JC2976,Cyber Security Awareness,Yes,Annual
JC2976,AML & Sanctions Awareness,Yes,Annual
JC2976,Data Privacy,Yes,Annual
JC6365,Code of Conduct,Yes,Annual
JC6365,Cyber Security Awareness,Yes,Annual
JC6365,AML & Sanctions Awareness,Yes,Annual
JC5155,Code of Conduct,Yes,Annual
JC5155,Cyber Security Awareness,Yes,Annual
JC5155,AML & Sanctions Awareness,Yes,Annual
JC5155,Leading Teams,Yes,Once
JC7974,Code of Conduct,Yes,Annual
JC7974,Cyber Security Awareness,Yes,Annual
JC7974,AML & Sanctions Awareness,Yes,Annual
JC7974,Anti-Fraud Fundamentals,Yes,Annual
JC9371,Code of Conduct,Yes,Annual
JC9371,Cyber Security Awareness,Yes,Annual
JC9371,AML & Sanctions Awareness,Yes,Annual
JC9371,SAMA Consumer Protection,Yes,Annual
JC7246,Code of Conduct,Yes,Annual
JC7246,Cyber Security Awareness,Yes,Annual
JC7246,AML & Sanctions Awareness,Yes,Annual
JC2853,Code of Conduct,Yes,Annual
JC2853,Cyber Security Awareness,Yes,Annual
JC2853,AML & Sanctions Awareness,Yes,Annual
JC2715,Code of Conduct,Yes,Annual
JC2715,Cyber Security Awareness,Yes,Annual
JC2715,AML & Sanctions Awareness,Yes,Annual
JC2715,Operational Risk Management,Yes,Every 2 years
JC7487,Code of Conduct,Yes,Annual
JC7487,Cyber Security Awareness,Yes,Annual
JC7487,AML & Sanctions Awareness,Yes,Annual
JC7487,SAMA Consumer Protection,Yes,Annual
JC7960,Code of Conduct,Yes,Annual
JC7960,Cyber Security Awareness,Yes,Annual
JC7960,AML & Sanctions Awareness,Yes,Annual
JC6596,Code of Conduct,Yes,Annual
JC6596,Cyber Security Awareness,Yes,Annual
JC6596,AML & Sanctions Awareness,Yes,Annual
JC6596,IFRS 9 Update,Yes,Annual
JC9138,Code of Conduct,Yes,Annual
JC9138,Cyber Security Awareness,Yes,Annual
JC9138,AML & Sanctions Awareness,Yes,Annual
JC9138,Data Privacy,Yes,Annual
JC9913,Code of Conduct,Yes,Annual
JC9913,Cyber Security Awareness,Yes,Annual
JC9913,AML & Sanctions Awareness,Yes,Annual
JC9913,AML & Sanctions Awareness,Yes,Annual
JC4124,Code of Conduct,Yes,Annual
JC4124,Cyber Security Awareness,Yes,Annual
JC4124,AML & Sanctions Awareness,Yes,Annual
JC6730,Code of Conduct,Yes,Annual
JC6730,Cyber Security Awareness,Yes,Annual
JC6730,AML & Sanctions Awareness,Yes,Annual
JC6730,Operational Risk Management,Yes,Every 2 years
JC7011,Code of Conduct,Yes,Annual
JC7011,Cyber Security Awareness,Yes,Annual
JC7011,AML & Sanctions Awareness,Yes,Annual
JC7011,Leading Teams,Yes,Once
JC9056,Code of Conduct,Yes,Annual
JC9056,Cyber Security Awareness,Yes,Annual
JC9056,AML & Sanctions Awareness,Yes,Annual
JC9056,Leading Teams,Yes,Once
JC8041,Code of Conduct,Yes,Annual
JC8041,Cyber Security Awareness,Yes,Annual
JC8041,AML & Sanctions Awareness,Yes,Annual
JC4259,Code of Conduct,Yes,Annual
JC4259,Cyber Security Awareness,Yes,Annual
JC4259,AML & Sanctions Awareness,Yes,Annual
JC4259,Credit Risk Essentials,Yes,Every 2 years
JC6671,Code of Conduct,Yes,Annual
JC6671,Cyber Security Awareness,Yes,Annual
JC6671,AML & Sanctions Awareness,Yes,Annual
JC6671,SAMA Consumer Protection,Yes,Annual
JC4660,Code of Conduct,Yes,Annual
JC4660,Cyber Security Awareness,Yes,Annual
JC4660,AML & Sanctions Awareness,Yes,Annual
JC7830,Code of Conduct,Yes,Annual
JC7830,Cyber Security Awareness,Yes,Annual
JC7830,AML & Sanctions Awareness,Yes,Annual
JC1592,Code of Conduct,Yes,Annual
JC1592,Cyber Security Awareness,Yes,Annual
JC1592,AML & Sanctions Awareness,Yes,Annual
JC7494,Code of Conduct,Yes,Annual
JC7494,Cyber Security Awareness,Yes,Annual
JC7494,AML & Sanctions Awareness,Yes,Annual
JC7494,SAMA Consumer Protection,Yes,Annual
JC1488,Code of Conduct,Yes,Annual
JC1488,Cyber Security Awareness,Yes,Annual
JC1488,AML & Sanctions Awareness,Yes,Annual
JC3272,Code of Conduct,Yes,Annual
JC3272,Cyber Security Awareness,Yes,Annual
JC3272,AML & Sanctions Awareness,Yes,Annual
JC4359,Code of Conduct,Yes,Annual
JC4359,Cyber Security Awareness,Yes,Annual
JC4359,AML & Sanctions Awareness,Yes,Annual
JC4359,Operational Risk Management,Yes,Every 2 years
JC3724,Code of Conduct,Yes,Annual
JC3724,Cyber Security Awareness,Yes,Annual
JC3724,AML & Sanctions Awareness,Yes,Annual
JC3724,Operational Risk Management,Yes,Every 2 years
JC9838,Code of Conduct,Yes,Annual
JC9838,Cyber Security Awareness,Yes,Annual
JC9838,AML & Sanctions Awareness,Yes,Annual
JC2177,Code of Conduct,Yes,Annual
JC2177,Cyber Security Awareness,Yes,Annual
JC2177,AML & Sanctions Awareness,Yes,Annual
JC2177,Leading Teams,Yes,Once
JC7208,Code of Conduct,Yes,Annual
JC7208,Cyber Security Awareness,Yes,Annual
JC7208,AML & Sanctions Awareness,Yes,Annual
JC7578,Code of Conduct,Yes,Annual
JC7578,Cyber Security Awareness,Yes,Annual
JC7578,AML & Sanctions Awareness,Yes,Annual
JC9769,Code of Conduct,Yes,Annual
JC9769,Cyber Security Awareness,Yes,Annual
JC9769,AML & Sanctions Awareness,Yes,Annual
JC8812,Code of Conduct,Yes,Annual
JC8812,Cyber Security Awareness,Yes,Annual
JC8812,AML & Sanctions Awareness,Yes,Annual
JC7079,Code of Conduct,Yes,Annual
JC7079,Cyber Security Awareness,Yes,Annual
JC7079,AML & Sanctions Awareness,Yes,Annual
JC4073,Code of Conduct,Yes,Annual
JC4073,Cyber Security Awareness,Yes,Annual
JC4073,AML & Sanctions Awareness,Yes,Annual
JC4073,Anti-Fraud Fundamentals,Yes,Annual
JC4485,Code of Conduct,Yes,Annual
JC4485,Cyber Security Awareness,Yes,Annual
JC4485,AML & Sanctions Awareness,Yes,Annual
JC4485,Data Privacy,Yes,Annual
JC9631,Code of Conduct,Yes,Annual
JC9631,Cyber Security Awareness,Yes,Annual
JC9631,AML & Sanctions Awareness,Yes,Annual
JC3344,Code of Conduct,Yes,Annual
JC3344,Cyber Security Awareness,Yes,Annual
JC3344,AML & Sanctions Awareness,Yes,Annual
JC3344,AML & Sanctions Awareness,Yes,Annual
JC1713,Code of Conduct,Yes,Annual
JC1713,Cyber Security Awareness,Yes,Annual
JC1713,AML & Sanctions Awareness,Yes,Annual
JC1713,Credit Risk Essentials,Yes,Every 2 years
JC9781,Code of Conduct,Yes,Annual
JC9781,Cyber Security Awareness,Yes,Annual
JC9781,AML & Sanctions Awareness,Yes,Annual
JC9781,Operational Risk Management,Yes,Every 2 years
JC1909,Code of Conduct,Yes,Annual
JC1909,Cyber Security Awareness,Yes,Annual
JC1909,AML & Sanctions Awareness,Yes,Annual
JC2619,Code of Conduct,Yes,Annual
JC2619,Cyber Security Awareness,Yes,Annual
JC2619,AML & Sanctions Awareness,Yes,Annual
JC4399,Code of Conduct,Yes,Annual
JC4399,Cyber Security Awareness,Yes,Annual
JC4399,AML & Sanctions Awareness,Yes,Annual
JC4399,Credit Risk Essentials,Yes,Every 2 years
JC2547,Code of Conduct,Yes,Annual
JC2547,Cyber Security Awareness,Yes,Annual
JC2547,AML & Sanctions Awareness,Yes,Annual
JC5169,Code of Conduct,Yes,Annual
JC5169,Cyber Security Awareness,Yes,Annual
JC5169,AML & Sanctions Awareness,Yes,Annual
JC5169,Leading Teams,Yes,Once
JC4625,Code of Conduct,Yes,Annual
JC4625,Cyber Security Awareness,Yes,Annual
JC4625,AML & Sanctions Awareness,Yes,Annual
JC4625,Leading Teams,Yes,Once
JC8520,Code of Conduct,Yes,Annual
JC8520,Cyber Security Awareness,Yes,Annual
JC8520,AML & Sanctions Awareness,Yes,Annual
JC8520,Leading Teams,Yes,Once
JC8062,Code of Conduct,Yes,Annual
JC8062,Cyber Security Awareness,Yes,Annual
JC8062,AML & Sanctions Awareness,Yes,Annual
JC9286,Code of Conduct,Yes,Annual
JC9286,Cyber Security Awareness,Yes,Annual
JC9286,AML & Sanctions Awareness,Yes,Annual
JC5044,Code of Conduct,Yes,Annual
JC5044,Cyber Security Awareness,Yes,Annual
JC5044,AML & Sanctions Awareness,Yes,Annual
JC9654,Code of Conduct,Yes,Annual
JC9654,Cyber Security Awareness,Yes,Annual
JC9654,AML & Sanctions Awareness,Yes,Annual
JC9654,AML & Sanctions Awareness,Yes,Annual
JC2437,Code of Conduct,Yes,Annual
JC2437,Cyber Security Awareness,Yes,Annual
JC2437,AML & Sanctions Awareness,Yes,Annual
JC7856,Code of Conduct,Yes,Annual
JC7856,Cyber Security Awareness,Yes,Annual
JC7856,AML & Sanctions Awareness,Yes,Annual
JC9819,Code of Conduct,Yes,Annual
JC9819,Cyber Security Awareness,Yes,Annual
JC9819,AML & Sanctions Awareness,Yes,Annual
JC9819,AML & Sanctions Awareness,Yes,Annual
JC7674,Code of Conduct,Yes,Annual
JC7674,Cyber Security Awareness,Yes,Annual
JC7674,AML & Sanctions Awareness,Yes,Annual
JC5532,Code of Conduct,Yes,Annual
JC5532,Cyber Security Awareness,Yes,Annual
JC5532,AML & Sanctions Awareness,Yes,Annual
JC4392,Code of Conduct,Yes,Annual
JC4392,Cyber Security Awareness,Yes,Annual
JC4392,AML & Sanctions Awareness,Yes,Annual
JC4392,SAMA Consumer Protection,Yes,Annual
JC3468,Code of Conduct,Yes,Annual
JC3468,Cyber Security Awareness,Yes,Annual
JC3468,AML & Sanctions Awareness,Yes,Annual
JC3468,Cyber Security Awareness,Yes,Annual
JC9221,Code of Conduct,Yes,Annual
JC9221,Cyber Security Awareness,Yes,Annual
JC9221,AML & Sanctions Awareness,Yes,Annual
JC9961,Code of Conduct,Yes,Annual
JC9961,Cyber Security Awareness,Yes,Annual
JC9961,AML & Sanctions Awareness,Yes,Annual
JC2214,Code of Conduct,Yes,Annual
JC2214,Cyber Security Awareness,Yes,Annual
JC2214,AML & Sanctions Awareness,Yes,Annual
JC7136,Code of Conduct,Yes,Annual
JC7136,Cyber Security Awareness,Yes,Annual
JC7136,AML & Sanctions Awareness,Yes,Annual
JC5912,Code of Conduct,Yes,Annual
JC5912,Cyber Security Awareness,Yes,Annual
JC5912,AML & Sanctions Awareness,Yes,Annual
JC5622,Code of Conduct,Yes,Annual
JC5622,Cyber Security Awareness,Yes,Annual
JC5622,AML & Sanctions Awareness,Yes,Annual
JC5622,Leading Teams,Yes,Once
JC8854,Code of Conduct,Yes,Annual
JC8854,Cyber Security Awareness,Yes,Annual
JC8854,AML & Sanctions Awareness,Yes,Annual
JC7383,Code of Conduct,Yes,Annual
JC7383,Cyber Security Awareness,Yes,Annual
JC7383,AML & Sanctions Awareness,Yes,Annual
JC6721,Code of Conduct,Yes,Annual
JC6721,Cyber Security Awareness,Yes,Annual
JC6721,AML & Sanctions Awareness,Yes,Annual
JC3048,Code of Conduct,Yes,Annual
JC3048,Cyber Security Awareness,Yes,Annual
JC3048,AML & Sanctions Awareness,Yes,Annual
JC3048,Cyber Security Awareness,Yes,Annual
JC2701,Code of Conduct,Yes,Annual
JC2701,Cyber Security Awareness,Yes,Annual
JC2701,AML & Sanctions Awareness,Yes,Annual
JC1169,Code of Conduct,Yes,Annual
JC1169,Cyber Security Awareness,Yes,Annual
JC1169,AML & Sanctions Awareness,Yes,Annual
JC1169,IFRS 9 Update,Yes,Annual
JC2462,Code of Conduct,Yes,Annual
JC2462,Cyber Security Awareness,Yes,Annual
JC2462,AML & Sanctions Awareness,Yes,Annual
JC2462,Credit Risk Essentials,Yes,Every 2 years
JC7596,Code of Conduct,Yes,Annual
JC7596,Cyber Security Awareness,Yes,Annual
JC7596,AML & Sanctions Awareness,Yes,Annual
JC6453,Code of Conduct,Yes,Annual
JC6453,Cyber Security Awareness,Yes,Annual
JC6453,AML & Sanctions Awareness,Yes,Annual
JC7119,Code of Conduct,Yes,Annual
JC7119,Cyber Security Awareness,Yes,Annual
JC7119,AML & Sanctions Awareness,Yes,Annual
JC4337,Code of Conduct,Yes,Annual
JC4337,Cyber Security Awareness,Yes,Annual
JC4337,AML & Sanctions Awareness,Yes,Annual
JC3050,Code of Conduct,Yes,Annual
JC3050,Cyber Security Awareness,Yes,Annual
JC3050,AML & Sanctions Awareness,Yes,Annual
JC6871,Code of Conduct,Yes,Annual
JC6871,Cyber Security Awareness,Yes,Annual
JC6871,AML & Sanctions Awareness,Yes,Annual
JC6871,Leading Teams,Yes,Once
JC7927,Code of Conduct,Yes,Annual
JC7927,Cyber Security Awareness,Yes,Annual
JC7927,AML & Sanctions Awareness,Yes,Annual
JC7927,Leading Teams,Yes,Once
JC9940,Code of Conduct,Yes,Annual
JC9940,Cyber Security Awareness,Yes,Annual
JC9940,AML & Sanctions Awareness,Yes,Annual
JC5461,Code of Conduct,Yes,Annual
JC5461,Cyber Security Awareness,Yes,Annual
JC5461,AML & Sanctions Awareness,Yes,Annual
JC3752,Code of Conduct,Yes,Annual
JC3752,Cyber Security Awareness,Yes,Annual
JC3752,AML & Sanctions Awareness,Yes,Annual
JC5220,Code of Conduct,Yes,Annual
JC5220,Cyber Security Awareness,Yes,Annual
JC5220,AML & Sanctions Awareness,Yes,Annual
JC1239,Code of Conduct,Yes,Annual
JC1239,Cyber Security Awareness,Yes,Annual
JC1239,AML & Sanctions Awareness,Yes,Annual
JC9296,Code of Conduct,Yes,Annual
JC9296,Cyber Security Awareness,Yes,Annual
JC9296,AML & Sanctions Awareness,Yes,Annual
JC4913,Code of Conduct,Yes,Annual
JC4913,Cyber Security Awareness,Yes,Annual
JC4913,AML & Sanctions Awareness,Yes,Annual
JC6494,Code of Conduct,Yes,Annual
JC6494,Cyber Security Awareness,Yes,Annual
JC6494,AML & Sanctions Awareness,Yes,Annual
JC6494,Code of Conduct,Yes,Annual
JC7112,Code of Conduct,Yes,Annual
JC7112,Cyber Security Awareness,Yes,Annual
JC7112,AML & Sanctions Awareness,Yes,Annual
JC3366,Code of Conduct,Yes,Annual
JC3366,Cyber Security Awareness,Yes,Annual
JC3366,AML & Sanctions Awareness,Yes,Annual
JC3366,Cyber Security Awareness,Yes,Annual
JC6283,Code of Conduct,Yes,Annual
JC6283,Cyber Security Awareness,Yes,Annual
JC6283,AML & Sanctions Awareness,Yes,Annual
JC1223,Code of Conduct,Yes,Annual
JC1223,Cyber Security Awareness,Yes,Annual
JC1223,AML & Sanctions Awareness,Yes,Annual
JC5746,Code of Conduct,Yes,Annual
JC5746,Cyber Security Awareness,Yes,Annual
JC5746,AML & Sanctions Awareness,Yes,Annual
JC5746,Leading Teams,Yes,Once
JC3396,Code of Conduct,Yes,Annual
JC3396,Cyber Security Awareness,Yes,Annual
JC3396,AML & Sanctions Awareness,Yes,Annual
JC2108,Code of Conduct,Yes,Annual
JC2108,Cyber Security Awareness,Yes,Annual
JC2108,AML & Sanctions Awareness,Yes,Annual
JC1936,Code of Conduct,Yes,Annual
JC1936,Cyber Security Awareness,Yes,Annual
JC1936,AML & Sanctions Awareness,Yes,Annual
JC1936,Data Privacy,Yes,Annual
JC3862,Code of Conduct,Yes,Annual
JC3862,Cyber Security Awareness,Yes,Annual
JC3862,AML & Sanctions Awareness,Yes,Annual
JC3862,Data Privacy,Yes,Annual
JC7052,Code of Conduct,Yes,Annual
JC7052,Cyber Security Awareness,Yes,Annual
JC7052,AML & Sanctions Awareness,Yes,Annual
JC1150,Code of Conduct,Yes,Annual
JC1150,Cyber Security Awareness,Yes,Annual
JC1150,AML & Sanctions Awareness,Yes,Annual
JC4591,Code of Conduct,Yes,Annual
JC4591,Cyber Security Awareness,Yes,Annual
JC4591,AML & Sanctions Awareness,Yes,Annual
JC4591,Cyber Security Awareness,Yes,Annual
JC9696,Code of Conduct,Yes,Annual
JC9696,Cyber Security Awareness,Yes,Annual
JC9696,AML & Sanctions Awareness,Yes,Annual
JC9696,AML & Sanctions Awareness,Yes,Annual
JC6437,Code of Conduct,Yes,Annual
JC6437,Cyber Security Awareness,Yes,Annual
JC6437,AML & Sanctions Awareness,Yes,Annual
JC4273,Code of Conduct,Yes,Annual
JC4273,Cyber Security Awareness,Yes,Annual
JC4273,AML & Sanctions Awareness,Yes,Annual
JC4273,AML & Sanctions Awareness,Yes,Annual
JC5673,Code of Conduct,Yes,Annual
JC5673,Cyber Security Awareness,Yes,Annual
JC5673,AML & Sanctions Awareness,Yes,Annual
JC7439,Code of Conduct,Yes,Annual
JC7439,Cyber Security Awareness,Yes,Annual
JC7439,AML & Sanctions Awareness,Yes,Annual
JC3333,Code of Conduct,Yes,Annual
JC3333,Cyber Security Awareness,Yes,Annual
JC3333,AML & Sanctions Awareness,Yes,Annual
JC3333,IFRS 9 Update,Yes,Annual
JC8994,Code of Conduct,Yes,Annual
JC8994,Cyber Security Awareness,Yes,Annual
JC8994,AML & Sanctions Awareness,Yes,Annual
JC8487,Code of Conduct,Yes,Annual
JC8487,Cyber Security Awareness,Yes,Annual
JC8487,Leading Teams,Yes,Once
JC4341,Code of Conduct,Yes,Annual
JC4341,Cyber Security Awareness,Yes,Annual
JC4341,Leading Teams,Yes,Once
JC2984,Code of Conduct,Yes,Annual
JC2984,Cyber Security Awareness,Yes,Annual
JC2984,Leading Teams,Yes,Once
JC7462,Code of Conduct,Yes,Annual
JC7462,Cyber Security Awareness,Yes,Annual
JC7462,Code of Conduct,Yes,Annual
JC9965,Code of Conduct,Yes,Annual
JC9965,Cyber Security Awareness,Yes,Annual
JC6593,Code of Conduct,Yes,Annual
JC6593,Cyber Security Awareness,Yes,Annual
JC5564,Code of Conduct,Yes,Annual
JC5564,Cyber Security Awareness,Yes,Annual
JC3808,Code of Conduct,Yes,Annual
JC3808,Cyber Security Awareness,Yes,Annual
JC9208,Code of Conduct,Yes,Annual
JC9208,Cyber Security Awareness,Yes,Annual
JC4343,Code of Conduct,Yes,Annual
JC4343,Cyber Security Awareness,Yes,Annual
JC1599,Code of Conduct,Yes,Annual
JC1599,Cyber Security Awareness,Yes,Annual
JC3920,Code of Conduct,Yes,Annual
JC3920,Cyber Security Awareness,Yes,Annual
JC3920,Leading Teams,Yes,Once
JC3920,Leading Teams,Yes,Once
JC7410,Code of Conduct,Yes,Annual
JC7410,Cyber Security Awareness,Yes,Annual
JC2052,Code of Conduct,Yes,Annual
JC2052,Cyber Security Awareness,Yes,Annual
JC8341,Code of Conduct,Yes,Annual
JC8341,Cyber Security Awareness,Yes,Annual
JC1564,Code of Conduct,Yes,Annual
JC1564,Cyber Security Awareness,Yes,Annual
JC1564,Cyber Security Awareness,Yes,Annual
JC4026,Code of Conduct,Yes,Annual
JC4026,Cyber Security Awareness,Yes,Annual
JC4026,Data Privacy,Yes,Annual
JC2738,Code of Conduct,Yes,Annual
JC2738,Cyber Security Awareness,Yes,Annual
JC2738,Leading Teams,Yes,Once
JC3107,Code of Conduct,Yes,Annual
JC3107,Cyber Security Awareness,Yes,Annual
JC3107,Cyber Security Awareness,Yes,Annual
JC2325,Code of Conduct,Yes,Annual
JC2325,Cyber Security Awareness,Yes,Annual
JC2325,Anti-Fraud Fundamentals,Yes,Annual
JC8842,Code of Conduct,Yes,Annual
JC8842,Cyber Security Awareness,Yes,Annual
JC3095,Code of Conduct,Yes,Annual
JC3095,Cyber Security Awareness,Yes,Annual
JC3095,Anti-Fraud Fundamentals,Yes,Annual
JC2297,Code of Conduct,Yes,Annual
JC2297,Cyber Security Awareness,Yes,Annual
JC2510,Code of Conduct,Yes,Annual
JC2510,Cyber Security Awareness,Yes,Annual
JC2510,IFRS 9 Update,Yes,Annual
JC3845,Code of Conduct,Yes,Annual
JC3845,Cyber Security Awareness,Yes,Annual
JC3845,Cyber Security Awareness,Yes,Annual
JC6436,Code of Conduct,Yes,Annual
JC6436,Cyber Security Awareness,Yes,Annual
JC7714,Code of Conduct,Yes,Annual
JC7714,Cyber Security Awareness,Yes,Annual
JC8753,Code of Conduct,Yes,Annual
JC8753,Cyber Security Awareness,Yes,Annual
JC8753,Leading Teams,Yes,Once
JC8513,Code of Conduct,Yes,Annual
JC8513,Cyber Security Awareness,Yes,Annual
JC8513,Leading Teams,Yes,Once
JC1793,Code of Conduct,Yes,Annual
JC1793,Cyber Security Awareness,Yes,Annual
JC2788,Code of Conduct,Yes,Annual
JC2788,Cyber Security Awareness,Yes,Annual
JC2788,Data Privacy,Yes,Annual
JC6740,Code of Conduct,Yes,Annual
JC6740,Cyber Security Awareness,Yes,Annual
JC4277,Code of Conduct,Yes,Annual
JC4277,Cyber Security Awareness,Yes,Annual
JC4277,Operational Risk Management,Yes,Every 2 years
JC3698,Code of Conduct,Yes,Annual
JC3698,Cyber Security Awareness,Yes,Annual
JC3698,Anti-Fraud Fundamentals,Yes,Annual
JC3472,Code of Conduct,Yes,Annual
JC3472,Cyber Security Awareness,Yes,Annual
JC4125,Code of Conduct,Yes,Annual
JC4125,Cyber Security Awareness,Yes,Annual
JC8694,Code of Conduct,Yes,Annual
JC8694,Cyber Security Awareness,Yes,Annual
JC8694,Data Privacy,Yes,Annual
JC7822,Code of Conduct,Yes,Annual
JC7822,Cyber Security Awareness,Yes,Annual
JC6751,Code of Conduct,Yes,Annual
JC6751,Cyber Security Awareness,Yes,Annual
JC6386,Code of Conduct,Yes,Annual
JC6386,Cyber Security Awareness,Yes,Annual
JC5412,Code of Conduct,Yes,Annual
JC5412,Cyber Security Awareness,Yes,Annual
JC4244,Code of Conduct,Yes,Annual
JC4244,Cyber Security Awareness,Yes,Annual
JC5124,Code of Conduct,Yes,Annual
JC5124,Cyber Security Awareness,Yes,Annual
JC9656,Code of Conduct,Yes,Annual
JC9656,Cyber Security Awareness,Yes,Annual
JC9656,Leading Teams,Yes,Once
JC2911,Code of Conduct,Yes,Annual
JC2911,Cyber Security Awareness,Yes,Annual
JC4272,Code of Conduct,Yes,Annual
JC4272,Cyber Security Awareness,Yes,Annual
JC8279,Code of Conduct,Yes,Annual
JC8279,Cyber Security Awareness,Yes,Annual
JC8314,Code of Conduct,Yes,Annual
JC8314,Cyber Security Awareness,Yes,Annual
JC8314,Anti-Fraud Fundamentals,Yes,Annual
JC9103,Code of Conduct,Yes,Annual
JC9103,Cyber Security Awareness,Yes,Annual
JC5516,Code of Conduct,Yes,Annual
JC5516,Cyber Security Awareness,Yes,Annual
JC6449,Code of Conduct,Yes,Annual
JC6449,Cyber Security Awareness,Yes,Annual
JC5227,Code of Conduct,Yes,Annual
JC5227,Cyber Security Awareness,Yes,Annual
JC7657,Code of Conduct,Yes,Annual
JC7657,Cyber Security Awareness,Yes,Annual
JC7190,Code of Conduct,Yes,Annual
JC7190,Cyber Security Awareness,Yes,Annual
JC7190,SAMA Consumer Protection,Yes,Annual
JC4084,Code of Conduct,Yes,Annual
JC4084,Cyber Security Awareness,Yes,Annual
JC4213,Code of Conduct,Yes,Annual
JC4213,Cyber Security Awareness,Yes,Annual
JC3225,Code of Conduct,Yes,Annual
JC3225,Cyber Security Awareness,Yes,Annual
JC5223,Code of Conduct,Yes,Annual
JC5223,Cyber Security Awareness,Yes,Annual
JC8137,Code of Conduct,Yes,Annual
JC8137,Cyber Security Awareness,Yes,Annual
JC8607,Code of Conduct,Yes,Annual
JC8607,Cyber Security Awareness,Yes,Annual
JC8607,Leading Teams,Yes,Once
JC1797,Code of Conduct,Yes,Annual
JC1797,Cyber Security Awareness,Yes,Annual
JC8015,Code of Conduct,Yes,Annual
JC8015,Cyber Security Awareness,Yes,Annual
JC3582,Code of Conduct,Yes,Annual
JC3582,Cyber Security Awareness,Yes,Annual
JC9160,Code of Conduct,Yes,Annual
JC9160,Cyber Security Awareness,Yes,Annual
JC8588,Code of Conduct,Yes,Annual
JC8588,Cyber Security Awareness,Yes,Annual
JC8588,Leading Teams,Yes,Once
JC3746,Code of Conduct,Yes,Annual
JC3746,Cyber Security Awareness,Yes,Annual
JC3746,Leading Teams,Yes,Once
JC2610,Code of Conduct,Yes,Annual
JC2610,Cyber Security Awareness,Yes,Annual
JC2610,Credit Risk Essentials,Yes,Every 2 years
JC9622,Code of Conduct,Yes,Annual
JC9622,Cyber Security Awareness,Yes,Annual
JC9622,Cyber Security Awareness,Yes,Annual
JC7877,Code of Conduct,Yes,Annual
JC7877,Cyber Security Awareness,Yes,Annual
JC4523,Code of Conduct,Yes,Annual
JC4523,Cyber Security Awareness,Yes,Annual
JC9018,Code of Conduct,Yes,Annual
JC9018,Cyber Security Awareness,Yes,Annual
JC5977,Code of Conduct,Yes,Annual
JC5977,Cyber Security Awareness,Yes,Annual
JC5800,Code of Conduct,Yes,Annual
JC5800,Cyber Security Awareness,Yes,Annual
JC9602,Code of Conduct,Yes,Annual
JC9602,Cyber Security Awareness,Yes,Annual
JC9602,Operational Risk Management,Yes,Every 2 years
JC8542,Code of Conduct,Yes,Annual
JC8542,Cyber Security Awareness,Yes,Annual
JC8542,IFRS 9 Update,Yes,Annual
JC5191,Code of Conduct,Yes,Annual
JC5191,Cyber Security Awareness,Yes,Annual
JC5191,Code of Conduct,Yes,Annual
JC4868,Code of Conduct,Yes,Annual
JC4868,Cyber Security Awareness,Yes,Annual
JC2828,Code of Conduct,Yes,Annual
JC2828,Cyber Security Awareness,Yes,Annual
JC2828,Anti-Fraud Fundamentals,Yes,Annual
JC6294,Code of Conduct,Yes,Annual
JC6294,Cyber Security Awareness,Yes,Annual
JC3529,Code of Conduct,Yes,Annual
JC3529,Cyber Security Awareness,Yes,Annual
JC2763,Code of Conduct,Yes,Annual
JC2763,Cyber Security Awareness,Yes,Annual
JC1702,Code of Conduct,Yes,Annual
JC1702,Cyber Security Awareness,Yes,Annual
JC1702,Leading Teams,Yes,Once
JC7359,Code of Conduct,Yes,Annual
JC7359,Cyber Security Awareness,Yes,Annual
JC7556,Code of Conduct,Yes,Annual
JC7556,Cyber Security Awareness,Yes,Annual
JC1987,Code of Conduct,Yes,Annual
JC1987,Cyber Security Awareness,Yes,Annual
JC5923,Code of Conduct,Yes,Annual
JC5923,Cyber Security Awareness,Yes,Annual
JC5923,IFRS 9 Update,Yes,Annual
JC3971,Code of Conduct,Yes,Annual
JC3971,Cyber Security Awareness,Yes,Annual
JC3971,SAMA Consumer Protection,Yes,Annual
JC7306,Code of Conduct,Yes,Annual
JC7306,Cyber Security Awareness,Yes,Annual
JC7306,Code of Conduct,Yes,Annual
JC4854,Code of Conduct,Yes,Annual
JC4854,Cyber Security Awareness,Yes,Annual
JC4854,AML & Sanctions Awareness,Yes,Annual
JC8789,Code of Conduct,Yes,Annual
JC8789,Cyber Security Awareness,Yes,Annual
JC8789,Cyber Security Awareness,Yes,Annual
JC8420,Code of Conduct,Yes,Annual
JC8420,Cyber Security Awareness,Yes,Annual
JC8420,Code of Conduct,Yes,Annual
JC5799,Code of Conduct,Yes,Annual
JC5799,Cyber Security Awareness,Yes,Annual
JC4613,Code of Conduct,Yes,Annual
JC4613,Cyber Security Awareness,Yes,Annual
JC1352,Code of Conduct,Yes,Annual
JC1352,Cyber Security Awareness,Yes,Annual
JC5306,Code of Conduct,Yes,Annual
JC5306,Cyber Security Awareness,Yes,Annual
JC8251,Code of Conduct,Yes,Annual
JC8251,Cyber Security Awareness,Yes,Annual
JC8251,Anti-Fraud Fundamentals,Yes,Annual
JC3662,Code of Conduct,Yes,Annual
JC3662,Cyber Security Awareness,Yes,Annual
JC1591,Code of Conduct,Yes,Annual
JC1591,Cyber Security Awareness,Yes,Annual
JC4013,Code of Conduct,Yes,Annual
JC4013,Cyber Security Awareness,Yes,Annual
JC8590,Code of Conduct,Yes,Annual
JC8590,Cyber Security Awareness,Yes,Annual
JC5055,Code of Conduct,Yes,Annual
JC5055,Cyber Security Awareness,Yes,Annual
JC6387,Code of Conduct,Yes,Annual
JC6387,Cyber Security Awareness,Yes,Annual
JC1165,Code of Conduct,Yes,Annual
JC1165,Cyber Security Awareness,Yes,Annual
JC1165,AML & Sanctions Awareness,Yes,Annual
JC8176,Code of Conduct,Yes,Annual
JC8176,Cyber Security Awareness,Yes,Annual
JC8176,IFRS 9 Update,Yes,Annual
JC3655,Code of Conduct,Yes,Annual
JC3655,Cyber Security Awareness,Yes,Annual
JC7182,Code of Conduct,Yes,Annual
JC7182,Cyber Security Awareness,Yes,Annual
JC3549,Code of Conduct,Yes,Annual
JC3549,Cyber Security Awareness,Yes,Annual
JC4268,Code of Conduct,Yes,Annual
JC4268,Cyber Security Awareness,Yes,Annual
JC8347,Code of Conduct,Yes,Annual
JC8347,Cyber Security Awareness,Yes,Annual
JC8347,Leading Teams,Yes,Once
JC8252,Code of Conduct,Yes,Annual
JC8252,Cyber Security Awareness,Yes,Annual
JC8252,Anti-Fraud Fundamentals,Yes,Annual
JC7503,Code of Conduct,Yes,Annual
JC7503,Cyber Security Awareness,Yes,Annual
JC1677,Code of Conduct,Yes,Annual
JC1677,Cyber Security Awareness,Yes,Annual
JC4981,Code of Conduct,Yes,Annual
JC4981,Cyber Security Awareness,Yes,Annual
JC2369,Code of Conduct,Yes,Annual
JC2369,Cyber Security Awareness,Yes,Annual
JC2369,SAMA Consumer Protection,Yes,Annual
JC9346,Code of Conduct,Yes,Annual
JC9346,Cyber Security Awareness,Yes,Annual
JC9346,AML & Sanctions Awareness,Yes,Annual
JC2121,Code of Conduct,Yes,Annual
JC2121,Cyber Security Awareness,Yes,Annual
JC5654,Code of Conduct,Yes,Annual
JC5654,Cyber Security Awareness,Yes,Annual
JC2351,Code of Conduct,Yes,Annual
JC2351,Cyber Security Awareness,Yes,Annual
JC3249,Code of Conduct,Yes,Annual
JC3249,Cyber Security Awareness,Yes,Annual
JC3994,Code of Conduct,Yes,Annual
JC3994,Cyber Security Awareness,Yes,Annual
JC1731,Code of Conduct,Yes,Annual
JC1731,Cyber Security Awareness,Yes,Annual
JC1731,Leading Teams,Yes,Once
JC2179,Code of Conduct,Yes,Annual
JC2179,Cyber Security Awareness,Yes,Annual
JC2179,Leading Teams,Yes,Once
JC3163,Code of Conduct,Yes,Annual
JC3163,Cyber Security Awareness,Yes,Annual
JC6188,Code of Conduct,Yes,Annual
JC6188,Cyber Security Awareness,Yes,Annual
JC2950,Code of Conduct,Yes,Annual
JC2950,Cyber Security Awareness,Yes,Annual
JC4790,Code of Conduct,Yes,Annual
JC4790,Cyber Security Awareness,Yes,Annual
JC3094,Code of Conduct,Yes,Annual
JC3094,Cyber Security Awareness,Yes,Annual
JC8130,Code of Conduct,Yes,Annual
JC8130,Cyber Security Awareness,Yes,Annual
JC8130,Data Privacy,Yes,Annual
JC7523,Code of Conduct,Yes,Annual
JC7523,Cyber Security Awareness,Yes,Annual
JC6297,Code of Conduct,Yes,Annual
JC6297,Cyber Security Awareness,Yes,Annual
JC8105,Code of Conduct,Yes,Annual
JC8105,Cyber Security Awareness,Yes,Annual
JC7500,Code of Conduct,Yes,Annual
JC7500,Cyber Security Awareness,Yes,Annual
JC7500,Leading Teams,Yes,Once
JC6951,Code of Conduct,Yes,Annual
JC6951,Cyber Security Awareness,Yes,Annual
JC6951,Cyber Security Awareness,Yes,Annual
JC7755,Code of Conduct,Yes,Annual
JC7755,Cyber Security Awareness,Yes,Annual
JC7755,Anti-Fraud Fundamentals,Yes,Annual
JC7622,Code of Conduct,Yes,Annual
JC7622,Cyber Security Awareness,Yes,Annual
JC7001,Code of Conduct,Yes,Annual
JC7001,Cyber Security Awareness,Yes,Annual
JC7001,SAMA Consumer Protection,Yes,Annual
JC3546,Code of Conduct,Yes,Annual
JC3546,Cyber Security Awareness,Yes,Annual
JC2730,Code of Conduct,Yes,Annual
JC2730,Cyber Security Awareness,Yes,Annual
JC2951,Code of Conduct,Yes,Annual
JC2951,Cyber Security Awareness,Yes,Annual
JC2907,Code of Conduct,Yes,Annual
JC2907,Cyber Security Awareness,Yes,Annual
JC2907,Operational Risk Management,Yes,Every 2 years
JC2232,Code of Conduct,Yes,Annual
JC2232,Cyber Security Awareness,Yes,Annual
JC2232,Credit Risk Essentials,Yes,Every 2 years
JC9873,Code of Conduct,Yes,Annual
JC9873,Cyber Security Awareness,Yes,Annual
JC9409,Code of Conduct,Yes,Annual
JC9409,Cyber Security Awareness,Yes,Annual
JC6680,Code of Conduct,Yes,Annual
JC6680,Cyber Security Awareness,Yes,Annual
JC3895,Code of Conduct,Yes,Annual
JC3895,Cyber Security Awareness,Yes,Annual
JC1704,Code of Conduct,Yes,Annual
JC1704,Cyber Security Awareness,Yes,Annual
JC1704,Leading Teams,Yes,Once
JC3294,Code of Conduct,Yes,Annual
JC3294,Cyber Security Awareness,Yes,Annual
JC3294,Leading Teams,Yes,Once
JC3530,Code of Conduct,Yes,Annual
JC3530,Cyber Security Awareness,Yes,Annual
JC9736,Code of Conduct,Yes,Annual
JC9736,Cyber Security Awareness,Yes,Annual
JC9736,Leading Teams,Yes,Once
JC7366,Code of Conduct,Yes,Annual
JC7366,Cyber Security Awareness,Yes,Annual
JC7366,IFRS 9 Update,Yes,Annual
JC1162,Code of Conduct,Yes,Annual
JC1162,Cyber Security Awareness,Yes,Annual
JC1162,Credit Risk Essentials,Yes,Every 2 years
JC2132,Code of Conduct,Yes,Annual
JC2132,Cyber Security Awareness,Yes,Annual
JC2132,SAMA Consumer Protection,Yes,Annual
JC7670,Code of Conduct,Yes,Annual
JC7670,Cyber Security Awareness,Yes,Annual
JC7670,Anti-Fraud Fundamentals,Yes,Annual
JC5090,Code of Conduct,Yes,Annual
JC5090,Cyber Security Awareness,Yes,Annual
JC7282,Code of Conduct,Yes,Annual
JC7282,Cyber Security Awareness,Yes,Annual
JC5238,Code of Conduct,Yes,Annual
JC5238,Cyber Security Awareness,Yes,Annual
JC1071,Code of Conduct,Yes,Annual
JC1071,Cyber Security Awareness,Yes,Annual
JC4290,Code of Conduct,Yes,Annual
JC4290,Cyber Security Awareness,Yes,Annual
JC7101,Code of Conduct,Yes,Annual
JC7101,Cyber Security Awareness,Yes,Annual
JC1034,Code of Conduct,Yes,Annual
JC1034,Cyber Security Awareness,Yes,Annual
JC2426,Code of Conduct,Yes,Annual
JC2426,Cyber Security Awareness,Yes,Annual
JC2426,Data Privacy,Yes,Annual
JC9995,Code of Conduct,Yes,Annual
JC9995,Cyber Security Awareness,Yes,Annual
JC4646,Code of Conduct,Yes,Annual
JC4646,Cyber Security Awareness,Yes,Annual
JC4646,Leading Teams,Yes,Once
JC4646,Credit Risk Essentials,Yes,Every 2 years
JC1428,Code of Conduct,Yes,Annual
JC1428,Cyber Security Awareness,Yes,Annual
JC2770,Code of Conduct,Yes,Annual
JC2770,Cyber Security Awareness,Yes,Annual
JC1805,Code of Conduct,Yes,Annual
JC1805,Cyber Security Awareness,Yes,Annual
JC1805,Data Privacy,Yes,Annual
JC9177,Code of Conduct,Yes,Annual
JC9177,Cyber Security Awareness,Yes,Annual
JC2354,Code of Conduct,Yes,Annual
JC2354,Cyber Security Awareness,Yes,Annual
JC3044,Code of Conduct,Yes,Annual
JC3044,Cyber Security Awareness,Yes,Annual
JC7747,Code of Conduct,Yes,Annual
JC7747,Cyber Security Awareness,Yes,Annual
JC3124,Code of Conduct,Yes,Annual
JC3124,Cyber Security Awareness,Yes,Annual
JC7602,Code of Conduct,Yes,Annual
JC7602,Cyber Security Awareness,Yes,Annual
JC7602,Leading Teams,Yes,Once
JC8860,Code of Conduct,Yes,Annual
JC8860,Cyber Security Awareness,Yes,Annual
JC8860,Data Privacy,Yes,Annual
JC4608,Code of Conduct,Yes,Annual
JC4608,Cyber Security Awareness,Yes,Annual
JC5486,Code of Conduct,Yes,Annual
JC5486,Cyber Security Awareness,Yes,Annual
JC2087,Code of Conduct,Yes,Annual
JC2087,Cyber Security Awareness,Yes,Annual
JC2087,SAMA Consumer Protection,Yes,Annual
JC3130,Code of Conduct,Yes,Annual
JC3130,Cyber Security Awareness,Yes,Annual
JC3130,Leading Teams,Yes,Once
JC3130,Cyber Security Awareness,Yes,Annual
JC9329,Code of Conduct,Yes,Annual
JC9329,Cyber Security Awareness,Yes,Annual
JC9329,Leading Teams,Yes,Once
JC6978,Code of Conduct,Yes,Annual
JC6978,Cyber Security Awareness,Yes,Annual
JC6978,Leading Teams,Yes,Once
JC6978,Operational Risk Management,Yes,Every 2 years
JC2749,Code of Conduct,Yes,Annual
JC2749,Cyber Security Awareness,Yes,Annual
JC3484,Code of Conduct,Yes,Annual
JC3484,Cyber Security Awareness,Yes,Annual
JC6088,Code of Conduct,Yes,Annual
JC6088,Cyber Security Awareness,Yes,Annual
JC7647,Code of Conduct,Yes,Annual
JC7647,Cyber Security Awareness,Yes,Annual
JC8079,Code of Conduct,Yes,Annual
JC8079,Cyber Security Awareness,Yes,Annual
JC2710,Code of Conduct,Yes,Annual
JC2710,Cyber Security Awareness,Yes,Annual
JC2710,Credit Risk Essentials,Yes,Every 2 years
JC8018,Code of Conduct,Yes,Annual
JC8018,Cyber Security Awareness,Yes,Annual
JC8018,Code of Conduct,Yes,Annual
JC9737,Code of Conduct,Yes,Annual
JC9737,Cyber Security Awareness,Yes,Annual
JC5098,Code of Conduct,Yes,Annual
JC5098,Cyber Security Awareness,Yes,Annual
JC7269,Code of Conduct,Yes,Annual
JC7269,Cyber Security Awareness,Yes,Annual
JC2785,Code of Conduct,Yes,Annual
JC2785,Cyber Security Awareness,Yes,Annual
JC7904,Code of Conduct,Yes,Annual
JC7904,Cyber Security Awareness,Yes,Annual
JC6081,Code of Conduct,Yes,Annual
JC6081,Cyber Security Awareness,Yes,Annual
JC3921,Code of Conduct,Yes,Annual
JC3921,Cyber Security Awareness,Yes,Annual
JC3921,Leading Teams,Yes,Once
JC7096,Code of Conduct,Yes,Annual
JC7096,Cyber Security Awareness,Yes,Annual
JC6649,Code of Conduct,Yes,Annual
JC6649,Cyber Security Awareness,Yes,Annual
JC6649,AML & Sanctions Awareness,Yes,Annual
JC3397,Code of Conduct,Yes,Annual
JC3397,Cyber Security Awareness,Yes,Annual
JC6208,Code of Conduct,Yes,Annual
JC6208,Cyber Security Awareness,Yes,Annual
JC1916,Code of Conduct,Yes,Annual
JC1916,Cyber Security Awareness,Yes,Annual
JC1916,Data Privacy,Yes,Annual
JC9225,Code of Conduct,Yes,Annual
JC9225,Cyber Security Awareness,Yes,Annual
JC9225,Anti-Fraud Fundamentals,Yes,Annual
JC5936,Code of Conduct,Yes,Annual
JC5936,Cyber Security Awareness,Yes,Annual
JC5744,Code of Conduct,Yes,Annual
JC5744,Cyber Security Awareness,Yes,Annual
JC9354,Code of Conduct,Yes,Annual
JC9354,Cyber Security Awareness,Yes,Annual
JC1632,Code of Conduct,Yes,Annual
JC1632,Cyber Security Awareness,Yes,Annual
JC1046,Code of Conduct,Yes,Annual
JC1046,Cyber Security Awareness,Yes,Annual
JC1046,Operational Risk Management,Yes,Every 2 years
JC5206,Code of Conduct,Yes,Annual
JC5206,Cyber Security Awareness,Yes,Annual
JC1885,Code of Conduct,Yes,Annual
JC1885,Cyber Security Awareness,Yes,Annual
JC7782,Code of Conduct,Yes,Annual
JC7782,Cyber Security Awareness,Yes,Annual
JC7782,Code of Conduct,Yes,Annual
JC7332,Code of Conduct,Yes,Annual
JC7332,Cyber Security Awareness,Yes,Annual
JC3080,Code of Conduct,Yes,Annual
JC3080,Cyber Security Awareness,Yes,Annual
JC3080,Leading Teams,Yes,Once
JC4188,Code of Conduct,Yes,Annual
JC4188,Cyber Security Awareness,Yes,Annual
JC4188,Leading Teams,Yes,Once
JC2063,Code of Conduct,Yes,Annual
JC2063,Cyber Security Awareness,Yes,Annual
JC2063,Cyber Security Awareness,Yes,Annual
JC6961,Code of Conduct,Yes,Annual
JC6961,Cyber Security Awareness,Yes,Annual
JC6961,IFRS 9 Update,Yes,Annual
JC6207,Code of Conduct,Yes,Annual
JC6207,Cyber Security Awareness,Yes,Annual
JC5309,Code of Conduct,Yes,Annual
JC5309,Cyber Security Awareness,Yes,Annual
JC9660,Code of Conduct,Yes,Annual
JC9660,Cyber Security Awareness,Yes,Annual
JC9660,Credit Risk Essentials,Yes,Every 2 years
JC4793,Code of Conduct,Yes,Annual
JC4793,Cyber Security Awareness,Yes,Annual
JC2926,Code of Conduct,Yes,Annual
JC2926,Cyber Security Awareness,Yes,Annual
JC8665,Code of Conduct,Yes,Annual
JC8665,Cyber Security Awareness,Yes,Annual
JC5400,Code of Conduct,Yes,Annual
JC5400,Cyber Security Awareness,Yes,Annual
JC9684,Code of Conduct,Yes,Annual
JC9684,Cyber Security Awareness,Yes,Annual
JC9684,Data Privacy,Yes,Annual
JC5123,Code of Conduct,Yes,Annual
JC5123,Cyber Security Awareness,Yes,Annual
JC4045,Code of Conduct,Yes,Annual
JC4045,Cyber Security Awareness,Yes,Annual
JC4045,Leading Teams,Yes,Once
JC3215,Code of Conduct,Yes,Annual
JC3215,Cyber Security Awareness,Yes,Annual
JC8657,Code of Conduct,Yes,Annual
JC8657,Cyber Security Awareness,Yes,Annual
JC8657,Leading Teams,Yes,Once
JC8657,Code of Conduct,Yes,Annual
JC5734,Code of Conduct,Yes,Annual
JC5734,Cyber Security Awareness,Yes,Annual
JC8275,Code of Conduct,Yes,Annual
JC8275,Cyber Security Awareness,Yes,Annual
JC6343,Code of Conduct,Yes,Annual
JC6343,Cyber Security Awareness,Yes,Annual
JC5276,Code of Conduct,Yes,Annual
JC5276,Cyber Security Awareness,Yes,Annual
JC8331,Code of Conduct,Yes,Annual
JC8331,Cyber Security Awareness,Yes,Annual
JC8605,Code of Conduct,Yes,Annual
JC8605,Cyber Security Awareness,Yes,Annual
JC4813,Code of Conduct,Yes,Annual
JC4813,Cyber Security Awareness,Yes,Annual
JC9625,Code of Conduct,Yes,Annual
JC9625,Cyber Security Awareness,Yes,Annual
JC7984,Code of Conduct,Yes,Annual
JC7984,Cyber Security Awareness,Yes,Annual
JC8152,Code of Conduct,Yes,Annual
JC8152,Cyber Security Awareness,Yes,Annual
JC8152,Data Privacy,Yes,Annual
JC8723,Code of Conduct,Yes,Annual
JC8723,Cyber Security Awareness,Yes,Annual
JC8723,Leading Teams,Yes,Once
JC8723,SAMA Consumer Protection,Yes,Annual
JC4386,Code of Conduct,Yes,Annual
JC4386,Cyber Security Awareness,Yes,Annual
JC4386,Leading Teams,Yes,Once
JC7677,Code of Conduct,Yes,Annual
JC7677,Cyber Security Awareness,Yes,Annual
JC7677,Leading Teams,Yes,Once
JC7677,AML & Sanctions Awareness,Yes,Annual
JC9076,Code of Conduct,Yes,Annual
JC9076,Cyber Security Awareness,Yes,Annual
JC3162,Code of Conduct,Yes,Annual
JC3162,Cyber Security Awareness,Yes,Annual
JC3162,Anti-Fraud Fundamentals,Yes,Annual
JC8165,Code of Conduct,Yes,Annual
JC8165,Cyber Security Awareness,Yes,Annual
JC6503,Code of Conduct,Yes,Annual
JC6503,Cyber Security Awareness,Yes,Annual
JC3470,Code of Conduct,Yes,Annual
JC3470,Cyber Security Awareness,Yes,Annual
JC3470,Cyber Security Awareness,Yes,Annual
JC2492,Code of Conduct,Yes,Annual
JC2492,Cyber Security Awareness,Yes,Annual
JC4869,Code of Conduct,Yes,Annual
JC4869,Cyber Security Awareness,Yes,Annual
JC3651,Code of Conduct,Yes,Annual
JC3651,Cyber Security Awareness,Yes,Annual
JC2337,Code of Conduct,Yes,Annual
JC2337,Cyber Security Awareness,Yes,Annual
JC2337,Operational Risk Management,Yes,Every 2 years
JC1494,Code of Conduct,Yes,Annual
JC1494,Cyber Security Awareness,Yes,Annual
JC5988,Code of Conduct,Yes,Annual
JC5988,Cyber Security Awareness,Yes,Annual
JC4829,Code of Conduct,Yes,Annual
JC4829,Cyber Security Awareness,Yes,Annual
JC4829,IFRS 9 Update,Yes,Annual
JC3036,Code of Conduct,Yes,Annual
JC3036,Cyber Security Awareness,Yes,Annual
JC4898,Code of Conduct,Yes,Annual
JC4898,Cyber Security Awareness,Yes,Annual
JC4898,Leading Teams,Yes,Once
JC1292,Code of Conduct,Yes,Annual
JC1292,Cyber Security Awareness,Yes,Annual
JC5262,Code of Conduct,Yes,Annual
JC5262,Cyber Security Awareness,Yes,Annual
JC4334,Code of Conduct,Yes,Annual
JC4334,Cyber Security Awareness,Yes,Annual
JC4334,IFRS 9 Update,Yes,Annual
JC6335,Code of Conduct,Yes,Annual
JC6335,Cyber Security Awareness,Yes,Annual
JC1775,Code of Conduct,Yes,Annual
JC1775,Cyber Security Awareness,Yes,Annual
JC9791,Code of Conduct,Yes,Annual
JC9791,Cyber Security Awareness,Yes,Annual
JC2827,Code of Conduct,Yes,Annual
JC2827,Cyber Security Awareness,Yes,Annual
JC1739,Code of Conduct,Yes,Annual
JC1739,Cyber Security Awareness,Yes,Annual
JC6904,Code of Conduct,Yes,Annual
JC6904,Cyber Security Awareness,Yes,Annual
JC7911,Code of Conduct,Yes,Annual
JC7911,Cyber Security Awareness,Yes,Annual
JC1358,Code of Conduct,Yes,Annual
JC1358,Cyber Security Awareness,Yes,Annual
JC3925,Code of Conduct,Yes,Annual
JC3925,Cyber Security Awareness,Yes,Annual
JC5689,Code of Conduct,Yes,Annual
JC5689,Cyber Security Awareness,Yes,Annual
JC5689,Leading Teams,Yes,Once
JC4187,Code of Conduct,Yes,Annual
JC4187,Cyber Security Awareness,Yes,Annual
JC4187,Leading Teams,Yes,Once
JC1265,Code of Conduct,Yes,Annual
JC1265,Cyber Security Awareness,Yes,Annual
JC3032,Code of Conduct,Yes,Annual
JC3032,Cyber Security Awareness,Yes,Annual
JC3032,SAMA Consumer Protection,Yes,Annual
JC9624,Code of Conduct,Yes,Annual
JC9624,Cyber Security Awareness,Yes,Annual
JC5458,Code of Conduct,Yes,Annual
JC5458,Cyber Security Awareness,Yes,Annual
JC5999,Code of Conduct,Yes,Annual
JC5999,Cyber Security Awareness,Yes,Annual
JC1333,Code of Conduct,Yes,Annual
JC1333,Cyber Security Awareness,Yes,Annual
JC1333,Leading Teams,Yes,Once
JC3473,Code of Conduct,Yes,Annual
JC3473,Cyber Security Awareness,Yes,Annual
JC3473,AML & Sanctions Awareness,Yes,Annual
JC5831,Code of Conduct,Yes,Annual
JC5831,Cyber Security Awareness,Yes,Annual
JC5831,Data Privacy,Yes,Annual
JC9339,Code of Conduct,Yes,Annual
JC9339,Cyber Security Awareness,Yes,Annual
JC6480,Code of Conduct,Yes,Annual
JC6480,Cyber Security Awareness,Yes,Annual
JC6480,AML & Sanctions Awareness,Yes,Annual
JC2580,Code of Conduct,Yes,Annual
JC2580,Cyber Security Awareness,Yes,Annual
JC2580,Leading Teams,Yes,Once
JC2565,Code of Conduct,Yes,Annual
JC2565,Cyber Security Awareness,Yes,Annual
JC5841,Code of Conduct,Yes,Annual
JC5841,Cyber Security Awareness,Yes,Annual
JC2620,Code of Conduct,Yes,Annual
JC2620,Cyber Security Awareness,Yes,Annual
JC2620,Anti-Fraud Fundamentals,Yes,Annual
JC9966,Code of Conduct,Yes,Annual
JC9966,Cyber Security Awareness,Yes,Annual
JC9966,AML & Sanctions Awareness,Yes,Annual
JC7325,Code of Conduct,Yes,Annual
JC7325,Cyber Security Awareness,Yes,Annual
JC6825,Code of Conduct,Yes,Annual
JC6825,Cyber Security Awareness,Yes,Annual
JC3014,Code of Conduct,Yes,Annual
JC3014,Cyber Security Awareness,Yes,Annual
JC1645,Code of Conduct,Yes,Annual
JC1645,Cyber Security Awareness,Yes,Annual
JC1645,Leading Teams,Yes,Once
JC1645,Anti-Fraud Fundamentals,Yes,Annual
JC4957,Code of Conduct,Yes,Annual
JC4957,Cyber Security Awareness,Yes,Annual
JC4957,Leading Teams,Yes,Once
JC6840,Code of Conduct,Yes,Annual
JC6840,Cyber Security Awareness,Yes,Annual
JC6840,Leading Teams,Yes,Once
JC1272,Code of Conduct,Yes,Annual
JC1272,Cyber Security Awareness,Yes,Annual
JC1272,Code of Conduct,Yes,Annual
JC8233,Code of Conduct,Yes,Annual
JC8233,Cyber Security Awareness,Yes,Annual
JC2042,Code of Conduct,Yes,Annual
JC2042,Cyber Security Awareness,Yes,Annual
JC7211,Code of Conduct,Yes,Annual
JC7211,Cyber Security Awareness,Yes,Annual
JC7211,Credit Risk Essentials,Yes,Every 2 years
JC9429,Code of Conduct,Yes,Annual
JC9429,Cyber Security Awareness,Yes,Annual
JC9429,Cyber Security Awareness,Yes,Annual
JC6576,Code of Conduct,Yes,Annual
JC6576,Cyber Security Awareness,Yes,Annual
JC7653,Code of Conduct,Yes,Annual
JC7653,Cyber Security Awareness,Yes,Annual
JC4083,Code of Conduct,Yes,Annual
JC4083,Cyber Security Awareness,Yes,Annual
JC6011,Code of Conduct,Yes,Annual
JC6011,Cyber Security Awareness,Yes,Annual
JC9058,Code of Conduct,Yes,Annual
JC9058,Cyber Security Awareness,Yes,Annual
JC9058,Cyber Security Awareness,Yes,Annual
JC9867,Code of Conduct,Yes,Annual
JC9867,Cyber Security Awareness,Yes,Annual
JC6427,Code of Conduct,Yes,Annual
JC6427,Cyber Security Awareness,Yes,Annual
JC6427,IFRS 9 Update,Yes,Annual
JC8798,Code of Conduct,Yes,Annual
JC8798,Cyber Security Awareness,Yes,Annual
JC2902,Code of Conduct,Yes,Annual
JC2902,Cyber Security Awareness,Yes,Annual
JC2902,Leading Teams,Yes,Once
JC2877,Code of Conduct,Yes,Annual
JC2877,Cyber Security Awareness,Yes,Annual
JC9029,Code of Conduct,Yes,Annual
JC9029,Cyber Security Awareness,Yes,Annual
JC9029,IFRS 9 Update,Yes,Annual
JC6336,Code of Conduct,Yes,Annual
JC6336,Cyber Security Awareness,Yes,Annual
JC6336,Leading Teams,Yes,Once
JC4781,Code of Conduct,Yes,Annual
JC4781,Cyber Security Awareness,Yes,Annual
JC1396,Code of Conduct,Yes,Annual
JC1396,Cyber Security Awareness,Yes,Annual
JC6979,Code of Conduct,Yes,Annual
JC6979,Cyber Security Awareness,Yes,Annual
JC1590,Code of Conduct,Yes,Annual
JC1590,Cyber Security Awareness,Yes,Annual
JC1539,Code of Conduct,Yes,Annual
JC1539,Cyber Security Awareness,Yes,Annual
JC1749,Code of Conduct,Yes,Annual
JC1749,Cyber Security Awareness,Yes,Annual
JC4580,Code of Conduct,Yes,Annual
JC4580,Cyber Security Awareness,Yes,Annual
JC4110,Code of Conduct,Yes,Annual
JC4110,Cyber Security Awareness,Yes,Annual
JC4407,Code of Conduct,Yes,Annual
JC4407,Cyber Security Awareness,Yes,Annual
JC3676,Code of Conduct,Yes,Annual
JC3676,Cyber Security Awareness,Yes,Annual
JC8257,Code of Conduct,Yes,Annual
JC8257,Cyber Security Awareness,Yes,Annual
JC7806,Code of Conduct,Yes,Annual
JC7806,Cyber Security Awareness,Yes,Annual
JC7806,Leading Teams,Yes,Once
JC3729,Code of Conduct,Yes,Annual
JC3729,Cyber Security Awareness,Yes,Annual
JC4919,Code of Conduct,Yes,Annual
JC4919,Cyber Security Awareness,Yes,Annual
JC1194,Code of Conduct,Yes,Annual
JC1194,Cyber Security Awareness,Yes,Annual
JC9585,Code of Conduct,Yes,Annual
JC9585,Cyber Security Awareness,Yes,Annual
JC8245,Code of Conduct,Yes,Annual
JC8245,Cyber Security Awareness,Yes,Annual
JC2781,Code of Conduct,Yes,Annual
JC2781,Cyber Security Awareness,Yes,Annual
JC4112,Code of Conduct,Yes,Annual
JC4112,Cyber Security Awareness,Yes,Annual
JC3580,Code of Conduct,Yes,Annual
JC3580,Cyber Security Awareness,Yes,Annual
JC7472,Code of Conduct,Yes,Annual
JC7472,Cyber Security Awareness,Yes,Annual
JC7392,Code of Conduct,Yes,Annual
JC7392,Cyber Security Awareness,Yes,Annual
JC5197,Code of Conduct,Yes,Annual
JC5197,Cyber Security Awareness,Yes,Annual
JC5197,AML & Sanctions Awareness,Yes,Annual
JC7848,Code of Conduct,Yes,Annual
JC7848,Cyber Security Awareness,Yes,Annual
JC7690,Code of Conduct,Yes,Annual
JC7690,Cyber Security Awareness,Yes,Annual
JC6541,Code of Conduct,Yes,Annual
JC6541,Cyber Security Awareness,Yes,Annual
JC6638,Code of Conduct,Yes,Annual
JC6638,Cyber Security Awareness,Yes,Annual
JC8140,Code of Conduct,Yes,Annual
JC8140,Cyber Security Awareness,Yes,Annual
JC8444,Code of Conduct,Yes,Annual
JC8444,Cyber Security Awareness,Yes,Annual
JC1331,Code of Conduct,Yes,Annual
JC1331,Cyber Security Awareness,Yes,Annual
JC1331,IFRS 9 Update,Yes,Annual
JC7422,Code of Conduct,Yes,Annual
JC7422,Cyber Security Awareness,Yes,Annual
JC3077,Code of Conduct,Yes,Annual
JC3077,Cyber Security Awareness,Yes,Annual
JC8740,Code of Conduct,Yes,Annual
JC8740,Cyber Security Awareness,Yes,Annual
JC1727,Code of Conduct,Yes,Annual
JC1727,Cyber Security Awareness,Yes,Annual
JC1800,Code of Conduct,Yes,Annual
JC1800,Cyber Security Awareness,Yes,Annual
JC9581,Code of Conduct,Yes,Annual
JC9581,Cyber Security Awareness,Yes,Annual
JC9418,Code of Conduct,Yes,Annual
JC9418,Cyber Security Awareness,Yes,Annual
JC9418,AML & Sanctions Awareness,Yes,Annual
