Position ID,Manager ID,Job Title,Employee Name,Grade,Job Code,Job Family,Function,Group,Division,Department,Unit,Sub-unit,Section,Branch,Location,Employment Type,Position Status,FTE,Cost Center,Function Type,Job Type,Pay Basis,Talent Pool,Work Email,Hire Date,Nationality,Critical Role,SAMA Non-Objection Role,Successor Identified,Successor Name,Successor Readiness
POS00001,,Chief Executive Officer,Maya Karim,G17,JC5003,Executive,Executive,Example Bank,Executive,Executive Office,,,,,Riyadh,Full-time,Filled,1,CC-1055,Governance,Front office,Incentive,Emerging Leaders,user1@examplebank.com.sa,2024-04-18,Saudi,Yes,Yes,No,,
POS00002,POS00001,Chief Retail Banking Officer,Amal Baker,G16,JC9948,Executive,Retail Banking,Example Bank,Retail Banking,Branch Network,,,,,Khobar,Full-time,Filled,1,CC-1041,Business (1st line),Front office,Incentive,,user2@examplebank.com.sa,2010-02-17,Saudi,Yes,Yes,No,,
POS00003,POS00002,Head of Branch Network,Omar Younes,G15,JC4996,Leadership,Retail Banking,Example Bank,Retail Banking,Branch Network,,,,,Jeddah,Full-time,Filled,1,CC-1028,Business (1st line),Front office,Bonus,,user3@examplebank.com.sa,2020-03-12,Jordanian,Yes,No,Yes,Jana Saleh,Ready now
POS00004,POS00003,Senior Manager Branch Network,,G14,JC9166,Leadership,Retail Banking,Example Bank,Retail Banking,Branch Network,Branch Network Unit 1,,,,Riyadh,Contractor,Vacant,0.5,CC-1030,Business (1st line),Front office,Bonus,Emerging Leaders,,2014-06-27,Saudi,No,No,No,,
POS00005,POS00004,Manager Branch Network,,G13,JC4309,Management,Retail Banking,Example Bank,Retail Banking,Branch Network,Branch Network Unit 1,Branch Network Unit 1 — Team A,,,Jeddah,Full-time,Vacant,1,CC-1003,Business (1st line),Front office,Incentive,,,2018-05-28,Saudi,No,No,No,,
POS00006,POS00005,Associate Branch Network,Huda Farouk,G11,JC5406,Professional,Retail Banking,Example Bank,Retail Banking,Branch Network,Branch Network Unit 1,Branch Network Unit 1 — Team A,Branch Network Unit 1 — Team A / Section 1,BR-006 Dammam Corniche,Riyadh,Full-time,Filled,1,CC-1018,Business (1st line),Front office,Fixed,,user6@examplebank.com.sa,2024-02-19,Indian,No,No,Yes,عبدالله القحطاني,Ready 1-2 years
POS00007,POS00005,Senior Officer Branch Network,Yusuf Fahmy,G10,JC9655,Professional,Retail Banking,Example Bank,Retail Banking,Branch Network,Branch Network Unit 1,Branch Network Unit 1 — Team A,Branch Network Unit 1 — Team A / Section 1,BR-011 Tabuk Central,Riyadh,Full-time,Filled,1,CC-1038,Business (1st line),Front office,Incentive,,user7@examplebank.com.sa,2021-10-03,Saudi,No,No,No,,
POS00008,POS00005,Senior Officer Branch Network,خالد الحربي,G10,JC8563,Professional,Retail Banking,Example Bank,Retail Banking,Branch Network,Branch Network Unit 1,Branch Network Unit 1 — Team A,Branch Network Unit 1 — Team A / Section 2,BR-004 Jeddah Tahlia,Khobar,Full-time,Filled,1,CC-1003,Business (1st line),Front office,Incentive,,user8@examplebank.com.sa,2019-06-22,Egyptian,No,No,No,,
POS00009,POS00005,Analyst Branch Network,Amal Bakr,G12,JC3849,Management,Retail Banking,Example Bank,Retail Banking,Branch Network,Branch Network Unit 1,Branch Network Unit 1 — Team A,Branch Network Unit 1 — Team A / Section 1,BR-009 Madinah Central,Riyadh,Full-time,Filled,1,CC-1042,Business (1st line),Front office,Incentive,,user9@examplebank.com.sa,2015-05-16,Indian,No,No,No,,
POS00010,POS00005,Specialist Branch Network,Layla Fahmy,G11,JC3949,Professional,Retail Banking,Example Bank,Retail Banking,Branch Network,Branch Network Unit 1,Branch Network Unit 1 — Team A,Branch Network Unit 1 — Team A / Section 1,BR-010 Abha Downtown,Dammam,Full-time,Filled,1,CC-1031,Business (1st line),Front office,Fixed,,user10@examplebank.com.sa,2016-01-03,Saudi,No,No,No,,
POS00011,POS00005,Associate Branch Network,Layla Younes,G12,JC7969,Management,Retail Banking,Example Bank,Retail Banking,Branch Network,Branch Network Unit 1,Branch Network Unit 1 — Team A,Branch Network Unit 1 — Team A / Section 1,BR-010 Abha Downtown,Riyadh,Full-time,Filled,1,CC-1047,Business (1st line),Front office,Incentive,,user11@examplebank.com.sa,2023-02-21,Indian,No,No,No,,
POS00012,POS00005,Analyst Branch Network,Nasser Haddad,G10,JC6174,Professional,Retail Banking,Example Bank,Retail Banking,Branch Network,Branch Network Unit 1,Branch Network Unit 1 — Team A,Branch Network Unit 1 — Team A / Section 1,BR-007 Khobar Rakah,Khobar,Full-time,Filled,1,CC-1045,Business (1st line),Front office,Bonus,,user12@examplebank.com.sa,2012-03-24,Egyptian,No,No,No,,
POS00013,POS00005,Senior Officer Branch Network,Maya Khan,G11,JC7954,Professional,Retail Banking,Example Bank,Retail Banking,Branch Network,Branch Network Unit 1,Branch Network Unit 1 — Team A,Branch Network Unit 1 — Team A / Section 1,BR-001 Riyadh Olaya,Riyadh,Contractor,Filled,1,CC-1045,Business (1st line),Front office,Fixed,,user13@examplebank.com.sa,2017-05-04,Indian,No,No,Yes,نورة السبيعي,Ready 1-2 years
POS00014,POS00005,Senior Officer Branch Network,Sami Haddad,G10,JC3628,Professional,Retail Banking,Example Bank,Retail Banking,Branch Network,Branch Network Unit 1,Branch Network Unit 1 — Team A,Branch Network Unit 1 — Team A / Section 2,BR-002 Riyadh Malaz,Khobar,Full-time,Filled,0.5,CC-1047,Business (1st line),Front office,Incentive,,user14@examplebank.com.sa,2013-08-28,Saudi,No,No,No,,
POS00015,POS00005,Senior Analyst Branch Network,سلطان الدوسري,G9,JC8867,Professional,Retail Banking,Example Bank,Retail Banking,Branch Network,Branch Network Unit 1,Branch Network Unit 1 — Team A,Branch Network Unit 1 — Team A / Section 1,BR-007 Khobar Rakah,Jeddah,Full-time,Filled,1,CC-1048,Business (1st line),Front office,Incentive,,user15@examplebank.com.sa,2013-08-07,Indian,No,No,No,,
POS00016,POS00005,Officer Branch Network,أحمد الزهراني,G9,JC3982,Professional,Retail Banking,Example Bank,Retail Banking,Branch Network,Branch Network Unit 1,Branch Network Unit 1 — Team A,Branch Network Unit 1 — Team A / Section 2,BR-007 Khobar Rakah,Jeddah,Full-time,Filled,1,CC-1041,Business (1st line),Front office,Incentive,,user16@examplebank.com.sa,2019-01-05,Saudi,No,No,No,,
POS00017,POS00004,Manager Branch Network,Huda Nasser,G13,JC6277,Management,Retail Banking,Example Bank,Retail Banking,Branch Network,Branch Network Unit 1,Branch Network Unit 1 — Team B,,,Khobar,Full-time,Filled,1,CC-1024,Business (1st line),Front office,Incentive,,user17@examplebank.com.sa,2024-11-02,Saudi,No,No,No,,
POS00018,POS00017,Officer Branch Network,فيصل السبيعي,G10,JC7947,Professional,Retail Banking,Example Bank,Retail Banking,Branch Network,Branch Network Unit 1,Branch Network Unit 1 — Team B,Branch Network Unit 1 — Team B / Section 1,BR-008 Makkah Aziziyah,Remote,Full-time,Filled,1,CC-1045,Business (1st line),Front office,Incentive,,user18@examplebank.com.sa,2022-11-13,Saudi,No,No,No,,
POS00019,POS00017,Specialist Branch Network,Rana Mansour,G11,JC5785,Professional,Retail Banking,Example Bank,Retail Banking,Branch Network,Branch Network Unit 1,Branch Network Unit 1 — Team B,Branch Network Unit 1 — Team B / Section 1,BR-005 Jeddah Rawdah,Dammam,Full-time,Filled,1,CC-1002,Business (1st line),Front office,Fixed,,user19@examplebank.com.sa,2008-12-10,British,No,No,No,,
POS00020,POS00017,Specialist Branch Network,Rana Osman,G10,JC2472,Professional,Retail Banking,Example Bank,Retail Banking,Branch Network,Branch Network Unit 1,Branch Network Unit 1 — Team B,Branch Network Unit 1 — Team B / Section 1,BR-004 Jeddah Tahlia,Khobar,Full-time,Filled,1,CC-1031,Business (1st line),Front office,Incentive,,user20@examplebank.com.sa,2023-12-09,Saudi,No,No,No,,
POS00021,POS00017,Senior Officer Branch Network,Rami Karim,G11,JC6600,Professional,Retail Banking,Example Bank,Retail Banking,Branch Network,Branch Network Unit 1,Branch Network Unit 1 — Team B,Branch Network Unit 1 — Team B / Section 1,BR-007 Khobar Rakah,Khobar,Full-time,Filled,1,CC-1016,Business (1st line),Front office,Incentive,,user21@examplebank.com.sa,2008-07-04,Saudi,No,No,No,,
POS00022,POS00017,Analyst Branch Network,دانة الغامدي,G9,JC5151,Professional,Retail Banking,Example Bank,Retail Banking,Branch Network,Branch Network Unit 1,Branch Network Unit 1 — Team B,Branch Network Unit 1 — Team B / Section 1,BR-007 Khobar Rakah,Riyadh,Full-time,Filled,1,CC-1057,Business (1st line),Front office,Incentive,,user22@examplebank.com.sa,2013-11-16,Saudi,No,No,No,,
POS00023,POS00017,Officer Branch Network,أحمد الزهراني,G12,JC7733,Management,Retail Banking,Example Bank,Retail Banking,Branch Network,Branch Network Unit 1,Branch Network Unit 1 — Team B,Branch Network Unit 1 — Team B / Section 2,BR-006 Dammam Corniche,Khobar,Full-time,Filled,1,CC-1029,Business (1st line),Front office,Fixed,,user23@examplebank.com.sa,2020-01-26,Saudi,No,No,No,,
POS00024,POS00017,Senior Analyst Branch Network,Bilal Idris,G10,JC5229,Professional,Retail Banking,Example Bank,Retail Banking,Branch Network,Branch Network Unit 1,Branch Network Unit 1 — Team B,Branch Network Unit 1 — Team B / Section 2,BR-005 Jeddah Rawdah,Jeddah,Full-time,Filled,1,CC-1034,Business (1st line),Front office,Bonus,,user24@examplebank.com.sa,2023-11-25,Indian,No,No,Yes,Tariq Khan,Ready 3+ years
POS00025,POS00017,Analyst Branch Network,Ziad Qureshi,G9,JC3562,Professional,Retail Banking,Example Bank,Retail Banking,Branch Network,Branch Network Unit 1,Branch Network Unit 1 — Team B,Branch Network Unit 1 — Team B / Section 2,BR-005 Jeddah Rawdah,Jeddah,Full-time,Filled,1,CC-1039,Business (1st line),Front office,Incentive,,user25@examplebank.com.sa,2017-06-14,Saudi,No,No,No,,
POS00026,POS00017,Associate Branch Network,Ziad Rashed,G12,JC9417,Management,Retail Banking,Example Bank,Retail Banking,Branch Network,Branch Network Unit 1,Branch Network Unit 1 — Team B,Branch Network Unit 1 — Team B / Section 2,BR-012 Buraidah Central,Riyadh,Full-time,Filled,0.5,CC-1052,Business (1st line),Front office,Incentive,,user26@examplebank.com.sa,2011-08-17,British,No,No,No,,
POS00027,POS00004,Manager Branch Network,Aisha Haddad,G13,JC6646,Management,Retail Banking,Example Bank,Retail Banking,Branch Network,Branch Network Unit 1,Branch Network Unit 1 — Team C,,,Jeddah,Full-time,Filled,1,CC-1044,Business (1st line),Front office,Incentive,,user27@examplebank.com.sa,2016-06-23,British,No,No,Yes,Mona Nasser,Ready now
POS00028,POS00027,Senior Officer Branch Network,دانة الشمري,G12,JC3634,Management,Retail Banking,Example Bank,Retail Banking,Branch Network,Branch Network Unit 1,Branch Network Unit 1 — Team C,Branch Network Unit 1 — Team C / Section 1,BR-010 Abha Downtown,Riyadh,Full-time,Filled,1,CC-1018,Business (1st line),Front office,Incentive,,user28@examplebank.com.sa,2008-08-19,Saudi,No,No,No,,
POS00029,POS00027,Analyst Branch Network,Mona Aziz,G11,JC1797,Professional,Retail Banking,Example Bank,Retail Banking,Branch Network,Branch Network Unit 1,Branch Network Unit 1 — Team C,Branch Network Unit 1 — Team C / Section 2,BR-012 Buraidah Central,Riyadh,Full-time,Filled,1,CC-1002,Business (1st line),Front office,Incentive,,user29@examplebank.com.sa,2025-02-13,Saudi,No,No,No,,
POS00030,POS00027,Senior Analyst Branch Network,Hassan Younes,G10,JC4664,Professional,Retail Banking,Example Bank,Retail Banking,Branch Network,Branch Network Unit 1,Branch Network Unit 1 — Team C,Branch Network Unit 1 — Team C / Section 1,BR-009 Madinah Central,Khobar,Full-time,Filled,1,CC-1009,Business (1st line),Front office,Fixed,,user30@examplebank.com.sa,2014-09-10,Saudi,No,No,No,,
POS00031,POS00027,Officer Branch Network,Huda Aziz,G12,JC6302,Management,Retail Banking,Example Bank,Retail Banking,Branch Network,Branch Network Unit 1,Branch Network Unit 1 — Team C,Branch Network Unit 1 — Team C / Section 2,BR-003 Riyadh Sahafa,Riyadh,Full-time,Filled,1,CC-1017,Business (1st line),Front office,Incentive,,user31@examplebank.com.sa,2015-02-16,Saudi,No,No,No,,
POS00032,POS00027,Analyst Branch Network,,G12,JC6068,Management,Retail Banking,Example Bank,Retail Banking,Branch Network,Branch Network Unit 1,Branch Network Unit 1 — Team C,Branch Network Unit 1 — Team C / Section 2,BR-009 Madinah Central,Riyadh,Full-time,Vacant,1,CC-1008,Business (1st line),Front office,Bonus,,,2021-08-02,Saudi,No,No,Yes,نورة الغامدي,Ready 3+ years
POS00033,POS00027,Officer Branch Network,Bilal Farouk,G10,JC5764,Professional,Retail Banking,Example Bank,Retail Banking,Branch Network,Branch Network Unit 1,Branch Network Unit 1 — Team C,Branch Network Unit 1 — Team C / Section 2,BR-009 Madinah Central,Jeddah,Contractor,Filled,1,CC-1053,Business (1st line),Front office,Bonus,,user33@examplebank.com.sa,2008-03-18,Saudi,No,No,No,,
POS00034,POS00027,Analyst Branch Network,Omar Farouk,G9,JC2043,Professional,Retail Banking,Example Bank,Retail Banking,Branch Network,Branch Network Unit 1,Branch Network Unit 1 — Team C,Branch Network Unit 1 — Team C / Section 1,BR-005 Jeddah Rawdah,Dammam,Full-time,Filled,1,CC-1051,Business (1st line),Front office,Incentive,,user34@examplebank.com.sa,2023-07-10,Indian,No,No,No,,
POS00035,POS00027,Senior Analyst Branch Network,هند الدوسري,G11,JC4722,Professional,Retail Banking,Example Bank,Retail Banking,Branch Network,Branch Network Unit 1,Branch Network Unit 1 — Team C,Branch Network Unit 1 — Team C / Section 1,BR-008 Makkah Aziziyah,Dammam,Full-time,Filled,1,CC-1042,Business (1st line),Front office,Incentive,,user35@examplebank.com.sa,2022-06-10,Saudi,No,No,No,,
POS00036,POS00003,Senior Manager Branch Network,,G14,JC5335,Leadership,Retail Banking,Example Bank,Retail Banking,Branch Network,Branch Network Unit 2,,,,Dammam,Full-time,Vacant,1,CC-1003,Business (1st line),Front office,Incentive,,,2014-03-12,Saudi,No,No,No,,
POS00037,POS00036,Manager Branch Network,Omar Qureshi,G13,JC9234,Management,Retail Banking,Example Bank,Retail Banking,Branch Network,Branch Network Unit 2,Branch Network Unit 2 — Team A,,,Riyadh,Full-time,Filled,1,CC-1034,Business (1st line),Front office,Bonus,,user37@examplebank.com.sa,2008-03-11,Saudi,No,No,No,,
POS00038,POS00037,Analyst Branch Network,Ziad Rashed,G11,JC5478,Professional,Retail Banking,Example Bank,Retail Banking,Branch Network,Branch Network Unit 2,Branch Network Unit 2 — Team A,Branch Network Unit 2 — Team A / Section 1,BR-010 Abha Downtown,Riyadh,Full-time,Filled,0.5,CC-1020,Business (1st line),Front office,Fixed,,user38@examplebank.com.sa,2008-03-24,British,No,No,No,,
POS00039,POS00037,Officer Branch Network,Ziad Darwish,G10,JC9271,Professional,Retail Banking,Example Bank,Retail Banking,Branch Network,Branch Network Unit 2,Branch Network Unit 2 — Team A,Branch Network Unit 2 — Team A / Section 2,BR-011 Tabuk Central,Riyadh,Full-time,Filled,1,CC-1047,Business (1st line),Front office,Incentive,,user39@examplebank.com.sa,2021-07-17,Saudi,No,No,No,,
POS00040,POS00037,Specialist Branch Network,,G12,JC9654,Management,Retail Banking,Example Bank,Retail Banking,Branch Network,Branch Network Unit 2,Branch Network Unit 2 — Team A,Branch Network Unit 2 — Team A / Section 2,BR-010 Abha Downtown,Remote,Full-time,Vacant,1,CC-1038,Business (1st line),Front office,Incentive,,,2025-08-11,Saudi,No,No,No,,
POS00041,POS00037,Associate Branch Network,Tariq Khan,G11,JC2819,Professional,Retail Banking,Example Bank,Retail Banking,Branch Network,Branch Network Unit 2,Branch Network Unit 2 — Team A,Branch Network Unit 2 — Team A / Section 2,BR-004 Jeddah Tahlia,Jeddah,Full-time,Filled,1,CC-1050,Business (1st line),Front office,Bonus,,user41@examplebank.com.sa,2024-05-09,Saudi,No,No,No,,
POS00042,POS00037,Associate Branch Network,Jana Nasser,G10,JC7993,Professional,Retail Banking,Example Bank,Retail Banking,Branch Network,Branch Network Unit 2,Branch Network Unit 2 — Team A,Branch Network Unit 2 — Team A / Section 1,BR-001 Riyadh Olaya,Jeddah,Full-time,Filled,0.5,CC-1015,Business (1st line),Front office,Incentive,,user42@examplebank.com.sa,2023-04-03,Egyptian,No,No,No,,
POS00043,POS00037,Officer Branch Network,ريم العتيبي,G10,JC5726,Professional,Retail Banking,Example Bank,Retail Banking,Branch Network,Branch Network Unit 2,Branch Network Unit 2 — Team A,Branch Network Unit 2 — Team A / Section 1,BR-009 Madinah Central,Riyadh,Full-time,Filled,1,CC-1001,Business (1st line),Front office,Fixed,,user43@examplebank.com.sa,2023-02-03,British,No,No,Yes,Jana Haddad,Ready 3+ years
POS00044,POS00037,Senior Officer Branch Network,ريم الغامدي,G12,JC5563,Management,Retail Banking,Example Bank,Retail Banking,Branch Network,Branch Network Unit 2,Branch Network Unit 2 — Team A,Branch Network Unit 2 — Team A / Section 2,BR-012 Buraidah Central,Jeddah,Full-time,Filled,1,CC-1008,Business (1st line),Front office,Incentive,,user44@examplebank.com.sa,2009-03-09,Saudi,No,No,No,,
POS00045,POS00037,Specialist Branch Network,Ziad Farouk,G12,JC6903,Management,Retail Banking,Example Bank,Retail Banking,Branch Network,Branch Network Unit 2,Branch Network Unit 2 — Team A,Branch Network Unit 2 — Team A / Section 2,BR-006 Dammam Corniche,Jeddah,Full-time,Filled,1,CC-1004,Business (1st line),Front office,Incentive,,user45@examplebank.com.sa,2021-05-15,Saudi,No,No,No,,
POS00046,POS00037,Analyst Branch Network,Maya Mansour,G12,JC5693,Management,Retail Banking,Example Bank,Retail Banking,Branch Network,Branch Network Unit 2,Branch Network Unit 2 — Team A,Branch Network Unit 2 — Team A / Section 1,BR-002 Riyadh Malaz,Riyadh,Full-time,Filled,1,CC-1059,Business (1st line),Front office,Incentive,,user46@examplebank.com.sa,2021-10-08,Egyptian,No,No,No,,
POS00047,POS00037,Senior Analyst Branch Network,Maya Nasser,G10,JC5009,Professional,Retail Banking,Example Bank,Retail Banking,Branch Network,Branch Network Unit 2,Branch Network Unit 2 — Team A,Branch Network Unit 2 — Team A / Section 1,BR-006 Dammam Corniche,Riyadh,Full-time,Filled,1,CC-1057,Business (1st line),Front office,Fixed,,user47@examplebank.com.sa,2018-02-27,Jordanian,No,No,No,,
POS00048,POS00037,Associate Branch Network,Omar Baker,G9,JC1495,Professional,Retail Banking,Example Bank,Retail Banking,Branch Network,Branch Network Unit 2,Branch Network Unit 2 — Team A,Branch Network Unit 2 — Team A / Section 1,BR-009 Madinah Central,Dammam,Contractor,Filled,1,CC-1055,Business (1st line),Front office,Incentive,,user48@examplebank.com.sa,2023-02-12,Saudi,No,No,No,,
POS00049,POS00037,Analyst Branch Network,Omar Qureshi,G11,JC8100,Professional,Retail Banking,Example Bank,Retail Banking,Branch Network,Branch Network Unit 2,Branch Network Unit 2 — Team A,Branch Network Unit 2 — Team A / Section 2,BR-009 Madinah Central,Jeddah,Full-time,Filled,1,CC-1003,Business (1st line),Front office,Incentive,,user49@examplebank.com.sa,2020-11-07,Indian,No,No,No,,
POS00050,POS00036,Manager Branch Network,Tariq Siddiqui,G13,JC7465,Management,Retail Banking,Example Bank,Retail Banking,Branch Network,Branch Network Unit 2,Branch Network Unit 2 — Team B,,,Riyadh,Full-time,Filled,1,CC-1010,Business (1st line),Front office,Bonus,,user50@examplebank.com.sa,2016-11-26,Egyptian,No,No,No,,
POS00051,POS00050,Senior Analyst Branch Network,,G10,JC1396,Professional,Retail Banking,Example Bank,Retail Banking,Branch Network,Branch Network Unit 2,Branch Network Unit 2 — Team B,Branch Network Unit 2 — Team B / Section 1,BR-007 Khobar Rakah,Riyadh,Full-time,Vacant,1,CC-1034,Business (1st line),Front office,Bonus,,,2024-10-04,Saudi,No,No,No,,
POS00052,POS00050,Associate Branch Network,Rana Idris,G9,JC7781,Professional,Retail Banking,Example Bank,Retail Banking,Branch Network,Branch Network Unit 2,Branch Network Unit 2 — Team B,Branch Network Unit 2 — Team B / Section 1,BR-003 Riyadh Sahafa,Remote,Full-time,Filled,1,CC-1028,Business (1st line),Front office,Incentive,,user52@examplebank.com.sa,2012-02-26,Indian,No,No,No,,
POS00053,POS00050,Specialist Branch Network,Ziad Mansour,G12,JC7772,Management,Retail Banking,Example Bank,Retail Banking,Branch Network,Branch Network Unit 2,Branch Network Unit 2 — Team B,Branch Network Unit 2 — Team B / Section 1,BR-003 Riyadh Sahafa,Riyadh,Full-time,Filled,1,CC-1007,Business (1st line),Front office,Incentive,,user53@examplebank.com.sa,2013-05-17,Jordanian,No,No,No,,
POS00054,POS00050,Officer Branch Network,Layla Qureshi,G11,JC7818,Professional,Retail Banking,Example Bank,Retail Banking,Branch Network,Branch Network Unit 2,Branch Network Unit 2 — Team B,Branch Network Unit 2 — Team B / Section 1,BR-007 Khobar Rakah,Jeddah,Full-time,Filled,1,CC-1007,Business (1st line),Front office,Incentive,,user54@examplebank.com.sa,2023-04-21,Indian,No,No,No,,
POS00055,POS00050,Specialist Branch Network,Bilal Idris,G9,JC7026,Professional,Retail Banking,Example Bank,Retail Banking,Branch Network,Branch Network Unit 2,Branch Network Unit 2 — Team B,Branch Network Unit 2 — Team B / Section 1,BR-010 Abha Downtown,Riyadh,Full-time,Filled,1,CC-1022,Business (1st line),Front office,Incentive,,user55@examplebank.com.sa,2011-01-10,Indian,No,No,No,,
POS00056,POS00050,Specialist Branch Network,نورة الغامدي,G11,JC1530,Professional,Retail Banking,Example Bank,Retail Banking,Branch Network,Branch Network Unit 2,Branch Network Unit 2 — Team B,Branch Network Unit 2 — Team B / Section 1,BR-003 Riyadh Sahafa,Dammam,Full-time,Filled,0.5,CC-1033,Business (1st line),Front office,Incentive,,user56@examplebank.com.sa,2008-06-14,Jordanian,No,No,No,,
POS00057,POS00050,Associate Branch Network,Ziad Baker,G12,JC5934,Management,Retail Banking,Example Bank,Retail Banking,Branch Network,Branch Network Unit 2,Branch Network Unit 2 — Team B,Branch Network Unit 2 — Team B / Section 1,BR-001 Riyadh Olaya,Jeddah,Full-time,Filled,1,CC-1020,Business (1st line),Front office,Incentive,,user57@examplebank.com.sa,2019-01-28,Saudi,No,No,No,,
POS00058,POS00050,Specialist Branch Network,Noor Qureshi,G10,JC2471,Professional,Retail Banking,Example Bank,Retail Banking,Branch Network,Branch Network Unit 2,Branch Network Unit 2 — Team B,Branch Network Unit 2 — Team B / Section 1,BR-005 Jeddah Rawdah,Jeddah,Full-time,Filled,1,CC-1025,Business (1st line),Front office,Fixed,,user58@examplebank.com.sa,2018-03-27,Saudi,No,No,No,,
POS00059,POS00050,Analyst Branch Network,Yusuf Bakr,G9,JC3269,Professional,Retail Banking,Example Bank,Retail Banking,Branch Network,Branch Network Unit 2,Branch Network Unit 2 — Team B,Branch Network Unit 2 — Team B / Section 2,BR-011 Tabuk Central,Dammam,Full-time,Filled,1,CC-1059,Business (1st line),Front office,Incentive,,user59@examplebank.com.sa,2025-01-27,Egyptian,No,No,No,,
POS00060,POS00050,Associate Branch Network,Tariq Qureshi,G9,JC8334,Professional,Retail Banking,Example Bank,Retail Banking,Branch Network,Branch Network Unit 2,Branch Network Unit 2 — Team B,Branch Network Unit 2 — Team B / Section 2,BR-006 Dammam Corniche,Khobar,Full-time,Filled,1,CC-1057,Business (1st line),Front office,Incentive,Emerging Leaders,user60@examplebank.com.sa,2019-11-27,Indian,No,No,Yes,Maya Bakr,Ready now
POS00061,POS00050,Analyst Branch Network,ريم الزهراني,G12,JC3293,Management,Retail Banking,Example Bank,Retail Banking,Branch Network,Branch Network Unit 2,Branch Network Unit 2 — Team B,Branch Network Unit 2 — Team B / Section 1,BR-007 Khobar Rakah,Riyadh,Full-time,Filled,1,CC-1026,Business (1st line),Front office,Incentive,,user61@examplebank.com.sa,2020-04-22,Egyptian,No,No,No,,
POS00062,POS00050,Associate Branch Network,Dana Saleh,G11,JC4311,Professional,Retail Banking,Example Bank,Retail Banking,Branch Network,Branch Network Unit 2,Branch Network Unit 2 — Team B,Branch Network Unit 2 — Team B / Section 2,BR-007 Khobar Rakah,Riyadh,Full-time,Filled,1,CC-1022,Business (1st line),Front office,Incentive,,user62@examplebank.com.sa,2020-08-19,Jordanian,No,No,No,,
POS00063,POS00003,Senior Manager Branch Network,Karim Saleh,G14,JC2481,Leadership,Retail Banking,Example Bank,Retail Banking,Branch Network,Branch Network Unit 3,,,,Remote,Full-time,Filled,1,CC-1046,Business (1st line),Front office,Incentive,Emerging Leaders,user63@examplebank.com.sa,2016-07-08,Saudi,Yes,No,No,,
POS00064,POS00063,Manager Branch Network,عبدالله الزهراني,G13,JC8467,Management,Retail Banking,Example Bank,Retail Banking,Branch Network,Branch Network Unit 3,Branch Network Unit 3 — Team A,,,Khobar,Full-time,Filled,1,CC-1048,Business (1st line),Front office,Incentive,,user64@examplebank.com.sa,2024-03-02,Saudi,No,No,Yes,Jana Nasser,Ready now
POS00065,POS00064,Senior Analyst Branch Network,Maya Mansour,G10,JC5047,Professional,Retail Banking,Example Bank,Retail Banking,Branch Network,Branch Network Unit 3,Branch Network Unit 3 — Team A,Branch Network Unit 3 — Team A / Section 2,BR-006 Dammam Corniche,Riyadh,Full-time,Filled,1,CC-1034,Business (1st line),Front office,Incentive,,user65@examplebank.com.sa,2013-04-19,Saudi,No,No,No,,
POS00066,POS00064,Analyst Branch Network,,G10,JC5765,Professional,Retail Banking,Example Bank,Retail Banking,Branch Network,Branch Network Unit 3,Branch Network Unit 3 — Team A,Branch Network Unit 3 — Team A / Section 2,BR-012 Buraidah Central,Jeddah,Full-time,Vacant,1,CC-1011,Business (1st line),Front office,Incentive,,,2017-05-09,Indian,No,No,No,,
POS00067,POS00064,Senior Analyst Branch Network,سلطان الدوسري,G9,JC7384,Professional,Retail Banking,Example Bank,Retail Banking,Branch Network,Branch Network Unit 3,Branch Network Unit 3 — Team A,Branch Network Unit 3 — Team A / Section 1,BR-005 Jeddah Rawdah,Riyadh,Full-time,Filled,1,CC-1008,Business (1st line),Front office,Incentive,,user67@examplebank.com.sa,2013-09-25,British,No,No,No,,
POS00068,POS00064,Officer Branch Network,Rana Khan,G11,JC8419,Professional,Retail Banking,Example Bank,Retail Banking,Branch Network,Branch Network Unit 3,Branch Network Unit 3 — Team A,Branch Network Unit 3 — Team A / Section 2,BR-005 Jeddah Rawdah,Dammam,Full-time,Filled,1,CC-1040,Business (1st line),Front office,Incentive,,user68@examplebank.com.sa,2019-04-03,Indian,No,No,No,,
POS00069,POS00064,Associate Branch Network,Huda Farouk,G9,JC7019,Professional,Retail Banking,Example Bank,Retail Banking,Branch Network,Branch Network Unit 3,Branch Network Unit 3 — Team A,Branch Network Unit 3 — Team A / Section 1,BR-010 Abha Downtown,Jeddah,Full-time,Filled,1,CC-1060,Business (1st line),Front office,Incentive,Emerging Leaders,user69@examplebank.com.sa,2021-10-05,British,No,No,Yes,عبدالله الزهراني,Ready 3+ years
POS00070,POS00064,Specialist Branch Network,,G10,JC9175,Professional,Retail Banking,Example Bank,Retail Banking,Branch Network,Branch Network Unit 3,Branch Network Unit 3 — Team A,Branch Network Unit 3 — Team A / Section 1,BR-007 Khobar Rakah,Jeddah,Full-time,Vacant,1,CC-1008,Business (1st line),Front office,Incentive,Saudi Graduates,,2008-09-18,Saudi,No,No,No,,
POS00071,POS00064,Analyst Branch Network,سلطان الدوسري,G10,JC8006,Professional,Retail Banking,Example Bank,Retail Banking,Branch Network,Branch Network Unit 3,Branch Network Unit 3 — Team A,Branch Network Unit 3 — Team A / Section 1,BR-005 Jeddah Rawdah,Riyadh,Full-time,Filled,1,CC-1043,Business (1st line),Front office,Incentive,,user71@examplebank.com.sa,2018-03-03,Indian,No,No,No,,
POS00072,POS00064,Officer Branch Network,Salma Haddad,G9,JC3443,Professional,Retail Banking,Example Bank,Retail Banking,Branch Network,Branch Network Unit 3,Branch Network Unit 3 — Team A,Branch Network Unit 3 — Team A / Section 1,BR-001 Riyadh Olaya,Riyadh,Full-time,Filled,1,CC-1037,Business (1st line),Front office,Fixed,,user72@examplebank.com.sa,2008-06-03,Saudi,No,No,No,,
POS00073,POS00064,Senior Analyst Branch Network,سارة الشمري,G10,JC1783,Professional,Retail Banking,Example Bank,Retail Banking,Branch Network,Branch Network Unit 3,Branch Network Unit 3 — Team A,Branch Network Unit 3 — Team A / Section 2,BR-004 Jeddah Tahlia,Dammam,Full-time,Filled,1,CC-1043,Business (1st line),Front office,Incentive,,user73@examplebank.com.sa,2021-03-07,Saudi,No,No,No,,
POS00074,POS00064,Senior Analyst Branch Network,ماجد الشمري,G11,JC9564,Professional,Retail Banking,Example Bank,Retail Banking,Branch Network,Branch Network Unit 3,Branch Network Unit 3 — Team A,Branch Network Unit 3 — Team A / Section 1,BR-005 Jeddah Rawdah,Jeddah,Full-time,Filled,1,CC-1019,Business (1st line),Front office,Incentive,,user74@examplebank.com.sa,2018-12-24,Saudi,No,No,No,,
POS00075,POS00063,Manager Branch Network,Yusuf Siddiqui,G13,JC5004,Management,Retail Banking,Example Bank,Retail Banking,Branch Network,Branch Network Unit 3,Branch Network Unit 3 — Team B,,,Remote,Full-time,Filled,1,CC-1008,Business (1st line),Front office,Incentive,,user75@examplebank.com.sa,2010-07-05,Saudi,No,No,No,,
POS00076,POS00075,Senior Officer Branch Network,Yusuf Khan,G11,JC1226,Professional,Retail Banking,Example Bank,Retail Banking,Branch Network,Branch Network Unit 3,Branch Network Unit 3 — Team B,Branch Network Unit 3 — Team B / Section 1,BR-006 Dammam Corniche,Riyadh,Full-time,Filled,1,CC-1004,Business (1st line),Front office,Incentive,,user76@examplebank.com.sa,2010-04-06,Egyptian,No,No,No,,
POS00077,POS00075,Analyst Branch Network,Layla Farouk,G10,JC4887,Professional,Retail Banking,Example Bank,Retail Banking,Branch Network,Branch Network Unit 3,Branch Network Unit 3 — Team B,Branch Network Unit 3 — Team B / Section 1,BR-006 Dammam Corniche,Riyadh,Full-time,Filled,1,CC-1054,Business (1st line),Front office,Incentive,,user77@examplebank.com.sa,2022-06-12,Saudi,No,No,Yes,Jana Mansour,Ready now
POS00078,POS00075,Associate Branch Network,هند القحطاني,G10,JC5487,Professional,Retail Banking,Example Bank,Retail Banking,Branch Network,Branch Network Unit 3,Branch Network Unit 3 — Team B,Branch Network Unit 3 — Team B / Section 1,BR-003 Riyadh Sahafa,Remote,Full-time,Filled,1,CC-1060,Business (1st line),Front office,Incentive,,user78@examplebank.com.sa,2008-02-10,British,No,No,Yes,Nasser Younes,Ready now
POS00079,POS00075,Associate Branch Network,,G12,JC8532,Management,Retail Banking,Example Bank,Retail Banking,Branch Network,Branch Network Unit 3,Branch Network Unit 3 — Team B,Branch Network Unit 3 — Team B / Section 1,BR-006 Dammam Corniche,Dammam,Full-time,Vacant,1,CC-1029,Business (1st line),Front office,Incentive,,,2023-11-01,Egyptian,No,No,No,,
POS00080,POS00075,Officer Branch Network,Sami Nasser,G10,JC1397,Professional,Retail Banking,Example Bank,Retail Banking,Branch Network,Branch Network Unit 3,Branch Network Unit 3 — Team B,Branch Network Unit 3 — Team B / Section 2,BR-009 Madinah Central,Jeddah,Full-time,Filled,0.5,CC-1039,Business (1st line),Front office,Incentive,,user80@examplebank.com.sa,2013-06-01,Saudi,No,No,Yes,Rami Rashed,Ready now
POS00081,POS00075,Specialist Branch Network,Adel Rashed,G12,JC6842,Management,Retail Banking,Example Bank,Retail Banking,Branch Network,Branch Network Unit 3,Branch Network Unit 3 — Team B,Branch Network Unit 3 — Team B / Section 2,BR-005 Jeddah Rawdah,Riyadh,Full-time,Filled,1,CC-1026,Business (1st line),Front office,Incentive,,user81@examplebank.com.sa,2016-06-16,Saudi,No,No,No,,
POS00082,POS00075,Specialist Branch Network,دانة الغامدي,G12,JC4852,Management,Retail Banking,Example Bank,Retail Banking,Branch Network,Branch Network Unit 3,Branch Network Unit 3 — Team B,Branch Network Unit 3 — Team B / Section 1,BR-008 Makkah Aziziyah,Khobar,Full-time,Filled,0.5,CC-1018,Business (1st line),Front office,Incentive,,user82@examplebank.com.sa,2008-06-16,Indian,No,No,No,,
POS00083,POS00075,Associate Branch Network,Karim Osman,G12,JC9154,Management,Retail Banking,Example Bank,Retail Banking,Branch Network,Branch Network Unit 3,Branch Network Unit 3 — Team B,Branch Network Unit 3 — Team B / Section 1,BR-008 Makkah Aziziyah,Remote,Full-time,Filled,1,CC-1040,Business (1st line),Front office,Incentive,,user83@examplebank.com.sa,2008-05-18,Egyptian,No,No,No,,
POS00084,POS00075,Analyst Branch Network,Bilal Farouk,G9,JC9256,Professional,Retail Banking,Example Bank,Retail Banking,Branch Network,Branch Network Unit 3,Branch Network Unit 3 — Team B,Branch Network Unit 3 — Team B / Section 1,BR-002 Riyadh Malaz,Riyadh,Full-time,Filled,1,CC-1060,Business (1st line),Front office,Incentive,,user84@examplebank.com.sa,2012-05-11,British,No,No,No,,
POS00085,POS00075,Associate Branch Network,ماجد الدوسري,G10,JC5043,Professional,Retail Banking,Example Bank,Retail Banking,Branch Network,Branch Network Unit 3,Branch Network Unit 3 — Team B,Branch Network Unit 3 — Team B / Section 2,BR-004 Jeddah Tahlia,Jeddah,Full-time,Filled,1,CC-1011,Business (1st line),Front office,Incentive,,user85@examplebank.com.sa,2015-01-26,Saudi,No,No,No,,
POS00086,POS00075,Associate Branch Network,Yusuf Rashed,G12,JC2792,Management,Retail Banking,Example Bank,Retail Banking,Branch Network,Branch Network Unit 3,Branch Network Unit 3 — Team B,Branch Network Unit 3 — Team B / Section 2,BR-008 Makkah Aziziyah,Jeddah,Contractor,Filled,1,CC-1019,Business (1st line),Front office,Incentive,,user86@examplebank.com.sa,2016-12-20,British,No,No,No,,
POS00087,POS00075,Associate Branch Network,Omar Osman,G9,JC9089,Professional,Retail Banking,Example Bank,Retail Banking,Branch Network,Branch Network Unit 3,Branch Network Unit 3 — Team B,Branch Network Unit 3 — Team B / Section 1,BR-012 Buraidah Central,Remote,Full-time,Filled,1,CC-1002,Business (1st line),Front office,Incentive,,user87@examplebank.com.sa,2015-04-21,Jordanian,No,No,No,,
POS00088,POS00063,Manager Branch Network,Adel Fahmy,G13,JC5470,Management,Retail Banking,Example Bank,Retail Banking,Branch Network,Branch Network Unit 3,Branch Network Unit 3 — Team C,,,Riyadh,Full-time,Filled,1,CC-1049,Business (1st line),Front office,Bonus,,user88@examplebank.com.sa,2009-01-10,Indian,No,No,No,,
POS00089,POS00088,Officer Branch Network,,G10,JC8992,Professional,Retail Banking,Example Bank,Retail Banking,Branch Network,Branch Network Unit 3,Branch Network Unit 3 — Team C,Branch Network Unit 3 — Team C / Section 2,BR-008 Makkah Aziziyah,Riyadh,Full-time,Vacant,1,CC-1034,Business (1st line),Front office,Incentive,,,2024-04-10,Saudi,No,No,No,,
POS00090,POS00088,Senior Analyst Branch Network,Maya Siddiqui,G10,JC9708,Professional,Retail Banking,Example Bank,Retail Banking,Branch Network,Branch Network Unit 3,Branch Network Unit 3 — Team C,Branch Network Unit 3 — Team C / Section 2,BR-004 Jeddah Tahlia,Khobar,Full-time,Filled,1,CC-1050,Business (1st line),Front office,Incentive,,user90@examplebank.com.sa,2011-07-14,Egyptian,No,No,No,,
POS00091,POS00088,Specialist Branch Network,Omar Siddiqui,G12,JC2430,Management,Retail Banking,Example Bank,Retail Banking,Branch Network,Branch Network Unit 3,Branch Network Unit 3 — Team C,Branch Network Unit 3 — Team C / Section 2,BR-011 Tabuk Central,Jeddah,Full-time,Filled,0.5,CC-1039,Business (1st line),Front office,Incentive,,user91@examplebank.com.sa,2016-12-19,Saudi,No,No,No,,
POS00092,POS00088,Officer Branch Network,لطيفة العتيبي,G9,JC5139,Professional,Retail Banking,Example Bank,Retail Banking,Branch Network,Branch Network Unit 3,Branch Network Unit 3 — Team C,Branch Network Unit 3 — Team C / Section 2,BR-011 Tabuk Central,Riyadh,Full-time,Filled,1,CC-1029,Business (1st line),Front office,Incentive,,user92@examplebank.com.sa,2012-07-16,Jordanian,No,No,No,,
POS00093,POS00088,Associate Branch Network,دانة الدوسري,G10,JC5017,Professional,Retail Banking,Example Bank,Retail Banking,Branch Network,Branch Network Unit 3,Branch Network Unit 3 — Team C,Branch Network Unit 3 — Team C / Section 1,BR-007 Khobar Rakah,Riyadh,Full-time,Filled,1,CC-1024,Business (1st line),Front office,Incentive,,user93@examplebank.com.sa,2022-10-04,Saudi,No,No,No,,
POS00094,POS00088,Senior Analyst Branch Network,Adel Younes,G12,JC1360,Management,Retail Banking,Example Bank,Retail Banking,Branch Network,Branch Network Unit 3,Branch Network Unit 3 — Team C,Branch Network Unit 3 — Team C / Section 1,BR-012 Buraidah Central,Jeddah,Full-time,Filled,1,CC-1036,Business (1st line),Front office,Incentive,,user94@examplebank.com.sa,2014-05-02,Saudi,No,No,No,,
POS00095,POS00088,Senior Officer Branch Network,Sami Nasser,G10,JC7736,Professional,Retail Banking,Example Bank,Retail Banking,Branch Network,Branch Network Unit 3,Branch Network Unit 3 — Team C,Branch Network Unit 3 — Team C / Section 2,BR-008 Makkah Aziziyah,Jeddah,Full-time,Filled,1,CC-1047,Business (1st line),Front office,Incentive,,user95@examplebank.com.sa,2022-11-13,British,No,No,No,,
POS00096,POS00088,Officer Branch Network,Hassan Fahmy,G10,JC8128,Professional,Retail Banking,Example Bank,Retail Banking,Branch Network,Branch Network Unit 3,Branch Network Unit 3 — Team C,Branch Network Unit 3 — Team C / Section 2,BR-011 Tabuk Central,Jeddah,Full-time,Filled,1,CC-1049,Business (1st line),Front office,Incentive,,user96@examplebank.com.sa,2018-10-23,Saudi,No,No,No,,
POS00097,POS00088,Analyst Branch Network,عبدالله الشمري,G11,JC4221,Professional,Retail Banking,Example Bank,Retail Banking,Branch Network,Branch Network Unit 3,Branch Network Unit 3 — Team C,Branch Network Unit 3 — Team C / Section 1,BR-007 Khobar Rakah,Khobar,Full-time,Filled,1,CC-1052,Business (1st line),Front office,Incentive,,user97@examplebank.com.sa,2010-10-23,Saudi,No,No,No,,
POS00098,POS00088,Senior Analyst Branch Network,Dana Nasser,G10,JC3236,Professional,Retail Banking,Example Bank,Retail Banking,Branch Network,Branch Network Unit 3,Branch Network Unit 3 — Team C,Branch Network Unit 3 — Team C / Section 2,BR-010 Abha Downtown,Dammam,Full-time,Filled,1,CC-1001,Business (1st line),Front office,Incentive,,user98@examplebank.com.sa,2024-08-11,Saudi,No,No,No,,
POS00099,POS00002,Head of Cards & Payments,Aisha Younes,G15,JC7881,Leadership,Retail Banking,Example Bank,Retail Banking,Cards & Payments,,,,,Riyadh,Full-time,Filled,1,CC-1029,Business (1st line),Front office,Incentive,,user99@examplebank.com.sa,2008-05-12,Saudi,Yes,No,No,,
POS00100,POS00099,Senior Manager Cards & Payments,Sami Qureshi,G14,JC5483,Leadership,Retail Banking,Example Bank,Retail Banking,Cards & Payments,Cards & Payments Unit 1,,,,Riyadh,Full-time,Filled,1,CC-1001,Business (1st line),Front office,Incentive,,user100@examplebank.com.sa,2020-03-26,Saudi,Yes,No,No,,
POS00101,POS00100,Manager Cards & Payments,خالد الحربي,G13,JC2928,Management,Retail Banking,Example Bank,Retail Banking,Cards & Payments,Cards & Payments Unit 1,Cards & Payments Unit 1 — Team A,,,Riyadh,Full-time,Filled,1,CC-1012,Business (1st line),Front office,Incentive,,user101@examplebank.com.sa,2008-11-27,Saudi,No,No,No,,
POS00102,POS00101,Senior Officer Cards & Payments,سارة المطيري,G12,JC6139,Management,Retail Banking,Example Bank,Retail Banking,Cards & Payments,Cards & Payments Unit 1,Cards & Payments Unit 1 — Team A,Cards & Payments Unit 1 — Team A / Section 2,,Riyadh,Full-time,Filled,1,CC-1036,Business (1st line),Front office,Incentive,,user102@examplebank.com.sa,2019-04-18,Saudi,No,No,No,,
POS00103,POS00101,Senior Officer Cards & Payments,خالد الدوسري,G10,JC8751,Professional,Retail Banking,Example Bank,Retail Banking,Cards & Payments,Cards & Payments Unit 1,Cards & Payments Unit 1 — Team A,Cards & Payments Unit 1 — Team A / Section 2,,Dammam,Full-time,Filled,1,CC-1049,Business (1st line),Front office,Bonus,,user103@examplebank.com.sa,2009-04-16,British,No,No,No,,
POS00104,POS00101,Associate Cards & Payments,Omar Mansour,G9,JC6309,Professional,Retail Banking,Example Bank,Retail Banking,Cards & Payments,Cards & Payments Unit 1,Cards & Payments Unit 1 — Team A,Cards & Payments Unit 1 — Team A / Section 1,,Riyadh,Full-time,Filled,1,CC-1031,Business (1st line),Front office,Incentive,,user104@examplebank.com.sa,2010-02-14,Saudi,No,No,No,,
POS00105,POS00101,Specialist Cards & Payments,,G10,JC6282,Professional,Retail Banking,Example Bank,Retail Banking,Cards & Payments,Cards & Payments Unit 1,Cards & Payments Unit 1 — Team A,Cards & Payments Unit 1 — Team A / Section 1,,Riyadh,Full-time,Vacant,1,CC-1035,Business (1st line),Front office,Incentive,,,2008-04-10,Saudi,No,No,Yes,عبدالله العتيبي,Ready now
POS00106,POS00101,Analyst Cards & Payments,خالد القحطاني,G10,JC8685,Professional,Retail Banking,Example Bank,Retail Banking,Cards & Payments,Cards & Payments Unit 1,Cards & Payments Unit 1 — Team A,Cards & Payments Unit 1 — Team A / Section 1,,Jeddah,Full-time,Filled,1,CC-1048,Business (1st line),Front office,Fixed,,user106@examplebank.com.sa,2024-04-14,Saudi,No,No,Yes,Sami Rashed,Ready 3+ years
POS00107,POS00101,Senior Analyst Cards & Payments,Rana Younes,G11,JC1363,Professional,Retail Banking,Example Bank,Retail Banking,Cards & Payments,Cards & Payments Unit 1,Cards & Payments Unit 1 — Team A,Cards & Payments Unit 1 — Team A / Section 2,,Jeddah,Full-time,Filled,1,CC-1050,Business (1st line),Front office,Incentive,,user107@examplebank.com.sa,2024-04-12,Indian,No,No,No,,
POS00108,POS00101,Associate Cards & Payments,Jana Idris,G10,JC4189,Professional,Retail Banking,Example Bank,Retail Banking,Cards & Payments,Cards & Payments Unit 1,Cards & Payments Unit 1 — Team A,Cards & Payments Unit 1 — Team A / Section 2,,Riyadh,Full-time,Filled,1,CC-1021,Business (1st line),Front office,Incentive,,user108@examplebank.com.sa,2017-01-28,Saudi,No,No,No,,
POS00109,POS00101,Officer Cards & Payments,عبدالله القحطاني,G12,JC8334,Management,Retail Banking,Example Bank,Retail Banking,Cards & Payments,Cards & Payments Unit 1,Cards & Payments Unit 1 — Team A,Cards & Payments Unit 1 — Team A / Section 2,,Khobar,Full-time,Filled,1,CC-1003,Business (1st line),Front office,Incentive,,user109@examplebank.com.sa,2022-12-08,British,No,No,Yes,Adel Karim,Ready now
POS00110,POS00101,Associate Cards & Payments,Lina Nasser,G12,JC1201,Management,Retail Banking,Example Bank,Retail Banking,Cards & Payments,Cards & Payments Unit 1,Cards & Payments Unit 1 — Team A,Cards & Payments Unit 1 — Team A / Section 2,,Jeddah,Full-time,Filled,1,CC-1038,Business (1st line),Front office,Incentive,,user110@examplebank.com.sa,2018-03-18,Indian,No,No,No,,
POS00111,POS00101,Associate Cards & Payments,Dana Haddad,G10,JC6633,Professional,Retail Banking,Example Bank,Retail Banking,Cards & Payments,Cards & Payments Unit 1,Cards & Payments Unit 1 — Team A,Cards & Payments Unit 1 — Team A / Section 1,,Riyadh,Full-time,Filled,1,CC-1050,Business (1st line),Front office,Incentive,Future Executives,user111@examplebank.com.sa,2023-11-11,Saudi,No,No,No,,
POS00112,POS00101,Analyst Cards & Payments,هند الشمري,G9,JC7272,Professional,Retail Banking,Example Bank,Retail Banking,Cards & Payments,Cards & Payments Unit 1,Cards & Payments Unit 1 — Team A,Cards & Payments Unit 1 — Team A / Section 1,,Jeddah,Full-time,Filled,1,CC-1026,Business (1st line),Front office,Incentive,,user112@examplebank.com.sa,2015-10-09,Saudi,No,No,No,,
POS00113,POS00101,Associate Cards & Payments,,G9,JC4885,Professional,Retail Banking,Example Bank,Retail Banking,Cards & Payments,Cards & Payments Unit 1,Cards & Payments Unit 1 — Team A,Cards & Payments Unit 1 — Team A / Section 1,,Khobar,Full-time,Vacant,1,CC-1044,Business (1st line),Front office,Incentive,,,2020-12-11,Egyptian,No,No,No,,
POS00114,POS00100,Manager Cards & Payments,,G13,JC7292,Management,Retail Banking,Example Bank,Retail Banking,Cards & Payments,Cards & Payments Unit 1,Cards & Payments Unit 1 — Team B,,,Riyadh,Full-time,Vacant,1,CC-1001,Business (1st line),Front office,Incentive,,,2025-06-13,Saudi,No,No,No,,
POS00115,POS00114,Senior Officer Cards & Payments,,G12,JC4913,Management,Retail Banking,Example Bank,Retail Banking,Cards & Payments,Cards & Payments Unit 1,Cards & Payments Unit 1 — Team B,Cards & Payments Unit 1 — Team B / Section 1,,Remote,Full-time,Vacant,1,CC-1004,Business (1st line),Front office,Incentive,,,2012-04-13,Egyptian,No,No,No,,
POS00116,POS00114,Senior Analyst Cards & Payments,Layla Baker,G12,JC2099,Management,Retail Banking,Example Bank,Retail Banking,Cards & Payments,Cards & Payments Unit 1,Cards & Payments Unit 1 — Team B,Cards & Payments Unit 1 — Team B / Section 1,,Riyadh,Full-time,Filled,1,CC-1057,Business (1st line),Front office,Incentive,,user116@examplebank.com.sa,2020-03-03,Saudi,No,No,Yes,Karim Qureshi,Ready 1-2 years
POS00117,POS00114,Specialist Cards & Payments,Salma Farouk,G9,JC2206,Professional,Retail Banking,Example Bank,Retail Banking,Cards & Payments,Cards & Payments Unit 1,Cards & Payments Unit 1 — Team B,Cards & Payments Unit 1 — Team B / Section 1,,Riyadh,Full-time,Filled,1,CC-1050,Business (1st line),Front office,Incentive,,user117@examplebank.com.sa,2024-02-13,Saudi,No,No,Yes,أحمد القحطاني,Ready 1-2 years
POS00118,POS00114,Specialist Cards & Payments,هند السبيعي,G9,JC5746,Professional,Retail Banking,Example Bank,Retail Banking,Cards & Payments,Cards & Payments Unit 1,Cards & Payments Unit 1 — Team B,Cards & Payments Unit 1 — Team B / Section 1,,Jeddah,Contractor,Filled,1,CC-1024,Business (1st line),Front office,Fixed,,user118@examplebank.com.sa,2011-11-02,Saudi,No,No,No,,
POS00119,POS00114,Analyst Cards & Payments,دانة الدوسري,G10,JC7444,Professional,Retail Banking,Example Bank,Retail Banking,Cards & Payments,Cards & Payments Unit 1,Cards & Payments Unit 1 — Team B,Cards & Payments Unit 1 — Team B / Section 2,,Dammam,Full-time,Filled,1,CC-1007,Business (1st line),Front office,Incentive,,user119@examplebank.com.sa,2019-10-20,British,No,No,No,,
POS00120,POS00114,Senior Officer Cards & Payments,عبدالله المطيري,G11,JC2472,Professional,Retail Banking,Example Bank,Retail Banking,Cards & Payments,Cards & Payments Unit 1,Cards & Payments Unit 1 — Team B,Cards & Payments Unit 1 — Team B / Section 2,,Riyadh,Full-time,Filled,1,CC-1027,Business (1st line),Front office,Incentive,,user120@examplebank.com.sa,2018-10-13,Saudi,No,No,No,,
POS00121,POS00114,Senior Analyst Cards & Payments,Sami Bakr,G9,JC5305,Professional,Retail Banking,Example Bank,Retail Banking,Cards & Payments,Cards & Payments Unit 1,Cards & Payments Unit 1 — Team B,Cards & Payments Unit 1 — Team B / Section 2,,Jeddah,Full-time,Filled,1,CC-1046,Business (1st line),Front office,Incentive,Emerging Leaders,user121@examplebank.com.sa,2018-11-09,Egyptian,No,No,No,,
POS00122,POS00114,Officer Cards & Payments,Amal Fahmy,G11,JC8768,Professional,Retail Banking,Example Bank,Retail Banking,Cards & Payments,Cards & Payments Unit 1,Cards & Payments Unit 1 — Team B,Cards & Payments Unit 1 — Team B / Section 1,,Khobar,Full-time,Filled,1,CC-1015,Business (1st line),Front office,Incentive,,user122@examplebank.com.sa,2022-09-22,Jordanian,No,No,No,,
POS00123,POS00114,Associate Cards & Payments,Salma Darwish,G10,JC4002,Professional,Retail Banking,Example Bank,Retail Banking,Cards & Payments,Cards & Payments Unit 1,Cards & Payments Unit 1 — Team B,Cards & Payments Unit 1 — Team B / Section 1,,Jeddah,Full-time,Filled,1,CC-1041,Business (1st line),Front office,Incentive,,user123@examplebank.com.sa,2009-03-15,British,No,No,No,,
POS00124,POS00114,Associate Cards & Payments,Huda Haddad,G10,JC1419,Professional,Retail Banking,Example Bank,Retail Banking,Cards & Payments,Cards & Payments Unit 1,Cards & Payments Unit 1 — Team B,Cards & Payments Unit 1 — Team B / Section 2,,Remote,Full-time,Filled,1,CC-1010,Business (1st line),Front office,Bonus,,user124@examplebank.com.sa,2012-02-20,Saudi,No,No,No,,
POS00125,POS00100,Manager Cards & Payments,Noor Darwish,G13,JC4945,Management,Retail Banking,Example Bank,Retail Banking,Cards & Payments,Cards & Payments Unit 1,Cards & Payments Unit 1 — Team C,,,Riyadh,Full-time,Filled,0.5,CC-1018,Business (1st line),Front office,Incentive,Saudi Graduates,user125@examplebank.com.sa,2022-04-01,Egyptian,No,No,No,,
POS00126,POS00125,Senior Analyst Cards & Payments,سلطان الدوسري,G12,JC6888,Management,Retail Banking,Example Bank,Retail Banking,Cards & Payments,Cards & Payments Unit 1,Cards & Payments Unit 1 — Team C,Cards & Payments Unit 1 — Team C / Section 2,,Dammam,Full-time,Filled,0.5,CC-1050,Business (1st line),Front office,Incentive,Saudi Graduates,user126@examplebank.com.sa,2016-07-22,Egyptian,No,No,Yes,عبدالله الزهراني,Ready 3+ years
POS00127,POS00125,Analyst Cards & Payments,Yusuf Aziz,G9,JC8275,Professional,Retail Banking,Example Bank,Retail Banking,Cards & Payments,Cards & Payments Unit 1,Cards & Payments Unit 1 — Team C,Cards & Payments Unit 1 — Team C / Section 2,,Riyadh,Full-time,Filled,1,CC-1014,Business (1st line),Front office,Fixed,,user127@examplebank.com.sa,2017-06-13,Saudi,No,No,Yes,Huda Fahmy,Ready now
POS00128,POS00125,Senior Officer Cards & Payments,دانة القحطاني,G11,JC3535,Professional,Retail Banking,Example Bank,Retail Banking,Cards & Payments,Cards & Payments Unit 1,Cards & Payments Unit 1 — Team C,Cards & Payments Unit 1 — Team C / Section 1,,Jeddah,Full-time,Filled,1,CC-1003,Business (1st line),Front office,Incentive,Future Executives,user128@examplebank.com.sa,2021-02-04,Indian,No,No,Yes,أحمد الحربي,Ready 3+ years
POS00129,POS00125,Senior Analyst Cards & Payments,أحمد الدوسري,G11,JC8707,Professional,Retail Banking,Example Bank,Retail Banking,Cards & Payments,Cards & Payments Unit 1,Cards & Payments Unit 1 — Team C,Cards & Payments Unit 1 — Team C / Section 2,,Remote,Full-time,Filled,1,CC-1013,Business (1st line),Front office,Bonus,,user129@examplebank.com.sa,2013-08-20,Saudi,No,No,No,,
POS00130,POS00125,Officer Cards & Payments,سلطان العتيبي,G11,JC3292,Professional,Retail Banking,Example Bank,Retail Banking,Cards & Payments,Cards & Payments Unit 1,Cards & Payments Unit 1 — Team C,Cards & Payments Unit 1 — Team C / Section 2,,Jeddah,Full-time,Filled,1,CC-1020,Business (1st line),Front office,Fixed,,user130@examplebank.com.sa,2015-06-22,Saudi,No,No,No,,
POS00131,POS00125,Senior Analyst Cards & Payments,عبدالله المطيري,G9,JC8960,Professional,Retail Banking,Example Bank,Retail Banking,Cards & Payments,Cards & Payments Unit 1,Cards & Payments Unit 1 — Team C,Cards & Payments Unit 1 — Team C / Section 1,,Dammam,Full-time,Filled,1,CC-1014,Business (1st line),Front office,Fixed,,user131@examplebank.com.sa,2010-12-17,Jordanian,No,No,Yes,Maya Fahmy,Ready 3+ years
POS00132,POS00125,Senior Analyst Cards & Payments,Noor Mansour,G10,JC5100,Professional,Retail Banking,Example Bank,Retail Banking,Cards & Payments,Cards & Payments Unit 1,Cards & Payments Unit 1 — Team C,Cards & Payments Unit 1 — Team C / Section 2,,Dammam,Full-time,Filled,1,CC-1017,Business (1st line),Front office,Fixed,,user132@examplebank.com.sa,2017-07-22,British,No,No,No,,
POS00133,POS00125,Analyst Cards & Payments,Maya Qureshi,G11,JC2917,Professional,Retail Banking,Example Bank,Retail Banking,Cards & Payments,Cards & Payments Unit 1,Cards & Payments Unit 1 — Team C,Cards & Payments Unit 1 — Team C / Section 1,,Riyadh,Contractor,Filled,1,CC-1040,Business (1st line),Front office,Incentive,,user133@examplebank.com.sa,2023-04-04,Saudi,No,No,Yes,Salma Siddiqui,Ready 3+ years
POS00134,POS00125,Senior Officer Cards & Payments,لطيفة الحربي,G10,JC4431,Professional,Retail Banking,Example Bank,Retail Banking,Cards & Payments,Cards & Payments Unit 1,Cards & Payments Unit 1 — Team C,Cards & Payments Unit 1 — Team C / Section 2,,Dammam,Full-time,Filled,1,CC-1026,Business (1st line),Front office,Incentive,,user134@examplebank.com.sa,2025-01-08,Egyptian,No,No,No,,
POS00135,POS00100,Manager Cards & Payments,سلطان السبيعي,G13,JC8181,Management,Retail Banking,Example Bank,Retail Banking,Cards & Payments,Cards & Payments Unit 1,Cards & Payments Unit 1 — Team D,,,Dammam,Full-time,Filled,1,CC-1039,Business (1st line),Front office,Bonus,,user135@examplebank.com.sa,2011-03-11,British,No,No,No,,
POS00136,POS00135,Specialist Cards & Payments,Maya Saleh,G9,JC5849,Professional,Retail Banking,Example Bank,Retail Banking,Cards & Payments,Cards & Payments Unit 1,Cards & Payments Unit 1 — Team D,Cards & Payments Unit 1 — Team D / Section 1,,Jeddah,Contractor,Filled,1,CC-1041,Business (1st line),Front office,Incentive,,user136@examplebank.com.sa,2018-11-04,Saudi,No,No,Yes,Maya Fahmy,Ready 3+ years
POS00137,POS00135,Specialist Cards & Payments,Yusuf Aziz,G12,JC1772,Management,Retail Banking,Example Bank,Retail Banking,Cards & Payments,Cards & Payments Unit 1,Cards & Payments Unit 1 — Team D,Cards & Payments Unit 1 — Team D / Section 2,,Riyadh,Contractor,Filled,1,CC-1007,Business (1st line),Front office,Incentive,,user137@examplebank.com.sa,2016-11-25,Jordanian,No,No,No,,
POS00138,POS00135,Officer Cards & Payments,Yusuf Farouk,G10,JC2136,Professional,Retail Banking,Example Bank,Retail Banking,Cards & Payments,Cards & Payments Unit 1,Cards & Payments Unit 1 — Team D,Cards & Payments Unit 1 — Team D / Section 2,,Dammam,Full-time,Filled,1,CC-1037,Business (1st line),Front office,Bonus,,user138@examplebank.com.sa,2024-11-07,Saudi,No,No,Yes,Noor Osman,Ready now
POS00139,POS00135,Officer Cards & Payments,,G11,JC4236,Professional,Retail Banking,Example Bank,Retail Banking,Cards & Payments,Cards & Payments Unit 1,Cards & Payments Unit 1 — Team D,Cards & Payments Unit 1 — Team D / Section 2,,Remote,Full-time,Vacant,0.5,CC-1053,Business (1st line),Front office,Incentive,,,2023-11-15,Saudi,No,No,Yes,ريم العتيبي,Ready 1-2 years
POS00140,POS00135,Associate Cards & Payments,Yusuf Nasser,G9,JC8762,Professional,Retail Banking,Example Bank,Retail Banking,Cards & Payments,Cards & Payments Unit 1,Cards & Payments Unit 1 — Team D,Cards & Payments Unit 1 — Team D / Section 1,,Riyadh,Full-time,Filled,1,CC-1018,Business (1st line),Front office,Incentive,,user140@examplebank.com.sa,2019-07-15,Saudi,No,No,No,,
POS00141,POS00135,Analyst Cards & Payments,Waleed Aziz,G11,JC3524,Professional,Retail Banking,Example Bank,Retail Banking,Cards & Payments,Cards & Payments Unit 1,Cards & Payments Unit 1 — Team D,Cards & Payments Unit 1 — Team D / Section 2,,Riyadh,Full-time,Filled,1,CC-1059,Business (1st line),Front office,Incentive,Saudi Graduates,user141@examplebank.com.sa,2015-06-01,Saudi,No,No,No,,
POS00142,POS00099,Senior Manager Cards & Payments,هند السبيعي,G14,JC6512,Leadership,Retail Banking,Example Bank,Retail Banking,Cards & Payments,Cards & Payments Unit 2,,,,Riyadh,Full-time,Filled,1,CC-1028,Business (1st line),Front office,Bonus,Emerging Leaders,user142@examplebank.com.sa,2014-04-13,Saudi,Yes,No,Yes,Layla Haddad,Ready now
POS00143,POS00142,Manager Cards & Payments,Yusuf Khan,G13,JC2642,Management,Retail Banking,Example Bank,Retail Banking,Cards & Payments,Cards & Payments Unit 2,Cards & Payments Unit 2 — Team A,,,Jeddah,Contractor,Filled,1,CC-1019,Business (1st line),Front office,Incentive,,user143@examplebank.com.sa,2011-03-28,Saudi,No,No,Yes,Noor Karim,Ready now
POS00144,POS00143,Analyst Cards & Payments,,G11,JC6226,Professional,Retail Banking,Example Bank,Retail Banking,Cards & Payments,Cards & Payments Unit 2,Cards & Payments Unit 2 — Team A,Cards & Payments Unit 2 — Team A / Section 2,,Jeddah,Full-time,Vacant,1,CC-1051,Business (1st line),Front office,Incentive,Specialist Bench,,2017-07-13,Saudi,No,No,No,,
POS00145,POS00143,Officer Cards & Payments,سارة المطيري,G11,JC2032,Professional,Retail Banking,Example Bank,Retail Banking,Cards & Payments,Cards & Payments Unit 2,Cards & Payments Unit 2 — Team A,Cards & Payments Unit 2 — Team A / Section 2,,Riyadh,Full-time,Filled,1,CC-1018,Business (1st line),Front office,Incentive,,user145@examplebank.com.sa,2017-06-01,Egyptian,No,No,No,,
POS00146,POS00143,Analyst Cards & Payments,أحمد الحربي,G12,JC5859,Management,Retail Banking,Example Bank,Retail Banking,Cards & Payments,Cards & Payments Unit 2,Cards & Payments Unit 2 — Team A,Cards & Payments Unit 2 — Team A / Section 1,,Jeddah,Full-time,Filled,1,CC-1051,Business (1st line),Front office,Incentive,Emerging Leaders,user146@examplebank.com.sa,2019-01-15,Indian,No,No,No,,
POS00147,POS00143,Officer Cards & Payments,,G11,JC9081,Professional,Retail Banking,Example Bank,Retail Banking,Cards & Payments,Cards & Payments Unit 2,Cards & Payments Unit 2 — Team A,Cards & Payments Unit 2 — Team A / Section 1,,Riyadh,Full-time,Vacant,1,CC-1032,Business (1st line),Front office,Incentive,,,2012-11-10,Egyptian,No,No,No,,
POS00148,POS00143,Specialist Cards & Payments,لطيفة الدوسري,G12,JC7150,Management,Retail Banking,Example Bank,Retail Banking,Cards & Payments,Cards & Payments Unit 2,Cards & Payments Unit 2 — Team A,Cards & Payments Unit 2 — Team A / Section 1,,Riyadh,Contractor,Filled,1,CC-1036,Business (1st line),Front office,Incentive,,user148@examplebank.com.sa,2023-02-24,British,No,No,No,,
POS00149,POS00143,Senior Analyst Cards & Payments,Ziad Osman,G9,JC2326,Professional,Retail Banking,Example Bank,Retail Banking,Cards & Payments,Cards & Payments Unit 2,Cards & Payments Unit 2 — Team A,Cards & Payments Unit 2 — Team A / Section 2,,Khobar,Full-time,Filled,1,CC-1003,Business (1st line),Front office,Incentive,,user149@examplebank.com.sa,2010-01-15,Egyptian,No,No,No,,
POS00150,POS00142,Manager Cards & Payments,Karim Fahmy,G13,JC3033,Management,Retail Banking,Example Bank,Retail Banking,Cards & Payments,Cards & Payments Unit 2,Cards & Payments Unit 2 — Team B,,,Remote,Full-time,Filled,1,CC-1032,Business (1st line),Front office,Incentive,,user150@examplebank.com.sa,2021-09-16,Indian,No,No,Yes,دانة الغامدي,Ready now
POS00151,POS00150,Officer Cards & Payments,Hassan Khan,G12,JC6727,Management,Retail Banking,Example Bank,Retail Banking,Cards & Payments,Cards & Payments Unit 2,Cards & Payments Unit 2 — Team B,Cards & Payments Unit 2 — Team B / Section 2,,Jeddah,Full-time,Filled,1,CC-1005,Business (1st line),Front office,Fixed,,user151@examplebank.com.sa,2009-11-08,Saudi,No,No,No,,
POS00152,POS00150,Officer Cards & Payments,فيصل المطيري,G9,JC3097,Professional,Retail Banking,Example Bank,Retail Banking,Cards & Payments,Cards & Payments Unit 2,Cards & Payments Unit 2 — Team B,Cards & Payments Unit 2 — Team B / Section 1,,Dammam,Full-time,Filled,1,CC-1017,Business (1st line),Front office,Fixed,,user152@examplebank.com.sa,2018-12-21,Saudi,No,No,No,,
POS00153,POS00150,Analyst Cards & Payments,أحمد السبيعي,G10,JC6476,Professional,Retail Banking,Example Bank,Retail Banking,Cards & Payments,Cards & Payments Unit 2,Cards & Payments Unit 2 — Team B,Cards & Payments Unit 2 — Team B / Section 1,,Riyadh,Full-time,Filled,1,CC-1047,Business (1st line),Front office,Bonus,,user153@examplebank.com.sa,2024-12-25,Egyptian,No,No,No,,
POS00154,POS00150,Specialist Cards & Payments,عبدالله الغامدي,G11,JC1967,Professional,Retail Banking,Example Bank,Retail Banking,Cards & Payments,Cards & Payments Unit 2,Cards & Payments Unit 2 — Team B,Cards & Payments Unit 2 — Team B / Section 1,,Riyadh,Full-time,Filled,1,CC-1045,Business (1st line),Front office,Fixed,,user154@examplebank.com.sa,2012-08-15,British,No,No,No,,
POS00155,POS00150,Senior Officer Cards & Payments,Tariq Idris,G9,JC7811,Professional,Retail Banking,Example Bank,Retail Banking,Cards & Payments,Cards & Payments Unit 2,Cards & Payments Unit 2 — Team B,Cards & Payments Unit 2 — Team B / Section 1,,Riyadh,Full-time,Filled,1,CC-1055,Business (1st line),Front office,Incentive,,user155@examplebank.com.sa,2017-10-06,Saudi,No,No,No,,
POS00156,POS00150,Analyst Cards & Payments,Jana Haddad,G9,JC8648,Professional,Retail Banking,Example Bank,Retail Banking,Cards & Payments,Cards & Payments Unit 2,Cards & Payments Unit 2 — Team B,Cards & Payments Unit 2 — Team B / Section 1,,Remote,Full-time,Filled,0.5,CC-1052,Business (1st line),Front office,Fixed,,user156@examplebank.com.sa,2008-10-20,Jordanian,No,No,No,,
POS00157,POS00150,Specialist Cards & Payments,Lina Khan,G10,JC8943,Professional,Retail Banking,Example Bank,Retail Banking,Cards & Payments,Cards & Payments Unit 2,Cards & Payments Unit 2 — Team B,Cards & Payments Unit 2 — Team B / Section 1,,Jeddah,Full-time,Filled,1,CC-1013,Business (1st line),Front office,Incentive,,user157@examplebank.com.sa,2020-12-01,Indian,No,No,Yes,Tariq Farouk,Ready 1-2 years
POS00158,POS00150,Specialist Cards & Payments,Waleed Younes,G11,JC7471,Professional,Retail Banking,Example Bank,Retail Banking,Cards & Payments,Cards & Payments Unit 2,Cards & Payments Unit 2 — Team B,Cards & Payments Unit 2 — Team B / Section 1,,Riyadh,Full-time,Filled,1,CC-1022,Business (1st line),Front office,Fixed,,user158@examplebank.com.sa,2014-10-17,Saudi,No,No,Yes,سارة القحطاني,Ready 1-2 years
POS00159,POS00150,Specialist Cards & Payments,سلطان الشمري,G10,JC9762,Professional,Retail Banking,Example Bank,Retail Banking,Cards & Payments,Cards & Payments Unit 2,Cards & Payments Unit 2 — Team B,Cards & Payments Unit 2 — Team B / Section 1,,Dammam,Full-time,Filled,1,CC-1018,Business (1st line),Front office,Fixed,,user159@examplebank.com.sa,2012-05-24,Saudi,No,No,No,,
POS00160,POS00150,Analyst Cards & Payments,Jana Rashed,G10,JC2778,Professional,Retail Banking,Example Bank,Retail Banking,Cards & Payments,Cards & Payments Unit 2,Cards & Payments Unit 2 — Team B,Cards & Payments Unit 2 — Team B / Section 1,,Remote,Full-time,Filled,1,CC-1020,Business (1st line),Front office,Incentive,,user160@examplebank.com.sa,2022-07-27,Saudi,No,No,Yes,دانة الغامدي,Ready 3+ years
POS00161,POS00142,Manager Cards & Payments,,G13,JC3794,Management,Retail Banking,Example Bank,Retail Banking,Cards & Payments,Cards & Payments Unit 2,Cards & Payments Unit 2 — Team C,,,Jeddah,Full-time,Vacant,1,CC-1054,Business (1st line),Front office,Incentive,,,2014-12-23,Saudi,No,No,Yes,Dana Darwish,Ready now
POS00162,POS00161,Senior Analyst Cards & Payments,دانة الزهراني,G9,JC1019,Professional,Retail Banking,Example Bank,Retail Banking,Cards & Payments,Cards & Payments Unit 2,Cards & Payments Unit 2 — Team C,Cards & Payments Unit 2 — Team C / Section 1,,Riyadh,Full-time,Filled,1,CC-1052,Business (1st line),Front office,Incentive,,user162@examplebank.com.sa,2023-01-15,Saudi,No,No,No,,
POS00163,POS00161,Associate Cards & Payments,,G12,JC2909,Management,Retail Banking,Example Bank,Retail Banking,Cards & Payments,Cards & Payments Unit 2,Cards & Payments Unit 2 — Team C,Cards & Payments Unit 2 — Team C / Section 1,,Dammam,Full-time,Vacant,1,CC-1021,Business (1st line),Front office,Incentive,,,2012-07-17,Indian,No,No,No,,
POS00164,POS00161,Analyst Cards & Payments,Sami Nasser,G10,JC2642,Professional,Retail Banking,Example Bank,Retail Banking,Cards & Payments,Cards & Payments Unit 2,Cards & Payments Unit 2 — Team C,Cards & Payments Unit 2 — Team C / Section 2,,Riyadh,Full-time,Filled,0.5,CC-1037,Business (1st line),Front office,Incentive,,user164@examplebank.com.sa,2009-12-20,Saudi,No,No,No,,
POS00165,POS00161,Analyst Cards & Payments,أحمد الدوسري,G10,JC9089,Professional,Retail Banking,Example Bank,Retail Banking,Cards & Payments,Cards & Payments Unit 2,Cards & Payments Unit 2 — Team C,Cards & Payments Unit 2 — Team C / Section 2,,Khobar,Full-time,Filled,1,CC-1056,Business (1st line),Front office,Incentive,,user165@examplebank.com.sa,2025-07-04,Egyptian,No,No,No,,
POS00166,POS00161,Analyst Cards & Payments,خالد العتيبي,G12,JC6281,Management,Retail Banking,Example Bank,Retail Banking,Cards & Payments,Cards & Payments Unit 2,Cards & Payments Unit 2 — Team C,Cards & Payments Unit 2 — Team C / Section 1,,Jeddah,Full-time,Filled,1,CC-1031,Business (1st line),Front office,Bonus,,user166@examplebank.com.sa,2009-06-28,Saudi,No,No,No,,
POS00167,POS00161,Senior Officer Cards & Payments,Yusuf Baker,G10,JC1759,Professional,Retail Banking,Example Bank,Retail Banking,Cards & Payments,Cards & Payments Unit 2,Cards & Payments Unit 2 — Team C,Cards & Payments Unit 2 — Team C / Section 1,,Jeddah,Contractor,Filled,1,CC-1054,Business (1st line),Front office,Incentive,,user167@examplebank.com.sa,2025-05-02,Saudi,No,No,Yes,سارة القحطاني,Ready now
POS00168,POS00161,Senior Analyst Cards & Payments,Omar Bakr,G9,JC7155,Professional,Retail Banking,Example Bank,Retail Banking,Cards & Payments,Cards & Payments Unit 2,Cards & Payments Unit 2 — Team C,Cards & Payments Unit 2 — Team C / Section 2,,Jeddah,Full-time,Filled,0.5,CC-1044,Business (1st line),Front office,Incentive,,user168@examplebank.com.sa,2011-08-28,Saudi,No,No,No,,
POS00169,POS00161,Specialist Cards & Payments,Rami Mansour,G9,JC1843,Professional,Retail Banking,Example Bank,Retail Banking,Cards & Payments,Cards & Payments Unit 2,Cards & Payments Unit 2 — Team C,Cards & Payments Unit 2 — Team C / Section 1,,Remote,Full-time,Filled,1,CC-1015,Business (1st line),Front office,Incentive,,user169@examplebank.com.sa,2025-04-01,Saudi,No,No,No,,
POS00170,POS00161,Senior Analyst Cards & Payments,Salma Mansour,G9,JC1235,Professional,Retail Banking,Example Bank,Retail Banking,Cards & Payments,Cards & Payments Unit 2,Cards & Payments Unit 2 — Team C,Cards & Payments Unit 2 — Team C / Section 1,,Riyadh,Full-time,Filled,1,CC-1016,Business (1st line),Front office,Incentive,,user170@examplebank.com.sa,2012-10-10,Egyptian,No,No,No,,
POS00171,POS00161,Senior Analyst Cards & Payments,ماجد المطيري,G11,JC4065,Professional,Retail Banking,Example Bank,Retail Banking,Cards & Payments,Cards & Payments Unit 2,Cards & Payments Unit 2 — Team C,Cards & Payments Unit 2 — Team C / Section 1,,Remote,Full-time,Filled,1,CC-1013,Business (1st line),Front office,Incentive,,user171@examplebank.com.sa,2022-08-16,Egyptian,No,No,No,,
POS00172,POS00142,Manager Cards & Payments,Maya Farouk,G13,JC5450,Management,Retail Banking,Example Bank,Retail Banking,Cards & Payments,Cards & Payments Unit 2,Cards & Payments Unit 2 — Team D,,,Jeddah,Full-time,Filled,1,CC-1043,Business (1st line),Front office,Bonus,,user172@examplebank.com.sa,2012-09-19,Indian,No,No,No,,
POS00173,POS00172,Senior Analyst Cards & Payments,نورة السبيعي,G9,JC8493,Professional,Retail Banking,Example Bank,Retail Banking,Cards & Payments,Cards & Payments Unit 2,Cards & Payments Unit 2 — Team D,Cards & Payments Unit 2 — Team D / Section 2,,Remote,Full-time,Filled,0.5,CC-1007,Business (1st line),Front office,Incentive,,user173@examplebank.com.sa,2012-11-15,Saudi,No,No,No,,
POS00174,POS00172,Officer Cards & Payments,,G12,JC3248,Management,Retail Banking,Example Bank,Retail Banking,Cards & Payments,Cards & Payments Unit 2,Cards & Payments Unit 2 — Team D,Cards & Payments Unit 2 — Team D / Section 1,,Riyadh,Full-time,Vacant,1,CC-1055,Business (1st line),Front office,Incentive,,,2016-10-19,British,No,No,No,,
POS00175,POS00172,Officer Cards & Payments,Tariq Karim,G10,JC5251,Professional,Retail Banking,Example Bank,Retail Banking,Cards & Payments,Cards & Payments Unit 2,Cards & Payments Unit 2 — Team D,Cards & Payments Unit 2 — Team D / Section 1,,Riyadh,Full-time,Filled,1,CC-1026,Business (1st line),Front office,Fixed,,user175@examplebank.com.sa,2014-04-01,Saudi,No,No,Yes,Salma Bakr,Ready now
POS00176,POS00172,Senior Officer Cards & Payments,سارة الزهراني,G9,JC5587,Professional,Retail Banking,Example Bank,Retail Banking,Cards & Payments,Cards & Payments Unit 2,Cards & Payments Unit 2 — Team D,Cards & Payments Unit 2 — Team D / Section 2,,Jeddah,Full-time,Filled,1,CC-1047,Business (1st line),Front office,Fixed,,user176@examplebank.com.sa,2025-06-06,Indian,No,No,No,,
POS00177,POS00172,Analyst Cards & Payments,هند العتيبي,G9,JC4963,Professional,Retail Banking,Example Bank,Retail Banking,Cards & Payments,Cards & Payments Unit 2,Cards & Payments Unit 2 — Team D,Cards & Payments Unit 2 — Team D / Section 1,,Riyadh,Full-time,Filled,1,CC-1009,Business (1st line),Front office,Fixed,,user177@examplebank.com.sa,2019-01-27,British,No,No,Yes,ريم الشمري,Ready now
POS00178,POS00172,Specialist Cards & Payments,Waleed Younes,G10,JC5048,Professional,Retail Banking,Example Bank,Retail Banking,Cards & Payments,Cards & Payments Unit 2,Cards & Payments Unit 2 — Team D,Cards & Payments Unit 2 — Team D / Section 1,,Khobar,Full-time,Filled,1,CC-1014,Business (1st line),Front office,Incentive,,user178@examplebank.com.sa,2011-07-05,Indian,No,No,No,,
POS00179,POS00002,Head of Wealth Management,Layla Rashed,G15,JC4866,Leadership,Retail Banking,Example Bank,Retail Banking,Wealth Management,,,,,Jeddah,Full-time,Filled,1,CC-1056,Business (1st line),Front office,Incentive,,user179@examplebank.com.sa,2008-10-13,Indian,Yes,No,No,,
POS00180,POS00179,Senior Manager Wealth Management,Mona Osman,G14,JC4327,Leadership,Retail Banking,Example Bank,Retail Banking,Wealth Management,Wealth Management Unit 1,,,,Riyadh,Full-time,Filled,1,CC-1033,Business (1st line),Front office,Incentive,,user180@examplebank.com.sa,2023-08-20,Saudi,No,No,No,,
POS00181,POS00180,Manager Wealth Management,Bilal Mansour,G13,JC5906,Management,Retail Banking,Example Bank,Retail Banking,Wealth Management,Wealth Management Unit 1,Wealth Management Unit 1 — Team A,,,Jeddah,Full-time,Filled,1,CC-1018,Business (1st line),Front office,Incentive,,user181@examplebank.com.sa,2023-12-24,Indian,No,No,No,,
POS00182,POS00181,Senior Officer Wealth Management,Karim Fahmy,G12,JC2424,Management,Retail Banking,Example Bank,Retail Banking,Wealth Management,Wealth Management Unit 1,Wealth Management Unit 1 — Team A,Wealth Management Unit 1 — Team A / Section 2,,Riyadh,Full-time,Filled,1,CC-1045,Business (1st line),Front office,Bonus,,user182@examplebank.com.sa,2021-12-16,Jordanian,No,No,No,,
POS00183,POS00181,Associate Wealth Management,Layla Darwish,G12,JC8865,Management,Retail Banking,Example Bank,Retail Banking,Wealth Management,Wealth Management Unit 1,Wealth Management Unit 1 — Team A,Wealth Management Unit 1 — Team A / Section 2,,Remote,Full-time,Filled,1,CC-1039,Business (1st line),Front office,Incentive,,user183@examplebank.com.sa,2012-03-26,Saudi,No,No,No,,
POS00184,POS00181,Specialist Wealth Management,Nasser Nasser,G12,JC9993,Management,Retail Banking,Example Bank,Retail Banking,Wealth Management,Wealth Management Unit 1,Wealth Management Unit 1 — Team A,Wealth Management Unit 1 — Team A / Section 1,,Jeddah,Full-time,Filled,1,CC-1040,Business (1st line),Front office,Bonus,,user184@examplebank.com.sa,2019-08-10,Saudi,No,No,No,,
POS00185,POS00181,Specialist Wealth Management,هند الشمري,G9,JC6590,Professional,Retail Banking,Example Bank,Retail Banking,Wealth Management,Wealth Management Unit 1,Wealth Management Unit 1 — Team A,Wealth Management Unit 1 — Team A / Section 2,,Riyadh,Full-time,Filled,1,CC-1022,Business (1st line),Front office,Incentive,,user185@examplebank.com.sa,2015-04-15,Saudi,No,No,No,,
POS00186,POS00181,Analyst Wealth Management,Hassan Rashed,G12,JC4885,Management,Retail Banking,Example Bank,Retail Banking,Wealth Management,Wealth Management Unit 1,Wealth Management Unit 1 — Team A,Wealth Management Unit 1 — Team A / Section 2,,Dammam,Full-time,Filled,1,CC-1027,Business (1st line),Front office,Incentive,,user186@examplebank.com.sa,2016-07-28,Egyptian,No,No,No,,
POS00187,POS00181,Senior Analyst Wealth Management,Jana Idris,G11,JC3492,Professional,Retail Banking,Example Bank,Retail Banking,Wealth Management,Wealth Management Unit 1,Wealth Management Unit 1 — Team A,Wealth Management Unit 1 — Team A / Section 2,,Jeddah,Full-time,Filled,0.5,CC-1000,Business (1st line),Front office,Incentive,,user187@examplebank.com.sa,2016-01-26,Saudi,No,No,No,,
POS00188,POS00181,Officer Wealth Management,,G11,JC1208,Professional,Retail Banking,Example Bank,Retail Banking,Wealth Management,Wealth Management Unit 1,Wealth Management Unit 1 — Team A,Wealth Management Unit 1 — Team A / Section 2,,Riyadh,Full-time,Vacant,1,CC-1052,Business (1st line),Front office,Fixed,,,2015-10-04,Saudi,No,No,Yes,فيصل المطيري,Ready 3+ years
POS00189,POS00180,Manager Wealth Management,Huda Darwish,G13,JC8007,Management,Retail Banking,Example Bank,Retail Banking,Wealth Management,Wealth Management Unit 1,Wealth Management Unit 1 — Team B,,,Remote,Full-time,Filled,1,CC-1048,Business (1st line),Front office,Bonus,Emerging Leaders,user189@examplebank.com.sa,2010-10-08,Saudi,No,No,No,,
POS00190,POS00189,Specialist Wealth Management,Waleed Osman,G11,JC1527,Professional,Retail Banking,Example Bank,Retail Banking,Wealth Management,Wealth Management Unit 1,Wealth Management Unit 1 — Team B,Wealth Management Unit 1 — Team B / Section 2,,Dammam,Full-time,Filled,1,CC-1012,Business (1st line),Front office,Incentive,,user190@examplebank.com.sa,2010-12-21,Saudi,No,No,No,,
POS00191,POS00189,Officer Wealth Management,,G9,JC5314,Professional,Retail Banking,Example Bank,Retail Banking,Wealth Management,Wealth Management Unit 1,Wealth Management Unit 1 — Team B,Wealth Management Unit 1 — Team B / Section 1,,Remote,Full-time,Vacant,1,CC-1055,Business (1st line),Front office,Fixed,,,2025-04-23,Saudi,No,No,Yes,Jana Aziz,Ready now
POS00192,POS00189,Officer Wealth Management,,G10,JC5144,Professional,Retail Banking,Example Bank,Retail Banking,Wealth Management,Wealth Management Unit 1,Wealth Management Unit 1 — Team B,Wealth Management Unit 1 — Team B / Section 1,,Jeddah,Full-time,Vacant,1,CC-1058,Business (1st line),Front office,Fixed,,,2008-08-13,Saudi,No,No,No,,
POS00193,POS00189,Senior Analyst Wealth Management,Noor Qureshi,G10,JC4587,Professional,Retail Banking,Example Bank,Retail Banking,Wealth Management,Wealth Management Unit 1,Wealth Management Unit 1 — Team B,Wealth Management Unit 1 — Team B / Section 1,,Dammam,Full-time,Filled,1,CC-1032,Business (1st line),Front office,Fixed,,user193@examplebank.com.sa,2016-07-01,Saudi,No,No,No,,
POS00194,POS00189,Specialist Wealth Management,Noor Bakr,G12,JC2720,Management,Retail Banking,Example Bank,Retail Banking,Wealth Management,Wealth Management Unit 1,Wealth Management Unit 1 — Team B,Wealth Management Unit 1 — Team B / Section 2,,Remote,Full-time,Filled,1,CC-1019,Business (1st line),Front office,Incentive,,user194@examplebank.com.sa,2010-12-12,Saudi,No,No,No,,
POS00195,POS00189,Senior Analyst Wealth Management,سلطان الشمري,G10,JC7027,Professional,Retail Banking,Example Bank,Retail Banking,Wealth Management,Wealth Management Unit 1,Wealth Management Unit 1 — Team B,Wealth Management Unit 1 — Team B / Section 1,,Riyadh,Full-time,Filled,1,CC-1010,Business (1st line),Front office,Incentive,,user195@examplebank.com.sa,2010-08-08,Saudi,No,No,No,,
POS00196,POS00189,Senior Analyst Wealth Management,,G12,JC4034,Management,Retail Banking,Example Bank,Retail Banking,Wealth Management,Wealth Management Unit 1,Wealth Management Unit 1 — Team B,Wealth Management Unit 1 — Team B / Section 1,,Riyadh,Full-time,Vacant,1,CC-1018,Business (1st line),Front office,Incentive,,,2022-07-21,British,No,No,No,,
POS00197,POS00180,Manager Wealth Management,Jana Baker,G13,JC4275,Management,Retail Banking,Example Bank,Retail Banking,Wealth Management,Wealth Management Unit 1,Wealth Management Unit 1 — Team C,,,Riyadh,Full-time,Filled,1,CC-1044,Business (1st line),Front office,Bonus,,user197@examplebank.com.sa,2011-02-22,Saudi,No,No,No,,
POS00198,POS00197,Specialist Wealth Management,فيصل الحربي,G11,JC3265,Professional,Retail Banking,Example Bank,Retail Banking,Wealth Management,Wealth Management Unit 1,Wealth Management Unit 1 — Team C,Wealth Management Unit 1 — Team C / Section 1,,Dammam,Full-time,Filled,1,CC-1004,Business (1st line),Front office,Incentive,,user198@examplebank.com.sa,2008-09-26,Jordanian,No,No,No,,
POS00199,POS00197,Senior Analyst Wealth Management,فيصل السبيعي,G11,JC4810,Professional,Retail Banking,Example Bank,Retail Banking,Wealth Management,Wealth Management Unit 1,Wealth Management Unit 1 — Team C,Wealth Management Unit 1 — Team C / Section 2,,Khobar,Full-time,Filled,1,CC-1017,Business (1st line),Front office,Incentive,,user199@examplebank.com.sa,2012-02-03,British,No,No,No,,
POS00200,POS00197,Officer Wealth Management,,G10,JC9572,Professional,Retail Banking,Example Bank,Retail Banking,Wealth Management,Wealth Management Unit 1,Wealth Management Unit 1 — Team C,Wealth Management Unit 1 — Team C / Section 2,,Riyadh,Full-time,Vacant,1,CC-1048,Business (1st line),Front office,Incentive,,,2017-11-22,Saudi,No,No,No,,
POS00201,POS00197,Analyst Wealth Management,Waleed Darwish,G9,JC8856,Professional,Retail Banking,Example Bank,Retail Banking,Wealth Management,Wealth Management Unit 1,Wealth Management Unit 1 — Team C,Wealth Management Unit 1 — Team C / Section 2,,Khobar,Full-time,Filled,1,CC-1055,Business (1st line),Front office,Fixed,,user201@examplebank.com.sa,2025-02-20,Saudi,No,No,No,,
POS00202,POS00197,Officer Wealth Management,Hassan Aziz,G10,JC5378,Professional,Retail Banking,Example Bank,Retail Banking,Wealth Management,Wealth Management Unit 1,Wealth Management Unit 1 — Team C,Wealth Management Unit 1 — Team C / Section 2,,Jeddah,Full-time,Filled,1,CC-1002,Business (1st line),Front office,Incentive,,user202@examplebank.com.sa,2012-12-09,Saudi,No,No,No,,
POS00203,POS00197,Senior Analyst Wealth Management,Tariq Baker,G9,JC6353,Professional,Retail Banking,Example Bank,Retail Banking,Wealth Management,Wealth Management Unit 1,Wealth Management Unit 1 — Team C,Wealth Management Unit 1 — Team C / Section 1,,Jeddah,Full-time,Filled,0.5,CC-1047,Business (1st line),Front office,Bonus,,user203@examplebank.com.sa,2021-11-13,Saudi,No,No,No,,
POS00204,POS00197,Associate Wealth Management,Adel Younes,G9,JC6928,Professional,Retail Banking,Example Bank,Retail Banking,Wealth Management,Wealth Management Unit 1,Wealth Management Unit 1 — Team C,Wealth Management Unit 1 — Team C / Section 1,,Jeddah,Full-time,Filled,1,CC-1005,Business (1st line),Front office,Incentive,,user204@examplebank.com.sa,2016-12-06,Saudi,No,No,No,,
POS00205,POS00179,Senior Manager Wealth Management,Bilal Qureshi,G14,JC8421,Leadership,Retail Banking,Example Bank,Retail Banking,Wealth Management,Wealth Management Unit 2,,,,Khobar,Full-time,Filled,1,CC-1001,Business (1st line),Front office,Incentive,,user205@examplebank.com.sa,2019-01-25,Egyptian,Yes,No,Yes,سارة العتيبي,Ready 1-2 years
POS00206,POS00205,Manager Wealth Management,Tariq Saleh,G13,JC4851,Management,Retail Banking,Example Bank,Retail Banking,Wealth Management,Wealth Management Unit 2,Wealth Management Unit 2 — Team A,,,Riyadh,Full-time,Filled,0.5,CC-1028,Business (1st line),Front office,Incentive,,user206@examplebank.com.sa,2018-06-11,Saudi,No,No,No,,
POS00207,POS00206,Analyst Wealth Management,Lina Haddad,G11,JC3904,Professional,Retail Banking,Example Bank,Retail Banking,Wealth Management,Wealth Management Unit 2,Wealth Management Unit 2 — Team A,Wealth Management Unit 2 — Team A / Section 1,,Khobar,Full-time,Filled,1,CC-1018,Business (1st line),Front office,Incentive,,user207@examplebank.com.sa,2024-03-22,Saudi,No,No,No,,
POS00208,POS00206,Officer Wealth Management,سلطان الزهراني,G12,JC9574,Management,Retail Banking,Example Bank,Retail Banking,Wealth Management,Wealth Management Unit 2,Wealth Management Unit 2 — Team A,Wealth Management Unit 2 — Team A / Section 2,,Jeddah,Full-time,Filled,1,CC-1052,Business (1st line),Front office,Incentive,,user208@examplebank.com.sa,2011-11-14,Indian,No,No,No,,
POS00209,POS00206,Associate Wealth Management,عبدالله الزهراني,G9,JC3212,Professional,Retail Banking,Example Bank,Retail Banking,Wealth Management,Wealth Management Unit 2,Wealth Management Unit 2 — Team A,Wealth Management Unit 2 — Team A / Section 1,,Jeddah,Full-time,Filled,1,CC-1010,Business (1st line),Front office,Fixed,,user209@examplebank.com.sa,2025-01-01,Saudi,No,No,No,,
POS00210,POS00206,Senior Analyst Wealth Management,فيصل الغامدي,G11,JC7429,Professional,Retail Banking,Example Bank,Retail Banking,Wealth Management,Wealth Management Unit 2,Wealth Management Unit 2 — Team A,Wealth Management Unit 2 — Team A / Section 1,,Remote,Full-time,Filled,1,CC-1002,Business (1st line),Front office,Incentive,,user210@examplebank.com.sa,2017-09-02,Indian,No,No,No,,
POS00211,POS00206,Specialist Wealth Management,ريم المطيري,G11,JC4408,Professional,Retail Banking,Example Bank,Retail Banking,Wealth Management,Wealth Management Unit 2,Wealth Management Unit 2 — Team A,Wealth Management Unit 2 — Team A / Section 1,,Remote,Full-time,Filled,1,CC-1053,Business (1st line),Front office,Incentive,,user211@examplebank.com.sa,2013-08-25,Jordanian,No,No,No,,
POS00212,POS00206,Associate Wealth Management,Karim Fahmy,G12,JC1417,Management,Retail Banking,Example Bank,Retail Banking,Wealth Management,Wealth Management Unit 2,Wealth Management Unit 2 — Team A,Wealth Management Unit 2 — Team A / Section 2,,Remote,Full-time,Filled,1,CC-1044,Business (1st line),Front office,Incentive,,user212@examplebank.com.sa,2024-10-23,Egyptian,No,No,No,,
POS00213,POS00205,Manager Wealth Management,,G13,JC9032,Management,Retail Banking,Example Bank,Retail Banking,Wealth Management,Wealth Management Unit 2,Wealth Management Unit 2 — Team B,,,Jeddah,Full-time,Vacant,1,CC-1011,Business (1st line),Front office,Incentive,,,2023-09-02,Jordanian,No,No,No,,
POS00214,POS00213,Associate Wealth Management,Dana Fahmy,G10,JC4453,Professional,Retail Banking,Example Bank,Retail Banking,Wealth Management,Wealth Management Unit 2,Wealth Management Unit 2 — Team B,Wealth Management Unit 2 — Team B / Section 2,,Riyadh,Full-time,Filled,1,CC-1055,Business (1st line),Front office,Incentive,Emerging Leaders,user214@examplebank.com.sa,2014-05-24,British,No,No,Yes,Maya Khan,Ready 1-2 years
POS00215,POS00213,Officer Wealth Management,Maya Karim,G12,JC5642,Management,Retail Banking,Example Bank,Retail Banking,Wealth Management,Wealth Management Unit 2,Wealth Management Unit 2 — Team B,Wealth Management Unit 2 — Team B / Section 1,,Riyadh,Full-time,Filled,1,CC-1007,Business (1st line),Front office,Incentive,,user215@examplebank.com.sa,2009-11-20,Saudi,No,No,No,,
POS00216,POS00213,Analyst Wealth Management,Mona Idris,G12,JC5225,Management,Retail Banking,Example Bank,Retail Banking,Wealth Management,Wealth Management Unit 2,Wealth Management Unit 2 — Team B,Wealth Management Unit 2 — Team B / Section 1,,Riyadh,Full-time,Filled,1,CC-1024,Business (1st line),Front office,Incentive,,user216@examplebank.com.sa,2023-01-27,Saudi,No,No,Yes,سارة الدوسري,Ready now
POS00217,POS00213,Senior Analyst Wealth Management,نورة الشمري,G10,JC3043,Professional,Retail Banking,Example Bank,Retail Banking,Wealth Management,Wealth Management Unit 2,Wealth Management Unit 2 — Team B,Wealth Management Unit 2 — Team B / Section 1,,Riyadh,Full-time,Filled,1,CC-1036,Business (1st line),Front office,Fixed,,user217@examplebank.com.sa,2008-08-14,Egyptian,No,No,No,,
POS00218,POS00213,Associate Wealth Management,لطيفة الغامدي,G10,JC1468,Professional,Retail Banking,Example Bank,Retail Banking,Wealth Management,Wealth Management Unit 2,Wealth Management Unit 2 — Team B,Wealth Management Unit 2 — Team B / Section 1,,Jeddah,Full-time,Filled,1,CC-1042,Business (1st line),Front office,Incentive,,user218@examplebank.com.sa,2015-03-22,Egyptian,No,No,No,,
POS00219,POS00213,Analyst Wealth Management,أحمد الدوسري,G10,JC2036,Professional,Retail Banking,Example Bank,Retail Banking,Wealth Management,Wealth Management Unit 2,Wealth Management Unit 2 — Team B,Wealth Management Unit 2 — Team B / Section 1,,Jeddah,Contractor,Filled,1,CC-1030,Business (1st line),Front office,Bonus,,user219@examplebank.com.sa,2019-08-14,Saudi,No,No,No,,
POS00220,POS00213,Officer Wealth Management,Aisha Bakr,G12,JC8190,Management,Retail Banking,Example Bank,Retail Banking,Wealth Management,Wealth Management Unit 2,Wealth Management Unit 2 — Team B,Wealth Management Unit 2 — Team B / Section 1,,Riyadh,Full-time,Filled,1,CC-1009,Business (1st line),Front office,Incentive,,user220@examplebank.com.sa,2023-10-22,Saudi,No,No,No,,
POS00221,POS00213,Specialist Wealth Management,هند الزهراني,G11,JC7168,Professional,Retail Banking,Example Bank,Retail Banking,Wealth Management,Wealth Management Unit 2,Wealth Management Unit 2 — Team B,Wealth Management Unit 2 — Team B / Section 1,,Jeddah,Full-time,Filled,1,CC-1017,Business (1st line),Front office,Incentive,,user221@examplebank.com.sa,2013-02-22,British,No,No,No,,
POS00222,POS00213,Specialist Wealth Management,Rana Mansour,G12,JC7235,Management,Retail Banking,Example Bank,Retail Banking,Wealth Management,Wealth Management Unit 2,Wealth Management Unit 2 — Team B,Wealth Management Unit 2 — Team B / Section 2,,Dammam,Full-time,Filled,1,CC-1019,Business (1st line),Front office,Incentive,,user222@examplebank.com.sa,2022-02-10,Egyptian,No,No,No,,
POS00223,POS00213,Associate Wealth Management,,G10,JC6543,Professional,Retail Banking,Example Bank,Retail Banking,Wealth Management,Wealth Management Unit 2,Wealth Management Unit 2 — Team B,Wealth Management Unit 2 — Team B / Section 1,,Riyadh,Full-time,Vacant,1,CC-1005,Business (1st line),Front office,Incentive,,,2013-11-25,Indian,No,No,No,,
POS00224,POS00213,Officer Wealth Management,Hassan Khan,G10,JC3800,Professional,Retail Banking,Example Bank,Retail Banking,Wealth Management,Wealth Management Unit 2,Wealth Management Unit 2 — Team B,Wealth Management Unit 2 — Team B / Section 2,,Riyadh,Full-time,Filled,1,CC-1025,Business (1st line),Front office,Incentive,,user224@examplebank.com.sa,2009-07-25,Saudi,No,No,No,,
POS00225,POS00179,Senior Manager Wealth Management,هند العتيبي,G14,JC7540,Leadership,Retail Banking,Example Bank,Retail Banking,Wealth Management,Wealth Management Unit 3,,,,Riyadh,Full-time,Filled,1,CC-1044,Business (1st line),Front office,Bonus,Saudi Graduates,user225@examplebank.com.sa,2010-02-14,British,Yes,No,No,,
POS00226,POS00225,Manager Wealth Management,,G13,JC8221,Management,Retail Banking,Example Bank,Retail Banking,Wealth Management,Wealth Management Unit 3,Wealth Management Unit 3 — Team A,,,Jeddah,Full-time,Vacant,1,CC-1046,Business (1st line),Front office,Incentive,Future Executives,,2020-09-23,Indian,No,No,No,,
POS00227,POS00226,Senior Analyst Wealth Management,Aisha Fahmy,G12,JC3357,Management,Retail Banking,Example Bank,Retail Banking,Wealth Management,Wealth Management Unit 3,Wealth Management Unit 3 — Team A,Wealth Management Unit 3 — Team A / Section 1,,Riyadh,Full-time,Filled,0.5,CC-1002,Business (1st line),Front office,Incentive,,user227@examplebank.com.sa,2015-12-14,Saudi,No,No,No,,
POS00228,POS00226,Senior Officer Wealth Management,Hassan Aziz,G12,JC4590,Management,Retail Banking,Example Bank,Retail Banking,Wealth Management,Wealth Management Unit 3,Wealth Management Unit 3 — Team A,Wealth Management Unit 3 — Team A / Section 2,,Riyadh,Full-time,Filled,1,CC-1001,Business (1st line),Front office,Incentive,,user228@examplebank.com.sa,2017-12-28,Saudi,No,No,Yes,Lina Aziz,Ready 3+ years
POS00229,POS00226,Specialist Wealth Management,فيصل المطيري,G10,JC2414,Professional,Retail Banking,Example Bank,Retail Banking,Wealth Management,Wealth Management Unit 3,Wealth Management Unit 3 — Team A,Wealth Management Unit 3 — Team A / Section 2,,Riyadh,Contractor,Filled,1,CC-1032,Business (1st line),Front office,Incentive,Saudi Graduates,user229@examplebank.com.sa,2021-06-06,Saudi,No,No,No,,
POS00230,POS00226,Senior Officer Wealth Management,,G11,JC8891,Professional,Retail Banking,Example Bank,Retail Banking,Wealth Management,Wealth Management Unit 3,Wealth Management Unit 3 — Team A,Wealth Management Unit 3 — Team A / Section 1,,Dammam,Full-time,Vacant,1,CC-1056,Business (1st line),Front office,Incentive,,,2022-06-25,Saudi,No,No,No,,
POS00231,POS00226,Analyst Wealth Management,عبدالله السبيعي,G10,JC2862,Professional,Retail Banking,Example Bank,Retail Banking,Wealth Management,Wealth Management Unit 3,Wealth Management Unit 3 — Team A,Wealth Management Unit 3 — Team A / Section 1,,Jeddah,Full-time,Filled,1,CC-1031,Business (1st line),Front office,Bonus,,user231@examplebank.com.sa,2011-12-12,Egyptian,No,No,No,,
POS00232,POS00226,Associate Wealth Management,Jana Fahmy,G11,JC9748,Professional,Retail Banking,Example Bank,Retail Banking,Wealth Management,Wealth Management Unit 3,Wealth Management Unit 3 — Team A,Wealth Management Unit 3 — Team A / Section 1,,Dammam,Contractor,Filled,1,CC-1012,Business (1st line),Front office,Incentive,,user232@examplebank.com.sa,2015-12-12,British,No,No,No,,
POS00233,POS00226,Officer Wealth Management,Mona Khan,G10,JC6675,Professional,Retail Banking,Example Bank,Retail Banking,Wealth Management,Wealth Management Unit 3,Wealth Management Unit 3 — Team A,Wealth Management Unit 3 — Team A / Section 2,,Riyadh,Contractor,Filled,1,CC-1021,Business (1st line),Front office,Incentive,,user233@examplebank.com.sa,2013-09-21,Indian,No,No,No,,
POS00234,POS00226,Associate Wealth Management,Yusuf Farouk,G11,JC1609,Professional,Retail Banking,Example Bank,Retail Banking,Wealth Management,Wealth Management Unit 3,Wealth Management Unit 3 — Team A,Wealth Management Unit 3 — Team A / Section 2,,Jeddah,Full-time,Filled,1,CC-1049,Business (1st line),Front office,Incentive,,user234@examplebank.com.sa,2013-12-08,Jordanian,No,No,No,,
POS00235,POS00226,Officer Wealth Management,Maya Siddiqui,G9,JC6019,Professional,Retail Banking,Example Bank,Retail Banking,Wealth Management,Wealth Management Unit 3,Wealth Management Unit 3 — Team A,Wealth Management Unit 3 — Team A / Section 1,,Jeddah,Full-time,Filled,1,CC-1033,Business (1st line),Front office,Incentive,,user235@examplebank.com.sa,2016-09-24,Saudi,No,No,No,,
POS00236,POS00226,Officer Wealth Management,Noor Aziz,G10,JC1985,Professional,Retail Banking,Example Bank,Retail Banking,Wealth Management,Wealth Management Unit 3,Wealth Management Unit 3 — Team A,Wealth Management Unit 3 — Team A / Section 2,,Riyadh,Full-time,Filled,1,CC-1013,Business (1st line),Front office,Incentive,,user236@examplebank.com.sa,2016-06-03,Indian,No,No,No,,
POS00237,POS00225,Manager Wealth Management,Jana Saleh,G13,JC3426,Management,Retail Banking,Example Bank,Retail Banking,Wealth Management,Wealth Management Unit 3,Wealth Management Unit 3 — Team B,,,Remote,Full-time,Filled,1,CC-1032,Business (1st line),Front office,Incentive,,user237@examplebank.com.sa,2012-09-07,Egyptian,No,No,Yes,Maya Qureshi,Ready now
POS00238,POS00237,Associate Wealth Management,,G12,JC6253,Management,Retail Banking,Example Bank,Retail Banking,Wealth Management,Wealth Management Unit 3,Wealth Management Unit 3 — Team B,Wealth Management Unit 3 — Team B / Section 2,,Riyadh,Full-time,Vacant,1,CC-1011,Business (1st line),Front office,Incentive,,,2013-10-03,Saudi,No,No,No,,
POS00239,POS00237,Associate Wealth Management,Noor Farouk,G12,JC3545,Management,Retail Banking,Example Bank,Retail Banking,Wealth Management,Wealth Management Unit 3,Wealth Management Unit 3 — Team B,Wealth Management Unit 3 — Team B / Section 1,,Riyadh,Full-time,Filled,1,CC-1035,Business (1st line),Front office,Bonus,,user239@examplebank.com.sa,2019-11-01,Saudi,No,No,Yes,Karim Rashed,Ready now
POS00240,POS00237,Analyst Wealth Management,Ziad Mansour,G10,JC7610,Professional,Retail Banking,Example Bank,Retail Banking,Wealth Management,Wealth Management Unit 3,Wealth Management Unit 3 — Team B,Wealth Management Unit 3 — Team B / Section 1,,Riyadh,Full-time,Filled,1,CC-1003,Business (1st line),Front office,Incentive,,user240@examplebank.com.sa,2025-08-21,Saudi,No,No,Yes,Mona Farouk,Ready 1-2 years
POS00241,POS00237,Senior Officer Wealth Management,,G10,JC6722,Professional,Retail Banking,Example Bank,Retail Banking,Wealth Management,Wealth Management Unit 3,Wealth Management Unit 3 — Team B,Wealth Management Unit 3 — Team B / Section 1,,Khobar,Full-time,Vacant,1,CC-1039,Business (1st line),Front office,Fixed,,,2016-07-15,Saudi,No,No,Yes,Lina Idris,Ready 3+ years
POS00242,POS00237,Senior Officer Wealth Management,,G10,JC1461,Professional,Retail Banking,Example Bank,Retail Banking,Wealth Management,Wealth Management Unit 3,Wealth Management Unit 3 — Team B,Wealth Management Unit 3 — Team B / Section 2,,Jeddah,Full-time,Vacant,1,CC-1013,Business (1st line),Front office,Incentive,,,2013-03-22,Saudi,No,No,Yes,لطيفة القحطاني,Ready now
POS00243,POS00237,Officer Wealth Management,نورة الحربي,G10,JC1927,Professional,Retail Banking,Example Bank,Retail Banking,Wealth Management,Wealth Management Unit 3,Wealth Management Unit 3 — Team B,Wealth Management Unit 3 — Team B / Section 1,,Riyadh,Contractor,Filled,1,CC-1020,Business (1st line),Front office,Incentive,,user243@examplebank.com.sa,2012-01-28,Jordanian,No,No,No,,
POS00244,POS00237,Senior Analyst Wealth Management,,G10,JC6499,Professional,Retail Banking,Example Bank,Retail Banking,Wealth Management,Wealth Management Unit 3,Wealth Management Unit 3 — Team B,Wealth Management Unit 3 — Team B / Section 1,,Riyadh,Full-time,Vacant,1,CC-1048,Business (1st line),Front office,Incentive,,,2018-12-25,Saudi,No,No,No,,
POS00245,POS00237,Specialist Wealth Management,فيصل الدوسري,G10,JC9584,Professional,Retail Banking,Example Bank,Retail Banking,Wealth Management,Wealth Management Unit 3,Wealth Management Unit 3 — Team B,Wealth Management Unit 3 — Team B / Section 1,,Jeddah,Full-time,Filled,1,CC-1005,Business (1st line),Front office,Incentive,,user245@examplebank.com.sa,2017-11-22,Saudi,No,No,No,,
POS00246,POS00237,Analyst Wealth Management,Ziad Nasser,G12,JC7462,Management,Retail Banking,Example Bank,Retail Banking,Wealth Management,Wealth Management Unit 3,Wealth Management Unit 3 — Team B,Wealth Management Unit 3 — Team B / Section 2,,Jeddah,Full-time,Filled,1,CC-1020,Business (1st line),Front office,Incentive,,user246@examplebank.com.sa,2008-12-14,Egyptian,No,No,Yes,Adel Baker,Ready now
POS00247,POS00237,Analyst Wealth Management,Rami Qureshi,G9,JC6531,Professional,Retail Banking,Example Bank,Retail Banking,Wealth Management,Wealth Management Unit 3,Wealth Management Unit 3 — Team B,Wealth Management Unit 3 — Team B / Section 2,,Khobar,Full-time,Filled,1,CC-1044,Business (1st line),Front office,Bonus,,user247@examplebank.com.sa,2016-09-06,Saudi,No,No,No,,
POS00248,POS00225,Manager Wealth Management,ماجد الغامدي,G13,JC9151,Management,Retail Banking,Example Bank,Retail Banking,Wealth Management,Wealth Management Unit 3,Wealth Management Unit 3 — Team C,,,Remote,Full-time,Filled,1,CC-1024,Business (1st line),Front office,Incentive,,user248@examplebank.com.sa,2019-04-27,Saudi,No,No,No,,
POS00249,POS00248,Associate Wealth Management,Bilal Saleh,G10,JC8180,Professional,Retail Banking,Example Bank,Retail Banking,Wealth Management,Wealth Management Unit 3,Wealth Management Unit 3 — Team C,Wealth Management Unit 3 — Team C / Section 1,,Riyadh,Full-time,Filled,1,CC-1024,Business (1st line),Front office,Incentive,,user249@examplebank.com.sa,2010-08-07,Saudi,No,No,Yes,Huda Fahmy,Ready now
POS00250,POS00248,Associate Wealth Management,Sami Saleh,G11,JC7538,Professional,Retail Banking,Example Bank,Retail Banking,Wealth Management,Wealth Management Unit 3,Wealth Management Unit 3 — Team C,Wealth Management Unit 3 — Team C / Section 2,,Riyadh,Full-time,Filled,1,CC-1048,Business (1st line),Front office,Incentive,,user250@examplebank.com.sa,2019-02-08,Saudi,No,No,No,,
POS00251,POS00248,Specialist Wealth Management,Salma Rashed,G10,JC8260,Professional,Retail Banking,Example Bank,Retail Banking,Wealth Management,Wealth Management Unit 3,Wealth Management Unit 3 — Team C,Wealth Management Unit 3 — Team C / Section 1,,Riyadh,Full-time,Filled,1,CC-1051,Business (1st line),Front office,Incentive,,user251@examplebank.com.sa,2021-05-19,Saudi,No,No,No,,
POS00252,POS00248,Senior Analyst Wealth Management,Rami Mansour,G10,JC5571,Professional,Retail Banking,Example Bank,Retail Banking,Wealth Management,Wealth Management Unit 3,Wealth Management Unit 3 — Team C,Wealth Management Unit 3 — Team C / Section 1,,Riyadh,Full-time,Filled,1,CC-1046,Business (1st line),Front office,Incentive,,user252@examplebank.com.sa,2024-02-08,Saudi,No,No,Yes,Rana Saleh,Ready 3+ years
POS00253,POS00248,Specialist Wealth Management,Bilal Farouk,G11,JC4802,Professional,Retail Banking,Example Bank,Retail Banking,Wealth Management,Wealth Management Unit 3,Wealth Management Unit 3 — Team C,Wealth Management Unit 3 — Team C / Section 2,,Riyadh,Full-time,Filled,1,CC-1044,Business (1st line),Front office,Fixed,,user253@examplebank.com.sa,2016-10-13,Saudi,No,No,No,,
POS00254,POS00248,Specialist Wealth Management,ريم القحطاني,G10,JC4782,Professional,Retail Banking,Example Bank,Retail Banking,Wealth Management,Wealth Management Unit 3,Wealth Management Unit 3 — Team C,Wealth Management Unit 3 — Team C / Section 2,,Dammam,Full-time,Filled,1,CC-1000,Business (1st line),Front office,Incentive,,user254@examplebank.com.sa,2013-06-06,Egyptian,No,No,No,,
POS00255,POS00248,Analyst Wealth Management,Lina Nasser,G10,JC1476,Professional,Retail Banking,Example Bank,Retail Banking,Wealth Management,Wealth Management Unit 3,Wealth Management Unit 3 — Team C,Wealth Management Unit 3 — Team C / Section 1,,Dammam,Full-time,Filled,1,CC-1060,Business (1st line),Front office,Incentive,,user255@examplebank.com.sa,2011-08-18,Jordanian,No,No,No,,
POS00256,POS00248,Senior Analyst Wealth Management,دانة الغامدي,G10,JC2437,Professional,Retail Banking,Example Bank,Retail Banking,Wealth Management,Wealth Management Unit 3,Wealth Management Unit 3 — Team C,Wealth Management Unit 3 — Team C / Section 2,,Remote,Full-time,Filled,1,CC-1050,Business (1st line),Front office,Incentive,,user256@examplebank.com.sa,2020-04-25,Indian,No,No,No,,
POS00257,POS00248,Officer Wealth Management,Layla Baker,G12,JC8786,Management,Retail Banking,Example Bank,Retail Banking,Wealth Management,Wealth Management Unit 3,Wealth Management Unit 3 — Team C,Wealth Management Unit 3 — Team C / Section 1,,Riyadh,Full-time,Filled,1,CC-1007,Business (1st line),Front office,Incentive,,user257@examplebank.com.sa,2012-09-07,Saudi,No,No,No,,
POS00258,POS00248,Officer Wealth Management,Rami Saleh,G10,JC2327,Professional,Retail Banking,Example Bank,Retail Banking,Wealth Management,Wealth Management Unit 3,Wealth Management Unit 3 — Team C,Wealth Management Unit 3 — Team C / Section 1,,Dammam,Full-time,Filled,0.5,CC-1048,Business (1st line),Front office,Incentive,,user258@examplebank.com.sa,2009-07-25,Jordanian,No,No,No,,
POS00259,POS00002,Head of Customer Experience,سارة المطيري,G15,JC5820,Leadership,Retail Banking,Example Bank,Retail Banking,Customer Experience,,,,,Remote,Full-time,Filled,1,CC-1056,Business (1st line),Front office,Incentive,,user259@examplebank.com.sa,2008-08-03,Saudi,Yes,No,Yes,أحمد الزهراني,Ready now
POS00260,POS00259,Senior Manager Customer Experience,Tariq Haddad,G14,JC2866,Leadership,Retail Banking,Example Bank,Retail Banking,Customer Experience,Customer Experience Unit 1,,,,Jeddah,Full-time,Filled,1,CC-1047,Business (1st line),Front office,Incentive,,user260@examplebank.com.sa,2025-09-16,Indian,No,No,No,,
POS00261,POS00260,Manager Customer Experience,Dana Nasser,G13,JC5024,Management,Retail Banking,Example Bank,Retail Banking,Customer Experience,Customer Experience Unit 1,Customer Experience Unit 1 — Team A,,,Jeddah,Full-time,Filled,1,CC-1022,Business (1st line),Front office,Incentive,Specialist Bench,user261@examplebank.com.sa,2013-08-07,Egyptian,No,No,No,,
POS00262,POS00261,Officer Customer Experience,Nasser Darwish,G11,JC4819,Professional,Retail Banking,Example Bank,Retail Banking,Customer Experience,Customer Experience Unit 1,Customer Experience Unit 1 — Team A,Customer Experience Unit 1 — Team A / Section 1,,Riyadh,Full-time,Filled,1,CC-1002,Business (1st line),Front office,Bonus,Emerging Leaders,user262@examplebank.com.sa,2018-07-19,British,No,No,No,,
POS00263,POS00261,Officer Customer Experience,Layla Fahmy,G12,JC3671,Management,Retail Banking,Example Bank,Retail Banking,Customer Experience,Customer Experience Unit 1,Customer Experience Unit 1 — Team A,Customer Experience Unit 1 — Team A / Section 2,,Riyadh,Full-time,Filled,1,CC-1001,Business (1st line),Front office,Incentive,,user263@examplebank.com.sa,2011-07-20,Saudi,No,No,No,,
POS00264,POS00261,Senior Officer Customer Experience,Yusuf Mansour,G12,JC8696,Management,Retail Banking,Example Bank,Retail Banking,Customer Experience,Customer Experience Unit 1,Customer Experience Unit 1 — Team A,Customer Experience Unit 1 — Team A / Section 1,,Khobar,Full-time,Filled,1,CC-1029,Business (1st line),Front office,Incentive,,user264@examplebank.com.sa,2024-08-27,Saudi,No,No,No,,
POS00265,POS00261,Senior Officer Customer Experience,Karim Khan,G11,JC8449,Professional,Retail Banking,Example Bank,Retail Banking,Customer Experience,Customer Experience Unit 1,Customer Experience Unit 1 — Team A,Customer Experience Unit 1 — Team A / Section 2,,Dammam,Full-time,Filled,1,CC-1047,Business (1st line),Front office,Fixed,,user265@examplebank.com.sa,2013-10-07,Saudi,No,No,No,,
POS00266,POS00261,Analyst Customer Experience,Nasser Younes,G9,JC4851,Professional,Retail Banking,Example Bank,Retail Banking,Customer Experience,Customer Experience Unit 1,Customer Experience Unit 1 — Team A,Customer Experience Unit 1 — Team A / Section 1,,Riyadh,Full-time,Filled,1,CC-1023,Business (1st line),Front office,Incentive,,user266@examplebank.com.sa,2008-08-25,Egyptian,No,No,No,,
POS00267,POS00261,Analyst Customer Experience,,G12,JC9452,Management,Retail Banking,Example Bank,Retail Banking,Customer Experience,Customer Experience Unit 1,Customer Experience Unit 1 — Team A,Customer Experience Unit 1 — Team A / Section 2,,Khobar,Full-time,Vacant,1,CC-1032,Business (1st line),Front office,Incentive,,,2009-04-16,Indian,No,No,No,,
POS00268,POS00261,Specialist Customer Experience,Amal Baker,G10,JC9315,Professional,Retail Banking,Example Bank,Retail Banking,Customer Experience,Customer Experience Unit 1,Customer Experience Unit 1 — Team A,Customer Experience Unit 1 — Team A / Section 2,,Riyadh,Full-time,Filled,1,CC-1012,Business (1st line),Front office,Incentive,,user268@examplebank.com.sa,2008-05-01,Indian,No,No,No,,
POS00269,POS00261,Analyst Customer Experience,هند المطيري,G11,JC8222,Professional,Retail Banking,Example Bank,Retail Banking,Customer Experience,Customer Experience Unit 1,Customer Experience Unit 1 — Team A,Customer Experience Unit 1 — Team A / Section 1,,Riyadh,Full-time,Filled,1,CC-1035,Business (1st line),Front office,Incentive,,user269@examplebank.com.sa,2015-06-03,Saudi,No,No,No,,
POS00270,POS00261,Specialist Customer Experience,خالد القحطاني,G11,JC8257,Professional,Retail Banking,Example Bank,Retail Banking,Customer Experience,Customer Experience Unit 1,Customer Experience Unit 1 — Team A,Customer Experience Unit 1 — Team A / Section 1,,Dammam,Full-time,Filled,1,CC-1051,Business (1st line),Front office,Fixed,,user270@examplebank.com.sa,2021-06-25,Saudi,No,No,No,,
POS00271,POS00261,Analyst Customer Experience,Rami Bakr,G12,JC7571,Management,Retail Banking,Example Bank,Retail Banking,Customer Experience,Customer Experience Unit 1,Customer Experience Unit 1 — Team A,Customer Experience Unit 1 — Team A / Section 2,,Jeddah,Full-time,Filled,1,CC-1024,Business (1st line),Front office,Incentive,,user271@examplebank.com.sa,2011-02-18,Indian,No,No,No,,
POS00272,POS00261,Senior Analyst Customer Experience,فيصل المطيري,G9,JC7100,Professional,Retail Banking,Example Bank,Retail Banking,Customer Experience,Customer Experience Unit 1,Customer Experience Unit 1 — Team A,Customer Experience Unit 1 — Team A / Section 2,,Riyadh,Full-time,Filled,1,CC-1025,Business (1st line),Front office,Incentive,,user272@examplebank.com.sa,2010-04-01,Jordanian,No,No,No,,
POS00273,POS00261,Associate Customer Experience,Mona Fahmy,G9,JC6678,Professional,Retail Banking,Example Bank,Retail Banking,Customer Experience,Customer Experience Unit 1,Customer Experience Unit 1 — Team A,Customer Experience Unit 1 — Team A / Section 1,,Jeddah,Full-time,Filled,1,CC-1034,Business (1st line),Front office,Incentive,,user273@examplebank.com.sa,2013-10-16,Saudi,No,No,No,,
POS00274,POS00260,Manager Customer Experience,Hassan Osman,G13,JC2847,Management,Retail Banking,Example Bank,Retail Banking,Customer Experience,Customer Experience Unit 1,Customer Experience Unit 1 — Team B,,,Remote,Full-time,Filled,1,CC-1043,Business (1st line),Front office,Incentive,,user274@examplebank.com.sa,2017-09-16,Egyptian,No,No,No,,
POS00275,POS00274,Senior Officer Customer Experience,Adel Fahmy,G10,JC3157,Professional,Retail Banking,Example Bank,Retail Banking,Customer Experience,Customer Experience Unit 1,Customer Experience Unit 1 — Team B,Customer Experience Unit 1 — Team B / Section 1,,Remote,Full-time,Filled,1,CC-1041,Business (1st line),Front office,Bonus,,user275@examplebank.com.sa,2010-01-18,Saudi,No,No,No,,
POS00276,POS00274,Senior Officer Customer Experience,Aisha Qureshi,G11,JC7056,Professional,Retail Banking,Example Bank,Retail Banking,Customer Experience,Customer Experience Unit 1,Customer Experience Unit 1 — Team B,Customer Experience Unit 1 — Team B / Section 2,,Jeddah,Full-time,Filled,1,CC-1023,Business (1st line),Front office,Incentive,,user276@examplebank.com.sa,2014-05-01,Egyptian,No,No,No,,
POS00277,POS00274,Officer Customer Experience,Tariq Mansour,G10,JC8423,Professional,Retail Banking,Example Bank,Retail Banking,Customer Experience,Customer Experience Unit 1,Customer Experience Unit 1 — Team B,Customer Experience Unit 1 — Team B / Section 2,,Riyadh,Full-time,Filled,0.5,CC-1007,Business (1st line),Front office,Incentive,,user277@examplebank.com.sa,2021-03-07,British,No,No,Yes,Nasser Nasser,Ready 1-2 years
POS00278,POS00274,Specialist Customer Experience,,G10,JC9885,Professional,Retail Banking,Example Bank,Retail Banking,Customer Experience,Customer Experience Unit 1,Customer Experience Unit 1 — Team B,Customer Experience Unit 1 — Team B / Section 1,,Remote,Full-time,Vacant,1,CC-1007,Business (1st line),Front office,Bonus,,,2019-10-15,Egyptian,No,No,No,,
POS00279,POS00274,Senior Analyst Customer Experience,أحمد المطيري,G9,JC5530,Professional,Retail Banking,Example Bank,Retail Banking,Customer Experience,Customer Experience Unit 1,Customer Experience Unit 1 — Team B,Customer Experience Unit 1 — Team B / Section 2,,Riyadh,Full-time,Filled,1,CC-1033,Business (1st line),Front office,Incentive,,user279@examplebank.com.sa,2022-01-08,Saudi,No,No,No,,
POS00280,POS00274,Analyst Customer Experience,Salma Bakr,G11,JC2674,Professional,Retail Banking,Example Bank,Retail Banking,Customer Experience,Customer Experience Unit 1,Customer Experience Unit 1 — Team B,Customer Experience Unit 1 — Team B / Section 1,,Khobar,Full-time,Filled,1,CC-1047,Business (1st line),Front office,Incentive,,user280@examplebank.com.sa,2015-12-11,Saudi,No,No,No,,
POS00281,POS00274,Specialist Customer Experience,فيصل السبيعي,G9,JC9492,Professional,Retail Banking,Example Bank,Retail Banking,Customer Experience,Customer Experience Unit 1,Customer Experience Unit 1 — Team B,Customer Experience Unit 1 — Team B / Section 2,,Riyadh,Full-time,Filled,1,CC-1030,Business (1st line),Front office,Incentive,,user281@examplebank.com.sa,2020-08-05,Saudi,No,No,No,,
POS00282,POS00274,Officer Customer Experience,,G12,JC2133,Management,Retail Banking,Example Bank,Retail Banking,Customer Experience,Customer Experience Unit 1,Customer Experience Unit 1 — Team B,Customer Experience Unit 1 — Team B / Section 2,,Dammam,Full-time,Vacant,1,CC-1005,Business (1st line),Front office,Incentive,,,2025-05-26,British,No,No,No,,
POS00283,POS00274,Specialist Customer Experience,هند الشمري,G11,JC1246,Professional,Retail Banking,Example Bank,Retail Banking,Customer Experience,Customer Experience Unit 1,Customer Experience Unit 1 — Team B,Customer Experience Unit 1 — Team B / Section 2,,Dammam,Full-time,Filled,1,CC-1049,Business (1st line),Front office,Incentive,,user283@examplebank.com.sa,2008-02-05,Saudi,No,No,No,,
POS00284,POS00274,Specialist Customer Experience,Aisha Fahmy,G10,JC6548,Professional,Retail Banking,Example Bank,Retail Banking,Customer Experience,Customer Experience Unit 1,Customer Experience Unit 1 — Team B,Customer Experience Unit 1 — Team B / Section 1,,Jeddah,Full-time,Filled,1,CC-1041,Business (1st line),Front office,Incentive,Saudi Graduates,user284@examplebank.com.sa,2008-10-14,Saudi,No,No,No,,
POS00285,POS00260,Manager Customer Experience,Sami Osman,G13,JC8071,Management,Retail Banking,Example Bank,Retail Banking,Customer Experience,Customer Experience Unit 1,Customer Experience Unit 1 — Team C,,,Dammam,Full-time,Filled,0.5,CC-1036,Business (1st line),Front office,Incentive,,user285@examplebank.com.sa,2023-08-01,Saudi,No,No,No,,
POS00286,POS00285,Officer Customer Experience,Huda Younes,G10,JC6193,Professional,Retail Banking,Example Bank,Retail Banking,Customer Experience,Customer Experience Unit 1,Customer Experience Unit 1 — Team C,Customer Experience Unit 1 — Team C / Section 2,,Jeddah,Full-time,Filled,1,CC-1018,Business (1st line),Front office,Incentive,,user286@examplebank.com.sa,2025-01-08,Saudi,No,No,Yes,Lina Fahmy,Ready 3+ years
POS00287,POS00285,Analyst Customer Experience,Adel Idris,G10,JC2161,Professional,Retail Banking,Example Bank,Retail Banking,Customer Experience,Customer Experience Unit 1,Customer Experience Unit 1 — Team C,Customer Experience Unit 1 — Team C / Section 1,,Jeddah,Full-time,Filled,1,CC-1014,Business (1st line),Front office,Fixed,,user287@examplebank.com.sa,2024-07-04,Saudi,No,No,Yes,Nasser Karim,Ready 3+ years
POS00288,POS00285,Specialist Customer Experience,دانة الدوسري,G9,JC2755,Professional,Retail Banking,Example Bank,Retail Banking,Customer Experience,Customer Experience Unit 1,Customer Experience Unit 1 — Team C,Customer Experience Unit 1 — Team C / Section 2,,Dammam,Full-time,Filled,1,CC-1025,Business (1st line),Front office,Bonus,,user288@examplebank.com.sa,2021-01-17,Saudi,No,No,No,,
POS00289,POS00285,Analyst Customer Experience,Amal Haddad,G12,JC2577,Management,Retail Banking,Example Bank,Retail Banking,Customer Experience,Customer Experience Unit 1,Customer Experience Unit 1 — Team C,Customer Experience Unit 1 — Team C / Section 1,,Riyadh,Full-time,Filled,1,CC-1012,Business (1st line),Front office,Incentive,,user289@examplebank.com.sa,2025-02-23,Saudi,No,No,No,,
POS00290,POS00285,Senior Analyst Customer Experience,Noor Siddiqui,G10,JC4223,Professional,Retail Banking,Example Bank,Retail Banking,Customer Experience,Customer Experience Unit 1,Customer Experience Unit 1 — Team C,Customer Experience Unit 1 — Team C / Section 1,,Dammam,Full-time,Filled,0.5,CC-1030,Business (1st line),Front office,Incentive,,user290@examplebank.com.sa,2022-10-04,Saudi,No,No,Yes,Mona Siddiqui,Ready 1-2 years
POS00291,POS00285,Analyst Customer Experience,ماجد الدوسري,G10,JC8680,Professional,Retail Banking,Example Bank,Retail Banking,Customer Experience,Customer Experience Unit 1,Customer Experience Unit 1 — Team C,Customer Experience Unit 1 — Team C / Section 1,,Remote,Full-time,Filled,1,CC-1008,Business (1st line),Front office,Fixed,,user291@examplebank.com.sa,2020-09-18,Saudi,No,No,No,,
POS00292,POS00285,Analyst Customer Experience,سارة السبيعي,G11,JC1275,Professional,Retail Banking,Example Bank,Retail Banking,Customer Experience,Customer Experience Unit 1,Customer Experience Unit 1 — Team C,Customer Experience Unit 1 — Team C / Section 2,,Khobar,Contractor,Filled,1,CC-1041,Business (1st line),Front office,Incentive,,user292@examplebank.com.sa,2011-11-27,Saudi,No,No,Yes,Dana Darwish,Ready 1-2 years
POS00293,POS00285,Senior Officer Customer Experience,Mona Siddiqui,G12,JC2646,Management,Retail Banking,Example Bank,Retail Banking,Customer Experience,Customer Experience Unit 1,Customer Experience Unit 1 — Team C,Customer Experience Unit 1 — Team C / Section 1,,Jeddah,Full-time,Filled,1,CC-1052,Business (1st line),Front office,Incentive,,user293@examplebank.com.sa,2021-12-28,Saudi,No,No,No,,
POS00294,POS00285,Senior Analyst Customer Experience,Jana Siddiqui,G10,JC6730,Professional,Retail Banking,Example Bank,Retail Banking,Customer Experience,Customer Experience Unit 1,Customer Experience Unit 1 — Team C,Customer Experience Unit 1 — Team C / Section 1,,Khobar,Full-time,Filled,1,CC-1024,Business (1st line),Front office,Incentive,,user294@examplebank.com.sa,2017-08-14,Saudi,No,No,No,,
POS00295,POS00260,Manager Customer Experience,Ziad Siddiqui,G13,JC4429,Management,Retail Banking,Example Bank,Retail Banking,Customer Experience,Customer Experience Unit 1,Customer Experience Unit 1 — Team D,,,Riyadh,Full-time,Filled,1,CC-1007,Business (1st line),Front office,Incentive,,user295@examplebank.com.sa,2013-08-04,Saudi,No,No,Yes,عبدالله الزهراني,Ready 3+ years
POS00296,POS00295,Specialist Customer Experience,عبدالله الحربي,G12,JC2888,Management,Retail Banking,Example Bank,Retail Banking,Customer Experience,Customer Experience Unit 1,Customer Experience Unit 1 — Team D,Customer Experience Unit 1 — Team D / Section 2,,Riyadh,Full-time,Filled,1,CC-1009,Business (1st line),Front office,Incentive,,user296@examplebank.com.sa,2024-07-21,Jordanian,No,No,No,,
POS00297,POS00295,Specialist Customer Experience,Rana Osman,G9,JC2011,Professional,Retail Banking,Example Bank,Retail Banking,Customer Experience,Customer Experience Unit 1,Customer Experience Unit 1 — Team D,Customer Experience Unit 1 — Team D / Section 1,,Riyadh,Full-time,Filled,1,CC-1018,Business (1st line),Front office,Incentive,Specialist Bench,user297@examplebank.com.sa,2020-04-13,Saudi,No,No,No,,
POS00298,POS00295,Officer Customer Experience,دانة الغامدي,G10,JC1599,Professional,Retail Banking,Example Bank,Retail Banking,Customer Experience,Customer Experience Unit 1,Customer Experience Unit 1 — Team D,Customer Experience Unit 1 — Team D / Section 2,,Jeddah,Full-time,Filled,1,CC-1031,Business (1st line),Front office,Incentive,,user298@examplebank.com.sa,2009-05-24,Saudi,No,No,No,,
POS00299,POS00295,Analyst Customer Experience,Adel Farouk,G9,JC9539,Professional,Retail Banking,Example Bank,Retail Banking,Customer Experience,Customer Experience Unit 1,Customer Experience Unit 1 — Team D,Customer Experience Unit 1 — Team D / Section 1,,Riyadh,Full-time,Filled,1,CC-1055,Business (1st line),Front office,Incentive,,user299@examplebank.com.sa,2022-02-22,Saudi,No,No,No,,
POS00300,POS00295,Specialist Customer Experience,Maya Siddiqui,G10,JC9307,Professional,Retail Banking,Example Bank,Retail Banking,Customer Experience,Customer Experience Unit 1,Customer Experience Unit 1 — Team D,Customer Experience Unit 1 — Team D / Section 2,,Dammam,Full-time,Filled,1,CC-1048,Business (1st line),Front office,Fixed,,user300@examplebank.com.sa,2011-08-19,Saudi,No,No,Yes,عبدالله المطيري,Ready 3+ years
POS00301,POS00295,Specialist Customer Experience,Dana Farouk,G12,JC9614,Management,Retail Banking,Example Bank,Retail Banking,Customer Experience,Customer Experience Unit 1,Customer Experience Unit 1 — Team D,Customer Experience Unit 1 — Team D / Section 2,,Khobar,Full-time,Filled,1,CC-1049,Business (1st line),Front office,Fixed,,user301@examplebank.com.sa,2010-02-11,Saudi,No,No,No,,
POS00302,POS00295,Analyst Customer Experience,,G11,JC7004,Professional,Retail Banking,Example Bank,Retail Banking,Customer Experience,Customer Experience Unit 1,Customer Experience Unit 1 — Team D,Customer Experience Unit 1 — Team D / Section 2,,Khobar,Full-time,Vacant,1,CC-1002,Business (1st line),Front office,Fixed,,,2021-08-21,Saudi,No,No,No,,
POS00303,POS00295,Senior Analyst Customer Experience,Hassan Bakr,G9,JC3712,Professional,Retail Banking,Example Bank,Retail Banking,Customer Experience,Customer Experience Unit 1,Customer Experience Unit 1 — Team D,Customer Experience Unit 1 — Team D / Section 2,,Riyadh,Full-time,Filled,1,CC-1023,Business (1st line),Front office,Incentive,,user303@examplebank.com.sa,2008-11-06,Saudi,No,No,No,,
POS00304,POS00259,Senior Manager Customer Experience,Karim Younes,G14,JC3130,Leadership,Retail Banking,Example Bank,Retail Banking,Customer Experience,Customer Experience Unit 2,,,,Jeddah,Contractor,Filled,1,CC-1013,Business (1st line),Front office,Bonus,,user304@examplebank.com.sa,2009-01-03,Saudi,No,No,No,,
POS00305,POS00304,Manager Customer Experience,خالد العتيبي,G13,JC8567,Management,Retail Banking,Example Bank,Retail Banking,Customer Experience,Customer Experience Unit 2,Customer Experience Unit 2 — Team A,,,Dammam,Full-time,Filled,1,CC-1009,Business (1st line),Front office,Incentive,,user305@examplebank.com.sa,2009-12-16,Jordanian,No,No,Yes,ريم الحربي,Ready 1-2 years
POS00306,POS00305,Specialist Customer Experience,Karim Bakr,G11,JC4254,Professional,Retail Banking,Example Bank,Retail Banking,Customer Experience,Customer Experience Unit 2,Customer Experience Unit 2 — Team A,Customer Experience Unit 2 — Team A / Section 2,,Jeddah,Full-time,Filled,1,CC-1005,Business (1st line),Front office,Incentive,Specialist Bench,user306@examplebank.com.sa,2012-04-09,British,No,No,No,,
POS00307,POS00305,Officer Customer Experience,ريم المطيري,G10,JC9585,Professional,Retail Banking,Example Bank,Retail Banking,Customer Experience,Customer Experience Unit 2,Customer Experience Unit 2 — Team A,Customer Experience Unit 2 — Team A / Section 1,,Jeddah,Full-time,Filled,1,CC-1009,Business (1st line),Front office,Incentive,,user307@examplebank.com.sa,2012-12-14,Saudi,No,No,No,,
POS00308,POS00305,Specialist Customer Experience,Aisha Siddiqui,G10,JC1528,Professional,Retail Banking,Example Bank,Retail Banking,Customer Experience,Customer Experience Unit 2,Customer Experience Unit 2 — Team A,Customer Experience Unit 2 — Team A / Section 2,,Jeddah,Full-time,Filled,1,CC-1046,Business (1st line),Front office,Incentive,,user308@examplebank.com.sa,2012-05-24,British,No,No,No,,
POS00309,POS00305,Specialist Customer Experience,Tariq Aziz,G10,JC7543,Professional,Retail Banking,Example Bank,Retail Banking,Customer Experience,Customer Experience Unit 2,Customer Experience Unit 2 — Team A,Customer Experience Unit 2 — Team A / Section 2,,Jeddah,Full-time,Filled,1,CC-1054,Business (1st line),Front office,Incentive,Saudi Graduates,user309@examplebank.com.sa,2025-04-01,Saudi,No,No,No,,
POS00310,POS00305,Officer Customer Experience,,G10,JC9615,Professional,Retail Banking,Example Bank,Retail Banking,Customer Experience,Customer Experience Unit 2,Customer Experience Unit 2 — Team A,Customer Experience Unit 2 — Team A / Section 2,,Riyadh,Full-time,Vacant,0.5,CC-1034,Business (1st line),Front office,Bonus,,,2008-11-27,Saudi,No,No,Yes,Salma Farouk,Ready now
POS00311,POS00305,Officer Customer Experience,دانة العتيبي,G11,JC2754,Professional,Retail Banking,Example Bank,Retail Banking,Customer Experience,Customer Experience Unit 2,Customer Experience Unit 2 — Team A,Customer Experience Unit 2 — Team A / Section 1,,Riyadh,Full-time,Filled,1,CC-1020,Business (1st line),Front office,Incentive,,user311@examplebank.com.sa,2023-04-02,Saudi,No,No,No,,
POS00312,POS00305,Senior Officer Customer Experience,Jana Mansour,G10,JC9128,Professional,Retail Banking,Example Bank,Retail Banking,Customer Experience,Customer Experience Unit 2,Customer Experience Unit 2 — Team A,Customer Experience Unit 2 — Team A / Section 1,,Riyadh,Full-time,Filled,1,CC-1011,Business (1st line),Front office,Incentive,,user312@examplebank.com.sa,2022-03-20,Egyptian,No,No,No,,
POS00313,POS00305,Analyst Customer Experience,دانة الشمري,G10,JC9115,Professional,Retail Banking,Example Bank,Retail Banking,Customer Experience,Customer Experience Unit 2,Customer Experience Unit 2 — Team A,Customer Experience Unit 2 — Team A / Section 1,,Remote,Full-time,Filled,1,CC-1025,Business (1st line),Front office,Incentive,Future Executives,user313@examplebank.com.sa,2024-01-21,British,No,No,No,,
POS00314,POS00305,Senior Officer Customer Experience,لطيفة السبيعي,G10,JC3177,Professional,Retail Banking,Example Bank,Retail Banking,Customer Experience,Customer Experience Unit 2,Customer Experience Unit 2 — Team A,Customer Experience Unit 2 — Team A / Section 2,,Riyadh,Full-time,Filled,1,CC-1013,Business (1st line),Front office,Incentive,,user314@examplebank.com.sa,2024-10-01,British,No,No,Yes,عبدالله المطيري,Ready 3+ years
POS00315,POS00305,Analyst Customer Experience,دانة العتيبي,G9,JC1938,Professional,Retail Banking,Example Bank,Retail Banking,Customer Experience,Customer Experience Unit 2,Customer Experience Unit 2 — Team A,Customer Experience Unit 2 — Team A / Section 2,,Jeddah,Full-time,Filled,1,CC-1003,Business (1st line),Front office,Incentive,,user315@examplebank.com.sa,2021-07-01,Jordanian,No,No,No,,
POS00316,POS00304,Manager Customer Experience,سارة القحطاني,G13,JC6595,Management,Retail Banking,Example Bank,Retail Banking,Customer Experience,Customer Experience Unit 2,Customer Experience Unit 2 — Team B,,,Riyadh,Contractor,Filled,1,CC-1058,Business (1st line),Front office,Incentive,,user316@examplebank.com.sa,2010-07-11,Saudi,No,No,No,,
POS00317,POS00316,Senior Analyst Customer Experience,Nasser Saleh,G10,JC8209,Professional,Retail Banking,Example Bank,Retail Banking,Customer Experience,Customer Experience Unit 2,Customer Experience Unit 2 — Team B,Customer Experience Unit 2 — Team B / Section 1,,Remote,Full-time,Filled,1,CC-1002,Business (1st line),Front office,Incentive,,user317@examplebank.com.sa,2024-05-09,Saudi,No,No,Yes,سلطان القحطاني,Ready 3+ years
POS00318,POS00316,Officer Customer Experience,ريم المطيري,G12,JC3892,Management,Retail Banking,Example Bank,Retail Banking,Customer Experience,Customer Experience Unit 2,Customer Experience Unit 2 — Team B,Customer Experience Unit 2 — Team B / Section 1,,Jeddah,Contractor,Filled,1,CC-1011,Business (1st line),Front office,Incentive,,user318@examplebank.com.sa,2022-12-23,Saudi,No,No,Yes,Adel Baker,Ready now
POS00319,POS00316,Senior Officer Customer Experience,Mona Younes,G9,JC1483,Professional,Retail Banking,Example Bank,Retail Banking,Customer Experience,Customer Experience Unit 2,Customer Experience Unit 2 — Team B,Customer Experience Unit 2 — Team B / Section 2,,Dammam,Full-time,Filled,1,CC-1042,Business (1st line),Front office,Incentive,,user319@examplebank.com.sa,2009-10-23,Saudi,No,No,Yes,عبدالله الزهراني,Ready 1-2 years
POS00320,POS00316,Associate Customer Experience,Omar Fahmy,G9,JC2795,Professional,Retail Banking,Example Bank,Retail Banking,Customer Experience,Customer Experience Unit 2,Customer Experience Unit 2 — Team B,Customer Experience Unit 2 — Team B / Section 1,,Riyadh,Full-time,Filled,1,CC-1021,Business (1st line),Front office,Fixed,,user320@examplebank.com.sa,2008-03-03,Saudi,No,No,No,,
POS00321,POS00316,Analyst Customer Experience,Sami Aziz,G9,JC3686,Professional,Retail Banking,Example Bank,Retail Banking,Customer Experience,Customer Experience Unit 2,Customer Experience Unit 2 — Team B,Customer Experience Unit 2 — Team B / Section 2,,Riyadh,Full-time,Filled,1,CC-1020,Business (1st line),Front office,Incentive,,user321@examplebank.com.sa,2022-11-25,British,No,No,No,,
POS00322,POS00316,Officer Customer Experience,,G9,JC4923,Professional,Retail Banking,Example Bank,Retail Banking,Customer Experience,Customer Experience Unit 2,Customer Experience Unit 2 — Team B,Customer Experience Unit 2 — Team B / Section 2,,Dammam,Full-time,Vacant,1,CC-1055,Business (1st line),Front office,Incentive,,,2022-02-23,Saudi,No,No,No,,
POS00323,POS00316,Associate Customer Experience,لطيفة الدوسري,G10,JC4137,Professional,Retail Banking,Example Bank,Retail Banking,Customer Experience,Customer Experience Unit 2,Customer Experience Unit 2 — Team B,Customer Experience Unit 2 — Team B / Section 2,,Khobar,Full-time,Filled,1,CC-1011,Business (1st line),Front office,Incentive,,user323@examplebank.com.sa,2023-05-08,Indian,No,No,No,,
POS00324,POS00316,Analyst Customer Experience,Noor Saleh,G10,JC7672,Professional,Retail Banking,Example Bank,Retail Banking,Customer Experience,Customer Experience Unit 2,Customer Experience Unit 2 — Team B,Customer Experience Unit 2 — Team B / Section 2,,Jeddah,Full-time,Filled,1,CC-1000,Business (1st line),Front office,Incentive,,user324@examplebank.com.sa,2022-12-28,Saudi,No,No,No,,
POS00325,POS00001,Chief Corporate Banking Officer,خالد الغامدي,G16,JC8645,Executive,Corporate Banking,Example Bank,Corporate Banking,Large Corporate,,,,,Jeddah,Full-time,Filled,1,CC-1010,Business (1st line),Front office,Incentive,,user325@examplebank.com.sa,2019-07-04,Saudi,Yes,Yes,No,,
POS00326,POS00325,Head of Large Corporate,Aisha Nasser,G15,JC1141,Leadership,Corporate Banking,Example Bank,Corporate Banking,Large Corporate,,,,,Remote,Full-time,Filled,0.5,CC-1055,Business (1st line),Front office,Bonus,Future Executives,user326@examplebank.com.sa,2022-08-05,Saudi,Yes,No,Yes,Rami Saleh,Ready now
POS00327,POS00326,Senior Manager Large Corporate,نورة الدوسري,G14,JC2134,Leadership,Corporate Banking,Example Bank,Corporate Banking,Large Corporate,Large Corporate Unit 1,,,,Riyadh,Full-time,Filled,1,CC-1008,Business (1st line),Front office,Incentive,,user327@examplebank.com.sa,2020-05-02,Saudi,No,No,No,,
POS00328,POS00327,Manager Large Corporate,سلطان الشمري,G13,JC2094,Management,Corporate Banking,Example Bank,Corporate Banking,Large Corporate,Large Corporate Unit 1,Large Corporate Unit 1 — Team A,,,Jeddah,Full-time,Filled,1,CC-1012,Business (1st line),Front office,Incentive,Future Executives,user328@examplebank.com.sa,2009-09-02,British,No,No,No,,
POS00329,POS00328,Associate Large Corporate,Maya Younes,G12,JC9052,Management,Corporate Banking,Example Bank,Corporate Banking,Large Corporate,Large Corporate Unit 1,Large Corporate Unit 1 — Team A,Large Corporate Unit 1 — Team A / Section 2,,Khobar,Full-time,Filled,1,CC-1002,Business (1st line),Front office,Incentive,,user329@examplebank.com.sa,2023-03-24,Saudi,No,No,No,,
POS00330,POS00328,Senior Officer Large Corporate,Rami Siddiqui,G10,JC1409,Professional,Corporate Banking,Example Bank,Corporate Banking,Large Corporate,Large Corporate Unit 1,Large Corporate Unit 1 — Team A,Large Corporate Unit 1 — Team A / Section 2,,Khobar,Full-time,Filled,1,CC-1023,Business (1st line),Front office,Incentive,,user330@examplebank.com.sa,2022-05-10,Indian,No,No,Yes,Aisha Baker,Ready now
POS00331,POS00328,Senior Officer Large Corporate,نورة الدوسري,G9,JC6685,Professional,Corporate Banking,Example Bank,Corporate Banking,Large Corporate,Large Corporate Unit 1,Large Corporate Unit 1 — Team A,Large Corporate Unit 1 — Team A / Section 2,,Riyadh,Full-time,Filled,1,CC-1028,Business (1st line),Front office,Incentive,,user331@examplebank.com.sa,2012-10-12,Saudi,No,No,No,,
POS00332,POS00328,Senior Officer Large Corporate,,G11,JC4897,Professional,Corporate Banking,Example Bank,Corporate Banking,Large Corporate,Large Corporate Unit 1,Large Corporate Unit 1 — Team A,Large Corporate Unit 1 — Team A / Section 2,,Riyadh,Full-time,Vacant,1,CC-1033,Business (1st line),Front office,Incentive,,,2019-08-25,Saudi,No,No,No,,
POS00333,POS00328,Senior Officer Large Corporate,Sami Idris,G12,JC4077,Management,Corporate Banking,Example Bank,Corporate Banking,Large Corporate,Large Corporate Unit 1,Large Corporate Unit 1 — Team A,Large Corporate Unit 1 — Team A / Section 2,,Dammam,Full-time,Filled,1,CC-1057,Business (1st line),Front office,Fixed,,user333@examplebank.com.sa,2009-06-01,Saudi,No,No,No,,
POS00334,POS00328,Analyst Large Corporate,Karim Haddad,G11,JC2040,Professional,Corporate Banking,Example Bank,Corporate Banking,Large Corporate,Large Corporate Unit 1,Large Corporate Unit 1 — Team A,Large Corporate Unit 1 — Team A / Section 2,,Riyadh,Full-time,Filled,1,CC-1005,Business (1st line),Front office,Fixed,,user334@examplebank.com.sa,2010-03-14,Indian,No,No,Yes,Sami Farouk,Ready 3+ years
POS00335,POS00328,Specialist Large Corporate,فيصل المطيري,G11,JC7747,Professional,Corporate Banking,Example Bank,Corporate Banking,Large Corporate,Large Corporate Unit 1,Large Corporate Unit 1 — Team A,Large Corporate Unit 1 — Team A / Section 1,,Jeddah,Full-time,Filled,1,CC-1019,Business (1st line),Front office,Bonus,,user335@examplebank.com.sa,2014-07-27,Saudi,No,No,Yes,أحمد الزهراني,Ready now
POS00336,POS00328,Senior Officer Large Corporate,Waleed Aziz,G9,JC5551,Professional,Corporate Banking,Example Bank,Corporate Banking,Large Corporate,Large Corporate Unit 1,Large Corporate Unit 1 — Team A,Large Corporate Unit 1 — Team A / Section 1,,Riyadh,Full-time,Filled,1,CC-1044,Business (1st line),Front office,Incentive,,user336@examplebank.com.sa,2012-06-05,Saudi,No,No,No,,
POS00337,POS00328,Analyst Large Corporate,Amal Mansour,G10,JC9881,Professional,Corporate Banking,Example Bank,Corporate Banking,Large Corporate,Large Corporate Unit 1,Large Corporate Unit 1 — Team A,Large Corporate Unit 1 — Team A / Section 1,,Riyadh,Full-time,Filled,1,CC-1022,Business (1st line),Front office,Incentive,,user337@examplebank.com.sa,2014-05-11,Jordanian,No,No,No,,
POS00338,POS00328,Analyst Large Corporate,Layla Bakr,G10,JC3906,Professional,Corporate Banking,Example Bank,Corporate Banking,Large Corporate,Large Corporate Unit 1,Large Corporate Unit 1 — Team A,Large Corporate Unit 1 — Team A / Section 2,,Khobar,Full-time,Filled,1,CC-1030,Business (1st line),Front office,Incentive,,user338@examplebank.com.sa,2018-03-17,Saudi,No,No,No,,
POS00339,POS00328,Specialist Large Corporate,سارة السبيعي,G9,JC7348,Professional,Corporate Banking,Example Bank,Corporate Banking,Large Corporate,Large Corporate Unit 1,Large Corporate Unit 1 — Team A,Large Corporate Unit 1 — Team A / Section 2,,Riyadh,Full-time,Filled,0.5,CC-1019,Business (1st line),Front office,Incentive,,user339@examplebank.com.sa,2010-02-16,Indian,No,No,No,,
POS00340,POS00327,Manager Large Corporate,عبدالله السبيعي,G13,JC8459,Management,Corporate Banking,Example Bank,Corporate Banking,Large Corporate,Large Corporate Unit 1,Large Corporate Unit 1 — Team B,,,Riyadh,Full-time,Filled,1,CC-1010,Business (1st line),Front office,Incentive,,user340@examplebank.com.sa,2009-05-10,Saudi,No,No,No,,
POS00341,POS00340,Analyst Large Corporate,Tariq Haddad,G11,JC8709,Professional,Corporate Banking,Example Bank,Corporate Banking,Large Corporate,Large Corporate Unit 1,Large Corporate Unit 1 — Team B,Large Corporate Unit 1 — Team B / Section 2,,Jeddah,Full-time,Filled,1,CC-1058,Business (1st line),Front office,Incentive,,user341@examplebank.com.sa,2021-11-20,Saudi,No,No,No,,
POS00342,POS00340,Associate Large Corporate,لطيفة الزهراني,G11,JC4261,Professional,Corporate Banking,Example Bank,Corporate Banking,Large Corporate,Large Corporate Unit 1,Large Corporate Unit 1 — Team B,Large Corporate Unit 1 — Team B / Section 2,,Khobar,Full-time,Filled,1,CC-1042,Business (1st line),Front office,Fixed,,user342@examplebank.com.sa,2015-12-01,Saudi,No,No,Yes,Layla Nasser,Ready now
POS00343,POS00340,Specialist Large Corporate,,G10,JC4897,Professional,Corporate Banking,Example Bank,Corporate Banking,Large Corporate,Large Corporate Unit 1,Large Corporate Unit 1 — Team B,Large Corporate Unit 1 — Team B / Section 1,,Remote,Full-time,Vacant,1,CC-1051,Business (1st line),Front office,Incentive,,,2012-09-19,Saudi,No,No,No,,
POS00344,POS00340,Analyst Large Corporate,فيصل العتيبي,G10,JC8969,Professional,Corporate Banking,Example Bank,Corporate Banking,Large Corporate,Large Corporate Unit 1,Large Corporate Unit 1 — Team B,Large Corporate Unit 1 — Team B / Section 1,,Riyadh,Contractor,Filled,1,CC-1015,Business (1st line),Front office,Incentive,,user344@examplebank.com.sa,2008-02-27,British,No,No,Yes,ريم الزهراني,Ready now
POS00345,POS00340,Senior Analyst Large Corporate,Yusuf Qureshi,G11,JC6424,Professional,Corporate Banking,Example Bank,Corporate Banking,Large Corporate,Large Corporate Unit 1,Large Corporate Unit 1 — Team B,Large Corporate Unit 1 — Team B / Section 1,,Remote,Full-time,Filled,1,CC-1008,Business (1st line),Front office,Incentive,,user345@examplebank.com.sa,2009-02-17,Saudi,No,No,No,,
POS00346,POS00340,Senior Officer Large Corporate,Dana Saleh,G12,JC6146,Management,Corporate Banking,Example Bank,Corporate Banking,Large Corporate,Large Corporate Unit 1,Large Corporate Unit 1 — Team B,Large Corporate Unit 1 — Team B / Section 1,,Riyadh,Full-time,Filled,1,CC-1060,Business (1st line),Front office,Incentive,,user346@examplebank.com.sa,2024-08-17,Saudi,No,No,No,,
POS00347,POS00327,Manager Large Corporate,Huda Mansour,G13,JC4117,Management,Corporate Banking,Example Bank,Corporate Banking,Large Corporate,Large Corporate Unit 1,Large Corporate Unit 1 — Team C,,,Dammam,Full-time,Filled,1,CC-1012,Business (1st line),Front office,Incentive,,user347@examplebank.com.sa,2020-01-18,British,No,No,No,,
POS00348,POS00347,Analyst Large Corporate,سلطان الزهراني,G10,JC1544,Professional,Corporate Banking,Example Bank,Corporate Banking,Large Corporate,Large Corporate Unit 1,Large Corporate Unit 1 — Team C,Large Corporate Unit 1 — Team C / Section 1,,Jeddah,Full-time,Filled,1,CC-1058,Business (1st line),Front office,Incentive,,user348@examplebank.com.sa,2010-05-02,Saudi,No,No,No,,
POS00349,POS00347,Analyst Large Corporate,خالد الحربي,G11,JC1155,Professional,Corporate Banking,Example Bank,Corporate Banking,Large Corporate,Large Corporate Unit 1,Large Corporate Unit 1 — Team C,Large Corporate Unit 1 — Team C / Section 2,,Riyadh,Full-time,Filled,1,CC-1016,Business (1st line),Front office,Incentive,,user349@examplebank.com.sa,2025-10-24,Jordanian,No,No,Yes,أحمد الزهراني,Ready 3+ years
POS00350,POS00347,Associate Large Corporate,Rami Haddad,G10,JC1940,Professional,Corporate Banking,Example Bank,Corporate Banking,Large Corporate,Large Corporate Unit 1,Large Corporate Unit 1 — Team C,Large Corporate Unit 1 — Team C / Section 1,,Riyadh,Full-time,Filled,0.5,CC-1026,Business (1st line),Front office,Incentive,,user350@examplebank.com.sa,2022-07-05,Egyptian,No,No,Yes,نورة الحربي,Ready 3+ years
POS00351,POS00347,Specialist Large Corporate,Omar Nasser,G12,JC4589,Management,Corporate Banking,Example Bank,Corporate Banking,Large Corporate,Large Corporate Unit 1,Large Corporate Unit 1 — Team C,Large Corporate Unit 1 — Team C / Section 1,,Jeddah,Full-time,Filled,1,CC-1023,Business (1st line),Front office,Incentive,,user351@examplebank.com.sa,2025-12-22,British,No,No,No,,
POS00352,POS00347,Analyst Large Corporate,Jana Baker,G12,JC2111,Management,Corporate Banking,Example Bank,Corporate Banking,Large Corporate,Large Corporate Unit 1,Large Corporate Unit 1 — Team C,Large Corporate Unit 1 — Team C / Section 1,,Riyadh,Full-time,Filled,1,CC-1003,Business (1st line),Front office,Incentive,,user352@examplebank.com.sa,2010-02-06,Saudi,No,No,Yes,ريم الشمري,Ready 1-2 years
POS00353,POS00347,Officer Large Corporate,Hassan Karim,G11,JC6683,Professional,Corporate Banking,Example Bank,Corporate Banking,Large Corporate,Large Corporate Unit 1,Large Corporate Unit 1 — Team C,Large Corporate Unit 1 — Team C / Section 2,,Khobar,Full-time,Filled,1,CC-1039,Business (1st line),Front office,Incentive,,user353@examplebank.com.sa,2024-05-14,Saudi,No,No,No,,
POS00354,POS00347,Specialist Large Corporate,Hassan Bakr,G12,JC3630,Management,Corporate Banking,Example Bank,Corporate Banking,Large Corporate,Large Corporate Unit 1,Large Corporate Unit 1 — Team C,Large Corporate Unit 1 — Team C / Section 1,,Jeddah,Full-time,Filled,1,CC-1035,Business (1st line),Front office,Bonus,Emerging Leaders,user354@examplebank.com.sa,2024-11-19,Egyptian,No,No,No,,
POS00355,POS00347,Analyst Large Corporate,Waleed Idris,G12,JC2865,Management,Corporate Banking,Example Bank,Corporate Banking,Large Corporate,Large Corporate Unit 1,Large Corporate Unit 1 — Team C,Large Corporate Unit 1 — Team C / Section 2,,Khobar,Full-time,Filled,0.5,CC-1059,Business (1st line),Front office,Incentive,,user355@examplebank.com.sa,2013-01-16,Saudi,No,No,No,,
POS00356,POS00326,Senior Manager Large Corporate,Ziad Karim,G14,JC7958,Leadership,Corporate Banking,Example Bank,Corporate Banking,Large Corporate,Large Corporate Unit 2,,,,Riyadh,Full-time,Filled,1,CC-1028,Business (1st line),Front office,Bonus,,user356@examplebank.com.sa,2017-11-17,Indian,Yes,No,No,,
POS00357,POS00356,Manager Large Corporate,Karim Mansour,G13,JC1772,Management,Corporate Banking,Example Bank,Corporate Banking,Large Corporate,Large Corporate Unit 2,Large Corporate Unit 2 — Team A,,,Jeddah,Full-time,Filled,1,CC-1007,Business (1st line),Front office,Bonus,,user357@examplebank.com.sa,2012-04-16,Saudi,No,No,No,,
POS00358,POS00357,Senior Analyst Large Corporate,دانة الغامدي,G10,JC9402,Professional,Corporate Banking,Example Bank,Corporate Banking,Large Corporate,Large Corporate Unit 2,Large Corporate Unit 2 — Team A,Large Corporate Unit 2 — Team A / Section 1,,Dammam,Full-time,Filled,1,CC-1036,Business (1st line),Front office,Fixed,,user358@examplebank.com.sa,2011-06-01,Saudi,No,No,No,,
POS00359,POS00357,Senior Analyst Large Corporate,,G10,JC6703,Professional,Corporate Banking,Example Bank,Corporate Banking,Large Corporate,Large Corporate Unit 2,Large Corporate Unit 2 — Team A,Large Corporate Unit 2 — Team A / Section 2,,Riyadh,Full-time,Vacant,1,CC-1009,Business (1st line),Front office,Fixed,,,2023-09-26,British,No,No,No,,
POS00360,POS00357,Specialist Large Corporate,Amal Karim,G12,JC7097,Management,Corporate Banking,Example Bank,Corporate Banking,Large Corporate,Large Corporate Unit 2,Large Corporate Unit 2 — Team A,Large Corporate Unit 2 — Team A / Section 2,,Remote,Full-time,Filled,1,CC-1001,Business (1st line),Front office,Incentive,,user360@examplebank.com.sa,2009-11-15,Egyptian,No,No,No,,
POS00361,POS00357,Senior Analyst Large Corporate,,G12,JC6714,Management,Corporate Banking,Example Bank,Corporate Banking,Large Corporate,Large Corporate Unit 2,Large Corporate Unit 2 — Team A,Large Corporate Unit 2 — Team A / Section 1,,Riyadh,Full-time,Vacant,1,CC-1035,Business (1st line),Front office,Fixed,,,2017-12-02,Saudi,No,No,No,,
POS00362,POS00357,Senior Officer Large Corporate,ريم السبيعي,G10,JC1094,Professional,Corporate Banking,Example Bank,Corporate Banking,Large Corporate,Large Corporate Unit 2,Large Corporate Unit 2 — Team A,Large Corporate Unit 2 — Team A / Section 1,,Dammam,Full-time,Filled,1,CC-1017,Business (1st line),Front office,Incentive,,user362@examplebank.com.sa,2010-04-09,Saudi,No,No,No,,
POS00363,POS00357,Associate Large Corporate,ريم الشمري,G9,JC2960,Professional,Corporate Banking,Example Bank,Corporate Banking,Large Corporate,Large Corporate Unit 2,Large Corporate Unit 2 — Team A,Large Corporate Unit 2 — Team A / Section 2,,Remote,Full-time,Filled,1,CC-1052,Business (1st line),Front office,Bonus,,user363@examplebank.com.sa,2010-03-25,Egyptian,No,No,No,,
POS00364,POS00357,Specialist Large Corporate,Rana Mansour,G10,JC2279,Professional,Corporate Banking,Example Bank,Corporate Banking,Large Corporate,Large Corporate Unit 2,Large Corporate Unit 2 — Team A,Large Corporate Unit 2 — Team A / Section 2,,Khobar,Full-time,Filled,1,CC-1042,Business (1st line),Front office,Fixed,,user364@examplebank.com.sa,2021-06-25,Jordanian,No,No,No,,
POS00365,POS00357,Senior Analyst Large Corporate,Hassan Farouk,G9,JC1868,Professional,Corporate Banking,Example Bank,Corporate Banking,Large Corporate,Large Corporate Unit 2,Large Corporate Unit 2 — Team A,Large Corporate Unit 2 — Team A / Section 2,,Dammam,Full-time,Filled,1,CC-1034,Business (1st line),Front office,Fixed,,user365@examplebank.com.sa,2018-09-06,Saudi,No,No,No,,
POS00366,POS00357,Senior Analyst Large Corporate,,G10,JC9884,Professional,Corporate Banking,Example Bank,Corporate Banking,Large Corporate,Large Corporate Unit 2,Large Corporate Unit 2 — Team A,Large Corporate Unit 2 — Team A / Section 2,,Remote,Full-time,Vacant,1,CC-1043,Business (1st line),Front office,Fixed,,,2012-10-18,Saudi,No,No,No,,
POS00367,POS00357,Officer Large Corporate,أحمد الحربي,G12,JC3813,Management,Corporate Banking,Example Bank,Corporate Banking,Large Corporate,Large Corporate Unit 2,Large Corporate Unit 2 — Team A,Large Corporate Unit 2 — Team A / Section 2,,Jeddah,Full-time,Filled,1,CC-1012,Business (1st line),Front office,Fixed,,user367@examplebank.com.sa,2024-06-27,Saudi,No,No,No,,
POS00368,POS00357,Associate Large Corporate,هند العتيبي,G10,JC1897,Professional,Corporate Banking,Example Bank,Corporate Banking,Large Corporate,Large Corporate Unit 2,Large Corporate Unit 2 — Team A,Large Corporate Unit 2 — Team A / Section 1,,Jeddah,Full-time,Filled,1,CC-1055,Business (1st line),Front office,Incentive,,user368@examplebank.com.sa,2013-01-19,Jordanian,No,No,No,,
POS00369,POS00357,Associate Large Corporate,ماجد الحربي,G9,JC3922,Professional,Corporate Banking,Example Bank,Corporate Banking,Large Corporate,Large Corporate Unit 2,Large Corporate Unit 2 — Team A,Large Corporate Unit 2 — Team A / Section 1,,Jeddah,Full-time,Filled,1,CC-1024,Business (1st line),Front office,Bonus,,user369@examplebank.com.sa,2021-07-03,Indian,No,No,No,,
POS00370,POS00356,Manager Large Corporate,أحمد الغامدي,G13,JC5946,Management,Corporate Banking,Example Bank,Corporate Banking,Large Corporate,Large Corporate Unit 2,Large Corporate Unit 2 — Team B,,,Remote,Contractor,Filled,1,CC-1040,Business (1st line),Front office,Incentive,Future Executives,user370@examplebank.com.sa,2021-08-24,British,No,No,No,,
POS00371,POS00370,Senior Officer Large Corporate,Nasser Idris,G12,JC9465,Management,Corporate Banking,Example Bank,Corporate Banking,Large Corporate,Large Corporate Unit 2,Large Corporate Unit 2 — Team B,Large Corporate Unit 2 — Team B / Section 2,,Khobar,Full-time,Filled,1,CC-1018,Business (1st line),Front office,Incentive,,user371@examplebank.com.sa,2022-02-20,Egyptian,No,No,No,,
POS00372,POS00370,Officer Large Corporate,ريم الغامدي,G11,JC5220,Professional,Corporate Banking,Example Bank,Corporate Banking,Large Corporate,Large Corporate Unit 2,Large Corporate Unit 2 — Team B,Large Corporate Unit 2 — Team B / Section 1,,Dammam,Full-time,Filled,1,CC-1047,Business (1st line),Front office,Incentive,,user372@examplebank.com.sa,2018-01-15,Saudi,No,No,No,,
POS00373,POS00370,Associate Large Corporate,Dana Farouk,G10,JC7156,Professional,Corporate Banking,Example Bank,Corporate Banking,Large Corporate,Large Corporate Unit 2,Large Corporate Unit 2 — Team B,Large Corporate Unit 2 — Team B / Section 1,,Riyadh,Full-time,Filled,0.5,CC-1056,Business (1st line),Front office,Incentive,,user373@examplebank.com.sa,2021-09-10,Egyptian,No,No,No,,
POS00374,POS00370,Senior Analyst Large Corporate,Tariq Khan,G10,JC9427,Professional,Corporate Banking,Example Bank,Corporate Banking,Large Corporate,Large Corporate Unit 2,Large Corporate Unit 2 — Team B,Large Corporate Unit 2 — Team B / Section 1,,Riyadh,Contractor,Filled,1,CC-1037,Business (1st line),Front office,Fixed,,user374@examplebank.com.sa,2018-03-26,Jordanian,No,No,No,,
POS00375,POS00370,Specialist Large Corporate,سلطان الشمري,G12,JC7543,Management,Corporate Banking,Example Bank,Corporate Banking,Large Corporate,Large Corporate Unit 2,Large Corporate Unit 2 — Team B,Large Corporate Unit 2 — Team B / Section 1,,Remote,Full-time,Filled,1,CC-1034,Business (1st line),Front office,Incentive,,user375@examplebank.com.sa,2014-04-13,Saudi,No,No,Yes,Salma Darwish,Ready now
POS00376,POS00370,Specialist Large Corporate,ريم السبيعي,G9,JC4475,Professional,Corporate Banking,Example Bank,Corporate Banking,Large Corporate,Large Corporate Unit 2,Large Corporate Unit 2 — Team B,Large Corporate Unit 2 — Team B / Section 2,,Dammam,Full-time,Filled,1,CC-1023,Business (1st line),Front office,Incentive,,user376@examplebank.com.sa,2020-08-05,Saudi,No,No,No,,
POS00377,POS00370,Specialist Large Corporate,,G10,JC9634,Professional,Corporate Banking,Example Bank,Corporate Banking,Large Corporate,Large Corporate Unit 2,Large Corporate Unit 2 — Team B,Large Corporate Unit 2 — Team B / Section 1,,Dammam,Full-time,Vacant,1,CC-1027,Business (1st line),Front office,Incentive,,,2016-04-09,Saudi,No,No,Yes,Huda Saleh,Ready now
POS00378,POS00370,Specialist Large Corporate,عبدالله الشمري,G11,JC3131,Professional,Corporate Banking,Example Bank,Corporate Banking,Large Corporate,Large Corporate Unit 2,Large Corporate Unit 2 — Team B,Large Corporate Unit 2 — Team B / Section 1,,Jeddah,Full-time,Filled,1,CC-1009,Business (1st line),Front office,Incentive,,user378@examplebank.com.sa,2015-05-16,Egyptian,No,No,No,,
POS00379,POS00370,Analyst Large Corporate,فيصل الحربي,G9,JC9230,Professional,Corporate Banking,Example Bank,Corporate Banking,Large Corporate,Large Corporate Unit 2,Large Corporate Unit 2 — Team B,Large Corporate Unit 2 — Team B / Section 2,,Riyadh,Full-time,Filled,1,CC-1022,Business (1st line),Front office,Incentive,,user379@examplebank.com.sa,2008-06-28,British,No,No,No,,
POS00380,POS00370,Senior Officer Large Corporate,Hassan Idris,G10,JC8213,Professional,Corporate Banking,Example Bank,Corporate Banking,Large Corporate,Large Corporate Unit 2,Large Corporate Unit 2 — Team B,Large Corporate Unit 2 — Team B / Section 2,,Riyadh,Full-time,Filled,1,CC-1042,Business (1st line),Front office,Incentive,,user380@examplebank.com.sa,2009-08-01,Saudi,No,No,No,,
POS00381,POS00370,Senior Officer Large Corporate,Salma Idris,G10,JC3750,Professional,Corporate Banking,Example Bank,Corporate Banking,Large Corporate,Large Corporate Unit 2,Large Corporate Unit 2 — Team B,Large Corporate Unit 2 — Team B / Section 2,,Riyadh,Full-time,Filled,1,CC-1035,Business (1st line),Front office,Fixed,,user381@examplebank.com.sa,2015-03-09,Indian,No,No,No,,
POS00382,POS00370,Senior Officer Large Corporate,سارة المطيري,G10,JC9253,Professional,Corporate Banking,Example Bank,Corporate Banking,Large Corporate,Large Corporate Unit 2,Large Corporate Unit 2 — Team B,Large Corporate Unit 2 — Team B / Section 2,,Dammam,Full-time,Filled,1,CC-1023,Business (1st line),Front office,Bonus,,user382@examplebank.com.sa,2023-11-16,Saudi,No,No,No,,
POS00383,POS00356,Manager Large Corporate,ماجد المطيري,G13,JC7733,Management,Corporate Banking,Example Bank,Corporate Banking,Large Corporate,Large Corporate Unit 2,Large Corporate Unit 2 — Team C,,,Khobar,Full-time,Filled,1,CC-1038,Business (1st line),Front office,Incentive,,user383@examplebank.com.sa,2017-06-23,Saudi,No,No,No,,
POS00384,POS00383,Specialist Large Corporate,Nasser Idris,G10,JC5032,Professional,Corporate Banking,Example Bank,Corporate Banking,Large Corporate,Large Corporate Unit 2,Large Corporate Unit 2 — Team C,Large Corporate Unit 2 — Team C / Section 2,,Riyadh,Full-time,Filled,1,CC-1024,Business (1st line),Front office,Bonus,,user384@examplebank.com.sa,2018-03-11,Saudi,No,No,Yes,Aisha Fahmy,Ready now
POS00385,POS00383,Senior Officer Large Corporate,Yusuf Siddiqui,G9,JC3548,Professional,Corporate Banking,Example Bank,Corporate Banking,Large Corporate,Large Corporate Unit 2,Large Corporate Unit 2 — Team C,Large Corporate Unit 2 — Team C / Section 1,,Khobar,Contractor,Filled,0.5,CC-1003,Business (1st line),Front office,Bonus,Specialist Bench,user385@examplebank.com.sa,2014-06-05,Saudi,No,No,Yes,Adel Baker,Ready 3+ years
POS00386,POS00383,Senior Officer Large Corporate,ريم الزهراني,G10,JC6001,Professional,Corporate Banking,Example Bank,Corporate Banking,Large Corporate,Large Corporate Unit 2,Large Corporate Unit 2 — Team C,Large Corporate Unit 2 — Team C / Section 1,,Riyadh,Full-time,Filled,1,CC-1038,Business (1st line),Front office,Incentive,Future Executives,user386@examplebank.com.sa,2016-05-05,Saudi,No,No,Yes,Sami Baker,Ready 3+ years
POS00387,POS00383,Senior Analyst Large Corporate,Yusuf Siddiqui,G11,JC5540,Professional,Corporate Banking,Example Bank,Corporate Banking,Large Corporate,Large Corporate Unit 2,Large Corporate Unit 2 — Team C,Large Corporate Unit 2 — Team C / Section 2,,Jeddah,Full-time,Filled,1,CC-1048,Business (1st line),Front office,Incentive,,user387@examplebank.com.sa,2020-05-22,Saudi,No,No,No,,
POS00388,POS00383,Senior Analyst Large Corporate,دانة الغامدي,G12,JC3623,Management,Corporate Banking,Example Bank,Corporate Banking,Large Corporate,Large Corporate Unit 2,Large Corporate Unit 2 — Team C,Large Corporate Unit 2 — Team C / Section 1,,Dammam,Full-time,Filled,1,CC-1013,Business (1st line),Front office,Incentive,,user388@examplebank.com.sa,2019-06-05,Saudi,No,No,No,,
POS00389,POS00383,Senior Officer Large Corporate,Sami Fahmy,G10,JC4141,Professional,Corporate Banking,Example Bank,Corporate Banking,Large Corporate,Large Corporate Unit 2,Large Corporate Unit 2 — Team C,Large Corporate Unit 2 — Team C / Section 1,,Jeddah,Full-time,Filled,1,CC-1045,Business (1st line),Front office,Incentive,,user389@examplebank.com.sa,2012-06-10,Saudi,No,No,No,,
POS00390,POS00383,Analyst Large Corporate,Amal Aziz,G11,JC7049,Professional,Corporate Banking,Example Bank,Corporate Banking,Large Corporate,Large Corporate Unit 2,Large Corporate Unit 2 — Team C,Large Corporate Unit 2 — Team C / Section 2,,Riyadh,Full-time,Filled,1,CC-1023,Business (1st line),Front office,Incentive,,user390@examplebank.com.sa,2023-07-18,Saudi,No,No,Yes,Tariq Khan,Ready now
POS00391,POS00383,Analyst Large Corporate,Maya Siddiqui,G12,JC1015,Management,Corporate Banking,Example Bank,Corporate Banking,Large Corporate,Large Corporate Unit 2,Large Corporate Unit 2 — Team C,Large Corporate Unit 2 — Team C / Section 2,,Riyadh,Full-time,Filled,1,CC-1013,Business (1st line),Front office,Incentive,,user391@examplebank.com.sa,2017-11-11,Saudi,No,No,Yes,سلطان الزهراني,Ready now
POS00392,POS00383,Officer Large Corporate,دانة الزهراني,G11,JC6459,Professional,Corporate Banking,Example Bank,Corporate Banking,Large Corporate,Large Corporate Unit 2,Large Corporate Unit 2 — Team C,Large Corporate Unit 2 — Team C / Section 2,,Khobar,Full-time,Filled,1,CC-1030,Business (1st line),Front office,Incentive,,user392@examplebank.com.sa,2010-03-05,Saudi,No,No,Yes,Adel Haddad,Ready 1-2 years
POS00393,POS00383,Senior Analyst Large Corporate,ريم السبيعي,G10,JC8723,Professional,Corporate Banking,Example Bank,Corporate Banking,Large Corporate,Large Corporate Unit 2,Large Corporate Unit 2 — Team C,Large Corporate Unit 2 — Team C / Section 2,,Remote,Full-time,Filled,1,CC-1021,Business (1st line),Front office,Incentive,,user393@examplebank.com.sa,2014-02-21,Saudi,No,No,No,,
POS00394,POS00383,Senior Officer Large Corporate,Hassan Younes,G12,JC5024,Management,Corporate Banking,Example Bank,Corporate Banking,Large Corporate,Large Corporate Unit 2,Large Corporate Unit 2 — Team C,Large Corporate Unit 2 — Team C / Section 1,,Dammam,Full-time,Filled,1,CC-1035,Business (1st line),Front office,Bonus,,user394@examplebank.com.sa,2025-07-17,Saudi,No,No,Yes,Ziad Rashed,Ready now
POS00395,POS00356,Manager Large Corporate,Aisha Farouk,G13,JC4202,Management,Corporate Banking,Example Bank,Corporate Banking,Large Corporate,Large Corporate Unit 2,Large Corporate Unit 2 — Team D,,,Dammam,Full-time,Filled,1,CC-1001,Business (1st line),Front office,Incentive,,user395@examplebank.com.sa,2022-12-10,Saudi,No,No,No,,
POS00396,POS00395,Associate Large Corporate,Dana Osman,G10,JC3873,Professional,Corporate Banking,Example Bank,Corporate Banking,Large Corporate,Large Corporate Unit 2,Large Corporate Unit 2 — Team D,Large Corporate Unit 2 — Team D / Section 2,,Riyadh,Full-time,Filled,1,CC-1048,Business (1st line),Front office,Incentive,,user396@examplebank.com.sa,2012-08-06,Saudi,No,No,Yes,ريم الزهراني,Ready now
POS00397,POS00395,Analyst Large Corporate,Tariq Aziz,G9,JC8096,Professional,Corporate Banking,Example Bank,Corporate Banking,Large Corporate,Large Corporate Unit 2,Large Corporate Unit 2 — Team D,Large Corporate Unit 2 — Team D / Section 1,,Remote,Full-time,Filled,1,CC-1010,Business (1st line),Front office,Incentive,,user397@examplebank.com.sa,2025-11-25,Saudi,No,No,No,,
POS00398,POS00395,Senior Analyst Large Corporate,Nasser Osman,G10,JC7911,Professional,Corporate Banking,Example Bank,Corporate Banking,Large Corporate,Large Corporate Unit 2,Large Corporate Unit 2 — Team D,Large Corporate Unit 2 — Team D / Section 2,,Jeddah,Full-time,Filled,1,CC-1021,Business (1st line),Front office,Incentive,,user398@examplebank.com.sa,2011-02-22,Saudi,No,No,No,,
POS00399,POS00395,Associate Large Corporate,Amal Qureshi,G10,JC9974,Professional,Corporate Banking,Example Bank,Corporate Banking,Large Corporate,Large Corporate Unit 2,Large Corporate Unit 2 — Team D,Large Corporate Unit 2 — Team D / Section 2,,Jeddah,Full-time,Filled,1,CC-1021,Business (1st line),Front office,Incentive,,user399@examplebank.com.sa,2013-12-02,Jordanian,No,No,No,,
POS00400,POS00395,Senior Officer Large Corporate,Maya Qureshi,G12,JC6888,Management,Corporate Banking,Example Bank,Corporate Banking,Large Corporate,Large Corporate Unit 2,Large Corporate Unit 2 — Team D,Large Corporate Unit 2 — Team D / Section 1,,Dammam,Full-time,Filled,1,CC-1010,Business (1st line),Front office,Incentive,,user400@examplebank.com.sa,2021-08-04,Saudi,No,No,No,,
POS00401,POS00395,Associate Large Corporate,Nasser Bakr,G10,JC2535,Professional,Corporate Banking,Example Bank,Corporate Banking,Large Corporate,Large Corporate Unit 2,Large Corporate Unit 2 — Team D,Large Corporate Unit 2 — Team D / Section 1,,Khobar,Full-time,Filled,1,CC-1036,Business (1st line),Front office,Bonus,Specialist Bench,user401@examplebank.com.sa,2022-04-02,British,No,No,No,,
POS00402,POS00395,Specialist Large Corporate,Tariq Haddad,G12,JC1136,Management,Corporate Banking,Example Bank,Corporate Banking,Large Corporate,Large Corporate Unit 2,Large Corporate Unit 2 — Team D,Large Corporate Unit 2 — Team D / Section 1,,Jeddah,Full-time,Filled,1,CC-1019,Business (1st line),Front office,Bonus,,user402@examplebank.com.sa,2012-03-16,Saudi,No,No,No,,
POS00403,POS00395,Specialist Large Corporate,أحمد الدوسري,G12,JC8240,Management,Corporate Banking,Example Bank,Corporate Banking,Large Corporate,Large Corporate Unit 2,Large Corporate Unit 2 — Team D,Large Corporate Unit 2 — Team D / Section 1,,Riyadh,Full-time,Filled,1,CC-1060,Business (1st line),Front office,Incentive,,user403@examplebank.com.sa,2022-09-22,Saudi,No,No,No,,
POS00404,POS00395,Senior Analyst Large Corporate,,G11,JC1842,Professional,Corporate Banking,Example Bank,Corporate Banking,Large Corporate,Large Corporate Unit 2,Large Corporate Unit 2 — Team D,Large Corporate Unit 2 — Team D / Section 2,,Khobar,Full-time,Vacant,1,CC-1008,Business (1st line),Front office,Incentive,,,2019-10-05,Saudi,No,No,Yes,Aisha Baker,Ready 3+ years
POS00405,POS00395,Officer Large Corporate,Waleed Siddiqui,G12,JC6346,Management,Corporate Banking,Example Bank,Corporate Banking,Large Corporate,Large Corporate Unit 2,Large Corporate Unit 2 — Team D,Large Corporate Unit 2 — Team D / Section 1,,Jeddah,Full-time,Filled,1,CC-1052,Business (1st line),Front office,Incentive,,user405@examplebank.com.sa,2013-02-22,Indian,No,No,No,,
POS00406,POS00395,Senior Analyst Large Corporate,Amal Mansour,G12,JC2354,Management,Corporate Banking,Example Bank,Corporate Banking,Large Corporate,Large Corporate Unit 2,Large Corporate Unit 2 — Team D,Large Corporate Unit 2 — Team D / Section 2,,Dammam,Full-time,Filled,1,CC-1011,Business (1st line),Front office,Incentive,,user406@examplebank.com.sa,2012-03-16,Saudi,No,No,No,,
POS00407,POS00395,Officer Large Corporate,Salma Rashed,G9,JC2059,Professional,Corporate Banking,Example Bank,Corporate Banking,Large Corporate,Large Corporate Unit 2,Large Corporate Unit 2 — Team D,Large Corporate Unit 2 — Team D / Section 1,,Khobar,Full-time,Filled,1,CC-1050,Business (1st line),Front office,Incentive,,user407@examplebank.com.sa,2015-01-10,Saudi,No,No,No,,
POS00408,POS00326,Senior Manager Large Corporate,Jana Qureshi,G14,JC8770,Leadership,Corporate Banking,Example Bank,Corporate Banking,Large Corporate,Large Corporate Unit 3,,,,Riyadh,Full-time,Filled,1,CC-1016,Business (1st line),Front office,Incentive,Emerging Leaders,user408@examplebank.com.sa,2021-06-19,Saudi,No,No,No,,
POS00409,POS00408,Manager Large Corporate,هند المطيري,G13,JC6022,Management,Corporate Banking,Example Bank,Corporate Banking,Large Corporate,Large Corporate Unit 3,Large Corporate Unit 3 — Team A,,,Dammam,Full-time,Filled,1,CC-1059,Business (1st line),Front office,Bonus,,user409@examplebank.com.sa,2009-01-05,British,No,No,Yes,Rana Rashed,Ready now
POS00410,POS00409,Associate Large Corporate,هند الزهراني,G10,JC9988,Professional,Corporate Banking,Example Bank,Corporate Banking,Large Corporate,Large Corporate Unit 3,Large Corporate Unit 3 — Team A,Large Corporate Unit 3 — Team A / Section 2,,Riyadh,Full-time,Filled,1,CC-1011,Business (1st line),Front office,Fixed,,user410@examplebank.com.sa,2023-12-18,Saudi,No,No,No,,
POS00411,POS00409,Analyst Large Corporate,Yusuf Osman,G10,JC4186,Professional,Corporate Banking,Example Bank,Corporate Banking,Large Corporate,Large Corporate Unit 3,Large Corporate Unit 3 — Team A,Large Corporate Unit 3 — Team A / Section 1,,Jeddah,Full-time,Filled,1,CC-1048,Business (1st line),Front office,Incentive,,user411@examplebank.com.sa,2020-12-28,Saudi,No,No,Yes,Maya Bakr,Ready 1-2 years
POS00412,POS00409,Officer Large Corporate,هند الدوسري,G10,JC7740,Professional,Corporate Banking,Example Bank,Corporate Banking,Large Corporate,Large Corporate Unit 3,Large Corporate Unit 3 — Team A,Large Corporate Unit 3 — Team A / Section 1,,Jeddah,Full-time,Filled,1,CC-1046,Business (1st line),Front office,Fixed,,user412@examplebank.com.sa,2012-12-16,Indian,No,No,No,,
POS00413,POS00409,Specialist Large Corporate,لطيفة المطيري,G12,JC3030,Management,Corporate Banking,Example Bank,Corporate Banking,Large Corporate,Large Corporate Unit 3,Large Corporate Unit 3 — Team A,Large Corporate Unit 3 — Team A / Section 2,,Riyadh,Full-time,Filled,1,CC-1043,Business (1st line),Front office,Incentive,,user413@examplebank.com.sa,2024-04-12,Jordanian,No,No,No,,
POS00414,POS00409,Senior Officer Large Corporate,ريم الشمري,G10,JC6061,Professional,Corporate Banking,Example Bank,Corporate Banking,Large Corporate,Large Corporate Unit 3,Large Corporate Unit 3 — Team A,Large Corporate Unit 3 — Team A / Section 2,,Riyadh,Full-time,Filled,1,CC-1039,Business (1st line),Front office,Bonus,,user414@examplebank.com.sa,2018-11-12,Saudi,No,No,Yes,خالد القحطاني,Ready 3+ years
POS00415,POS00409,Officer Large Corporate,Aisha Karim,G12,JC3367,Management,Corporate Banking,Example Bank,Corporate Banking,Large Corporate,Large Corporate Unit 3,Large Corporate Unit 3 — Team A,Large Corporate Unit 3 — Team A / Section 1,,Jeddah,Full-time,Filled,1,CC-1021,Business (1st line),Front office,Incentive,,user415@examplebank.com.sa,2016-06-22,Saudi,No,No,Yes,أحمد الدوسري,Ready 3+ years
POS00416,POS00409,Senior Analyst Large Corporate,Nasser Bakr,G9,JC1937,Professional,Corporate Banking,Example Bank,Corporate Banking,Large Corporate,Large Corporate Unit 3,Large Corporate Unit 3 — Team A,Large Corporate Unit 3 — Team A / Section 2,,Jeddah,Full-time,Filled,1,CC-1037,Business (1st line),Front office,Incentive,,user416@examplebank.com.sa,2008-04-15,Jordanian,No,No,No,,
POS00417,POS00408,Manager Large Corporate,ريم السبيعي,G13,JC1431,Management,Corporate Banking,Example Bank,Corporate Banking,Large Corporate,Large Corporate Unit 3,Large Corporate Unit 3 — Team B,,,Riyadh,Full-time,Filled,1,CC-1024,Business (1st line),Front office,Incentive,Emerging Leaders,user417@examplebank.com.sa,2011-11-16,Jordanian,No,No,No,,
POS00418,POS00417,Senior Analyst Large Corporate,Aisha Siddiqui,G10,JC2303,Professional,Corporate Banking,Example Bank,Corporate Banking,Large Corporate,Large Corporate Unit 3,Large Corporate Unit 3 — Team B,Large Corporate Unit 3 — Team B / Section 1,,Khobar,Contractor,Filled,1,CC-1024,Business (1st line),Front office,Incentive,,user418@examplebank.com.sa,2019-08-03,Indian,No,No,Yes,Amal Osman,Ready 3+ years
POS00419,POS00417,Analyst Large Corporate,Karim Younes,G10,JC4714,Professional,Corporate Banking,Example Bank,Corporate Banking,Large Corporate,Large Corporate Unit 3,Large Corporate Unit 3 — Team B,Large Corporate Unit 3 — Team B / Section 1,,Dammam,Full-time,Filled,1,CC-1028,Business (1st line),Front office,Incentive,,user419@examplebank.com.sa,2008-11-14,Jordanian,No,No,No,,
POS00420,POS00417,Analyst Large Corporate,Mona Mansour,G12,JC3410,Management,Corporate Banking,Example Bank,Corporate Banking,Large Corporate,Large Corporate Unit 3,Large Corporate Unit 3 — Team B,Large Corporate Unit 3 — Team B / Section 2,,Jeddah,Full-time,Filled,1,CC-1006,Business (1st line),Front office,Incentive,,user420@examplebank.com.sa,2024-06-04,Saudi,No,No,No,,
POS00421,POS00417,Officer Large Corporate,Lina Khan,G12,JC1059,Management,Corporate Banking,Example Bank,Corporate Banking,Large Corporate,Large Corporate Unit 3,Large Corporate Unit 3 — Team B,Large Corporate Unit 3 — Team B / Section 1,,Dammam,Contractor,Filled,1,CC-1029,Business (1st line),Front office,Fixed,,user421@examplebank.com.sa,2010-02-12,Egyptian,No,No,No,,
POS00422,POS00417,Senior Officer Large Corporate,هند السبيعي,G9,JC8143,Professional,Corporate Banking,Example Bank,Corporate Banking,Large Corporate,Large Corporate Unit 3,Large Corporate Unit 3 — Team B,Large Corporate Unit 3 — Team B / Section 1,,Jeddah,Full-time,Filled,1,CC-1014,Business (1st line),Front office,Incentive,,user422@examplebank.com.sa,2013-01-11,Saudi,No,No,No,,
POS00423,POS00417,Specialist Large Corporate,Salma Khan,G9,JC4990,Professional,Corporate Banking,Example Bank,Corporate Banking,Large Corporate,Large Corporate Unit 3,Large Corporate Unit 3 — Team B,Large Corporate Unit 3 — Team B / Section 2,,Riyadh,Full-time,Filled,1,CC-1054,Business (1st line),Front office,Fixed,,user423@examplebank.com.sa,2017-07-21,Jordanian,No,No,No,,
POS00424,POS00417,Officer Large Corporate,Salma Qureshi,G12,JC5158,Management,Corporate Banking,Example Bank,Corporate Banking,Large Corporate,Large Corporate Unit 3,Large Corporate Unit 3 — Team B,Large Corporate Unit 3 — Team B / Section 2,,Riyadh,Full-time,Filled,1,CC-1039,Business (1st line),Front office,Incentive,,user424@examplebank.com.sa,2015-07-10,Saudi,No,No,No,,
POS00425,POS00325,Head of SME Banking,فيصل الدوسري,G15,JC5592,Leadership,Corporate Banking,Example Bank,Corporate Banking,SME Banking,,,,,Riyadh,Full-time,Filled,1,CC-1036,Business (1st line),Front office,Incentive,Future Executives,user425@examplebank.com.sa,2022-10-16,Saudi,Yes,No,No,,
POS00426,POS00425,Senior Manager SME Banking,Dana Haddad,G14,JC1894,Leadership,Corporate Banking,Example Bank,Corporate Banking,SME Banking,SME Banking Unit 1,,,,Khobar,Full-time,Filled,1,CC-1009,Business (1st line),Front office,Bonus,Saudi Graduates,user426@examplebank.com.sa,2009-06-05,Saudi,Yes,No,Yes,Lina Haddad,Ready now
POS00427,POS00426,Manager SME Banking,Hassan Darwish,G13,JC7586,Management,Corporate Banking,Example Bank,Corporate Banking,SME Banking,SME Banking Unit 1,SME Banking Unit 1 — Team A,,,Jeddah,Full-time,Filled,1,CC-1033,Business (1st line),Front office,Bonus,Future Executives,user427@examplebank.com.sa,2016-04-04,Indian,No,No,No,,
POS00428,POS00427,Senior Analyst SME Banking,,G10,JC4203,Professional,Corporate Banking,Example Bank,Corporate Banking,SME Banking,SME Banking Unit 1,SME Banking Unit 1 — Team A,SME Banking Unit 1 — Team A / Section 2,,Jeddah,Full-time,Vacant,1,CC-1026,Business (1st line),Front office,Incentive,Specialist Bench,,2024-07-20,Saudi,No,No,No,,
POS00429,POS00427,Specialist SME Banking,Lina Younes,G10,JC2026,Professional,Corporate Banking,Example Bank,Corporate Banking,SME Banking,SME Banking Unit 1,SME Banking Unit 1 — Team A,SME Banking Unit 1 — Team A / Section 2,,Khobar,Full-time,Filled,1,CC-1008,Business (1st line),Front office,Bonus,,user429@examplebank.com.sa,2018-09-04,Saudi,No,No,Yes,أحمد القحطاني,Ready 1-2 years
POS00430,POS00427,Analyst SME Banking,,G10,JC3886,Professional,Corporate Banking,Example Bank,Corporate Banking,SME Banking,SME Banking Unit 1,SME Banking Unit 1 — Team A,SME Banking Unit 1 — Team A / Section 2,,Riyadh,Contractor,Vacant,1,CC-1002,Business (1st line),Front office,Fixed,,,2022-04-12,British,No,No,No,,
POS00431,POS00427,Senior Analyst SME Banking,نورة الشمري,G9,JC5364,Professional,Corporate Banking,Example Bank,Corporate Banking,SME Banking,SME Banking Unit 1,SME Banking Unit 1 — Team A,SME Banking Unit 1 — Team A / Section 2,,Jeddah,Full-time,Filled,1,CC-1059,Business (1st line),Front office,Fixed,Future Executives,user431@examplebank.com.sa,2014-12-13,Saudi,No,No,No,,
POS00432,POS00427,Specialist SME Banking,,G9,JC5909,Professional,Corporate Banking,Example Bank,Corporate Banking,SME Banking,SME Banking Unit 1,SME Banking Unit 1 — Team A,SME Banking Unit 1 — Team A / Section 2,,Remote,Full-time,Vacant,1,CC-1013,Business (1st line),Front office,Fixed,,,2012-06-22,Indian,No,No,No,,
POS00433,POS00427,Associate SME Banking,Rami Farouk,G10,JC4428,Professional,Corporate Banking,Example Bank,Corporate Banking,SME Banking,SME Banking Unit 1,SME Banking Unit 1 — Team A,SME Banking Unit 1 — Team A / Section 1,,Jeddah,Full-time,Filled,1,CC-1020,Business (1st line),Front office,Fixed,,user433@examplebank.com.sa,2015-06-13,British,No,No,No,,
POS00434,POS00427,Specialist SME Banking,Dana Idris,G9,JC7524,Professional,Corporate Banking,Example Bank,Corporate Banking,SME Banking,SME Banking Unit 1,SME Banking Unit 1 — Team A,SME Banking Unit 1 — Team A / Section 2,,Jeddah,Contractor,Filled,1,CC-1060,Business (1st line),Front office,Fixed,,user434@examplebank.com.sa,2024-10-24,Jordanian,No,No,No,,
POS00435,POS00427,Senior Officer SME Banking,دانة الزهراني,G10,JC3391,Professional,Corporate Banking,Example Bank,Corporate Banking,SME Banking,SME Banking Unit 1,SME Banking Unit 1 — Team A,SME Banking Unit 1 — Team A / Section 2,,Riyadh,Contractor,Filled,1,CC-1008,Business (1st line),Front office,Incentive,,user435@examplebank.com.sa,2024-12-14,Saudi,No,No,No,,
POS00436,POS00427,Associate SME Banking,Dana Saleh,G10,JC7608,Professional,Corporate Banking,Example Bank,Corporate Banking,SME Banking,SME Banking Unit 1,SME Banking Unit 1 — Team A,SME Banking Unit 1 — Team A / Section 2,,Dammam,Full-time,Filled,1,CC-1051,Business (1st line),Front office,Incentive,,user436@examplebank.com.sa,2014-06-10,Jordanian,No,No,No,,
POS00437,POS00427,Associate SME Banking,Yusuf Younes,G12,JC5010,Management,Corporate Banking,Example Bank,Corporate Banking,SME Banking,SME Banking Unit 1,SME Banking Unit 1 — Team A,SME Banking Unit 1 — Team A / Section 1,,Jeddah,Full-time,Filled,1,CC-1055,Business (1st line),Front office,Incentive,,user437@examplebank.com.sa,2012-10-04,British,No,No,Yes,Aisha Baker,Ready 1-2 years
POS00438,POS00427,Senior Analyst SME Banking,عبدالله المطيري,G11,JC2151,Professional,Corporate Banking,Example Bank,Corporate Banking,SME Banking,SME Banking Unit 1,SME Banking Unit 1 — Team A,SME Banking Unit 1 — Team A / Section 1,,Khobar,Full-time,Filled,1,CC-1006,Business (1st line),Front office,Bonus,,user438@examplebank.com.sa,2019-01-03,Saudi,No,No,No,,
POS00439,POS00426,Manager SME Banking,Rami Aziz,G13,JC9344,Management,Corporate Banking,Example Bank,Corporate Banking,SME Banking,SME Banking Unit 1,SME Banking Unit 1 — Team B,,,Jeddah,Full-time,Filled,1,CC-1046,Business (1st line),Front office,Incentive,,user439@examplebank.com.sa,2016-06-09,Indian,No,No,No,,
POS00440,POS00439,Senior Analyst SME Banking,Aisha Rashed,G12,JC8517,Management,Corporate Banking,Example Bank,Corporate Banking,SME Banking,SME Banking Unit 1,SME Banking Unit 1 — Team B,SME Banking Unit 1 — Team B / Section 2,,Jeddah,Full-time,Filled,1,CC-1009,Business (1st line),Front office,Incentive,,user440@examplebank.com.sa,2017-12-23,Saudi,No,No,No,,
POS00441,POS00439,Specialist SME Banking,,G12,JC4464,Management,Corporate Banking,Example Bank,Corporate Banking,SME Banking,SME Banking Unit 1,SME Banking Unit 1 — Team B,SME Banking Unit 1 — Team B / Section 1,,Riyadh,Full-time,Vacant,1,CC-1033,Business (1st line),Front office,Fixed,,,2013-07-13,Egyptian,No,No,Yes,Noor Farouk,Ready 3+ years
POS00442,POS00439,Associate SME Banking,Lina Idris,G9,JC5233,Professional,Corporate Banking,Example Bank,Corporate Banking,SME Banking,SME Banking Unit 1,SME Banking Unit 1 — Team B,SME Banking Unit 1 — Team B / Section 1,,Jeddah,Full-time,Filled,1,CC-1029,Business (1st line),Front office,Incentive,,user442@examplebank.com.sa,2021-09-07,Saudi,No,No,Yes,Dana Osman,Ready 3+ years
POS00443,POS00439,Associate SME Banking,Lina Darwish,G9,JC5563,Professional,Corporate Banking,Example Bank,Corporate Banking,SME Banking,SME Banking Unit 1,SME Banking Unit 1 — Team B,SME Banking Unit 1 — Team B / Section 1,,Riyadh,Full-time,Filled,1,CC-1032,Business (1st line),Front office,Fixed,,user443@examplebank.com.sa,2014-03-01,British,No,No,No,,
POS00444,POS00439,Senior Analyst SME Banking,Lina Siddiqui,G9,JC8235,Professional,Corporate Banking,Example Bank,Corporate Banking,SME Banking,SME Banking Unit 1,SME Banking Unit 1 — Team B,SME Banking Unit 1 — Team B / Section 2,,Jeddah,Full-time,Filled,1,CC-1036,Business (1st line),Front office,Incentive,,user444@examplebank.com.sa,2013-01-15,Saudi,No,No,Yes,Omar Farouk,Ready 1-2 years
POS00445,POS00439,Specialist SME Banking,ريم السبيعي,G10,JC8307,Professional,Corporate Banking,Example Bank,Corporate Banking,SME Banking,SME Banking Unit 1,SME Banking Unit 1 — Team B,SME Banking Unit 1 — Team B / Section 1,,Riyadh,Full-time,Filled,1,CC-1057,Business (1st line),Front office,Fixed,,user445@examplebank.com.sa,2021-11-12,Saudi,No,No,No,,
POS00446,POS00439,Analyst SME Banking,Rana Khan,G9,JC7122,Professional,Corporate Banking,Example Bank,Corporate Banking,SME Banking,SME Banking Unit 1,SME Banking Unit 1 — Team B,SME Banking Unit 1 — Team B / Section 2,,Riyadh,Full-time,Filled,1,CC-1032,Business (1st line),Front office,Fixed,,user446@examplebank.com.sa,2013-07-01,Saudi,No,No,No,,
POS00447,POS00439,Senior Officer SME Banking,,G10,JC9137,Professional,Corporate Banking,Example Bank,Corporate Banking,SME Banking,SME Banking Unit 1,SME Banking Unit 1 — Team B,SME Banking Unit 1 — Team B / Section 2,,Dammam,Full-time,Vacant,1,CC-1031,Business (1st line),Front office,Incentive,,,2012-01-14,Saudi,No,No,No,,
POS00448,POS00439,Associate SME Banking,Rami Farouk,G10,JC4521,Professional,Corporate Banking,Example Bank,Corporate Banking,SME Banking,SME Banking Unit 1,SME Banking Unit 1 — Team B,SME Banking Unit 1 — Team B / Section 1,,Riyadh,Full-time,Filled,1,CC-1051,Business (1st line),Front office,Incentive,,user448@examplebank.com.sa,2009-01-19,Saudi,No,No,No,,
POS00449,POS00439,Officer SME Banking,خالد السبيعي,G10,JC2681,Professional,Corporate Banking,Example Bank,Corporate Banking,SME Banking,SME Banking Unit 1,SME Banking Unit 1 — Team B,SME Banking Unit 1 — Team B / Section 1,,Jeddah,Full-time,Filled,1,CC-1026,Business (1st line),Front office,Incentive,,user449@examplebank.com.sa,2019-11-08,Indian,No,No,No,,
POS00450,POS00426,Manager SME Banking,Rana Haddad,G13,JC7110,Management,Corporate Banking,Example Bank,Corporate Banking,SME Banking,SME Banking Unit 1,SME Banking Unit 1 — Team C,,,Riyadh,Full-time,Filled,1,CC-1013,Business (1st line),Front office,Incentive,,user450@examplebank.com.sa,2019-09-20,Saudi,No,No,No,,
POS00451,POS00450,Senior Officer SME Banking,Waleed Qureshi,G11,JC7285,Professional,Corporate Banking,Example Bank,Corporate Banking,SME Banking,SME Banking Unit 1,SME Banking Unit 1 — Team C,SME Banking Unit 1 — Team C / Section 1,,Jeddah,Full-time,Filled,1,CC-1011,Business (1st line),Front office,Incentive,,user451@examplebank.com.sa,2021-12-27,Saudi,No,No,No,,
POS00452,POS00450,Officer SME Banking,Bilal Darwish,G11,JC2799,Professional,Corporate Banking,Example Bank,Corporate Banking,SME Banking,SME Banking Unit 1,SME Banking Unit 1 — Team C,SME Banking Unit 1 — Team C / Section 1,,Riyadh,Full-time,Filled,1,CC-1031,Business (1st line),Front office,Incentive,,user452@examplebank.com.sa,2023-08-06,Saudi,No,No,No,,
POS00453,POS00450,Senior Analyst SME Banking,Dana Osman,G9,JC2397,Professional,Corporate Banking,Example Bank,Corporate Banking,SME Banking,SME Banking Unit 1,SME Banking Unit 1 — Team C,SME Banking Unit 1 — Team C / Section 1,,Khobar,Full-time,Filled,1,CC-1006,Business (1st line),Front office,Incentive,,user453@examplebank.com.sa,2018-03-27,Egyptian,No,No,Yes,فيصل الزهراني,Ready 1-2 years
POS00454,POS00450,Associate SME Banking,Dana Idris,G10,JC4958,Professional,Corporate Banking,Example Bank,Corporate Banking,SME Banking,SME Banking Unit 1,SME Banking Unit 1 — Team C,SME Banking Unit 1 — Team C / Section 2,,Riyadh,Full-time,Filled,1,CC-1046,Business (1st line),Front office,Incentive,,user454@examplebank.com.sa,2023-07-17,Saudi,No,No,No,,
POS00455,POS00450,Officer SME Banking,أحمد الغامدي,G12,JC8457,Management,Corporate Banking,Example Bank,Corporate Banking,SME Banking,SME Banking Unit 1,SME Banking Unit 1 — Team C,SME Banking Unit 1 — Team C / Section 1,,Riyadh,Full-time,Filled,1,CC-1011,Business (1st line),Front office,Incentive,,user455@examplebank.com.sa,2025-02-26,Saudi,No,No,No,,
POS00456,POS00450,Senior Analyst SME Banking,ريم الغامدي,G9,JC8394,Professional,Corporate Banking,Example Bank,Corporate Banking,SME Banking,SME Banking Unit 1,SME Banking Unit 1 — Team C,SME Banking Unit 1 — Team C / Section 2,,Remote,Full-time,Filled,1,CC-1004,Business (1st line),Front office,Incentive,Specialist Bench,user456@examplebank.com.sa,2009-05-06,Egyptian,No,No,No,,
POS00457,POS00450,Officer SME Banking,أحمد القحطاني,G12,JC3898,Management,Corporate Banking,Example Bank,Corporate Banking,SME Banking,SME Banking Unit 1,SME Banking Unit 1 — Team C,SME Banking Unit 1 — Team C / Section 1,,Riyadh,Contractor,Filled,1,CC-1002,Business (1st line),Front office,Bonus,,user457@examplebank.com.sa,2014-03-17,Saudi,No,No,No,,
POS00458,POS00450,Associate SME Banking,هند الدوسري,G10,JC6537,Professional,Corporate Banking,Example Bank,Corporate Banking,SME Banking,SME Banking Unit 1,SME Banking Unit 1 — Team C,SME Banking Unit 1 — Team C / Section 1,,Dammam,Full-time,Filled,1,CC-1031,Business (1st line),Front office,Incentive,,user458@examplebank.com.sa,2021-06-02,Egyptian,No,No,No,,
POS00459,POS00426,Manager SME Banking,ريم الزهراني,G13,JC4561,Management,Corporate Banking,Example Bank,Corporate Banking,SME Banking,SME Banking Unit 1,SME Banking Unit 1 — Team D,,,Riyadh,Full-time,Filled,1,CC-1043,Business (1st line),Front office,Incentive,Emerging Leaders,user459@examplebank.com.sa,2017-12-16,Saudi,No,No,No,,
POS00460,POS00459,Analyst SME Banking,لطيفة العتيبي,G10,JC3740,Professional,Corporate Banking,Example Bank,Corporate Banking,SME Banking,SME Banking Unit 1,SME Banking Unit 1 — Team D,SME Banking Unit 1 — Team D / Section 2,,Remote,Full-time,Filled,1,CC-1019,Business (1st line),Front office,Incentive,Specialist Bench,user460@examplebank.com.sa,2010-11-14,Saudi,No,No,No,,
POS00461,POS00459,Analyst SME Banking,Waleed Karim,G10,JC4580,Professional,Corporate Banking,Example Bank,Corporate Banking,SME Banking,SME Banking Unit 1,SME Banking Unit 1 — Team D,SME Banking Unit 1 — Team D / Section 2,,Jeddah,Contractor,Filled,1,CC-1054,Business (1st line),Front office,Incentive,,user461@examplebank.com.sa,2009-02-19,British,No,No,No,,
POS00462,POS00459,Senior Officer SME Banking,Noor Karim,G12,JC6231,Management,Corporate Banking,Example Bank,Corporate Banking,SME Banking,SME Banking Unit 1,SME Banking Unit 1 — Team D,SME Banking Unit 1 — Team D / Section 1,,Riyadh,Full-time,Filled,1,CC-1049,Business (1st line),Front office,Incentive,,user462@examplebank.com.sa,2017-05-26,Jordanian,No,No,No,,
POS00463,POS00459,Senior Officer SME Banking,,G9,JC2102,Professional,Corporate Banking,Example Bank,Corporate Banking,SME Banking,SME Banking Unit 1,SME Banking Unit 1 — Team D,SME Banking Unit 1 — Team D / Section 2,,Remote,Full-time,Vacant,1,CC-1032,Business (1st line),Front office,Fixed,,,2024-01-28,Egyptian,No,No,No,,
POS00464,POS00459,Senior Analyst SME Banking,Adel Haddad,G11,JC2575,Professional,Corporate Banking,Example Bank,Corporate Banking,SME Banking,SME Banking Unit 1,SME Banking Unit 1 — Team D,SME Banking Unit 1 — Team D / Section 2,,Jeddah,Full-time,Filled,0.5,CC-1051,Business (1st line),Front office,Incentive,,user464@examplebank.com.sa,2024-01-11,Saudi,No,No,Yes,عبدالله المطيري,Ready 3+ years
POS00465,POS00459,Specialist SME Banking,Amal Fahmy,G10,JC8524,Professional,Corporate Banking,Example Bank,Corporate Banking,SME Banking,SME Banking Unit 1,SME Banking Unit 1 — Team D,SME Banking Unit 1 — Team D / Section 1,,Riyadh,Full-time,Filled,1,CC-1029,Business (1st line),Front office,Incentive,,user465@examplebank.com.sa,2021-03-20,Saudi,No,No,No,,
POS00466,POS00459,Senior Analyst SME Banking,عبدالله الحربي,G10,JC3444,Professional,Corporate Banking,Example Bank,Corporate Banking,SME Banking,SME Banking Unit 1,SME Banking Unit 1 — Team D,SME Banking Unit 1 — Team D / Section 1,,Jeddah,Full-time,Filled,1,CC-1026,Business (1st line),Front office,Incentive,,user466@examplebank.com.sa,2010-05-06,Saudi,No,No,No,,
POS00467,POS00425,Senior Manager SME Banking,Adel Fahmy,G14,JC7695,Leadership,Corporate Banking,Example Bank,Corporate Banking,SME Banking,SME Banking Unit 2,,,,Remote,Full-time,Filled,1,CC-1058,Business (1st line),Front office,Incentive,,user467@examplebank.com.sa,2011-07-15,Saudi,Yes,No,No,,
POS00468,POS00467,Manager SME Banking,Salma Fahmy,G13,JC9720,Management,Corporate Banking,Example Bank,Corporate Banking,SME Banking,SME Banking Unit 2,SME Banking Unit 2 — Team A,,,Riyadh,Full-time,Filled,1,CC-1023,Business (1st line),Front office,Incentive,,user468@examplebank.com.sa,2010-07-18,Jordanian,No,No,Yes,Noor Osman,Ready 1-2 years
POS00469,POS00468,Officer SME Banking,Maya Nasser,G11,JC4987,Professional,Corporate Banking,Example Bank,Corporate Banking,SME Banking,SME Banking Unit 2,SME Banking Unit 2 — Team A,SME Banking Unit 2 — Team A / Section 1,,Remote,Full-time,Filled,1,CC-1046,Business (1st line),Front office,Incentive,Saudi Graduates,user469@examplebank.com.sa,2016-06-12,Indian,No,No,Yes,Adel Osman,Ready now
POS00470,POS00468,Senior Analyst SME Banking,نورة الغامدي,G11,JC7826,Professional,Corporate Banking,Example Bank,Corporate Banking,SME Banking,SME Banking Unit 2,SME Banking Unit 2 — Team A,SME Banking Unit 2 — Team A / Section 1,,Riyadh,Full-time,Filled,0.5,CC-1045,Business (1st line),Front office,Incentive,,user470@examplebank.com.sa,2018-03-21,British,No,No,No,,
POS00471,POS00468,Senior Officer SME Banking,Layla Siddiqui,G10,JC4026,Professional,Corporate Banking,Example Bank,Corporate Banking,SME Banking,SME Banking Unit 2,SME Banking Unit 2 — Team A,SME Banking Unit 2 — Team A / Section 2,,Remote,Full-time,Filled,1,CC-1045,Business (1st line),Front office,Fixed,,user471@examplebank.com.sa,2022-11-28,Saudi,No,No,No,,
POS00472,POS00468,Senior Analyst SME Banking,Rami Osman,G10,JC2768,Professional,Corporate Banking,Example Bank,Corporate Banking,SME Banking,SME Banking Unit 2,SME Banking Unit 2 — Team A,SME Banking Unit 2 — Team A / Section 2,,Dammam,Full-time,Filled,0.5,CC-1015,Business (1st line),Front office,Incentive,,user472@examplebank.com.sa,2010-11-10,Saudi,No,No,Yes,Mona Nasser,Ready now
POS00473,POS00468,Senior Analyst SME Banking,سارة القحطاني,G12,JC7807,Management,Corporate Banking,Example Bank,Corporate Banking,SME Banking,SME Banking Unit 2,SME Banking Unit 2 — Team A,SME Banking Unit 2 — Team A / Section 2,,Remote,Full-time,Filled,1,CC-1007,Business (1st line),Front office,Incentive,Future Executives,user473@examplebank.com.sa,2016-09-18,Saudi,No,No,No,,
POS00474,POS00468,Officer SME Banking,Bilal Khan,G10,JC4405,Professional,Corporate Banking,Example Bank,Corporate Banking,SME Banking,SME Banking Unit 2,SME Banking Unit 2 — Team A,SME Banking Unit 2 — Team A / Section 1,,Khobar,Full-time,Filled,1,CC-1009,Business (1st line),Front office,Incentive,,user474@examplebank.com.sa,2014-05-21,Saudi,No,No,No,,
POS00475,POS00468,Analyst SME Banking,Maya Aziz,G10,JC7042,Professional,Corporate Banking,Example Bank,Corporate Banking,SME Banking,SME Banking Unit 2,SME Banking Unit 2 — Team A,SME Banking Unit 2 — Team A / Section 1,,Riyadh,Full-time,Filled,1,CC-1059,Business (1st line),Front office,Bonus,,user475@examplebank.com.sa,2015-01-13,Indian,No,No,No,,
POS00476,POS00468,Associate SME Banking,سارة القحطاني,G11,JC8839,Professional,Corporate Banking,Example Bank,Corporate Banking,SME Banking,SME Banking Unit 2,SME Banking Unit 2 — Team A,SME Banking Unit 2 — Team A / Section 1,,Remote,Full-time,Filled,1,CC-1000,Business (1st line),Front office,Incentive,,user476@examplebank.com.sa,2023-08-20,Indian,No,No,No,,
POS00477,POS00468,Senior Analyst SME Banking,سارة السبيعي,G9,JC4555,Professional,Corporate Banking,Example Bank,Corporate Banking,SME Banking,SME Banking Unit 2,SME Banking Unit 2 — Team A,SME Banking Unit 2 — Team A / Section 1,,Khobar,Full-time,Filled,1,CC-1015,Business (1st line),Front office,Incentive,,user477@examplebank.com.sa,2019-07-08,Saudi,No,No,No,,
POS00478,POS00468,Specialist SME Banking,,G11,JC6763,Professional,Corporate Banking,Example Bank,Corporate Banking,SME Banking,SME Banking Unit 2,SME Banking Unit 2 — Team A,SME Banking Unit 2 — Team A / Section 2,,Riyadh,Full-time,Vacant,1,CC-1007,Business (1st line),Front office,Incentive,Emerging Leaders,,2021-01-19,Egyptian,No,No,No,,
POS00479,POS00468,Associate SME Banking,,G10,JC9971,Professional,Corporate Banking,Example Bank,Corporate Banking,SME Banking,SME Banking Unit 2,SME Banking Unit 2 — Team A,SME Banking Unit 2 — Team A / Section 2,,Riyadh,Full-time,Vacant,1,CC-1002,Business (1st line),Front office,Incentive,,,2018-01-10,Egyptian,No,No,No,,
POS00480,POS00467,Manager SME Banking,دانة الحربي,G13,JC8783,Management,Corporate Banking,Example Bank,Corporate Banking,SME Banking,SME Banking Unit 2,SME Banking Unit 2 — Team B,,,Jeddah,Full-time,Filled,0.5,CC-1052,Business (1st line),Front office,Incentive,,user480@examplebank.com.sa,2020-10-22,Saudi,No,No,Yes,أحمد القحطاني,Ready 3+ years
POS00481,POS00480,Associate SME Banking,Noor Saleh,G11,JC7937,Professional,Corporate Banking,Example Bank,Corporate Banking,SME Banking,SME Banking Unit 2,SME Banking Unit 2 — Team B,SME Banking Unit 2 — Team B / Section 2,,Khobar,Full-time,Filled,1,CC-1021,Business (1st line),Front office,Incentive,,user481@examplebank.com.sa,2015-02-23,Saudi,No,No,No,,
POS00482,POS00480,Associate SME Banking,Jana Farouk,G10,JC9442,Professional,Corporate Banking,Example Bank,Corporate Banking,SME Banking,SME Banking Unit 2,SME Banking Unit 2 — Team B,SME Banking Unit 2 — Team B / Section 2,,Jeddah,Full-time,Filled,1,CC-1050,Business (1st line),Front office,Bonus,,user482@examplebank.com.sa,2021-09-02,Jordanian,No,No,No,,
POS00483,POS00480,Associate SME Banking,Sami Nasser,G10,JC7933,Professional,Corporate Banking,Example Bank,Corporate Banking,SME Banking,SME Banking Unit 2,SME Banking Unit 2 — Team B,SME Banking Unit 2 — Team B / Section 2,,Riyadh,Full-time,Filled,1,CC-1030,Business (1st line),Front office,Incentive,Saudi Graduates,user483@examplebank.com.sa,2018-10-06,Indian,No,No,No,,
POS00484,POS00480,Senior Analyst SME Banking,ريم المطيري,G12,JC9242,Management,Corporate Banking,Example Bank,Corporate Banking,SME Banking,SME Banking Unit 2,SME Banking Unit 2 — Team B,SME Banking Unit 2 — Team B / Section 2,,Remote,Full-time,Filled,1,CC-1041,Business (1st line),Front office,Incentive,,user484@examplebank.com.sa,2023-06-20,Saudi,No,No,No,,
POS00485,POS00480,Specialist SME Banking,Ziad Saleh,G9,JC3692,Professional,Corporate Banking,Example Bank,Corporate Banking,SME Banking,SME Banking Unit 2,SME Banking Unit 2 — Team B,SME Banking Unit 2 — Team B / Section 1,,Riyadh,Full-time,Filled,1,CC-1008,Business (1st line),Front office,Incentive,,user485@examplebank.com.sa,2020-09-06,Saudi,No,No,Yes,Layla Osman,Ready 1-2 years
POS00486,POS00480,Analyst SME Banking,Salma Rashed,G12,JC9347,Management,Corporate Banking,Example Bank,Corporate Banking,SME Banking,SME Banking Unit 2,SME Banking Unit 2 — Team B,SME Banking Unit 2 — Team B / Section 1,,Riyadh,Full-time,Filled,1,CC-1052,Business (1st line),Front office,Incentive,,user486@examplebank.com.sa,2013-01-24,Jordanian,No,No,No,,
POS00487,POS00480,Specialist SME Banking,Aisha Baker,G10,JC9510,Professional,Corporate Banking,Example Bank,Corporate Banking,SME Banking,SME Banking Unit 2,SME Banking Unit 2 — Team B,SME Banking Unit 2 — Team B / Section 1,,Jeddah,Full-time,Filled,1,CC-1060,Business (1st line),Front office,Incentive,,user487@examplebank.com.sa,2010-11-08,Saudi,No,No,No,,
POS00488,POS00325,Head of Trade Finance,سارة الشمري,G15,JC2149,Leadership,Corporate Banking,Example Bank,Corporate Banking,Trade Finance,,,,,Jeddah,Full-time,Filled,0.5,CC-1029,Business (1st line),Front office,Incentive,Future Executives,user488@examplebank.com.sa,2021-09-19,Saudi,Yes,No,Yes,سارة السبيعي,Ready 1-2 years
POS00489,POS00488,Senior Manager Trade Finance,Jana Rashed,G14,JC9278,Leadership,Corporate Banking,Example Bank,Corporate Banking,Trade Finance,Trade Finance Unit 1,,,,Jeddah,Full-time,Filled,1,CC-1052,Business (1st line),Front office,Incentive,,user489@examplebank.com.sa,2014-10-22,Saudi,Yes,No,Yes,سارة القحطاني,Ready 1-2 years
POS00490,POS00489,Manager Trade Finance,دانة الزهراني,G13,JC5124,Management,Corporate Banking,Example Bank,Corporate Banking,Trade Finance,Trade Finance Unit 1,Trade Finance Unit 1 — Team A,,,Dammam,Full-time,Filled,1,CC-1018,Business (1st line),Front office,Bonus,Future Executives,user490@examplebank.com.sa,2008-06-08,Saudi,No,No,No,,
POS00491,POS00490,Specialist Trade Finance,أحمد السبيعي,G10,JC4468,Professional,Corporate Banking,Example Bank,Corporate Banking,Trade Finance,Trade Finance Unit 1,Trade Finance Unit 1 — Team A,Trade Finance Unit 1 — Team A / Section 1,,Riyadh,Full-time,Filled,1,CC-1048,Business (1st line),Front office,Bonus,Emerging Leaders,user491@examplebank.com.sa,2017-08-20,Saudi,No,No,No,,
POS00492,POS00490,Senior Analyst Trade Finance,Sami Karim,G9,JC4025,Professional,Corporate Banking,Example Bank,Corporate Banking,Trade Finance,Trade Finance Unit 1,Trade Finance Unit 1 — Team A,Trade Finance Unit 1 — Team A / Section 1,,Jeddah,Full-time,Filled,1,CC-1053,Business (1st line),Front office,Incentive,,user492@examplebank.com.sa,2015-04-06,Saudi,No,No,No,,
POS00493,POS00490,Specialist Trade Finance,Rami Nasser,G9,JC1918,Professional,Corporate Banking,Example Bank,Corporate Banking,Trade Finance,Trade Finance Unit 1,Trade Finance Unit 1 — Team A,Trade Finance Unit 1 — Team A / Section 1,,Jeddah,Full-time,Filled,1,CC-1055,Business (1st line),Front office,Bonus,Saudi Graduates,user493@examplebank.com.sa,2017-02-02,Saudi,No,No,No,,
POS00494,POS00490,Specialist Trade Finance,Aisha Siddiqui,G10,JC1961,Professional,Corporate Banking,Example Bank,Corporate Banking,Trade Finance,Trade Finance Unit 1,Trade Finance Unit 1 — Team A,Trade Finance Unit 1 — Team A / Section 1,,Jeddah,Full-time,Filled,1,CC-1014,Business (1st line),Front office,Incentive,Future Executives,user494@examplebank.com.sa,2017-04-16,Saudi,No,No,No,,
POS00495,POS00490,Senior Analyst Trade Finance,خالد الحربي,G12,JC8633,Management,Corporate Banking,Example Bank,Corporate Banking,Trade Finance,Trade Finance Unit 1,Trade Finance Unit 1 — Team A,Trade Finance Unit 1 — Team A / Section 2,,Riyadh,Full-time,Filled,1,CC-1013,Business (1st line),Front office,Incentive,,user495@examplebank.com.sa,2010-05-26,Egyptian,No,No,No,,
POS00496,POS00490,Associate Trade Finance,Rana Farouk,G10,JC7048,Professional,Corporate Banking,Example Bank,Corporate Banking,Trade Finance,Trade Finance Unit 1,Trade Finance Unit 1 — Team A,Trade Finance Unit 1 — Team A / Section 2,,Dammam,Full-time,Filled,1,CC-1020,Business (1st line),Front office,Incentive,,user496@examplebank.com.sa,2025-11-15,Saudi,No,No,Yes,Lina Aziz,Ready now
POS00497,POS00490,Officer Trade Finance,,G9,JC2273,Professional,Corporate Banking,Example Bank,Corporate Banking,Trade Finance,Trade Finance Unit 1,Trade Finance Unit 1 — Team A,Trade Finance Unit 1 — Team A / Section 1,,Remote,Full-time,Vacant,1,CC-1043,Business (1st line),Front office,Incentive,,,2010-09-10,Jordanian,No,No,No,,
POS00498,POS00490,Senior Officer Trade Finance,Maya Baker,G10,JC9959,Professional,Corporate Banking,Example Bank,Corporate Banking,Trade Finance,Trade Finance Unit 1,Trade Finance Unit 1 — Team A,Trade Finance Unit 1 — Team A / Section 2,,Riyadh,Full-time,Filled,1,CC-1021,Business (1st line),Front office,Incentive,Emerging Leaders,user498@examplebank.com.sa,2008-02-10,Saudi,No,No,No,,
POS00499,POS00490,Senior Officer Trade Finance,Hassan Younes,G10,JC3553,Professional,Corporate Banking,Example Bank,Corporate Banking,Trade Finance,Trade Finance Unit 1,Trade Finance Unit 1 — Team A,Trade Finance Unit 1 — Team A / Section 2,,Riyadh,Full-time,Filled,1,CC-1001,Business (1st line),Front office,Incentive,,user499@examplebank.com.sa,2017-08-10,Indian,No,No,No,,
POS00500,POS00489,Manager Trade Finance,Lina Saleh,G13,JC9922,Management,Corporate Banking,Example Bank,Corporate Banking,Trade Finance,Trade Finance Unit 1,Trade Finance Unit 1 — Team B,,,Khobar,Full-time,Filled,1,CC-1019,Business (1st line),Front office,Incentive,,user500@examplebank.com.sa,2019-03-26,British,No,No,No,,
POS00501,POS00500,Specialist Trade Finance,Karim Fahmy,G12,JC4505,Management,Corporate Banking,Example Bank,Corporate Banking,Trade Finance,Trade Finance Unit 1,Trade Finance Unit 1 — Team B,Trade Finance Unit 1 — Team B / Section 2,,Riyadh,Full-time,Filled,1,CC-1036,Business (1st line),Front office,Incentive,,user501@examplebank.com.sa,2015-12-15,Jordanian,No,No,No,,
POS00502,POS00500,Senior Officer Trade Finance,Nasser Aziz,G9,JC6836,Professional,Corporate Banking,Example Bank,Corporate Banking,Trade Finance,Trade Finance Unit 1,Trade Finance Unit 1 — Team B,Trade Finance Unit 1 — Team B / Section 2,,Riyadh,Full-time,Filled,1,CC-1012,Business (1st line),Front office,Incentive,,user502@examplebank.com.sa,2017-02-04,Saudi,No,No,Yes,Lina Khan,Ready now
POS00503,POS00500,Associate Trade Finance,عبدالله الشمري,G10,JC2492,Professional,Corporate Banking,Example Bank,Corporate Banking,Trade Finance,Trade Finance Unit 1,Trade Finance Unit 1 — Team B,Trade Finance Unit 1 — Team B / Section 2,,Riyadh,Contractor,Filled,1,CC-1000,Business (1st line),Front office,Incentive,,user503@examplebank.com.sa,2011-04-13,Saudi,No,No,No,,
POS00504,POS00500,Analyst Trade Finance,Nasser Siddiqui,G10,JC5322,Professional,Corporate Banking,Example Bank,Corporate Banking,Trade Finance,Trade Finance Unit 1,Trade Finance Unit 1 — Team B,Trade Finance Unit 1 — Team B / Section 2,,Khobar,Full-time,Filled,1,CC-1034,Business (1st line),Front office,Bonus,,user504@examplebank.com.sa,2011-09-04,Saudi,No,No,No,,
POS00505,POS00500,Analyst Trade Finance,سلطان الزهراني,G10,JC5835,Professional,Corporate Banking,Example Bank,Corporate Banking,Trade Finance,Trade Finance Unit 1,Trade Finance Unit 1 — Team B,Trade Finance Unit 1 — Team B / Section 1,,Riyadh,Full-time,Filled,1,CC-1057,Business (1st line),Front office,Bonus,,user505@examplebank.com.sa,2022-09-25,Jordanian,No,No,No,,
POS00506,POS00500,Senior Officer Trade Finance,,G12,JC3485,Management,Corporate Banking,Example Bank,Corporate Banking,Trade Finance,Trade Finance Unit 1,Trade Finance Unit 1 — Team B,Trade Finance Unit 1 — Team B / Section 1,,Jeddah,Full-time,Vacant,1,CC-1060,Business (1st line),Front office,Incentive,,,2009-06-28,Saudi,No,No,No,,
POS00507,POS00500,Analyst Trade Finance,ماجد الدوسري,G11,JC5013,Professional,Corporate Banking,Example Bank,Corporate Banking,Trade Finance,Trade Finance Unit 1,Trade Finance Unit 1 — Team B,Trade Finance Unit 1 — Team B / Section 1,,Remote,Full-time,Filled,1,CC-1034,Business (1st line),Front office,Bonus,,user507@examplebank.com.sa,2020-04-07,Indian,No,No,Yes,Omar Saleh,Ready 1-2 years
POS00508,POS00500,Specialist Trade Finance,,G12,JC9239,Management,Corporate Banking,Example Bank,Corporate Banking,Trade Finance,Trade Finance Unit 1,Trade Finance Unit 1 — Team B,Trade Finance Unit 1 — Team B / Section 2,,Jeddah,Full-time,Vacant,1,CC-1013,Business (1st line),Front office,Fixed,,,2023-04-14,Saudi,No,No,Yes,ريم العتيبي,Ready now
POS00509,POS00500,Specialist Trade Finance,Rami Osman,G10,JC2435,Professional,Corporate Banking,Example Bank,Corporate Banking,Trade Finance,Trade Finance Unit 1,Trade Finance Unit 1 — Team B,Trade Finance Unit 1 — Team B / Section 2,,Riyadh,Full-time,Filled,1,CC-1047,Business (1st line),Front office,Incentive,,user509@examplebank.com.sa,2017-09-01,Egyptian,No,No,Yes,Aisha Qureshi,Ready 1-2 years
POS00510,POS00500,Senior Officer Trade Finance,Amal Siddiqui,G12,JC9962,Management,Corporate Banking,Example Bank,Corporate Banking,Trade Finance,Trade Finance Unit 1,Trade Finance Unit 1 — Team B,Trade Finance Unit 1 — Team B / Section 1,,Riyadh,Full-time,Filled,1,CC-1021,Business (1st line),Front office,Bonus,,user510@examplebank.com.sa,2025-08-02,Saudi,No,No,No,,
POS00511,POS00500,Officer Trade Finance,سلطان الغامدي,G12,JC5377,Management,Corporate Banking,Example Bank,Corporate Banking,Trade Finance,Trade Finance Unit 1,Trade Finance Unit 1 — Team B,Trade Finance Unit 1 — Team B / Section 1,,Riyadh,Full-time,Filled,1,CC-1009,Business (1st line),Front office,Incentive,,user511@examplebank.com.sa,2019-10-23,Saudi,No,No,No,,
POS00512,POS00500,Analyst Trade Finance,Lina Nasser,G10,JC6500,Professional,Corporate Banking,Example Bank,Corporate Banking,Trade Finance,Trade Finance Unit 1,Trade Finance Unit 1 — Team B,Trade Finance Unit 1 — Team B / Section 1,,Jeddah,Full-time,Filled,1,CC-1042,Business (1st line),Front office,Fixed,,user512@examplebank.com.sa,2019-04-11,Saudi,No,No,No,,
POS00513,POS00488,Senior Manager Trade Finance,Rami Nasser,G14,JC9355,Leadership,Corporate Banking,Example Bank,Corporate Banking,Trade Finance,Trade Finance Unit 2,,,,Khobar,Full-time,Filled,1,CC-1000,Business (1st line),Front office,Bonus,Future Executives,user513@examplebank.com.sa,2015-12-15,Saudi,No,No,No,,
POS00514,POS00513,Manager Trade Finance,Maya Darwish,G13,JC8063,Management,Corporate Banking,Example Bank,Corporate Banking,Trade Finance,Trade Finance Unit 2,Trade Finance Unit 2 — Team A,,,Riyadh,Full-time,Filled,1,CC-1018,Business (1st line),Front office,Incentive,,user514@examplebank.com.sa,2013-01-14,Saudi,No,No,No,,
POS00515,POS00514,Senior Analyst Trade Finance,ريم الحربي,G10,JC8774,Professional,Corporate Banking,Example Bank,Corporate Banking,Trade Finance,Trade Finance Unit 2,Trade Finance Unit 2 — Team A,Trade Finance Unit 2 — Team A / Section 2,,Riyadh,Full-time,Filled,1,CC-1053,Business (1st line),Front office,Incentive,Specialist Bench,user515@examplebank.com.sa,2010-08-13,Saudi,No,No,No,,
POS00516,POS00514,Senior Analyst Trade Finance,,G10,JC6950,Professional,Corporate Banking,Example Bank,Corporate Banking,Trade Finance,Trade Finance Unit 2,Trade Finance Unit 2 — Team A,Trade Finance Unit 2 — Team A / Section 1,,Riyadh,Full-time,Vacant,1,CC-1026,Business (1st line),Front office,Incentive,,,2010-03-13,Jordanian,No,No,No,,
POS00517,POS00514,Specialist Trade Finance,هند السبيعي,G10,JC4678,Professional,Corporate Banking,Example Bank,Corporate Banking,Trade Finance,Trade Finance Unit 2,Trade Finance Unit 2 — Team A,Trade Finance Unit 2 — Team A / Section 2,,Jeddah,Full-time,Filled,1,CC-1040,Business (1st line),Front office,Incentive,,user517@examplebank.com.sa,2021-03-10,Indian,No,No,No,,
POS00518,POS00514,Associate Trade Finance,Adel Idris,G12,JC9772,Management,Corporate Banking,Example Bank,Corporate Banking,Trade Finance,Trade Finance Unit 2,Trade Finance Unit 2 — Team A,Trade Finance Unit 2 — Team A / Section 2,,Riyadh,Full-time,Filled,1,CC-1043,Business (1st line),Front office,Incentive,,user518@examplebank.com.sa,2013-12-27,British,No,No,No,,
POS00519,POS00514,Senior Analyst Trade Finance,فيصل الغامدي,G11,JC5728,Professional,Corporate Banking,Example Bank,Corporate Banking,Trade Finance,Trade Finance Unit 2,Trade Finance Unit 2 — Team A,Trade Finance Unit 2 — Team A / Section 2,,Riyadh,Full-time,Filled,1,CC-1038,Business (1st line),Front office,Bonus,,user519@examplebank.com.sa,2016-03-04,Saudi,No,No,Yes,Rami Farouk,Ready 1-2 years
POS00520,POS00514,Officer Trade Finance,لطيفة الزهراني,G12,JC3080,Management,Corporate Banking,Example Bank,Corporate Banking,Trade Finance,Trade Finance Unit 2,Trade Finance Unit 2 — Team A,Trade Finance Unit 2 — Team A / Section 2,,Jeddah,Full-time,Filled,1,CC-1045,Business (1st line),Front office,Incentive,,user520@examplebank.com.sa,2011-11-10,Saudi,No,No,No,,
POS00521,POS00514,Senior Officer Trade Finance,فيصل الشمري,G12,JC9900,Management,Corporate Banking,Example Bank,Corporate Banking,Trade Finance,Trade Finance Unit 2,Trade Finance Unit 2 — Team A,Trade Finance Unit 2 — Team A / Section 1,,Jeddah,Full-time,Filled,1,CC-1021,Business (1st line),Front office,Fixed,,user521@examplebank.com.sa,2021-06-15,Saudi,No,No,No,,
POS00522,POS00514,Specialist Trade Finance,Rami Darwish,G10,JC1847,Professional,Corporate Banking,Example Bank,Corporate Banking,Trade Finance,Trade Finance Unit 2,Trade Finance Unit 2 — Team A,Trade Finance Unit 2 — Team A / Section 1,,Remote,Full-time,Filled,1,CC-1019,Business (1st line),Front office,Fixed,,user522@examplebank.com.sa,2020-06-20,Saudi,No,No,No,,
POS00523,POS00513,Manager Trade Finance,Omar Mansour,G13,JC2965,Management,Corporate Banking,Example Bank,Corporate Banking,Trade Finance,Trade Finance Unit 2,Trade Finance Unit 2 — Team B,,,Riyadh,Contractor,Filled,1,CC-1017,Business (1st line),Front office,Incentive,Future Executives,user523@examplebank.com.sa,2024-06-01,Saudi,No,No,No,,
POS00524,POS00523,Analyst Trade Finance,Tariq Younes,G11,JC9138,Professional,Corporate Banking,Example Bank,Corporate Banking,Trade Finance,Trade Finance Unit 2,Trade Finance Unit 2 — Team B,Trade Finance Unit 2 — Team B / Section 1,,Riyadh,Full-time,Filled,1,CC-1047,Business (1st line),Front office,Fixed,,user524@examplebank.com.sa,2025-11-08,British,No,No,No,,
POS00525,POS00523,Associate Trade Finance,فيصل السبيعي,G10,JC5712,Professional,Corporate Banking,Example Bank,Corporate Banking,Trade Finance,Trade Finance Unit 2,Trade Finance Unit 2 — Team B,Trade Finance Unit 2 — Team B / Section 1,,Riyadh,Full-time,Filled,1,CC-1008,Business (1st line),Front office,Incentive,,user525@examplebank.com.sa,2025-03-15,Saudi,No,No,No,,
POS00526,POS00523,Analyst Trade Finance,Yusuf Haddad,G10,JC1573,Professional,Corporate Banking,Example Bank,Corporate Banking,Trade Finance,Trade Finance Unit 2,Trade Finance Unit 2 — Team B,Trade Finance Unit 2 — Team B / Section 2,,Remote,Full-time,Filled,1,CC-1041,Business (1st line),Front office,Incentive,,user526@examplebank.com.sa,2014-04-05,Saudi,No,No,No,,
POS00527,POS00523,Analyst Trade Finance,سلطان القحطاني,G9,JC8630,Professional,Corporate Banking,Example Bank,Corporate Banking,Trade Finance,Trade Finance Unit 2,Trade Finance Unit 2 — Team B,Trade Finance Unit 2 — Team B / Section 2,,Khobar,Contractor,Filled,1,CC-1029,Business (1st line),Front office,Incentive,,user527@examplebank.com.sa,2016-10-04,Egyptian,No,No,No,,
POS00528,POS00523,Specialist Trade Finance,Yusuf Darwish,G12,JC8619,Management,Corporate Banking,Example Bank,Corporate Banking,Trade Finance,Trade Finance Unit 2,Trade Finance Unit 2 — Team B,Trade Finance Unit 2 — Team B / Section 2,,Riyadh,Full-time,Filled,1,CC-1003,Business (1st line),Front office,Incentive,,user528@examplebank.com.sa,2025-01-03,Saudi,No,No,No,,
POS00529,POS00523,Officer Trade Finance,Waleed Haddad,G9,JC2735,Professional,Corporate Banking,Example Bank,Corporate Banking,Trade Finance,Trade Finance Unit 2,Trade Finance Unit 2 — Team B,Trade Finance Unit 2 — Team B / Section 1,,Riyadh,Full-time,Filled,1,CC-1010,Business (1st line),Front office,Incentive,,user529@examplebank.com.sa,2016-05-26,Saudi,No,No,No,,
POS00530,POS00523,Specialist Trade Finance,فيصل القحطاني,G10,JC4656,Professional,Corporate Banking,Example Bank,Corporate Banking,Trade Finance,Trade Finance Unit 2,Trade Finance Unit 2 — Team B,Trade Finance Unit 2 — Team B / Section 2,,Jeddah,Full-time,Filled,1,CC-1057,Business (1st line),Front office,Fixed,,user530@examplebank.com.sa,2020-04-12,British,No,No,Yes,Sami Baker,Ready 1-2 years
POS00531,POS00513,Manager Trade Finance,Rami Aziz,G13,JC4213,Management,Corporate Banking,Example Bank,Corporate Banking,Trade Finance,Trade Finance Unit 2,Trade Finance Unit 2 — Team C,,,Dammam,Full-time,Filled,1,CC-1009,Business (1st line),Front office,Bonus,Specialist Bench,user531@examplebank.com.sa,2021-12-07,Indian,No,No,No,,
POS00532,POS00531,Specialist Trade Finance,فيصل العتيبي,G12,JC6979,Management,Corporate Banking,Example Bank,Corporate Banking,Trade Finance,Trade Finance Unit 2,Trade Finance Unit 2 — Team C,Trade Finance Unit 2 — Team C / Section 1,,Khobar,Full-time,Filled,1,CC-1004,Business (1st line),Front office,Incentive,,user532@examplebank.com.sa,2022-02-11,Saudi,No,No,No,,
POS00533,POS00531,Senior Officer Trade Finance,سارة السبيعي,G11,JC2319,Professional,Corporate Banking,Example Bank,Corporate Banking,Trade Finance,Trade Finance Unit 2,Trade Finance Unit 2 — Team C,Trade Finance Unit 2 — Team C / Section 2,,Khobar,Full-time,Filled,1,CC-1041,Business (1st line),Front office,Incentive,,user533@examplebank.com.sa,2022-06-28,British,No,No,No,,
POS00534,POS00531,Associate Trade Finance,Rami Saleh,G10,JC3581,Professional,Corporate Banking,Example Bank,Corporate Banking,Trade Finance,Trade Finance Unit 2,Trade Finance Unit 2 — Team C,Trade Finance Unit 2 — Team C / Section 2,,Riyadh,Full-time,Filled,1,CC-1022,Business (1st line),Front office,Fixed,,user534@examplebank.com.sa,2009-08-05,Jordanian,No,No,No,,
POS00535,POS00531,Officer Trade Finance,,G11,JC9827,Professional,Corporate Banking,Example Bank,Corporate Banking,Trade Finance,Trade Finance Unit 2,Trade Finance Unit 2 — Team C,Trade Finance Unit 2 — Team C / Section 1,,Riyadh,Full-time,Vacant,1,CC-1000,Business (1st line),Front office,Incentive,,,2020-07-14,Saudi,No,No,No,,
POS00536,POS00531,Senior Officer Trade Finance,لطيفة الزهراني,G11,JC7859,Professional,Corporate Banking,Example Bank,Corporate Banking,Trade Finance,Trade Finance Unit 2,Trade Finance Unit 2 — Team C,Trade Finance Unit 2 — Team C / Section 2,,Riyadh,Full-time,Filled,1,CC-1003,Business (1st line),Front office,Incentive,,user536@examplebank.com.sa,2008-02-10,Saudi,No,No,No,,
POS00537,POS00531,Senior Analyst Trade Finance,Maya Khan,G10,JC8496,Professional,Corporate Banking,Example Bank,Corporate Banking,Trade Finance,Trade Finance Unit 2,Trade Finance Unit 2 — Team C,Trade Finance Unit 2 — Team C / Section 1,,Jeddah,Full-time,Filled,1,CC-1018,Business (1st line),Front office,Incentive,,user537@examplebank.com.sa,2015-05-23,Indian,No,No,No,,
POS00538,POS00531,Senior Officer Trade Finance,دانة الحربي,G11,JC9057,Professional,Corporate Banking,Example Bank,Corporate Banking,Trade Finance,Trade Finance Unit 2,Trade Finance Unit 2 — Team C,Trade Finance Unit 2 — Team C / Section 2,,Khobar,Full-time,Filled,1,CC-1029,Business (1st line),Front office,Bonus,,user538@examplebank.com.sa,2020-07-12,Saudi,No,No,No,,
POS00539,POS00531,Officer Trade Finance,Waleed Farouk,G9,JC2485,Professional,Corporate Banking,Example Bank,Corporate Banking,Trade Finance,Trade Finance Unit 2,Trade Finance Unit 2 — Team C,Trade Finance Unit 2 — Team C / Section 2,,Riyadh,Full-time,Filled,1,CC-1052,Business (1st line),Front office,Incentive,,user539@examplebank.com.sa,2009-03-03,British,No,No,No,,
POS00540,POS00531,Senior Analyst Trade Finance,Noor Karim,G9,JC9369,Professional,Corporate Banking,Example Bank,Corporate Banking,Trade Finance,Trade Finance Unit 2,Trade Finance Unit 2 — Team C,Trade Finance Unit 2 — Team C / Section 1,,Jeddah,Full-time,Filled,1,CC-1053,Business (1st line),Front office,Incentive,,user540@examplebank.com.sa,2012-04-27,Saudi,No,No,No,,
POS00541,POS00531,Specialist Trade Finance,Hassan Mansour,G9,JC2434,Professional,Corporate Banking,Example Bank,Corporate Banking,Trade Finance,Trade Finance Unit 2,Trade Finance Unit 2 — Team C,Trade Finance Unit 2 — Team C / Section 2,,Khobar,Full-time,Filled,1,CC-1005,Business (1st line),Front office,Incentive,,user541@examplebank.com.sa,2015-05-13,Saudi,No,No,No,,
POS00542,POS00531,Associate Trade Finance,أحمد العتيبي,G11,JC2671,Professional,Corporate Banking,Example Bank,Corporate Banking,Trade Finance,Trade Finance Unit 2,Trade Finance Unit 2 — Team C,Trade Finance Unit 2 — Team C / Section 1,,Riyadh,Full-time,Filled,1,CC-1020,Business (1st line),Front office,Fixed,,user542@examplebank.com.sa,2015-01-11,Saudi,No,No,No,,
POS00543,POS00531,Senior Officer Trade Finance,فيصل السبيعي,G12,JC5898,Management,Corporate Banking,Example Bank,Corporate Banking,Trade Finance,Trade Finance Unit 2,Trade Finance Unit 2 — Team C,Trade Finance Unit 2 — Team C / Section 1,,Dammam,Contractor,Filled,1,CC-1059,Business (1st line),Front office,Fixed,,user543@examplebank.com.sa,2008-08-08,Saudi,No,No,No,,
POS00544,POS00488,Senior Manager Trade Finance,Hassan Aziz,G14,JC9096,Leadership,Corporate Banking,Example Bank,Corporate Banking,Trade Finance,Trade Finance Unit 3,,,,Khobar,Contractor,Filled,1,CC-1055,Business (1st line),Front office,Incentive,,user544@examplebank.com.sa,2017-03-05,Saudi,No,No,No,,
POS00545,POS00544,Manager Trade Finance,Omar Idris,G13,JC4296,Management,Corporate Banking,Example Bank,Corporate Banking,Trade Finance,Trade Finance Unit 3,Trade Finance Unit 3 — Team A,,,Riyadh,Contractor,Filled,1,CC-1026,Business (1st line),Front office,Incentive,,user545@examplebank.com.sa,2022-11-10,Indian,No,No,No,,
POS00546,POS00545,Analyst Trade Finance,سلطان الغامدي,G12,JC4598,Management,Corporate Banking,Example Bank,Corporate Banking,Trade Finance,Trade Finance Unit 3,Trade Finance Unit 3 — Team A,Trade Finance Unit 3 — Team A / Section 1,,Riyadh,Full-time,Filled,0.5,CC-1013,Business (1st line),Front office,Fixed,,user546@examplebank.com.sa,2023-04-02,Saudi,No,No,No,,
POS00547,POS00545,Officer Trade Finance,Noor Nasser,G10,JC9146,Professional,Corporate Banking,Example Bank,Corporate Banking,Trade Finance,Trade Finance Unit 3,Trade Finance Unit 3 — Team A,Trade Finance Unit 3 — Team A / Section 1,,Riyadh,Full-time,Filled,1,CC-1054,Business (1st line),Front office,Fixed,,user547@examplebank.com.sa,2015-06-24,Saudi,No,No,No,,
POS00548,POS00545,Officer Trade Finance,Hassan Aziz,G10,JC3035,Professional,Corporate Banking,Example Bank,Corporate Banking,Trade Finance,Trade Finance Unit 3,Trade Finance Unit 3 — Team A,Trade Finance Unit 3 — Team A / Section 2,,Riyadh,Full-time,Filled,1,CC-1049,Business (1st line),Front office,Incentive,,user548@examplebank.com.sa,2023-03-10,Saudi,No,No,No,,
POS00549,POS00545,Senior Officer Trade Finance,عبدالله القحطاني,G10,JC8990,Professional,Corporate Banking,Example Bank,Corporate Banking,Trade Finance,Trade Finance Unit 3,Trade Finance Unit 3 — Team A,Trade Finance Unit 3 — Team A / Section 2,,Jeddah,Full-time,Filled,1,CC-1050,Business (1st line),Front office,Fixed,Saudi Graduates,user549@examplebank.com.sa,2018-05-22,Egyptian,No,No,Yes,دانة القحطاني,Ready now
POS00550,POS00545,Officer Trade Finance,,G11,JC4969,Professional,Corporate Banking,Example Bank,Corporate Banking,Trade Finance,Trade Finance Unit 3,Trade Finance Unit 3 — Team A,Trade Finance Unit 3 — Team A / Section 1,,Khobar,Full-time,Vacant,0.5,CC-1007,Business (1st line),Front office,Incentive,,,2014-01-06,Saudi,No,No,No,,
POS00551,POS00545,Senior Officer Trade Finance,Omar Mansour,G12,JC7356,Management,Corporate Banking,Example Bank,Corporate Banking,Trade Finance,Trade Finance Unit 3,Trade Finance Unit 3 — Team A,Trade Finance Unit 3 — Team A / Section 2,,Jeddah,Full-time,Filled,1,CC-1055,Business (1st line),Front office,Incentive,,user551@examplebank.com.sa,2021-08-14,Jordanian,No,No,No,,
POS00552,POS00544,Manager Trade Finance,Maya Baker,G13,JC4811,Management,Corporate Banking,Example Bank,Corporate Banking,Trade Finance,Trade Finance Unit 3,Trade Finance Unit 3 — Team B,,,Jeddah,Full-time,Filled,1,CC-1012,Business (1st line),Front office,Incentive,,user552@examplebank.com.sa,2025-04-07,Egyptian,No,No,No,,
POS00553,POS00552,Specialist Trade Finance,Noor Darwish,G12,JC6949,Management,Corporate Banking,Example Bank,Corporate Banking,Trade Finance,Trade Finance Unit 3,Trade Finance Unit 3 — Team B,Trade Finance Unit 3 — Team B / Section 1,,Riyadh,Full-time,Filled,1,CC-1054,Business (1st line),Front office,Bonus,,user553@examplebank.com.sa,2012-01-01,Indian,No,No,Yes,Ziad Siddiqui,Ready 3+ years
POS00554,POS00552,Analyst Trade Finance,,G10,JC3295,Professional,Corporate Banking,Example Bank,Corporate Banking,Trade Finance,Trade Finance Unit 3,Trade Finance Unit 3 — Team B,Trade Finance Unit 3 — Team B / Section 2,,Riyadh,Full-time,Vacant,1,CC-1058,Business (1st line),Front office,Fixed,,,2023-03-26,Saudi,No,No,No,,
POS00555,POS00552,Specialist Trade Finance,,G12,JC4786,Management,Corporate Banking,Example Bank,Corporate Banking,Trade Finance,Trade Finance Unit 3,Trade Finance Unit 3 — Team B,Trade Finance Unit 3 — Team B / Section 1,,Riyadh,Full-time,Vacant,1,CC-1018,Business (1st line),Front office,Incentive,,,2023-11-16,Egyptian,No,No,Yes,Salma Khan,Ready 3+ years
POS00556,POS00552,Analyst Trade Finance,,G9,JC7621,Professional,Corporate Banking,Example Bank,Corporate Banking,Trade Finance,Trade Finance Unit 3,Trade Finance Unit 3 — Team B,Trade Finance Unit 3 — Team B / Section 1,,Riyadh,Full-time,Vacant,1,CC-1053,Business (1st line),Front office,Incentive,,,2010-07-16,Saudi,No,No,No,,
POS00557,POS00552,Associate Trade Finance,Waleed Darwish,G10,JC4246,Professional,Corporate Banking,Example Bank,Corporate Banking,Trade Finance,Trade Finance Unit 3,Trade Finance Unit 3 — Team B,Trade Finance Unit 3 — Team B / Section 1,,Jeddah,Full-time,Filled,1,CC-1044,Business (1st line),Front office,Incentive,,user557@examplebank.com.sa,2020-12-04,British,No,No,No,,
POS00558,POS00552,Senior Analyst Trade Finance,Rami Haddad,G12,JC1929,Management,Corporate Banking,Example Bank,Corporate Banking,Trade Finance,Trade Finance Unit 3,Trade Finance Unit 3 — Team B,Trade Finance Unit 3 — Team B / Section 1,,Riyadh,Full-time,Filled,1,CC-1010,Business (1st line),Front office,Incentive,,user558@examplebank.com.sa,2020-08-09,British,No,No,No,,
POS00559,POS00544,Manager Trade Finance,نورة السبيعي,G13,JC6975,Management,Corporate Banking,Example Bank,Corporate Banking,Trade Finance,Trade Finance Unit 3,Trade Finance Unit 3 — Team C,,,Khobar,Full-time,Filled,1,CC-1058,Business (1st line),Front office,Bonus,Emerging Leaders,user559@examplebank.com.sa,2013-11-02,Saudi,No,No,Yes,Amal Aziz,Ready 1-2 years
POS00560,POS00559,Specialist Trade Finance,Nasser Haddad,G9,JC2755,Professional,Corporate Banking,Example Bank,Corporate Banking,Trade Finance,Trade Finance Unit 3,Trade Finance Unit 3 — Team C,Trade Finance Unit 3 — Team C / Section 2,,Jeddah,Full-time,Filled,1,CC-1036,Business (1st line),Front office,Incentive,,user560@examplebank.com.sa,2011-08-24,Egyptian,No,No,Yes,دانة الحربي,Ready 1-2 years
POS00561,POS00559,Associate Trade Finance,Rana Siddiqui,G11,JC4795,Professional,Corporate Banking,Example Bank,Corporate Banking,Trade Finance,Trade Finance Unit 3,Trade Finance Unit 3 — Team C,Trade Finance Unit 3 — Team C / Section 2,,Dammam,Contractor,Filled,1,CC-1054,Business (1st line),Front office,Incentive,,user561@examplebank.com.sa,2016-11-13,Jordanian,No,No,Yes,هند السبيعي,Ready 3+ years
POS00562,POS00559,Specialist Trade Finance,Yusuf Nasser,G10,JC2550,Professional,Corporate Banking,Example Bank,Corporate Banking,Trade Finance,Trade Finance Unit 3,Trade Finance Unit 3 — Team C,Trade Finance Unit 3 — Team C / Section 2,,Riyadh,Full-time,Filled,1,CC-1037,Business (1st line),Front office,Incentive,,user562@examplebank.com.sa,2011-10-09,Egyptian,No,No,No,,
POS00563,POS00559,Analyst Trade Finance,Huda Haddad,G11,JC7613,Professional,Corporate Banking,Example Bank,Corporate Banking,Trade Finance,Trade Finance Unit 3,Trade Finance Unit 3 — Team C,Trade Finance Unit 3 — Team C / Section 2,,Dammam,Full-time,Filled,1,CC-1015,Business (1st line),Front office,Incentive,,user563@examplebank.com.sa,2013-02-05,Saudi,No,No,No,,
POS00564,POS00559,Specialist Trade Finance,Rana Baker,G10,JC3948,Professional,Corporate Banking,Example Bank,Corporate Banking,Trade Finance,Trade Finance Unit 3,Trade Finance Unit 3 — Team C,Trade Finance Unit 3 — Team C / Section 2,,Jeddah,Full-time,Filled,1,CC-1052,Business (1st line),Front office,Fixed,,user564@examplebank.com.sa,2012-03-19,Saudi,No,No,No,,
POS00565,POS00559,Associate Trade Finance,,G11,JC2773,Professional,Corporate Banking,Example Bank,Corporate Banking,Trade Finance,Trade Finance Unit 3,Trade Finance Unit 3 — Team C,Trade Finance Unit 3 — Team C / Section 1,,Remote,Full-time,Vacant,1,CC-1012,Business (1st line),Front office,Fixed,,,2008-07-10,Saudi,No,No,No,,
POS00566,POS00325,Head of Transaction Banking,Ziad Darwish,G15,JC4131,Leadership,Corporate Banking,Example Bank,Corporate Banking,Transaction Banking,,,,,Remote,Full-time,Filled,1,CC-1033,Business (1st line),Front office,Incentive,,user566@examplebank.com.sa,2021-09-01,Saudi,Yes,No,No,,
POS00567,POS00566,Senior Manager Transaction Banking,Amal Aziz,G14,JC9080,Leadership,Corporate Banking,Example Bank,Corporate Banking,Transaction Banking,Transaction Banking Unit 1,,,,Riyadh,Full-time,Filled,1,CC-1044,Business (1st line),Front office,Incentive,,user567@examplebank.com.sa,2015-03-24,Saudi,No,No,Yes,Bilal Saleh,Ready 1-2 years
POS00568,POS00567,Manager Transaction Banking,Huda Aziz,G13,JC3838,Management,Corporate Banking,Example Bank,Corporate Banking,Transaction Banking,Transaction Banking Unit 1,Transaction Banking Unit 1 — Team A,,,Riyadh,Full-time,Filled,1,CC-1037,Business (1st line),Front office,Incentive,,user568@examplebank.com.sa,2020-12-27,Jordanian,No,No,No,,
POS00569,POS00568,Senior Analyst Transaction Banking,سارة الشمري,G12,JC9474,Management,Corporate Banking,Example Bank,Corporate Banking,Transaction Banking,Transaction Banking Unit 1,Transaction Banking Unit 1 — Team A,Transaction Banking Unit 1 — Team A / Section 1,,Dammam,Full-time,Filled,1,CC-1022,Business (1st line),Front office,Incentive,Emerging Leaders,user569@examplebank.com.sa,2015-02-01,Saudi,No,No,No,,
POS00570,POS00568,Officer Transaction Banking,Noor Baker,G12,JC9595,Management,Corporate Banking,Example Bank,Corporate Banking,Transaction Banking,Transaction Banking Unit 1,Transaction Banking Unit 1 — Team A,Transaction Banking Unit 1 — Team A / Section 1,,Riyadh,Full-time,Filled,1,CC-1000,Business (1st line),Front office,Incentive,,user570@examplebank.com.sa,2009-04-25,British,No,No,No,,
POS00571,POS00568,Analyst Transaction Banking,,G9,JC1908,Professional,Corporate Banking,Example Bank,Corporate Banking,Transaction Banking,Transaction Banking Unit 1,Transaction Banking Unit 1 — Team A,Transaction Banking Unit 1 — Team A / Section 1,,Remote,Contractor,Vacant,1,CC-1023,Business (1st line),Front office,Incentive,Specialist Bench,,2013-10-14,Jordanian,No,No,No,,
POS00572,POS00568,Associate Transaction Banking,Aisha Qureshi,G11,JC2466,Professional,Corporate Banking,Example Bank,Corporate Banking,Transaction Banking,Transaction Banking Unit 1,Transaction Banking Unit 1 — Team A,Transaction Banking Unit 1 — Team A / Section 1,,Khobar,Full-time,Filled,1,CC-1055,Business (1st line),Front office,Incentive,,user572@examplebank.com.sa,2016-03-15,Saudi,No,No,No,,
POS00573,POS00568,Associate Transaction Banking,Karim Baker,G10,JC3553,Professional,Corporate Banking,Example Bank,Corporate Banking,Transaction Banking,Transaction Banking Unit 1,Transaction Banking Unit 1 — Team A,Transaction Banking Unit 1 — Team A / Section 1,,Riyadh,Full-time,Filled,1,CC-1031,Business (1st line),Front office,Incentive,,user573@examplebank.com.sa,2020-05-10,Saudi,No,No,Yes,نورة العتيبي,Ready now
POS00574,POS00568,Analyst Transaction Banking,Omar Qureshi,G9,JC4280,Professional,Corporate Banking,Example Bank,Corporate Banking,Transaction Banking,Transaction Banking Unit 1,Transaction Banking Unit 1 — Team A,Transaction Banking Unit 1 — Team A / Section 2,,Riyadh,Full-time,Filled,1,CC-1015,Business (1st line),Front office,Incentive,,user574@examplebank.com.sa,2023-03-06,Saudi,No,No,No,,
POS00575,POS00568,Officer Transaction Banking,نورة الحربي,G12,JC6811,Management,Corporate Banking,Example Bank,Corporate Banking,Transaction Banking,Transaction Banking Unit 1,Transaction Banking Unit 1 — Team A,Transaction Banking Unit 1 — Team A / Section 1,,Khobar,Full-time,Filled,1,CC-1047,Business (1st line),Front office,Incentive,,user575@examplebank.com.sa,2008-12-14,Saudi,No,No,No,,
POS00576,POS00568,Senior Officer Transaction Banking,Maya Karim,G12,JC4794,Management,Corporate Banking,Example Bank,Corporate Banking,Transaction Banking,Transaction Banking Unit 1,Transaction Banking Unit 1 — Team A,Transaction Banking Unit 1 — Team A / Section 1,,Riyadh,Full-time,Filled,1,CC-1009,Business (1st line),Front office,Incentive,,user576@examplebank.com.sa,2022-08-12,Saudi,No,No,No,,
POS00577,POS00568,Senior Analyst Transaction Banking,عبدالله الزهراني,G10,JC4366,Professional,Corporate Banking,Example Bank,Corporate Banking,Transaction Banking,Transaction Banking Unit 1,Transaction Banking Unit 1 — Team A,Transaction Banking Unit 1 — Team A / Section 1,,Jeddah,Full-time,Filled,1,CC-1013,Business (1st line),Front office,Incentive,,user577@examplebank.com.sa,2024-10-01,Indian,No,No,No,,
POS00578,POS00568,Officer Transaction Banking,,G10,JC2680,Professional,Corporate Banking,Example Bank,Corporate Banking,Transaction Banking,Transaction Banking Unit 1,Transaction Banking Unit 1 — Team A,Transaction Banking Unit 1 — Team A / Section 2,,Riyadh,Full-time,Vacant,0.5,CC-1055,Business (1st line),Front office,Fixed,,,2011-07-19,Saudi,No,No,No,,
POS00579,POS00568,Analyst Transaction Banking,Noor Rashed,G12,JC4603,Management,Corporate Banking,Example Bank,Corporate Banking,Transaction Banking,Transaction Banking Unit 1,Transaction Banking Unit 1 — Team A,Transaction Banking Unit 1 — Team A / Section 2,,Khobar,Full-time,Filled,1,CC-1052,Business (1st line),Front office,Incentive,,user579@examplebank.com.sa,2023-07-15,Saudi,No,No,Yes,فيصل الزهراني,Ready 3+ years
POS00580,POS00568,Specialist Transaction Banking,Rana Saleh,G12,JC6948,Management,Corporate Banking,Example Bank,Corporate Banking,Transaction Banking,Transaction Banking Unit 1,Transaction Banking Unit 1 — Team A,Transaction Banking Unit 1 — Team A / Section 1,,Riyadh,Full-time,Filled,1,CC-1020,Business (1st line),Front office,Incentive,,user580@examplebank.com.sa,2022-07-08,Saudi,No,No,No,,
POS00581,POS00567,Manager Transaction Banking,أحمد الزهراني,G13,JC4944,Management,Corporate Banking,Example Bank,Corporate Banking,Transaction Banking,Transaction Banking Unit 1,Transaction Banking Unit 1 — Team B,,,Riyadh,Full-time,Filled,1,CC-1001,Business (1st line),Front office,Incentive,,user581@examplebank.com.sa,2009-11-07,Saudi,No,No,Yes,Amal Aziz,Ready 1-2 years
POS00582,POS00581,Senior Officer Transaction Banking,Sami Osman,G11,JC5769,Professional,Corporate Banking,Example Bank,Corporate Banking,Transaction Banking,Transaction Banking Unit 1,Transaction Banking Unit 1 — Team B,Transaction Banking Unit 1 — Team B / Section 1,,Khobar,Full-time,Filled,1,CC-1037,Business (1st line),Front office,Incentive,,user582@examplebank.com.sa,2025-03-25,Jordanian,No,No,No,,
POS00583,POS00581,Senior Analyst Transaction Banking,Nasser Farouk,G9,JC1120,Professional,Corporate Banking,Example Bank,Corporate Banking,Transaction Banking,Transaction Banking Unit 1,Transaction Banking Unit 1 — Team B,Transaction Banking Unit 1 — Team B / Section 2,,Jeddah,Full-time,Filled,1,CC-1051,Business (1st line),Front office,Incentive,,user583@examplebank.com.sa,2013-09-09,Saudi,No,No,No,,
POS00584,POS00581,Senior Analyst Transaction Banking,Lina Saleh,G11,JC3016,Professional,Corporate Banking,Example Bank,Corporate Banking,Transaction Banking,Transaction Banking Unit 1,Transaction Banking Unit 1 — Team B,Transaction Banking Unit 1 — Team B / Section 1,,Dammam,Full-time,Filled,1,CC-1031,Business (1st line),Front office,Incentive,,user584@examplebank.com.sa,2018-08-19,Egyptian,No,No,No,,
POS00585,POS00581,Analyst Transaction Banking,,G10,JC5050,Professional,Corporate Banking,Example Bank,Corporate Banking,Transaction Banking,Transaction Banking Unit 1,Transaction Banking Unit 1 — Team B,Transaction Banking Unit 1 — Team B / Section 2,,Riyadh,Full-time,Vacant,1,CC-1024,Business (1st line),Front office,Bonus,,,2019-09-28,Saudi,No,No,Yes,Maya Fahmy,Ready now
POS00586,POS00581,Specialist Transaction Banking,Bilal Haddad,G11,JC7065,Professional,Corporate Banking,Example Bank,Corporate Banking,Transaction Banking,Transaction Banking Unit 1,Transaction Banking Unit 1 — Team B,Transaction Banking Unit 1 — Team B / Section 1,,Jeddah,Full-time,Filled,1,CC-1008,Business (1st line),Front office,Incentive,,user586@examplebank.com.sa,2013-09-15,Jordanian,No,No,No,,
POS00587,POS00581,Specialist Transaction Banking,نورة المطيري,G11,JC6495,Professional,Corporate Banking,Example Bank,Corporate Banking,Transaction Banking,Transaction Banking Unit 1,Transaction Banking Unit 1 — Team B,Transaction Banking Unit 1 — Team B / Section 1,,Riyadh,Full-time,Filled,1,CC-1048,Business (1st line),Front office,Incentive,,user587@examplebank.com.sa,2019-01-14,Saudi,No,No,No,,
POS00588,POS00567,Manager Transaction Banking,Omar Darwish,G13,JC1343,Management,Corporate Banking,Example Bank,Corporate Banking,Transaction Banking,Transaction Banking Unit 1,Transaction Banking Unit 1 — Team C,,,Riyadh,Full-time,Filled,1,CC-1040,Business (1st line),Front office,Incentive,,user588@examplebank.com.sa,2024-03-19,Saudi,No,No,No,,
POS00589,POS00588,Analyst Transaction Banking,ماجد الزهراني,G12,JC9715,Management,Corporate Banking,Example Bank,Corporate Banking,Transaction Banking,Transaction Banking Unit 1,Transaction Banking Unit 1 — Team C,Transaction Banking Unit 1 — Team C / Section 2,,Jeddah,Full-time,Filled,1,CC-1002,Business (1st line),Front office,Incentive,,user589@examplebank.com.sa,2010-09-20,Saudi,No,No,No,,
POS00590,POS00588,Officer Transaction Banking,Tariq Haddad,G9,JC5344,Professional,Corporate Banking,Example Bank,Corporate Banking,Transaction Banking,Transaction Banking Unit 1,Transaction Banking Unit 1 — Team C,Transaction Banking Unit 1 — Team C / Section 2,,Riyadh,Full-time,Filled,0.5,CC-1039,Business (1st line),Front office,Incentive,,user590@examplebank.com.sa,2017-02-08,Saudi,No,No,No,,
POS00591,POS00588,Analyst Transaction Banking,خالد الحربي,G11,JC9903,Professional,Corporate Banking,Example Bank,Corporate Banking,Transaction Banking,Transaction Banking Unit 1,Transaction Banking Unit 1 — Team C,Transaction Banking Unit 1 — Team C / Section 1,,Riyadh,Full-time,Filled,1,CC-1035,Business (1st line),Front office,Incentive,,user591@examplebank.com.sa,2015-02-19,Egyptian,No,No,No,,
POS00592,POS00588,Senior Officer Transaction Banking,Maya Younes,G12,JC7830,Management,Corporate Banking,Example Bank,Corporate Banking,Transaction Banking,Transaction Banking Unit 1,Transaction Banking Unit 1 — Team C,Transaction Banking Unit 1 — Team C / Section 1,,Jeddah,Full-time,Filled,1,CC-1053,Business (1st line),Front office,Fixed,,user592@examplebank.com.sa,2019-06-09,Saudi,No,No,No,,
POS00593,POS00588,Analyst Transaction Banking,Ziad Bakr,G10,JC9035,Professional,Corporate Banking,Example Bank,Corporate Banking,Transaction Banking,Transaction Banking Unit 1,Transaction Banking Unit 1 — Team C,Transaction Banking Unit 1 — Team C / Section 2,,Jeddah,Full-time,Filled,1,CC-1007,Business (1st line),Front office,Incentive,,user593@examplebank.com.sa,2017-12-14,Saudi,No,No,No,,
POS00594,POS00588,Specialist Transaction Banking,Rami Bakr,G12,JC9919,Management,Corporate Banking,Example Bank,Corporate Banking,Transaction Banking,Transaction Banking Unit 1,Transaction Banking Unit 1 — Team C,Transaction Banking Unit 1 — Team C / Section 1,,Riyadh,Full-time,Filled,1,CC-1052,Business (1st line),Front office,Incentive,,user594@examplebank.com.sa,2009-11-14,Saudi,No,No,Yes,Aisha Fahmy,Ready 1-2 years
POS00595,POS00588,Analyst Transaction Banking,Lina Mansour,G10,JC1613,Professional,Corporate Banking,Example Bank,Corporate Banking,Transaction Banking,Transaction Banking Unit 1,Transaction Banking Unit 1 — Team C,Transaction Banking Unit 1 — Team C / Section 2,,Jeddah,Full-time,Filled,1,CC-1058,Business (1st line),Front office,Incentive,,user595@examplebank.com.sa,2020-03-17,British,No,No,No,,
POS00596,POS00588,Associate Transaction Banking,Mona Younes,G11,JC3209,Professional,Corporate Banking,Example Bank,Corporate Banking,Transaction Banking,Transaction Banking Unit 1,Transaction Banking Unit 1 — Team C,Transaction Banking Unit 1 — Team C / Section 1,,Khobar,Full-time,Filled,1,CC-1025,Business (1st line),Front office,Incentive,,user596@examplebank.com.sa,2020-12-28,Jordanian,No,No,No,,
POS00597,POS00588,Officer Transaction Banking,Adel Haddad,G10,JC7125,Professional,Corporate Banking,Example Bank,Corporate Banking,Transaction Banking,Transaction Banking Unit 1,Transaction Banking Unit 1 — Team C,Transaction Banking Unit 1 — Team C / Section 2,,Jeddah,Full-time,Filled,1,CC-1027,Business (1st line),Front office,Fixed,,user597@examplebank.com.sa,2015-10-17,Saudi,No,No,No,,
POS00598,POS00588,Senior Analyst Transaction Banking,Jana Karim,G12,JC4217,Management,Corporate Banking,Example Bank,Corporate Banking,Transaction Banking,Transaction Banking Unit 1,Transaction Banking Unit 1 — Team C,Transaction Banking Unit 1 — Team C / Section 2,,Riyadh,Contractor,Filled,1,CC-1029,Business (1st line),Front office,Incentive,,user598@examplebank.com.sa,2020-11-22,British,No,No,No,,
POS00599,POS00588,Officer Transaction Banking,Omar Saleh,G9,JC7618,Professional,Corporate Banking,Example Bank,Corporate Banking,Transaction Banking,Transaction Banking Unit 1,Transaction Banking Unit 1 — Team C,Transaction Banking Unit 1 — Team C / Section 2,,Riyadh,Contractor,Filled,1,CC-1033,Business (1st line),Front office,Incentive,,user599@examplebank.com.sa,2024-02-18,Saudi,No,No,No,,
POS00600,POS00588,Associate Transaction Banking,Waleed Nasser,G9,JC1030,Professional,Corporate Banking,Example Bank,Corporate Banking,Transaction Banking,Transaction Banking Unit 1,Transaction Banking Unit 1 — Team C,Transaction Banking Unit 1 — Team C / Section 1,,Khobar,Full-time,Filled,1,CC-1024,Business (1st line),Front office,Fixed,,user600@examplebank.com.sa,2018-02-21,Jordanian,No,No,No,,
POS00601,POS00566,Senior Manager Transaction Banking,نورة السبيعي,G14,JC4882,Leadership,Corporate Banking,Example Bank,Corporate Banking,Transaction Banking,Transaction Banking Unit 2,,,,Riyadh,Contractor,Filled,1,CC-1015,Business (1st line),Front office,Incentive,,user601@examplebank.com.sa,2013-11-17,Saudi,No,No,No,,
POS00602,POS00601,Manager Transaction Banking,Adel Qureshi,G13,JC5208,Management,Corporate Banking,Example Bank,Corporate Banking,Transaction Banking,Transaction Banking Unit 2,Transaction Banking Unit 2 — Team A,,,Dammam,Full-time,Filled,1,CC-1015,Business (1st line),Front office,Bonus,,user602@examplebank.com.sa,2017-02-02,Saudi,No,No,No,,
POS00603,POS00602,Associate Transaction Banking,عبدالله الدوسري,G9,JC1269,Professional,Corporate Banking,Example Bank,Corporate Banking,Transaction Banking,Transaction Banking Unit 2,Transaction Banking Unit 2 — Team A,Transaction Banking Unit 2 — Team A / Section 2,,Riyadh,Full-time,Filled,1,CC-1007,Business (1st line),Front office,Incentive,,user603@examplebank.com.sa,2015-06-12,Indian,No,No,No,,
POS00604,POS00602,Specialist Transaction Banking,,G9,JC8463,Professional,Corporate Banking,Example Bank,Corporate Banking,Transaction Banking,Transaction Banking Unit 2,Transaction Banking Unit 2 — Team A,Transaction Banking Unit 2 — Team A / Section 1,,Dammam,Contractor,Vacant,1,CC-1048,Business (1st line),Front office,Incentive,,,2008-05-24,Saudi,No,No,No,,
POS00605,POS00602,Officer Transaction Banking,Noor Aziz,G12,JC5239,Management,Corporate Banking,Example Bank,Corporate Banking,Transaction Banking,Transaction Banking Unit 2,Transaction Banking Unit 2 — Team A,Transaction Banking Unit 2 — Team A / Section 2,,Dammam,Full-time,Filled,1,CC-1026,Business (1st line),Front office,Bonus,,user605@examplebank.com.sa,2009-08-09,Saudi,No,No,No,,
POS00606,POS00602,Officer Transaction Banking,Nasser Osman,G11,JC2603,Professional,Corporate Banking,Example Bank,Corporate Banking,Transaction Banking,Transaction Banking Unit 2,Transaction Banking Unit 2 — Team A,Transaction Banking Unit 2 — Team A / Section 1,,Remote,Full-time,Filled,1,CC-1030,Business (1st line),Front office,Incentive,,user606@examplebank.com.sa,2015-11-25,Jordanian,No,No,Yes,عبدالله الحربي,Ready 3+ years
POS00607,POS00602,Specialist Transaction Banking,سارة القحطاني,G10,JC9963,Professional,Corporate Banking,Example Bank,Corporate Banking,Transaction Banking,Transaction Banking Unit 2,Transaction Banking Unit 2 — Team A,Transaction Banking Unit 2 — Team A / Section 1,,Remote,Full-time,Filled,1,CC-1032,Business (1st line),Front office,Incentive,,user607@examplebank.com.sa,2016-01-09,Saudi,No,No,No,,
POS00608,POS00602,Associate Transaction Banking,,G10,JC6643,Professional,Corporate Banking,Example Bank,Corporate Banking,Transaction Banking,Transaction Banking Unit 2,Transaction Banking Unit 2 — Team A,Transaction Banking Unit 2 — Team A / Section 2,,Jeddah,Full-time,Vacant,1,CC-1037,Business (1st line),Front office,Incentive,,,2014-04-19,Egyptian,No,No,No,,
POS00609,POS00602,Analyst Transaction Banking,Lina Khan,G9,JC8271,Professional,Corporate Banking,Example Bank,Corporate Banking,Transaction Banking,Transaction Banking Unit 2,Transaction Banking Unit 2 — Team A,Transaction Banking Unit 2 — Team A / Section 2,,Riyadh,Contractor,Filled,1,CC-1009,Business (1st line),Front office,Fixed,Future Executives,user609@examplebank.com.sa,2015-08-07,Indian,No,No,No,,
POS00610,POS00602,Officer Transaction Banking,Layla Osman,G10,JC2837,Professional,Corporate Banking,Example Bank,Corporate Banking,Transaction Banking,Transaction Banking Unit 2,Transaction Banking Unit 2 — Team A,Transaction Banking Unit 2 — Team A / Section 2,,Riyadh,Full-time,Filled,1,CC-1054,Business (1st line),Front office,Fixed,,user610@examplebank.com.sa,2014-11-13,Saudi,No,No,No,,
POS00611,POS00602,Associate Transaction Banking,Karim Idris,G10,JC7407,Professional,Corporate Banking,Example Bank,Corporate Banking,Transaction Banking,Transaction Banking Unit 2,Transaction Banking Unit 2 — Team A,Transaction Banking Unit 2 — Team A / Section 1,,Khobar,Full-time,Filled,1,CC-1046,Business (1st line),Front office,Incentive,,user611@examplebank.com.sa,2017-10-03,British,No,No,No,,
POS00612,POS00601,Manager Transaction Banking,ماجد الحربي,G13,JC1659,Management,Corporate Banking,Example Bank,Corporate Banking,Transaction Banking,Transaction Banking Unit 2,Transaction Banking Unit 2 — Team B,,,Dammam,Contractor,Filled,1,CC-1035,Business (1st line),Front office,Incentive,,user612@examplebank.com.sa,2016-12-16,Saudi,No,No,No,,
POS00613,POS00612,Officer Transaction Banking,Omar Rashed,G10,JC4769,Professional,Corporate Banking,Example Bank,Corporate Banking,Transaction Banking,Transaction Banking Unit 2,Transaction Banking Unit 2 — Team B,Transaction Banking Unit 2 — Team B / Section 2,,Remote,Full-time,Filled,1,CC-1034,Business (1st line),Front office,Incentive,Saudi Graduates,user613@examplebank.com.sa,2010-02-26,Jordanian,No,No,Yes,Ziad Qureshi,Ready now
POS00614,POS00612,Officer Transaction Banking,,G9,JC2075,Professional,Corporate Banking,Example Bank,Corporate Banking,Transaction Banking,Transaction Banking Unit 2,Transaction Banking Unit 2 — Team B,Transaction Banking Unit 2 — Team B / Section 2,,Jeddah,Full-time,Vacant,1,CC-1028,Business (1st line),Front office,Incentive,,,2014-02-27,Egyptian,No,No,No,,
POS00615,POS00612,Analyst Transaction Banking,,G10,JC1970,Professional,Corporate Banking,Example Bank,Corporate Banking,Transaction Banking,Transaction Banking Unit 2,Transaction Banking Unit 2 — Team B,Transaction Banking Unit 2 — Team B / Section 1,,Dammam,Full-time,Vacant,1,CC-1041,Business (1st line),Front office,Incentive,,,2025-04-24,Saudi,No,No,No,,
POS00616,POS00612,Officer Transaction Banking,ماجد الغامدي,G9,JC5944,Professional,Corporate Banking,Example Bank,Corporate Banking,Transaction Banking,Transaction Banking Unit 2,Transaction Banking Unit 2 — Team B,Transaction Banking Unit 2 — Team B / Section 2,,Riyadh,Full-time,Filled,1,CC-1052,Business (1st line),Front office,Incentive,,user616@examplebank.com.sa,2008-10-19,Saudi,No,No,No,,
POS00617,POS00612,Associate Transaction Banking,Ziad Rashed,G11,JC9942,Professional,Corporate Banking,Example Bank,Corporate Banking,Transaction Banking,Transaction Banking Unit 2,Transaction Banking Unit 2 — Team B,Transaction Banking Unit 2 — Team B / Section 2,,Dammam,Full-time,Filled,1,CC-1048,Business (1st line),Front office,Incentive,,user617@examplebank.com.sa,2011-03-07,Saudi,No,No,No,,
POS00618,POS00612,Specialist Transaction Banking,Ziad Saleh,G11,JC8921,Professional,Corporate Banking,Example Bank,Corporate Banking,Transaction Banking,Transaction Banking Unit 2,Transaction Banking Unit 2 — Team B,Transaction Banking Unit 2 — Team B / Section 2,,Riyadh,Full-time,Filled,1,CC-1010,Business (1st line),Front office,Incentive,,user618@examplebank.com.sa,2021-04-02,Saudi,No,No,No,,
POS00619,POS00612,Associate Transaction Banking,Huda Aziz,G12,JC7605,Management,Corporate Banking,Example Bank,Corporate Banking,Transaction Banking,Transaction Banking Unit 2,Transaction Banking Unit 2 — Team B,Transaction Banking Unit 2 — Team B / Section 1,,Dammam,Full-time,Filled,1,CC-1043,Business (1st line),Front office,Incentive,,user619@examplebank.com.sa,2017-09-24,Saudi,No,No,Yes,Tariq Younes,Ready now
POS00620,POS00612,Officer Transaction Banking,Tariq Bakr,G10,JC2315,Professional,Corporate Banking,Example Bank,Corporate Banking,Transaction Banking,Transaction Banking Unit 2,Transaction Banking Unit 2 — Team B,Transaction Banking Unit 2 — Team B / Section 2,,Remote,Contractor,Filled,1,CC-1043,Business (1st line),Front office,Incentive,,user620@examplebank.com.sa,2009-03-27,British,No,No,No,,
POS00621,POS00612,Associate Transaction Banking,هند العتيبي,G12,JC6653,Management,Corporate Banking,Example Bank,Corporate Banking,Transaction Banking,Transaction Banking Unit 2,Transaction Banking Unit 2 — Team B,Transaction Banking Unit 2 — Team B / Section 1,,Dammam,Full-time,Filled,1,CC-1003,Business (1st line),Front office,Incentive,,user621@examplebank.com.sa,2019-09-01,Indian,No,No,No,,
POS00622,POS00601,Manager Transaction Banking,Mona Karim,G13,JC2930,Management,Corporate Banking,Example Bank,Corporate Banking,Transaction Banking,Transaction Banking Unit 2,Transaction Banking Unit 2 — Team C,,,Jeddah,Full-time,Filled,1,CC-1028,Business (1st line),Front office,Bonus,,user622@examplebank.com.sa,2025-04-11,Saudi,No,No,No,,
POS00623,POS00622,Officer Transaction Banking,Lina Mansour,G10,JC7637,Professional,Corporate Banking,Example Bank,Corporate Banking,Transaction Banking,Transaction Banking Unit 2,Transaction Banking Unit 2 — Team C,Transaction Banking Unit 2 — Team C / Section 1,,Dammam,Full-time,Filled,1,CC-1022,Business (1st line),Front office,Incentive,,user623@examplebank.com.sa,2012-01-02,Saudi,No,No,No,,
POS00624,POS00622,Senior Analyst Transaction Banking,Karim Younes,G10,JC4912,Professional,Corporate Banking,Example Bank,Corporate Banking,Transaction Banking,Transaction Banking Unit 2,Transaction Banking Unit 2 — Team C,Transaction Banking Unit 2 — Team C / Section 2,,Remote,Full-time,Filled,1,CC-1060,Business (1st line),Front office,Incentive,,user624@examplebank.com.sa,2016-10-02,Saudi,No,No,No,,
POS00625,POS00622,Specialist Transaction Banking,Ziad Idris,G10,JC9447,Professional,Corporate Banking,Example Bank,Corporate Banking,Transaction Banking,Transaction Banking Unit 2,Transaction Banking Unit 2 — Team C,Transaction Banking Unit 2 — Team C / Section 1,,Jeddah,Contractor,Filled,1,CC-1008,Business (1st line),Front office,Incentive,,user625@examplebank.com.sa,2018-11-07,Saudi,No,No,No,,
POS00626,POS00622,Senior Officer Transaction Banking,Noor Saleh,G10,JC4740,Professional,Corporate Banking,Example Bank,Corporate Banking,Transaction Banking,Transaction Banking Unit 2,Transaction Banking Unit 2 — Team C,Transaction Banking Unit 2 — Team C / Section 2,,Riyadh,Full-time,Filled,1,CC-1053,Business (1st line),Front office,Incentive,,user626@examplebank.com.sa,2020-09-16,Saudi,No,No,No,,
POS00627,POS00622,Senior Analyst Transaction Banking,خالد الشمري,G10,JC8461,Professional,Corporate Banking,Example Bank,Corporate Banking,Transaction Banking,Transaction Banking Unit 2,Transaction Banking Unit 2 — Team C,Transaction Banking Unit 2 — Team C / Section 2,,Remote,Full-time,Filled,1,CC-1053,Business (1st line),Front office,Fixed,,user627@examplebank.com.sa,2025-05-02,Saudi,No,No,No,,
POS00628,POS00622,Senior Analyst Transaction Banking,Sami Mansour,G11,JC5233,Professional,Corporate Banking,Example Bank,Corporate Banking,Transaction Banking,Transaction Banking Unit 2,Transaction Banking Unit 2 — Team C,Transaction Banking Unit 2 — Team C / Section 2,,Riyadh,Full-time,Filled,1,CC-1022,Business (1st line),Front office,Fixed,,user628@examplebank.com.sa,2025-02-11,Jordanian,No,No,No,,
POS00629,POS00622,Associate Transaction Banking,Amal Darwish,G11,JC6847,Professional,Corporate Banking,Example Bank,Corporate Banking,Transaction Banking,Transaction Banking Unit 2,Transaction Banking Unit 2 — Team C,Transaction Banking Unit 2 — Team C / Section 1,,Riyadh,Full-time,Filled,1,CC-1059,Business (1st line),Front office,Fixed,,user629@examplebank.com.sa,2024-11-23,Indian,No,No,No,,
POS00630,POS00622,Specialist Transaction Banking,Rami Karim,G10,JC4436,Professional,Corporate Banking,Example Bank,Corporate Banking,Transaction Banking,Transaction Banking Unit 2,Transaction Banking Unit 2 — Team C,Transaction Banking Unit 2 — Team C / Section 2,,Jeddah,Full-time,Filled,1,CC-1039,Business (1st line),Front office,Incentive,,user630@examplebank.com.sa,2024-04-08,Jordanian,No,No,No,,
POS00631,POS00566,Senior Manager Transaction Banking,Rana Younes,G14,JC6989,Leadership,Corporate Banking,Example Bank,Corporate Banking,Transaction Banking,Transaction Banking Unit 3,,,,Jeddah,Full-time,Filled,1,CC-1002,Business (1st line),Front office,Incentive,,user631@examplebank.com.sa,2012-10-21,Indian,No,No,No,,
POS00632,POS00631,Manager Transaction Banking,Bilal Siddiqui,G13,JC7133,Management,Corporate Banking,Example Bank,Corporate Banking,Transaction Banking,Transaction Banking Unit 3,Transaction Banking Unit 3 — Team A,,,Jeddah,Full-time,Filled,1,CC-1051,Business (1st line),Front office,Bonus,,user632@examplebank.com.sa,2014-05-23,Saudi,No,No,No,,
POS00633,POS00632,Senior Officer Transaction Banking,Adel Bakr,G11,JC6935,Professional,Corporate Banking,Example Bank,Corporate Banking,Transaction Banking,Transaction Banking Unit 3,Transaction Banking Unit 3 — Team A,Transaction Banking Unit 3 — Team A / Section 2,,Jeddah,Full-time,Filled,1,CC-1046,Business (1st line),Front office,Incentive,,user633@examplebank.com.sa,2024-08-19,Saudi,No,No,No,,
POS00634,POS00632,Specialist Transaction Banking,لطيفة الزهراني,G12,JC3029,Management,Corporate Banking,Example Bank,Corporate Banking,Transaction Banking,Transaction Banking Unit 3,Transaction Banking Unit 3 — Team A,Transaction Banking Unit 3 — Team A / Section 2,,Remote,Full-time,Filled,1,CC-1049,Business (1st line),Front office,Bonus,,user634@examplebank.com.sa,2018-08-25,Saudi,No,No,No,,
POS00635,POS00632,Specialist Transaction Banking,,G9,JC7313,Professional,Corporate Banking,Example Bank,Corporate Banking,Transaction Banking,Transaction Banking Unit 3,Transaction Banking Unit 3 — Team A,Transaction Banking Unit 3 — Team A / Section 2,,Khobar,Full-time,Vacant,1,CC-1008,Business (1st line),Front office,Fixed,,,2011-06-26,British,No,No,No,,
POS00636,POS00632,Associate Transaction Banking,Rami Karim,G12,JC6791,Management,Corporate Banking,Example Bank,Corporate Banking,Transaction Banking,Transaction Banking Unit 3,Transaction Banking Unit 3 — Team A,Transaction Banking Unit 3 — Team A / Section 1,,Khobar,Full-time,Filled,1,CC-1023,Business (1st line),Front office,Incentive,,user636@examplebank.com.sa,2018-07-09,Saudi,No,No,No,,
POS00637,POS00632,Officer Transaction Banking,Karim Aziz,G12,JC8767,Management,Corporate Banking,Example Bank,Corporate Banking,Transaction Banking,Transaction Banking Unit 3,Transaction Banking Unit 3 — Team A,Transaction Banking Unit 3 — Team A / Section 1,,Riyadh,Contractor,Filled,1,CC-1009,Business (1st line),Front office,Incentive,,user637@examplebank.com.sa,2019-12-23,Saudi,No,No,No,,
POS00638,POS00632,Associate Transaction Banking,Layla Khan,G11,JC8712,Professional,Corporate Banking,Example Bank,Corporate Banking,Transaction Banking,Transaction Banking Unit 3,Transaction Banking Unit 3 — Team A,Transaction Banking Unit 3 — Team A / Section 2,,Dammam,Full-time,Filled,1,CC-1025,Business (1st line),Front office,Bonus,,user638@examplebank.com.sa,2011-02-05,Saudi,No,No,No,,
POS00639,POS00632,Associate Transaction Banking,نورة الزهراني,G10,JC6253,Professional,Corporate Banking,Example Bank,Corporate Banking,Transaction Banking,Transaction Banking Unit 3,Transaction Banking Unit 3 — Team A,Transaction Banking Unit 3 — Team A / Section 2,,Jeddah,Full-time,Filled,1,CC-1020,Business (1st line),Front office,Incentive,,user639@examplebank.com.sa,2025-12-06,Saudi,No,No,Yes,Huda Mansour,Ready 1-2 years
POS00640,POS00632,Senior Analyst Transaction Banking,Dana Qureshi,G12,JC7677,Management,Corporate Banking,Example Bank,Corporate Banking,Transaction Banking,Transaction Banking Unit 3,Transaction Banking Unit 3 — Team A,Transaction Banking Unit 3 — Team A / Section 2,,Jeddah,Full-time,Filled,1,CC-1034,Business (1st line),Front office,Bonus,Specialist Bench,user640@examplebank.com.sa,2024-03-21,Saudi,No,No,No,,
POS00641,POS00632,Associate Transaction Banking,ماجد السبيعي,G10,JC7647,Professional,Corporate Banking,Example Bank,Corporate Banking,Transaction Banking,Transaction Banking Unit 3,Transaction Banking Unit 3 — Team A,Transaction Banking Unit 3 — Team A / Section 2,,Jeddah,Full-time,Filled,1,CC-1002,Business (1st line),Front office,Incentive,,user641@examplebank.com.sa,2014-01-25,Saudi,No,No,No,,
POS00642,POS00632,Senior Analyst Transaction Banking,Mona Aziz,G11,JC3184,Professional,Corporate Banking,Example Bank,Corporate Banking,Transaction Banking,Transaction Banking Unit 3,Transaction Banking Unit 3 — Team A,Transaction Banking Unit 3 — Team A / Section 1,,Dammam,Full-time,Filled,1,CC-1039,Business (1st line),Front office,Incentive,,user642@examplebank.com.sa,2015-07-05,Saudi,No,No,No,,
POS00643,POS00631,Manager Transaction Banking,نورة الغامدي,G13,JC1325,Management,Corporate Banking,Example Bank,Corporate Banking,Transaction Banking,Transaction Banking Unit 3,Transaction Banking Unit 3 — Team B,,,Remote,Full-time,Filled,1,CC-1013,Business (1st line),Front office,Incentive,,user643@examplebank.com.sa,2019-04-14,Saudi,No,No,No,,
POS00644,POS00643,Analyst Transaction Banking,Lina Siddiqui,G10,JC1163,Professional,Corporate Banking,Example Bank,Corporate Banking,Transaction Banking,Transaction Banking Unit 3,Transaction Banking Unit 3 — Team B,Transaction Banking Unit 3 — Team B / Section 2,,Remote,Full-time,Filled,1,CC-1043,Business (1st line),Front office,Incentive,,user644@examplebank.com.sa,2018-11-02,Jordanian,No,No,Yes,Dana Qureshi,Ready 3+ years
POS00645,POS00643,Senior Officer Transaction Banking,Waleed Nasser,G9,JC6674,Professional,Corporate Banking,Example Bank,Corporate Banking,Transaction Banking,Transaction Banking Unit 3,Transaction Banking Unit 3 — Team B,Transaction Banking Unit 3 — Team B / Section 1,,Jeddah,Full-time,Filled,1,CC-1046,Business (1st line),Front office,Bonus,,user645@examplebank.com.sa,2020-09-25,Jordanian,No,No,No,,
POS00646,POS00643,Officer Transaction Banking,Layla Baker,G10,JC2168,Professional,Corporate Banking,Example Bank,Corporate Banking,Transaction Banking,Transaction Banking Unit 3,Transaction Banking Unit 3 — Team B,Transaction Banking Unit 3 — Team B / Section 1,,Dammam,Full-time,Filled,1,CC-1059,Business (1st line),Front office,Incentive,,user646@examplebank.com.sa,2025-01-18,Saudi,No,No,No,,
POS00647,POS00643,Senior Officer Transaction Banking,Maya Qureshi,G10,JC7550,Professional,Corporate Banking,Example Bank,Corporate Banking,Transaction Banking,Transaction Banking Unit 3,Transaction Banking Unit 3 — Team B,Transaction Banking Unit 3 — Team B / Section 2,,Remote,Contractor,Filled,1,CC-1029,Business (1st line),Front office,Fixed,,user647@examplebank.com.sa,2017-08-10,Egyptian,No,No,Yes,Aisha Karim,Ready now
POS00648,POS00643,Associate Transaction Banking,نورة المطيري,G9,JC9439,Professional,Corporate Banking,Example Bank,Corporate Banking,Transaction Banking,Transaction Banking Unit 3,Transaction Banking Unit 3 — Team B,Transaction Banking Unit 3 — Team B / Section 1,,Riyadh,Full-time,Filled,1,CC-1008,Business (1st line),Front office,Incentive,,user648@examplebank.com.sa,2020-05-04,Saudi,No,No,No,,
POS00649,POS00643,Associate Transaction Banking,Adel Farouk,G10,JC7184,Professional,Corporate Banking,Example Bank,Corporate Banking,Transaction Banking,Transaction Banking Unit 3,Transaction Banking Unit 3 — Team B,Transaction Banking Unit 3 — Team B / Section 1,,Jeddah,Full-time,Filled,0.5,CC-1010,Business (1st line),Front office,Bonus,,user649@examplebank.com.sa,2016-11-20,Saudi,No,No,No,,
POS00650,POS00001,Chief Risk Officer,Hassan Younes,G16,JC6748,Executive,Risk,Example Bank,Risk,Credit Risk,,,,,Riyadh,Full-time,Filled,0.5,CC-1005,Control (2nd line),Middle office,Bonus,,user650@examplebank.com.sa,2008-01-19,Saudi,Yes,Yes,Yes,دانة الحربي,Ready 3+ years
POS00651,POS00650,Head of Credit Risk,Rami Haddad,G15,JC9509,Leadership,Risk,Example Bank,Risk,Credit Risk,,,,,Remote,Full-time,Filled,1,CC-1054,Control (2nd line),Middle office,Bonus,,user651@examplebank.com.sa,2020-09-20,Saudi,Yes,Yes,No,,
POS00652,POS00651,Senior Manager Credit Risk,هند الحربي,G14,JC9889,Leadership,Risk,Example Bank,Risk,Credit Risk,Credit Risk Unit 1,,,,Riyadh,Full-time,Filled,1,CC-1047,Control (2nd line),Middle office,Bonus,Emerging Leaders,user652@examplebank.com.sa,2009-08-04,Saudi,Yes,No,No,,
POS00653,POS00652,Manager Credit Risk,Huda Younes,G13,JC8988,Management,Risk,Example Bank,Risk,Credit Risk,Credit Risk Unit 1,Credit Risk Unit 1 — Team A,,,Jeddah,Full-time,Filled,1,CC-1040,Control (2nd line),Middle office,Bonus,,user653@examplebank.com.sa,2011-03-14,Saudi,No,No,No,,
POS00654,POS00653,Officer Credit Risk,Huda Baker,G10,JC7595,Professional,Risk,Example Bank,Risk,Credit Risk,Credit Risk Unit 1,Credit Risk Unit 1 — Team A,Credit Risk Unit 1 — Team A / Section 1,,Remote,Contractor,Filled,1,CC-1003,Control (2nd line),Middle office,Fixed,,user654@examplebank.com.sa,2010-03-12,British,No,No,No,,
POS00655,POS00653,Senior Officer Credit Risk,هند العتيبي,G10,JC3963,Professional,Risk,Example Bank,Risk,Credit Risk,Credit Risk Unit 1,Credit Risk Unit 1 — Team A,Credit Risk Unit 1 — Team A / Section 1,,Khobar,Full-time,Filled,1,CC-1023,Control (2nd line),Middle office,Bonus,,user655@examplebank.com.sa,2024-02-15,Jordanian,No,No,No,,
POS00656,POS00653,Senior Officer Credit Risk,Tariq Idris,G10,JC3152,Professional,Risk,Example Bank,Risk,Credit Risk,Credit Risk Unit 1,Credit Risk Unit 1 — Team A,Credit Risk Unit 1 — Team A / Section 1,,Riyadh,Full-time,Filled,1,CC-1027,Control (2nd line),Middle office,Fixed,,user656@examplebank.com.sa,2025-02-22,Indian,No,No,No,,
POS00657,POS00653,Associate Credit Risk,Layla Karim,G11,JC4220,Professional,Risk,Example Bank,Risk,Credit Risk,Credit Risk Unit 1,Credit Risk Unit 1 — Team A,Credit Risk Unit 1 — Team A / Section 2,,Riyadh,Full-time,Filled,0.5,CC-1029,Control (2nd line),Middle office,Bonus,,user657@examplebank.com.sa,2017-07-17,Saudi,No,No,No,,
POS00658,POS00653,Senior Officer Credit Risk,Lina Osman,G10,JC8355,Professional,Risk,Example Bank,Risk,Credit Risk,Credit Risk Unit 1,Credit Risk Unit 1 — Team A,Credit Risk Unit 1 — Team A / Section 2,,Khobar,Full-time,Filled,1,CC-1046,Control (2nd line),Middle office,Fixed,,user658@examplebank.com.sa,2016-10-02,Saudi,No,No,No,,
POS00659,POS00653,Specialist Credit Risk,Lina Fahmy,G12,JC1809,Management,Risk,Example Bank,Risk,Credit Risk,Credit Risk Unit 1,Credit Risk Unit 1 — Team A,Credit Risk Unit 1 — Team A / Section 2,,Dammam,Full-time,Filled,1,CC-1012,Control (2nd line),Middle office,Fixed,,user659@examplebank.com.sa,2009-07-26,Saudi,No,No,Yes,Lina Haddad,Ready now
POS00660,POS00653,Specialist Credit Risk,Waleed Osman,G9,JC3752,Professional,Risk,Example Bank,Risk,Credit Risk,Credit Risk Unit 1,Credit Risk Unit 1 — Team A,Credit Risk Unit 1 — Team A / Section 1,,Dammam,Full-time,Filled,1,CC-1007,Control (2nd line),Middle office,Fixed,,user660@examplebank.com.sa,2021-06-03,Indian,No,No,No,,
POS00661,POS00653,Analyst Credit Risk,Karim Saleh,G10,JC4730,Professional,Risk,Example Bank,Risk,Credit Risk,Credit Risk Unit 1,Credit Risk Unit 1 — Team A,Credit Risk Unit 1 — Team A / Section 2,,Dammam,Full-time,Filled,1,CC-1050,Control (2nd line),Middle office,Fixed,,user661@examplebank.com.sa,2015-09-16,Jordanian,No,No,Yes,Dana Younes,Ready 3+ years
POS00662,POS00652,Manager Credit Risk,Sami Rashed,G13,JC6950,Management,Risk,Example Bank,Risk,Credit Risk,Credit Risk Unit 1,Credit Risk Unit 1 — Team B,,,Dammam,Full-time,Filled,1,CC-1045,Control (2nd line),Middle office,Bonus,,user662@examplebank.com.sa,2021-07-01,Saudi,No,No,No,,
POS00663,POS00662,Senior Analyst Credit Risk,,G10,JC8207,Professional,Risk,Example Bank,Risk,Credit Risk,Credit Risk Unit 1,Credit Risk Unit 1 — Team B,Credit Risk Unit 1 — Team B / Section 2,,Riyadh,Full-time,Vacant,1,CC-1038,Control (2nd line),Middle office,Bonus,,,2009-01-23,Saudi,No,No,No,,
POS00664,POS00662,Specialist Credit Risk,Ziad Bakr,G12,JC3506,Management,Risk,Example Bank,Risk,Credit Risk,Credit Risk Unit 1,Credit Risk Unit 1 — Team B,Credit Risk Unit 1 — Team B / Section 2,,Jeddah,Full-time,Filled,1,CC-1054,Control (2nd line),Middle office,Bonus,,user664@examplebank.com.sa,2013-01-19,Saudi,No,No,No,,
POS00665,POS00662,Associate Credit Risk,Waleed Younes,G10,JC9911,Professional,Risk,Example Bank,Risk,Credit Risk,Credit Risk Unit 1,Credit Risk Unit 1 — Team B,Credit Risk Unit 1 — Team B / Section 1,,Riyadh,Full-time,Filled,1,CC-1011,Control (2nd line),Middle office,Fixed,,user665@examplebank.com.sa,2018-05-27,Saudi,No,No,No,,
POS00666,POS00662,Officer Credit Risk,Lina Karim,G10,JC2809,Professional,Risk,Example Bank,Risk,Credit Risk,Credit Risk Unit 1,Credit Risk Unit 1 — Team B,Credit Risk Unit 1 — Team B / Section 2,,Remote,Full-time,Filled,1,CC-1003,Control (2nd line),Middle office,Fixed,,user666@examplebank.com.sa,2010-08-21,Saudi,No,No,No,,
POS00667,POS00662,Officer Credit Risk,خالد المطيري,G9,JC6770,Professional,Risk,Example Bank,Risk,Credit Risk,Credit Risk Unit 1,Credit Risk Unit 1 — Team B,Credit Risk Unit 1 — Team B / Section 1,,Dammam,Full-time,Filled,1,CC-1026,Control (2nd line),Middle office,Bonus,Saudi Graduates,user667@examplebank.com.sa,2025-05-04,British,No,No,No,,
POS00668,POS00662,Senior Officer Credit Risk,,G10,JC8760,Professional,Risk,Example Bank,Risk,Credit Risk,Credit Risk Unit 1,Credit Risk Unit 1 — Team B,Credit Risk Unit 1 — Team B / Section 1,,Dammam,Full-time,Vacant,1,CC-1013,Control (2nd line),Middle office,Fixed,,,2011-06-26,Saudi,No,No,No,,
POS00669,POS00662,Senior Analyst Credit Risk,لطيفة المطيري,G10,JC3895,Professional,Risk,Example Bank,Risk,Credit Risk,Credit Risk Unit 1,Credit Risk Unit 1 — Team B,Credit Risk Unit 1 — Team B / Section 1,,Remote,Full-time,Filled,1,CC-1009,Control (2nd line),Middle office,Fixed,,user669@examplebank.com.sa,2011-06-15,Jordanian,No,No,No,,
POS00670,POS00662,Analyst Credit Risk,هند القحطاني,G9,JC7685,Professional,Risk,Example Bank,Risk,Credit Risk,Credit Risk Unit 1,Credit Risk Unit 1 — Team B,Credit Risk Unit 1 — Team B / Section 2,,Khobar,Full-time,Filled,1,CC-1055,Control (2nd line),Middle office,Fixed,,user670@examplebank.com.sa,2019-05-19,Saudi,No,No,No,,
POS00671,POS00662,Senior Officer Credit Risk,Sami Idris,G10,JC8387,Professional,Risk,Example Bank,Risk,Credit Risk,Credit Risk Unit 1,Credit Risk Unit 1 — Team B,Credit Risk Unit 1 — Team B / Section 2,,Khobar,Full-time,Filled,1,CC-1006,Control (2nd line),Middle office,Fixed,,user671@examplebank.com.sa,2020-10-02,Saudi,No,No,No,,
POS00672,POS00662,Associate Credit Risk,,G10,JC1321,Professional,Risk,Example Bank,Risk,Credit Risk,Credit Risk Unit 1,Credit Risk Unit 1 — Team B,Credit Risk Unit 1 — Team B / Section 2,,Riyadh,Full-time,Vacant,1,CC-1054,Control (2nd line),Middle office,Fixed,,,2023-02-03,Saudi,No,No,No,,
POS00673,POS00662,Officer Credit Risk,Jana Younes,G10,JC7145,Professional,Risk,Example Bank,Risk,Credit Risk,Credit Risk Unit 1,Credit Risk Unit 1 — Team B,Credit Risk Unit 1 — Team B / Section 2,,Dammam,Full-time,Filled,1,CC-1057,Control (2nd line),Middle office,Fixed,,user673@examplebank.com.sa,2010-03-09,Saudi,No,No,No,,
POS00674,POS00651,Senior Manager Credit Risk,Karim Mansour,G14,JC2169,Leadership,Risk,Example Bank,Risk,Credit Risk,Credit Risk Unit 2,,,,Riyadh,Contractor,Filled,1,CC-1019,Control (2nd line),Middle office,Bonus,Specialist Bench,user674@examplebank.com.sa,2019-06-13,Indian,No,No,Yes,Amal Aziz,Ready now
POS00675,POS00674,Manager Credit Risk,ماجد الغامدي,G13,JC3284,Management,Risk,Example Bank,Risk,Credit Risk,Credit Risk Unit 2,Credit Risk Unit 2 — Team A,,,Riyadh,Full-time,Filled,1,CC-1027,Control (2nd line),Middle office,Bonus,,user675@examplebank.com.sa,2015-03-26,British,No,No,No,,
POS00676,POS00675,Senior Officer Credit Risk,هند العتيبي,G12,JC3540,Management,Risk,Example Bank,Risk,Credit Risk,Credit Risk Unit 2,Credit Risk Unit 2 — Team A,Credit Risk Unit 2 — Team A / Section 1,,Riyadh,Full-time,Filled,1,CC-1014,Control (2nd line),Middle office,Bonus,,user676@examplebank.com.sa,2015-11-05,Saudi,No,No,No,,
POS00677,POS00675,Senior Analyst Credit Risk,Noor Saleh,G12,JC6674,Management,Risk,Example Bank,Risk,Credit Risk,Credit Risk Unit 2,Credit Risk Unit 2 — Team A,Credit Risk Unit 2 — Team A / Section 2,,Dammam,Full-time,Filled,1,CC-1057,Control (2nd line),Middle office,Bonus,,user677@examplebank.com.sa,2009-11-06,Jordanian,No,No,No,,
POS00678,POS00675,Associate Credit Risk,Jana Qureshi,G10,JC6965,Professional,Risk,Example Bank,Risk,Credit Risk,Credit Risk Unit 2,Credit Risk Unit 2 — Team A,Credit Risk Unit 2 — Team A / Section 1,,Jeddah,Full-time,Filled,1,CC-1032,Control (2nd line),Middle office,Fixed,,user678@examplebank.com.sa,2015-11-22,Jordanian,No,No,No,,
POS00679,POS00675,Senior Analyst Credit Risk,أحمد الغامدي,G10,JC3204,Professional,Risk,Example Bank,Risk,Credit Risk,Credit Risk Unit 2,Credit Risk Unit 2 — Team A,Credit Risk Unit 2 — Team A / Section 2,,Remote,Full-time,Filled,0.5,CC-1002,Control (2nd line),Middle office,Bonus,,user679@examplebank.com.sa,2023-12-26,Saudi,No,No,No,,
POS00680,POS00675,Senior Officer Credit Risk,Waleed Fahmy,G10,JC8676,Professional,Risk,Example Bank,Risk,Credit Risk,Credit Risk Unit 2,Credit Risk Unit 2 — Team A,Credit Risk Unit 2 — Team A / Section 1,,Khobar,Full-time,Filled,1,CC-1037,Control (2nd line),Middle office,Fixed,,user680@examplebank.com.sa,2017-10-21,Saudi,No,No,Yes,Karim Rashed,Ready now
POS00681,POS00675,Associate Credit Risk,Jana Darwish,G11,JC2469,Professional,Risk,Example Bank,Risk,Credit Risk,Credit Risk Unit 2,Credit Risk Unit 2 — Team A,Credit Risk Unit 2 — Team A / Section 2,,Dammam,Full-time,Filled,1,CC-1003,Control (2nd line),Middle office,Fixed,,user681@examplebank.com.sa,2013-08-01,Saudi,No,No,No,,
POS00682,POS00675,Senior Analyst Credit Risk,ماجد الزهراني,G12,JC8387,Management,Risk,Example Bank,Risk,Credit Risk,Credit Risk Unit 2,Credit Risk Unit 2 — Team A,Credit Risk Unit 2 — Team A / Section 1,,Jeddah,Full-time,Filled,1,CC-1009,Control (2nd line),Middle office,Fixed,,user682@examplebank.com.sa,2016-12-01,Saudi,No,No,Yes,Rami Karim,Ready now
POS00683,POS00675,Senior Officer Credit Risk,Jana Siddiqui,G12,JC8951,Management,Risk,Example Bank,Risk,Credit Risk,Credit Risk Unit 2,Credit Risk Unit 2 — Team A,Credit Risk Unit 2 — Team A / Section 2,,Remote,Full-time,Filled,1,CC-1006,Control (2nd line),Middle office,Bonus,,user683@examplebank.com.sa,2011-12-16,Saudi,No,No,No,,
POS00684,POS00674,Manager Credit Risk,Omar Saleh,G13,JC7104,Management,Risk,Example Bank,Risk,Credit Risk,Credit Risk Unit 2,Credit Risk Unit 2 — Team B,,,Dammam,Full-time,Filled,1,CC-1009,Control (2nd line),Middle office,Bonus,,user684@examplebank.com.sa,2025-10-27,Saudi,No,No,No,,
POS00685,POS00684,Analyst Credit Risk,Layla Baker,G10,JC2961,Professional,Risk,Example Bank,Risk,Credit Risk,Credit Risk Unit 2,Credit Risk Unit 2 — Team B,Credit Risk Unit 2 — Team B / Section 1,,Riyadh,Full-time,Filled,1,CC-1002,Control (2nd line),Middle office,Fixed,,user685@examplebank.com.sa,2010-03-28,Saudi,No,No,No,,
POS00686,POS00684,Senior Officer Credit Risk,Salma Baker,G10,JC6954,Professional,Risk,Example Bank,Risk,Credit Risk,Credit Risk Unit 2,Credit Risk Unit 2 — Team B,Credit Risk Unit 2 — Team B / Section 2,,Dammam,Full-time,Filled,1,CC-1012,Control (2nd line),Middle office,Fixed,,user686@examplebank.com.sa,2018-08-24,Saudi,No,No,Yes,Huda Mansour,Ready 3+ years
POS00687,POS00684,Senior Officer Credit Risk,لطيفة العتيبي,G11,JC8174,Professional,Risk,Example Bank,Risk,Credit Risk,Credit Risk Unit 2,Credit Risk Unit 2 — Team B,Credit Risk Unit 2 — Team B / Section 1,,Jeddah,Full-time,Filled,1,CC-1028,Control (2nd line),Middle office,Fixed,Emerging Leaders,user687@examplebank.com.sa,2024-06-11,Saudi,No,No,No,,
POS00688,POS00684,Senior Officer Credit Risk,لطيفة الحربي,G12,JC4275,Management,Risk,Example Bank,Risk,Credit Risk,Credit Risk Unit 2,Credit Risk Unit 2 — Team B,Credit Risk Unit 2 — Team B / Section 1,,Jeddah,Full-time,Filled,1,CC-1032,Control (2nd line),Middle office,Fixed,,user688@examplebank.com.sa,2017-06-15,Saudi,No,No,Yes,Nasser Younes,Ready 1-2 years
POS00689,POS00684,Associate Credit Risk,دانة الحربي,G10,JC1309,Professional,Risk,Example Bank,Risk,Credit Risk,Credit Risk Unit 2,Credit Risk Unit 2 — Team B,Credit Risk Unit 2 — Team B / Section 1,,Riyadh,Full-time,Filled,1,CC-1049,Control (2nd line),Middle office,Fixed,,user689@examplebank.com.sa,2015-06-27,Saudi,No,No,No,,
POS00690,POS00684,Specialist Credit Risk,دانة الحربي,G9,JC3749,Professional,Risk,Example Bank,Risk,Credit Risk,Credit Risk Unit 2,Credit Risk Unit 2 — Team B,Credit Risk Unit 2 — Team B / Section 1,,Remote,Full-time,Filled,1,CC-1010,Control (2nd line),Middle office,Bonus,,user690@examplebank.com.sa,2020-10-13,Saudi,No,No,Yes,ماجد المطيري,Ready 3+ years
POS00691,POS00684,Specialist Credit Risk,Hassan Nasser,G11,JC5648,Professional,Risk,Example Bank,Risk,Credit Risk,Credit Risk Unit 2,Credit Risk Unit 2 — Team B,Credit Risk Unit 2 — Team B / Section 1,,Riyadh,Full-time,Filled,1,CC-1029,Control (2nd line),Middle office,Fixed,,user691@examplebank.com.sa,2025-12-16,Egyptian,No,No,No,,
POS00692,POS00674,Manager Credit Risk,Huda Osman,G13,JC6470,Management,Risk,Example Bank,Risk,Credit Risk,Credit Risk Unit 2,Credit Risk Unit 2 — Team C,,,Riyadh,Full-time,Filled,1,CC-1056,Control (2nd line),Middle office,Bonus,,user692@examplebank.com.sa,2010-07-13,British,No,No,Yes,Amal Bakr,Ready now
POS00693,POS00692,Associate Credit Risk,Mona Khan,G9,JC7637,Professional,Risk,Example Bank,Risk,Credit Risk,Credit Risk Unit 2,Credit Risk Unit 2 — Team C,Credit Risk Unit 2 — Team C / Section 1,,Riyadh,Full-time,Filled,1,CC-1012,Control (2nd line),Middle office,Fixed,,user693@examplebank.com.sa,2011-04-11,Saudi,No,No,No,,
POS00694,POS00692,Senior Analyst Credit Risk,Amal Fahmy,G11,JC7153,Professional,Risk,Example Bank,Risk,Credit Risk,Credit Risk Unit 2,Credit Risk Unit 2 — Team C,Credit Risk Unit 2 — Team C / Section 1,,Dammam,Full-time,Filled,1,CC-1005,Control (2nd line),Middle office,Fixed,Future Executives,user694@examplebank.com.sa,2012-04-12,Saudi,No,No,Yes,Rami Saleh,Ready 3+ years
POS00695,POS00692,Associate Credit Risk,خالد الشمري,G11,JC7643,Professional,Risk,Example Bank,Risk,Credit Risk,Credit Risk Unit 2,Credit Risk Unit 2 — Team C,Credit Risk Unit 2 — Team C / Section 1,,Khobar,Full-time,Filled,1,CC-1027,Control (2nd line),Middle office,Bonus,,user695@examplebank.com.sa,2017-09-11,Saudi,No,No,No,,
POS00696,POS00692,Analyst Credit Risk,Nasser Karim,G12,JC2973,Management,Risk,Example Bank,Risk,Credit Risk,Credit Risk Unit 2,Credit Risk Unit 2 — Team C,Credit Risk Unit 2 — Team C / Section 1,,Khobar,Full-time,Filled,1,CC-1013,Control (2nd line),Middle office,Bonus,,user696@examplebank.com.sa,2023-11-24,Saudi,No,No,No,,
POS00697,POS00692,Associate Credit Risk,نورة القحطاني,G10,JC2081,Professional,Risk,Example Bank,Risk,Credit Risk,Credit Risk Unit 2,Credit Risk Unit 2 — Team C,Credit Risk Unit 2 — Team C / Section 2,,Dammam,Full-time,Filled,1,CC-1051,Control (2nd line),Middle office,Bonus,,user697@examplebank.com.sa,2014-09-01,Saudi,No,No,No,,
POS00698,POS00692,Senior Officer Credit Risk,ماجد الغامدي,G10,JC5297,Professional,Risk,Example Bank,Risk,Credit Risk,Credit Risk Unit 2,Credit Risk Unit 2 — Team C,Credit Risk Unit 2 — Team C / Section 2,,Khobar,Contractor,Filled,1,CC-1055,Control (2nd line),Middle office,Fixed,Emerging Leaders,user698@examplebank.com.sa,2024-11-13,Saudi,No,No,No,,
POS00699,POS00692,Officer Credit Risk,Bilal Farouk,G12,JC2259,Management,Risk,Example Bank,Risk,Credit Risk,Credit Risk Unit 2,Credit Risk Unit 2 — Team C,Credit Risk Unit 2 — Team C / Section 2,,Dammam,Full-time,Filled,1,CC-1010,Control (2nd line),Middle office,Fixed,Saudi Graduates,user699@examplebank.com.sa,2025-07-01,Saudi,No,No,Yes,Rami Nasser,Ready now
POS00700,POS00650,Head of Market Risk,,G15,JC4517,Leadership,Risk,Example Bank,Risk,Market Risk,,,,,Riyadh,Full-time,Vacant,1,CC-1029,Control (2nd line),Middle office,Bonus,Specialist Bench,,2025-07-13,Egyptian,Yes,Yes,Yes,Huda Haddad,Ready 1-2 years
POS00701,POS00700,Senior Manager Market Risk,سلطان السبيعي,G14,JC5463,Leadership,Risk,Example Bank,Risk,Market Risk,Market Risk Unit 1,,,,Riyadh,Contractor,Filled,1,CC-1035,Control (2nd line),Middle office,Bonus,,user701@examplebank.com.sa,2010-06-03,Indian,Yes,No,No,,
POS00702,POS00701,Manager Market Risk,سلطان الشمري,G13,JC2641,Management,Risk,Example Bank,Risk,Market Risk,Market Risk Unit 1,Market Risk Unit 1 — Team A,,,Jeddah,Full-time,Filled,1,CC-1023,Control (2nd line),Middle office,Bonus,,user702@examplebank.com.sa,2012-01-27,Saudi,No,No,No,,
POS00703,POS00702,Officer Market Risk,Tariq Haddad,G10,JC1797,Professional,Risk,Example Bank,Risk,Market Risk,Market Risk Unit 1,Market Risk Unit 1 — Team A,Market Risk Unit 1 — Team A / Section 2,,Jeddah,Full-time,Filled,1,CC-1008,Control (2nd line),Middle office,Fixed,,user703@examplebank.com.sa,2019-11-27,Saudi,No,No,No,,
POS00704,POS00702,Associate Market Risk,Adel Baker,G10,JC9942,Professional,Risk,Example Bank,Risk,Market Risk,Market Risk Unit 1,Market Risk Unit 1 — Team A,Market Risk Unit 1 — Team A / Section 2,,Remote,Full-time,Filled,1,CC-1037,Control (2nd line),Middle office,Fixed,,user704@examplebank.com.sa,2012-01-01,Saudi,No,No,Yes,Salma Darwish,Ready 3+ years
POS00705,POS00702,Officer Market Risk,,G12,JC1820,Management,Risk,Example Bank,Risk,Market Risk,Market Risk Unit 1,Market Risk Unit 1 — Team A,Market Risk Unit 1 — Team A / Section 1,,Khobar,Full-time,Vacant,1,CC-1010,Control (2nd line),Middle office,Fixed,,,2009-07-13,Saudi,No,No,Yes,نورة الدوسري,Ready now
POS00706,POS00702,Officer Market Risk,نورة الدوسري,G12,JC6447,Management,Risk,Example Bank,Risk,Market Risk,Market Risk Unit 1,Market Risk Unit 1 — Team A,Market Risk Unit 1 — Team A / Section 2,,Riyadh,Full-time,Filled,1,CC-1032,Control (2nd line),Middle office,Fixed,,user706@examplebank.com.sa,2009-04-06,Saudi,No,No,No,,
POS00707,POS00702,Senior Analyst Market Risk,Noor Nasser,G12,JC1395,Management,Risk,Example Bank,Risk,Market Risk,Market Risk Unit 1,Market Risk Unit 1 — Team A,Market Risk Unit 1 — Team A / Section 1,,Dammam,Full-time,Filled,1,CC-1045,Control (2nd line),Middle office,Fixed,,user707@examplebank.com.sa,2012-06-01,Saudi,No,No,No,,
POS00708,POS00702,Senior Analyst Market Risk,دانة المطيري,G10,JC5606,Professional,Risk,Example Bank,Risk,Market Risk,Market Risk Unit 1,Market Risk Unit 1 — Team A,Market Risk Unit 1 — Team A / Section 2,,Jeddah,Full-time,Filled,1,CC-1047,Control (2nd line),Middle office,Bonus,,user708@examplebank.com.sa,2024-07-09,Jordanian,No,No,Yes,Karim Haddad,Ready 3+ years
POS00709,POS00702,Specialist Market Risk,Noor Mansour,G9,JC3484,Professional,Risk,Example Bank,Risk,Market Risk,Market Risk Unit 1,Market Risk Unit 1 — Team A,Market Risk Unit 1 — Team A / Section 1,,Remote,Full-time,Filled,1,CC-1018,Control (2nd line),Middle office,Fixed,Saudi Graduates,user709@examplebank.com.sa,2020-08-20,Indian,No,No,No,,
POS00710,POS00701,Manager Market Risk,Nasser Farouk,G13,JC7713,Management,Risk,Example Bank,Risk,Market Risk,Market Risk Unit 1,Market Risk Unit 1 — Team B,,,Riyadh,Full-time,Filled,1,CC-1050,Control (2nd line),Middle office,Bonus,,user710@examplebank.com.sa,2011-12-14,Saudi,No,No,No,,
POS00711,POS00710,Associate Market Risk,Karim Bakr,G10,JC7745,Professional,Risk,Example Bank,Risk,Market Risk,Market Risk Unit 1,Market Risk Unit 1 — Team B,Market Risk Unit 1 — Team B / Section 2,,Khobar,Full-time,Filled,1,CC-1002,Control (2nd line),Middle office,Bonus,Future Executives,user711@examplebank.com.sa,2010-03-06,Jordanian,No,No,No,,
POS00712,POS00710,Analyst Market Risk,دانة الزهراني,G10,JC2892,Professional,Risk,Example Bank,Risk,Market Risk,Market Risk Unit 1,Market Risk Unit 1 — Team B,Market Risk Unit 1 — Team B / Section 2,,Jeddah,Full-time,Filled,1,CC-1002,Control (2nd line),Middle office,Bonus,,user712@examplebank.com.sa,2010-04-19,Jordanian,No,No,No,,
POS00713,POS00710,Senior Officer Market Risk,,G10,JC1511,Professional,Risk,Example Bank,Risk,Market Risk,Market Risk Unit 1,Market Risk Unit 1 — Team B,Market Risk Unit 1 — Team B / Section 1,,Riyadh,Full-time,Vacant,1,CC-1005,Control (2nd line),Middle office,Bonus,,,2008-10-05,Saudi,No,No,No,,
POS00714,POS00710,Senior Analyst Market Risk,Ziad Idris,G9,JC7635,Professional,Risk,Example Bank,Risk,Market Risk,Market Risk Unit 1,Market Risk Unit 1 — Team B,Market Risk Unit 1 — Team B / Section 1,,Dammam,Full-time,Filled,1,CC-1043,Control (2nd line),Middle office,Fixed,,user714@examplebank.com.sa,2017-10-02,Saudi,No,No,No,,
POS00715,POS00710,Specialist Market Risk,أحمد الزهراني,G9,JC6288,Professional,Risk,Example Bank,Risk,Market Risk,Market Risk Unit 1,Market Risk Unit 1 — Team B,Market Risk Unit 1 — Team B / Section 2,,Riyadh,Full-time,Filled,1,CC-1036,Control (2nd line),Middle office,Bonus,,user715@examplebank.com.sa,2008-03-24,Indian,No,No,Yes,خالد المطيري,Ready 1-2 years
POS00716,POS00710,Senior Officer Market Risk,Sami Karim,G10,JC3025,Professional,Risk,Example Bank,Risk,Market Risk,Market Risk Unit 1,Market Risk Unit 1 — Team B,Market Risk Unit 1 — Team B / Section 1,,Khobar,Full-time,Filled,1,CC-1010,Control (2nd line),Middle office,Bonus,,user716@examplebank.com.sa,2010-01-03,British,No,No,No,,
POS00717,POS00710,Associate Market Risk,أحمد المطيري,G11,JC9362,Professional,Risk,Example Bank,Risk,Market Risk,Market Risk Unit 1,Market Risk Unit 1 — Team B,Market Risk Unit 1 — Team B / Section 2,,Jeddah,Full-time,Filled,1,CC-1016,Control (2nd line),Middle office,Bonus,,user717@examplebank.com.sa,2021-01-14,Saudi,No,No,Yes,Karim Haddad,Ready 1-2 years
POS00718,POS00710,Specialist Market Risk,Rana Bakr,G12,JC7705,Management,Risk,Example Bank,Risk,Market Risk,Market Risk Unit 1,Market Risk Unit 1 — Team B,Market Risk Unit 1 — Team B / Section 1,,Jeddah,Full-time,Filled,1,CC-1052,Control (2nd line),Middle office,Bonus,,user718@examplebank.com.sa,2023-04-24,Jordanian,No,No,No,,
POS00719,POS00710,Specialist Market Risk,Adel Nasser,G10,JC3109,Professional,Risk,Example Bank,Risk,Market Risk,Market Risk Unit 1,Market Risk Unit 1 — Team B,Market Risk Unit 1 — Team B / Section 1,,Riyadh,Full-time,Filled,1,CC-1049,Control (2nd line),Middle office,Fixed,,user719@examplebank.com.sa,2013-08-06,Saudi,No,No,No,,
POS00720,POS00710,Analyst Market Risk,Omar Siddiqui,G11,JC3740,Professional,Risk,Example Bank,Risk,Market Risk,Market Risk Unit 1,Market Risk Unit 1 — Team B,Market Risk Unit 1 — Team B / Section 2,,Remote,Full-time,Filled,1,CC-1021,Control (2nd line),Middle office,Bonus,,user720@examplebank.com.sa,2010-09-07,Saudi,No,No,No,,
POS00721,POS00710,Analyst Market Risk,هند الشمري,G9,JC4053,Professional,Risk,Example Bank,Risk,Market Risk,Market Risk Unit 1,Market Risk Unit 1 — Team B,Market Risk Unit 1 — Team B / Section 2,,Riyadh,Full-time,Filled,1,CC-1048,Control (2nd line),Middle office,Fixed,,user721@examplebank.com.sa,2011-01-12,British,No,No,No,,
POS00722,POS00701,Manager Market Risk,أحمد الحربي,G13,JC9247,Management,Risk,Example Bank,Risk,Market Risk,Market Risk Unit 1,Market Risk Unit 1 — Team C,,,Remote,Contractor,Filled,1,CC-1026,Control (2nd line),Middle office,Bonus,Emerging Leaders,user722@examplebank.com.sa,2024-08-14,Saudi,No,No,No,,
POS00723,POS00722,Specialist Market Risk,Aisha Farouk,G11,JC8444,Professional,Risk,Example Bank,Risk,Market Risk,Market Risk Unit 1,Market Risk Unit 1 — Team C,Market Risk Unit 1 — Team C / Section 2,,Riyadh,Full-time,Filled,1,CC-1018,Control (2nd line),Middle office,Bonus,,user723@examplebank.com.sa,2013-10-06,Saudi,No,No,No,,
POS00724,POS00722,Specialist Market Risk,دانة المطيري,G10,JC6862,Professional,Risk,Example Bank,Risk,Market Risk,Market Risk Unit 1,Market Risk Unit 1 — Team C,Market Risk Unit 1 — Team C / Section 1,,Dammam,Full-time,Filled,1,CC-1008,Control (2nd line),Middle office,Fixed,Emerging Leaders,user724@examplebank.com.sa,2010-11-06,Saudi,No,No,No,,
POS00725,POS00722,Specialist Market Risk,Hassan Farouk,G9,JC2733,Professional,Risk,Example Bank,Risk,Market Risk,Market Risk Unit 1,Market Risk Unit 1 — Team C,Market Risk Unit 1 — Team C / Section 1,,Jeddah,Full-time,Filled,1,CC-1020,Control (2nd line),Middle office,Fixed,,user725@examplebank.com.sa,2014-01-13,Egyptian,No,No,No,,
POS00726,POS00722,Senior Officer Market Risk,Waleed Osman,G11,JC7486,Professional,Risk,Example Bank,Risk,Market Risk,Market Risk Unit 1,Market Risk Unit 1 — Team C,Market Risk Unit 1 — Team C / Section 1,,Riyadh,Full-time,Filled,1,CC-1051,Control (2nd line),Middle office,Bonus,,user726@examplebank.com.sa,2009-10-27,Saudi,No,No,No,,
POS00727,POS00722,Specialist Market Risk,فيصل القحطاني,G10,JC2493,Professional,Risk,Example Bank,Risk,Market Risk,Market Risk Unit 1,Market Risk Unit 1 — Team C,Market Risk Unit 1 — Team C / Section 2,,Jeddah,Full-time,Filled,1,CC-1025,Control (2nd line),Middle office,Fixed,,user727@examplebank.com.sa,2011-05-13,Saudi,No,No,No,,
POS00728,POS00722,Senior Officer Market Risk,Maya Osman,G10,JC9959,Professional,Risk,Example Bank,Risk,Market Risk,Market Risk Unit 1,Market Risk Unit 1 — Team C,Market Risk Unit 1 — Team C / Section 2,,Khobar,Full-time,Filled,1,CC-1020,Control (2nd line),Middle office,Bonus,,user728@examplebank.com.sa,2008-07-07,Saudi,No,No,No,,
POS00729,POS00701,Manager Market Risk,,G13,JC6002,Management,Risk,Example Bank,Risk,Market Risk,Market Risk Unit 1,Market Risk Unit 1 — Team D,,,Riyadh,Full-time,Vacant,1,CC-1050,Control (2nd line),Middle office,Bonus,,,2011-11-16,British,No,No,No,,
POS00730,POS00729,Senior Officer Market Risk,Huda Darwish,G11,JC4223,Professional,Risk,Example Bank,Risk,Market Risk,Market Risk Unit 1,Market Risk Unit 1 — Team D,Market Risk Unit 1 — Team D / Section 2,,Riyadh,Full-time,Filled,1,CC-1043,Control (2nd line),Middle office,Bonus,,user730@examplebank.com.sa,2013-11-19,British,No,No,Yes,Yusuf Khan,Ready 1-2 years
POS00731,POS00729,Analyst Market Risk,Amal Rashed,G10,JC7698,Professional,Risk,Example Bank,Risk,Market Risk,Market Risk Unit 1,Market Risk Unit 1 — Team D,Market Risk Unit 1 — Team D / Section 2,,Dammam,Full-time,Filled,1,CC-1017,Control (2nd line),Middle office,Fixed,,user731@examplebank.com.sa,2010-06-03,Saudi,No,No,No,,
POS00732,POS00729,Analyst Market Risk,Rana Haddad,G9,JC3829,Professional,Risk,Example Bank,Risk,Market Risk,Market Risk Unit 1,Market Risk Unit 1 — Team D,Market Risk Unit 1 — Team D / Section 1,,Jeddah,Full-time,Filled,1,CC-1043,Control (2nd line),Middle office,Fixed,,user732@examplebank.com.sa,2008-07-14,Indian,No,No,No,,
POS00733,POS00729,Analyst Market Risk,Rami Haddad,G12,JC3189,Management,Risk,Example Bank,Risk,Market Risk,Market Risk Unit 1,Market Risk Unit 1 — Team D,Market Risk Unit 1 — Team D / Section 2,,Riyadh,Full-time,Filled,1,CC-1056,Control (2nd line),Middle office,Fixed,,user733@examplebank.com.sa,2019-09-07,Saudi,No,No,No,,
POS00734,POS00729,Associate Market Risk,,G11,JC2543,Professional,Risk,Example Bank,Risk,Market Risk,Market Risk Unit 1,Market Risk Unit 1 — Team D,Market Risk Unit 1 — Team D / Section 2,,Khobar,Full-time,Vacant,0.5,CC-1042,Control (2nd line),Middle office,Fixed,,,2023-12-03,Saudi,No,No,No,,
POS00735,POS00729,Senior Analyst Market Risk,,G10,JC9440,Professional,Risk,Example Bank,Risk,Market Risk,Market Risk Unit 1,Market Risk Unit 1 — Team D,Market Risk Unit 1 — Team D / Section 2,,Khobar,Full-time,Vacant,1,CC-1054,Control (2nd line),Middle office,Fixed,,,2017-06-02,Jordanian,No,No,No,,
POS00736,POS00729,Associate Market Risk,ماجد الدوسري,G9,JC9327,Professional,Risk,Example Bank,Risk,Market Risk,Market Risk Unit 1,Market Risk Unit 1 — Team D,Market Risk Unit 1 — Team D / Section 1,,Riyadh,Full-time,Filled,1,CC-1027,Control (2nd line),Middle office,Bonus,,user736@examplebank.com.sa,2017-04-28,Saudi,No,No,No,,
POS00737,POS00729,Analyst Market Risk,,G9,JC1918,Professional,Risk,Example Bank,Risk,Market Risk,Market Risk Unit 1,Market Risk Unit 1 — Team D,Market Risk Unit 1 — Team D / Section 1,,Riyadh,Full-time,Vacant,1,CC-1005,Control (2nd line),Middle office,Fixed,,,2023-01-17,Indian,No,No,No,,
POS00738,POS00729,Senior Officer Market Risk,سارة الغامدي,G10,JC9360,Professional,Risk,Example Bank,Risk,Market Risk,Market Risk Unit 1,Market Risk Unit 1 — Team D,Market Risk Unit 1 — Team D / Section 1,,Riyadh,Full-time,Filled,1,CC-1043,Control (2nd line),Middle office,Bonus,,user738@examplebank.com.sa,2020-04-04,Saudi,No,No,No,,
POS00739,POS00729,Senior Officer Market Risk,Amal Haddad,G12,JC7363,Management,Risk,Example Bank,Risk,Market Risk,Market Risk Unit 1,Market Risk Unit 1 — Team D,Market Risk Unit 1 — Team D / Section 2,,Riyadh,Full-time,Filled,1,CC-1010,Control (2nd line),Middle office,Fixed,,user739@examplebank.com.sa,2014-10-18,Saudi,No,No,No,,
POS00740,POS00729,Senior Officer Market Risk,,G11,JC3759,Professional,Risk,Example Bank,Risk,Market Risk,Market Risk Unit 1,Market Risk Unit 1 — Team D,Market Risk Unit 1 — Team D / Section 1,,Jeddah,Full-time,Vacant,1,CC-1058,Control (2nd line),Middle office,Bonus,,,2016-11-13,Saudi,No,No,No,,
POS00741,POS00700,Senior Manager Market Risk,سلطان القحطاني,G14,JC1882,Leadership,Risk,Example Bank,Risk,Market Risk,Market Risk Unit 2,,,,Riyadh,Full-time,Filled,1,CC-1058,Control (2nd line),Middle office,Bonus,,user741@examplebank.com.sa,2016-10-17,Saudi,No,No,No,,
POS00742,POS00741,Manager Market Risk,Rami Darwish,G13,JC4169,Management,Risk,Example Bank,Risk,Market Risk,Market Risk Unit 2,Market Risk Unit 2 — Team A,,,Remote,Full-time,Filled,1,CC-1060,Control (2nd line),Middle office,Bonus,,user742@examplebank.com.sa,2012-12-10,Indian,No,No,No,,
POS00743,POS00742,Senior Officer Market Risk,أحمد الدوسري,G9,JC2069,Professional,Risk,Example Bank,Risk,Market Risk,Market Risk Unit 2,Market Risk Unit 2 — Team A,Market Risk Unit 2 — Team A / Section 2,,Riyadh,Contractor,Filled,1,CC-1031,Control (2nd line),Middle office,Bonus,,user743@examplebank.com.sa,2010-09-22,Saudi,No,No,Yes,ريم العتيبي,Ready 3+ years
POS00744,POS00742,Officer Market Risk,خالد الزهراني,G10,JC9003,Professional,Risk,Example Bank,Risk,Market Risk,Market Risk Unit 2,Market Risk Unit 2 — Team A,Market Risk Unit 2 — Team A / Section 2,,Remote,Full-time,Filled,1,CC-1034,Control (2nd line),Middle office,Bonus,,user744@examplebank.com.sa,2018-04-08,Saudi,No,No,No,,
POS00745,POS00742,Senior Officer Market Risk,ماجد الشمري,G9,JC8760,Professional,Risk,Example Bank,Risk,Market Risk,Market Risk Unit 2,Market Risk Unit 2 — Team A,Market Risk Unit 2 — Team A / Section 1,,Remote,Full-time,Filled,1,CC-1020,Control (2nd line),Middle office,Bonus,,user745@examplebank.com.sa,2008-11-03,Saudi,No,No,No,,
POS00746,POS00742,Analyst Market Risk,Bilal Darwish,G10,JC6237,Professional,Risk,Example Bank,Risk,Market Risk,Market Risk Unit 2,Market Risk Unit 2 — Team A,Market Risk Unit 2 — Team A / Section 2,,Riyadh,Full-time,Filled,1,CC-1036,Control (2nd line),Middle office,Fixed,,user746@examplebank.com.sa,2021-03-10,Jordanian,No,No,No,,
POS00747,POS00742,Senior Analyst Market Risk,Yusuf Aziz,G10,JC6067,Professional,Risk,Example Bank,Risk,Market Risk,Market Risk Unit 2,Market Risk Unit 2 — Team A,Market Risk Unit 2 — Team A / Section 1,,Riyadh,Full-time,Filled,1,CC-1042,Control (2nd line),Middle office,Fixed,Future Executives,user747@examplebank.com.sa,2019-04-20,Saudi,No,No,No,,
POS00748,POS00742,Associate Market Risk,,G9,JC9777,Professional,Risk,Example Bank,Risk,Market Risk,Market Risk Unit 2,Market Risk Unit 2 — Team A,Market Risk Unit 2 — Team A / Section 1,,Riyadh,Contractor,Vacant,1,CC-1056,Control (2nd line),Middle office,Bonus,Specialist Bench,,2013-04-09,Saudi,No,No,No,,
POS00749,POS00742,Senior Analyst Market Risk,فيصل الدوسري,G11,JC8984,Professional,Risk,Example Bank,Risk,Market Risk,Market Risk Unit 2,Market Risk Unit 2 — Team A,Market Risk Unit 2 — Team A / Section 1,,Jeddah,Full-time,Filled,1,CC-1007,Control (2nd line),Middle office,Fixed,,user749@examplebank.com.sa,2012-10-20,Saudi,No,No,No,,
POS00750,POS00742,Specialist Market Risk,Rana Qureshi,G9,JC4409,Professional,Risk,Example Bank,Risk,Market Risk,Market Risk Unit 2,Market Risk Unit 2 — Team A,Market Risk Unit 2 — Team A / Section 1,,Khobar,Full-time,Filled,1,CC-1003,Control (2nd line),Middle office,Fixed,,user750@examplebank.com.sa,2020-01-08,Jordanian,No,No,No,,
POS00751,POS00742,Specialist Market Risk,,G9,JC5865,Professional,Risk,Example Bank,Risk,Market Risk,Market Risk Unit 2,Market Risk Unit 2 — Team A,Market Risk Unit 2 — Team A / Section 1,,Dammam,Full-time,Vacant,1,CC-1000,Control (2nd line),Middle office,Bonus,,,2009-04-07,Indian,No,No,No,,
POS00752,POS00742,Senior Analyst Market Risk,Yusuf Haddad,G10,JC9480,Professional,Risk,Example Bank,Risk,Market Risk,Market Risk Unit 2,Market Risk Unit 2 — Team A,Market Risk Unit 2 — Team A / Section 2,,Riyadh,Full-time,Filled,1,CC-1046,Control (2nd line),Middle office,Fixed,,user752@examplebank.com.sa,2022-08-14,British,No,No,No,,
POS00753,POS00742,Specialist Market Risk,Tariq Rashed,G10,JC7493,Professional,Risk,Example Bank,Risk,Market Risk,Market Risk Unit 2,Market Risk Unit 2 — Team A,Market Risk Unit 2 — Team A / Section 1,,Jeddah,Full-time,Filled,1,CC-1039,Control (2nd line),Middle office,Fixed,,user753@examplebank.com.sa,2019-05-23,Saudi,No,No,No,,
POS00754,POS00741,Manager Market Risk,Tariq Aziz,G13,JC8873,Management,Risk,Example Bank,Risk,Market Risk,Market Risk Unit 2,Market Risk Unit 2 — Team B,,,Riyadh,Full-time,Filled,1,CC-1008,Control (2nd line),Middle office,Bonus,,user754@examplebank.com.sa,2024-01-25,Jordanian,No,No,No,,
POS00755,POS00754,Specialist Market Risk,Amal Haddad,G11,JC1482,Professional,Risk,Example Bank,Risk,Market Risk,Market Risk Unit 2,Market Risk Unit 2 — Team B,Market Risk Unit 2 — Team B / Section 1,,Jeddah,Full-time,Filled,1,CC-1011,Control (2nd line),Middle office,Bonus,,user755@examplebank.com.sa,2009-06-22,Saudi,No,No,No,,
POS00756,POS00754,Senior Officer Market Risk,أحمد العتيبي,G9,JC4709,Professional,Risk,Example Bank,Risk,Market Risk,Market Risk Unit 2,Market Risk Unit 2 — Team B,Market Risk Unit 2 — Team B / Section 2,,Dammam,Full-time,Filled,1,CC-1056,Control (2nd line),Middle office,Bonus,Saudi Graduates,user756@examplebank.com.sa,2010-07-20,Jordanian,No,No,Yes,Jana Khan,Ready 1-2 years
POS00757,POS00754,Associate Market Risk,Omar Bakr,G11,JC2414,Professional,Risk,Example Bank,Risk,Market Risk,Market Risk Unit 2,Market Risk Unit 2 — Team B,Market Risk Unit 2 — Team B / Section 2,,Riyadh,Full-time,Filled,1,CC-1047,Control (2nd line),Middle office,Fixed,,user757@examplebank.com.sa,2014-07-20,Saudi,No,No,No,,
POS00758,POS00754,Senior Officer Market Risk,,G10,JC6430,Professional,Risk,Example Bank,Risk,Market Risk,Market Risk Unit 2,Market Risk Unit 2 — Team B,Market Risk Unit 2 — Team B / Section 1,,Jeddah,Full-time,Vacant,1,CC-1047,Control (2nd line),Middle office,Fixed,,,2019-11-14,British,No,No,No,,
POS00759,POS00754,Specialist Market Risk,Yusuf Bakr,G10,JC7283,Professional,Risk,Example Bank,Risk,Market Risk,Market Risk Unit 2,Market Risk Unit 2 — Team B,Market Risk Unit 2 — Team B / Section 2,,Dammam,Full-time,Filled,1,CC-1050,Control (2nd line),Middle office,Fixed,Specialist Bench,user759@examplebank.com.sa,2011-01-19,Saudi,No,No,No,,
POS00760,POS00754,Analyst Market Risk,Tariq Qureshi,G9,JC5690,Professional,Risk,Example Bank,Risk,Market Risk,Market Risk Unit 2,Market Risk Unit 2 — Team B,Market Risk Unit 2 — Team B / Section 1,,Riyadh,Full-time,Filled,1,CC-1029,Control (2nd line),Middle office,Fixed,Future Executives,user760@examplebank.com.sa,2020-10-08,Jordanian,No,No,Yes,Salma Qureshi,Ready 1-2 years
POS00761,POS00650,Head of Operational Risk,Aisha Nasser,G15,JC5621,Leadership,Risk,Example Bank,Risk,Operational Risk,,,,,Jeddah,Full-time,Filled,1,CC-1059,Control (2nd line),Middle office,Bonus,,user761@examplebank.com.sa,2009-11-17,Saudi,Yes,Yes,No,,
POS00762,POS00761,Senior Manager Operational Risk,Sami Saleh,G14,JC5056,Leadership,Risk,Example Bank,Risk,Operational Risk,Operational Risk Unit 1,,,,Khobar,Full-time,Filled,1,CC-1043,Control (2nd line),Middle office,Bonus,,user762@examplebank.com.sa,2020-08-03,Saudi,No,No,Yes,Salma Darwish,Ready 1-2 years
POS00763,POS00762,Manager Operational Risk,,G13,JC5363,Management,Risk,Example Bank,Risk,Operational Risk,Operational Risk Unit 1,Operational Risk Unit 1 — Team A,,,Khobar,Full-time,Vacant,1,CC-1045,Control (2nd line),Middle office,Bonus,Future Executives,,2013-08-27,Jordanian,No,No,No,,
POS00764,POS00763,Analyst Operational Risk,Karim Rashed,G10,JC8293,Professional,Risk,Example Bank,Risk,Operational Risk,Operational Risk Unit 1,Operational Risk Unit 1 — Team A,Operational Risk Unit 1 — Team A / Section 2,,Riyadh,Full-time,Filled,1,CC-1054,Control (2nd line),Middle office,Bonus,,user764@examplebank.com.sa,2009-02-11,Saudi,No,No,No,,
POS00765,POS00763,Analyst Operational Risk,Hassan Farouk,G9,JC6767,Professional,Risk,Example Bank,Risk,Operational Risk,Operational Risk Unit 1,Operational Risk Unit 1 — Team A,Operational Risk Unit 1 — Team A / Section 2,,Dammam,Contractor,Filled,1,CC-1007,Control (2nd line),Middle office,Fixed,,user765@examplebank.com.sa,2011-12-08,Saudi,No,No,No,,
POS00766,POS00763,Specialist Operational Risk,Adel Baker,G11,JC4856,Professional,Risk,Example Bank,Risk,Operational Risk,Operational Risk Unit 1,Operational Risk Unit 1 — Team A,Operational Risk Unit 1 — Team A / Section 2,,Khobar,Full-time,Filled,0.5,CC-1044,Control (2nd line),Middle office,Bonus,,user766@examplebank.com.sa,2018-01-12,Saudi,No,No,No,,
POS00767,POS00763,Specialist Operational Risk,Mona Osman,G11,JC1968,Professional,Risk,Example Bank,Risk,Operational Risk,Operational Risk Unit 1,Operational Risk Unit 1 — Team A,Operational Risk Unit 1 — Team A / Section 1,,Riyadh,Full-time,Filled,1,CC-1047,Control (2nd line),Middle office,Fixed,,user767@examplebank.com.sa,2008-09-14,Jordanian,No,No,No,,
POS00768,POS00763,Analyst Operational Risk,خالد الغامدي,G12,JC1638,Management,Risk,Example Bank,Risk,Operational Risk,Operational Risk Unit 1,Operational Risk Unit 1 — Team A,Operational Risk Unit 1 — Team A / Section 2,,Riyadh,Full-time,Filled,1,CC-1021,Control (2nd line),Middle office,Fixed,,user768@examplebank.com.sa,2018-09-04,Saudi,No,No,No,,
POS00769,POS00763,Analyst Operational Risk,سارة الدوسري,G9,JC7153,Professional,Risk,Example Bank,Risk,Operational Risk,Operational Risk Unit 1,Operational Risk Unit 1 — Team A,Operational Risk Unit 1 — Team A / Section 1,,Riyadh,Full-time,Filled,1,CC-1032,Control (2nd line),Middle office,Fixed,,user769@examplebank.com.sa,2011-05-05,Indian,No,No,No,,
POS00770,POS00763,Senior Analyst Operational Risk,Sami Siddiqui,G10,JC5921,Professional,Risk,Example Bank,Risk,Operational Risk,Operational Risk Unit 1,Operational Risk Unit 1 — Team A,Operational Risk Unit 1 — Team A / Section 1,,Riyadh,Full-time,Filled,1,CC-1054,Control (2nd line),Middle office,Fixed,,user770@examplebank.com.sa,2016-05-09,Saudi,No,No,No,,
POS00771,POS00763,Associate Operational Risk,Sami Rashed,G10,JC7561,Professional,Risk,Example Bank,Risk,Operational Risk,Operational Risk Unit 1,Operational Risk Unit 1 — Team A,Operational Risk Unit 1 — Team A / Section 1,,Jeddah,Full-time,Filled,1,CC-1007,Control (2nd line),Middle office,Bonus,,user771@examplebank.com.sa,2020-04-14,Saudi,No,No,No,,
POS00772,POS00763,Specialist Operational Risk,Tariq Aziz,G12,JC2080,Management,Risk,Example Bank,Risk,Operational Risk,Operational Risk Unit 1,Operational Risk Unit 1 — Team A,Operational Risk Unit 1 — Team A / Section 1,,Dammam,Full-time,Filled,0.5,CC-1044,Control (2nd line),Middle office,Fixed,,user772@examplebank.com.sa,2018-04-19,Indian,No,No,No,,
POS00773,POS00763,Senior Officer Operational Risk,Huda Haddad,G12,JC1325,Management,Risk,Example Bank,Risk,Operational Risk,Operational Risk Unit 1,Operational Risk Unit 1 — Team A,Operational Risk Unit 1 — Team A / Section 1,,Jeddah,Full-time,Filled,1,CC-1055,Control (2nd line),Middle office,Fixed,,user773@examplebank.com.sa,2021-03-17,Saudi,No,No,No,,
POS00774,POS00763,Officer Operational Risk,Adel Saleh,G10,JC3021,Professional,Risk,Example Bank,Risk,Operational Risk,Operational Risk Unit 1,Operational Risk Unit 1 — Team A,Operational Risk Unit 1 — Team A / Section 1,,Riyadh,Full-time,Filled,1,CC-1041,Control (2nd line),Middle office,Fixed,,user774@examplebank.com.sa,2021-11-04,Saudi,No,No,Yes,Salma Nasser,Ready 3+ years
POS00775,POS00763,Officer Operational Risk,هند المطيري,G12,JC4193,Management,Risk,Example Bank,Risk,Operational Risk,Operational Risk Unit 1,Operational Risk Unit 1 — Team A,Operational Risk Unit 1 — Team A / Section 1,,Riyadh,Full-time,Filled,1,CC-1057,Control (2nd line),Middle office,Bonus,,user775@examplebank.com.sa,2022-11-23,Saudi,No,No,Yes,سلطان المطيري,Ready 1-2 years
POS00776,POS00762,Manager Operational Risk,دانة الزهراني,G13,JC1651,Management,Risk,Example Bank,Risk,Operational Risk,Operational Risk Unit 1,Operational Risk Unit 1 — Team B,,,Dammam,Full-time,Filled,1,CC-1001,Control (2nd line),Middle office,Bonus,,user776@examplebank.com.sa,2010-12-18,Saudi,No,No,No,,
POS00777,POS00776,Officer Operational Risk,,G10,JC8374,Professional,Risk,Example Bank,Risk,Operational Risk,Operational Risk Unit 1,Operational Risk Unit 1 — Team B,Operational Risk Unit 1 — Team B / Section 2,,Jeddah,Full-time,Vacant,1,CC-1037,Control (2nd line),Middle office,Fixed,,,2015-06-09,Jordanian,No,No,No,,
POS00778,POS00776,Analyst Operational Risk,Waleed Nasser,G10,JC8885,Professional,Risk,Example Bank,Risk,Operational Risk,Operational Risk Unit 1,Operational Risk Unit 1 — Team B,Operational Risk Unit 1 — Team B / Section 2,,Khobar,Full-time,Filled,1,CC-1046,Control (2nd line),Middle office,Bonus,,user778@examplebank.com.sa,2014-03-07,Saudi,No,No,No,,
POS00779,POS00776,Analyst Operational Risk,Yusuf Aziz,G11,JC7424,Professional,Risk,Example Bank,Risk,Operational Risk,Operational Risk Unit 1,Operational Risk Unit 1 — Team B,Operational Risk Unit 1 — Team B / Section 1,,Jeddah,Full-time,Filled,1,CC-1025,Control (2nd line),Middle office,Fixed,,user779@examplebank.com.sa,2018-06-12,Egyptian,No,No,No,,
POS00780,POS00776,Analyst Operational Risk,,G10,JC4935,Professional,Risk,Example Bank,Risk,Operational Risk,Operational Risk Unit 1,Operational Risk Unit 1 — Team B,Operational Risk Unit 1 — Team B / Section 2,,Jeddah,Full-time,Vacant,0.5,CC-1026,Control (2nd line),Middle office,Fixed,,,2018-09-09,Saudi,No,No,No,,
POS00781,POS00776,Officer Operational Risk,Aisha Mansour,G11,JC1656,Professional,Risk,Example Bank,Risk,Operational Risk,Operational Risk Unit 1,Operational Risk Unit 1 — Team B,Operational Risk Unit 1 — Team B / Section 2,,Riyadh,Full-time,Filled,1,CC-1013,Control (2nd line),Middle office,Fixed,,user781@examplebank.com.sa,2019-03-22,British,No,No,No,,
POS00782,POS00776,Analyst Operational Risk,Waleed Siddiqui,G11,JC7396,Professional,Risk,Example Bank,Risk,Operational Risk,Operational Risk Unit 1,Operational Risk Unit 1 — Team B,Operational Risk Unit 1 — Team B / Section 2,,Jeddah,Full-time,Filled,0.5,CC-1004,Control (2nd line),Middle office,Bonus,,user782@examplebank.com.sa,2014-02-16,Saudi,No,No,No,,
POS00783,POS00776,Senior Analyst Operational Risk,Mona Siddiqui,G9,JC1336,Professional,Risk,Example Bank,Risk,Operational Risk,Operational Risk Unit 1,Operational Risk Unit 1 — Team B,Operational Risk Unit 1 — Team B / Section 2,,Remote,Full-time,Filled,1,CC-1003,Control (2nd line),Middle office,Bonus,,user783@examplebank.com.sa,2015-07-06,Saudi,No,No,No,,
POS00784,POS00776,Analyst Operational Risk,Maya Farouk,G10,JC3590,Professional,Risk,Example Bank,Risk,Operational Risk,Operational Risk Unit 1,Operational Risk Unit 1 — Team B,Operational Risk Unit 1 — Team B / Section 2,,Riyadh,Full-time,Filled,1,CC-1051,Control (2nd line),Middle office,Bonus,,user784@examplebank.com.sa,2011-09-20,Saudi,No,No,No,,
POS00785,POS00776,Officer Operational Risk,,G10,JC5087,Professional,Risk,Example Bank,Risk,Operational Risk,Operational Risk Unit 1,Operational Risk Unit 1 — Team B,Operational Risk Unit 1 — Team B / Section 1,,Riyadh,Full-time,Vacant,1,CC-1047,Control (2nd line),Middle office,Fixed,,,2022-10-16,Jordanian,No,No,No,,
POS00786,POS00776,Officer Operational Risk,Noor Karim,G11,JC7698,Professional,Risk,Example Bank,Risk,Operational Risk,Operational Risk Unit 1,Operational Risk Unit 1 — Team B,Operational Risk Unit 1 — Team B / Section 1,,Riyadh,Full-time,Filled,1,CC-1058,Control (2nd line),Middle office,Fixed,,user786@examplebank.com.sa,2010-10-28,Saudi,No,No,No,,
POS00787,POS00762,Manager Operational Risk,Adel Idris,G13,JC4827,Management,Risk,Example Bank,Risk,Operational Risk,Operational Risk Unit 1,Operational Risk Unit 1 — Team C,,,Jeddah,Full-time,Filled,1,CC-1051,Control (2nd line),Middle office,Bonus,,user787@examplebank.com.sa,2013-11-22,Jordanian,No,No,No,,
POS00788,POS00787,Specialist Operational Risk,,G12,JC8521,Management,Risk,Example Bank,Risk,Operational Risk,Operational Risk Unit 1,Operational Risk Unit 1 — Team C,Operational Risk Unit 1 — Team C / Section 2,,Jeddah,Full-time,Vacant,1,CC-1033,Control (2nd line),Middle office,Fixed,,,2019-01-02,Jordanian,No,No,Yes,Aisha Mansour,Ready 1-2 years
POS00789,POS00787,Analyst Operational Risk,Aisha Mansour,G11,JC1257,Professional,Risk,Example Bank,Risk,Operational Risk,Operational Risk Unit 1,Operational Risk Unit 1 — Team C,Operational Risk Unit 1 — Team C / Section 1,,Khobar,Full-time,Filled,0.5,CC-1031,Control (2nd line),Middle office,Bonus,,user789@examplebank.com.sa,2017-07-15,Saudi,No,No,No,,
POS00790,POS00787,Analyst Operational Risk,Noor Aziz,G9,JC6178,Professional,Risk,Example Bank,Risk,Operational Risk,Operational Risk Unit 1,Operational Risk Unit 1 — Team C,Operational Risk Unit 1 — Team C / Section 2,,Riyadh,Full-time,Filled,1,CC-1055,Control (2nd line),Middle office,Fixed,,user790@examplebank.com.sa,2021-11-24,Saudi,No,No,No,,
POS00791,POS00787,Officer Operational Risk,Salma Aziz,G11,JC1110,Professional,Risk,Example Bank,Risk,Operational Risk,Operational Risk Unit 1,Operational Risk Unit 1 — Team C,Operational Risk Unit 1 — Team C / Section 1,,Jeddah,Full-time,Filled,1,CC-1023,Control (2nd line),Middle office,Fixed,,user791@examplebank.com.sa,2009-10-02,Egyptian,No,No,No,,
POS00792,POS00787,Associate Operational Risk,Amal Younes,G11,JC5027,Professional,Risk,Example Bank,Risk,Operational Risk,Operational Risk Unit 1,Operational Risk Unit 1 — Team C,Operational Risk Unit 1 — Team C / Section 1,,Dammam,Full-time,Filled,1,CC-1039,Control (2nd line),Middle office,Fixed,,user792@examplebank.com.sa,2014-06-20,British,No,No,No,,
POS00793,POS00787,Senior Analyst Operational Risk,سارة الشمري,G10,JC4445,Professional,Risk,Example Bank,Risk,Operational Risk,Operational Risk Unit 1,Operational Risk Unit 1 — Team C,Operational Risk Unit 1 — Team C / Section 1,,Jeddah,Full-time,Filled,1,CC-1019,Control (2nd line),Middle office,Fixed,,user793@examplebank.com.sa,2012-03-18,Saudi,No,No,No,,
POS00794,POS00787,Analyst Operational Risk,ريم الشمري,G10,JC1209,Professional,Risk,Example Bank,Risk,Operational Risk,Operational Risk Unit 1,Operational Risk Unit 1 — Team C,Operational Risk Unit 1 — Team C / Section 1,,Remote,Full-time,Filled,1,CC-1053,Control (2nd line),Middle office,Bonus,,user794@examplebank.com.sa,2021-03-21,British,No,No,No,,
POS00795,POS00787,Officer Operational Risk,Mona Karim,G9,JC3715,Professional,Risk,Example Bank,Risk,Operational Risk,Operational Risk Unit 1,Operational Risk Unit 1 — Team C,Operational Risk Unit 1 — Team C / Section 2,,Jeddah,Full-time,Filled,1,CC-1033,Control (2nd line),Middle office,Fixed,,user795@examplebank.com.sa,2008-05-12,Saudi,No,No,No,,
POS00796,POS00762,Manager Operational Risk,Dana Idris,G13,JC9561,Management,Risk,Example Bank,Risk,Operational Risk,Operational Risk Unit 1,Operational Risk Unit 1 — Team D,,,Dammam,Full-time,Filled,1,CC-1008,Control (2nd line),Middle office,Bonus,,user796@examplebank.com.sa,2010-07-05,Saudi,No,No,No,,
POS00797,POS00796,Senior Analyst Operational Risk,دانة الزهراني,G12,JC6968,Management,Risk,Example Bank,Risk,Operational Risk,Operational Risk Unit 1,Operational Risk Unit 1 — Team D,Operational Risk Unit 1 — Team D / Section 2,,Riyadh,Contractor,Filled,1,CC-1040,Control (2nd line),Middle office,Bonus,,user797@examplebank.com.sa,2015-08-21,Saudi,No,No,No,,
POS00798,POS00796,Senior Officer Operational Risk,,G10,JC4162,Professional,Risk,Example Bank,Risk,Operational Risk,Operational Risk Unit 1,Operational Risk Unit 1 — Team D,Operational Risk Unit 1 — Team D / Section 1,,Riyadh,Full-time,Vacant,1,CC-1053,Control (2nd line),Middle office,Fixed,,,2013-12-26,Saudi,No,No,No,,
POS00799,POS00796,Specialist Operational Risk,ريم الغامدي,G10,JC6321,Professional,Risk,Example Bank,Risk,Operational Risk,Operational Risk Unit 1,Operational Risk Unit 1 — Team D,Operational Risk Unit 1 — Team D / Section 2,,Jeddah,Full-time,Filled,1,CC-1054,Control (2nd line),Middle office,Fixed,,user799@examplebank.com.sa,2023-05-26,Saudi,No,No,Yes,Maya Khan,Ready 3+ years
POS00800,POS00796,Senior Officer Operational Risk,نورة الشمري,G11,JC3702,Professional,Risk,Example Bank,Risk,Operational Risk,Operational Risk Unit 1,Operational Risk Unit 1 — Team D,Operational Risk Unit 1 — Team D / Section 2,,Khobar,Full-time,Filled,1,CC-1031,Control (2nd line),Middle office,Fixed,,user800@examplebank.com.sa,2017-09-05,Indian,No,No,No,,
POS00801,POS00796,Senior Officer Operational Risk,سلطان الشمري,G10,JC3612,Professional,Risk,Example Bank,Risk,Operational Risk,Operational Risk Unit 1,Operational Risk Unit 1 — Team D,Operational Risk Unit 1 — Team D / Section 2,,Jeddah,Full-time,Filled,1,CC-1000,Control (2nd line),Middle office,Fixed,,user801@examplebank.com.sa,2010-12-24,Saudi,No,No,No,,
POS00802,POS00796,Specialist Operational Risk,خالد المطيري,G10,JC9830,Professional,Risk,Example Bank,Risk,Operational Risk,Operational Risk Unit 1,Operational Risk Unit 1 — Team D,Operational Risk Unit 1 — Team D / Section 2,,Riyadh,Full-time,Filled,1,CC-1006,Control (2nd line),Middle office,Bonus,,user802@examplebank.com.sa,2023-06-02,Jordanian,No,No,No,,
POS00803,POS00796,Senior Officer Operational Risk,Hassan Baker,G12,JC7274,Management,Risk,Example Bank,Risk,Operational Risk,Operational Risk Unit 1,Operational Risk Unit 1 — Team D,Operational Risk Unit 1 — Team D / Section 1,,Khobar,Full-time,Filled,1,CC-1010,Control (2nd line),Middle office,Bonus,,user803@examplebank.com.sa,2010-10-22,Saudi,No,No,No,,
POS00804,POS00796,Officer Operational Risk,Waleed Osman,G9,JC4556,Professional,Risk,Example Bank,Risk,Operational Risk,Operational Risk Unit 1,Operational Risk Unit 1 — Team D,Operational Risk Unit 1 — Team D / Section 1,,Dammam,Full-time,Filled,1,CC-1018,Control (2nd line),Middle office,Fixed,,user804@examplebank.com.sa,2020-11-07,Saudi,No,No,No,,
POS00805,POS00796,Senior Officer Operational Risk,خالد الغامدي,G9,JC6611,Professional,Risk,Example Bank,Risk,Operational Risk,Operational Risk Unit 1,Operational Risk Unit 1 — Team D,Operational Risk Unit 1 — Team D / Section 1,,Khobar,Full-time,Filled,1,CC-1007,Control (2nd line),Middle office,Bonus,,user805@examplebank.com.sa,2019-09-03,Egyptian,No,No,No,,
POS00806,POS00796,Specialist Operational Risk,Nasser Mansour,G11,JC4690,Professional,Risk,Example Bank,Risk,Operational Risk,Operational Risk Unit 1,Operational Risk Unit 1 — Team D,Operational Risk Unit 1 — Team D / Section 2,,Riyadh,Full-time,Filled,1,CC-1033,Control (2nd line),Middle office,Fixed,,user806@examplebank.com.sa,2013-12-06,Saudi,No,No,Yes,Waleed Mansour,Ready 3+ years
POS00807,POS00761,Senior Manager Operational Risk,Rami Khan,G14,JC7843,Leadership,Risk,Example Bank,Risk,Operational Risk,Operational Risk Unit 2,,,,Jeddah,Full-time,Filled,0.5,CC-1018,Control (2nd line),Middle office,Bonus,Emerging Leaders,user807@examplebank.com.sa,2013-04-02,Saudi,Yes,No,No,,
POS00808,POS00807,Manager Operational Risk,Waleed Mansour,G13,JC2792,Management,Risk,Example Bank,Risk,Operational Risk,Operational Risk Unit 2,Operational Risk Unit 2 — Team A,,,Khobar,Full-time,Filled,1,CC-1039,Control (2nd line),Middle office,Bonus,,user808@examplebank.com.sa,2012-11-15,Saudi,No,No,Yes,دانة السبيعي,Ready 3+ years
POS00809,POS00808,Officer Operational Risk,Salma Bakr,G10,JC5156,Professional,Risk,Example Bank,Risk,Operational Risk,Operational Risk Unit 2,Operational Risk Unit 2 — Team A,Operational Risk Unit 2 — Team A / Section 2,,Remote,Full-time,Filled,1,CC-1048,Control (2nd line),Middle office,Fixed,,user809@examplebank.com.sa,2016-09-19,Saudi,No,No,No,,
POS00810,POS00808,Senior Analyst Operational Risk,نورة السبيعي,G11,JC7306,Professional,Risk,Example Bank,Risk,Operational Risk,Operational Risk Unit 2,Operational Risk Unit 2 — Team A,Operational Risk Unit 2 — Team A / Section 2,,Jeddah,Contractor,Filled,1,CC-1005,Control (2nd line),Middle office,Fixed,,user810@examplebank.com.sa,2011-12-20,Saudi,No,No,No,,
POS00811,POS00808,Senior Officer Operational Risk,فيصل الحربي,G10,JC3691,Professional,Risk,Example Bank,Risk,Operational Risk,Operational Risk Unit 2,Operational Risk Unit 2 — Team A,Operational Risk Unit 2 — Team A / Section 2,,Jeddah,Full-time,Filled,1,CC-1017,Control (2nd line),Middle office,Fixed,,user811@examplebank.com.sa,2015-11-28,Saudi,No,No,No,,
POS00812,POS00808,Analyst Operational Risk,Hassan Khan,G12,JC2624,Management,Risk,Example Bank,Risk,Operational Risk,Operational Risk Unit 2,Operational Risk Unit 2 — Team A,Operational Risk Unit 2 — Team A / Section 2,,Khobar,Full-time,Filled,1,CC-1057,Control (2nd line),Middle office,Fixed,,user812@examplebank.com.sa,2012-08-16,Saudi,No,No,Yes,Nasser Nasser,Ready 1-2 years
POS00813,POS00808,Senior Officer Operational Risk,Dana Aziz,G10,JC3114,Professional,Risk,Example Bank,Risk,Operational Risk,Operational Risk Unit 2,Operational Risk Unit 2 — Team A,Operational Risk Unit 2 — Team A / Section 2,,Jeddah,Full-time,Filled,1,CC-1033,Control (2nd line),Middle office,Fixed,,user813@examplebank.com.sa,2014-03-04,Saudi,No,No,No,,
POS00814,POS00808,Senior Officer Operational Risk,Salma Rashed,G9,JC7258,Professional,Risk,Example Bank,Risk,Operational Risk,Operational Risk Unit 2,Operational Risk Unit 2 — Team A,Operational Risk Unit 2 — Team A / Section 2,,Riyadh,Full-time,Filled,1,CC-1004,Control (2nd line),Middle office,Bonus,,user814@examplebank.com.sa,2009-05-09,Egyptian,No,No,No,,
POS00815,POS00808,Senior Analyst Operational Risk,Layla Younes,G10,JC5069,Professional,Risk,Example Bank,Risk,Operational Risk,Operational Risk Unit 2,Operational Risk Unit 2 — Team A,Operational Risk Unit 2 — Team A / Section 1,,Dammam,Contractor,Filled,1,CC-1019,Control (2nd line),Middle office,Fixed,,user815@examplebank.com.sa,2008-02-02,Jordanian,No,No,No,,
POS00816,POS00808,Senior Analyst Operational Risk,أحمد الحربي,G12,JC5229,Management,Risk,Example Bank,Risk,Operational Risk,Operational Risk Unit 2,Operational Risk Unit 2 — Team A,Operational Risk Unit 2 — Team A / Section 2,,Riyadh,Full-time,Filled,1,CC-1044,Control (2nd line),Middle office,Fixed,,user816@examplebank.com.sa,2020-03-10,Egyptian,No,No,No,,
POS00817,POS00808,Associate Operational Risk,عبدالله العتيبي,G10,JC5692,Professional,Risk,Example Bank,Risk,Operational Risk,Operational Risk Unit 2,Operational Risk Unit 2 — Team A,Operational Risk Unit 2 — Team A / Section 1,,Jeddah,Full-time,Filled,1,CC-1043,Control (2nd line),Middle office,Fixed,,user817@examplebank.com.sa,2011-04-26,Jordanian,No,No,No,,
POS00818,POS00808,Specialist Operational Risk,لطيفة الدوسري,G10,JC5930,Professional,Risk,Example Bank,Risk,Operational Risk,Operational Risk Unit 2,Operational Risk Unit 2 — Team A,Operational Risk Unit 2 — Team A / Section 2,,Dammam,Full-time,Filled,1,CC-1057,Control (2nd line),Middle office,Fixed,Future Executives,user818@examplebank.com.sa,2017-09-03,Saudi,No,No,Yes,سلطان الشمري,Ready 1-2 years
POS00819,POS00807,Manager Operational Risk,نورة الدوسري,G13,JC2264,Management,Risk,Example Bank,Risk,Operational Risk,Operational Risk Unit 2,Operational Risk Unit 2 — Team B,,,Dammam,Full-time,Filled,1,CC-1016,Control (2nd line),Middle office,Bonus,,user819@examplebank.com.sa,2014-04-09,British,No,No,No,,
POS00820,POS00819,Specialist Operational Risk,هند القحطاني,G10,JC4618,Professional,Risk,Example Bank,Risk,Operational Risk,Operational Risk Unit 2,Operational Risk Unit 2 — Team B,Operational Risk Unit 2 — Team B / Section 1,,Riyadh,Full-time,Filled,1,CC-1030,Control (2nd line),Middle office,Fixed,,user820@examplebank.com.sa,2009-10-24,Saudi,No,No,Yes,Nasser Nasser,Ready 3+ years
POS00821,POS00819,Senior Officer Operational Risk,لطيفة المطيري,G10,JC9456,Professional,Risk,Example Bank,Risk,Operational Risk,Operational Risk Unit 2,Operational Risk Unit 2 — Team B,Operational Risk Unit 2 — Team B / Section 1,,Riyadh,Full-time,Filled,1,CC-1032,Control (2nd line),Middle office,Bonus,,user821@examplebank.com.sa,2021-05-20,Saudi,No,No,No,,
POS00822,POS00819,Senior Officer Operational Risk,,G10,JC4056,Professional,Risk,Example Bank,Risk,Operational Risk,Operational Risk Unit 2,Operational Risk Unit 2 — Team B,Operational Risk Unit 2 — Team B / Section 2,,Remote,Full-time,Vacant,1,CC-1034,Control (2nd line),Middle office,Bonus,,,2013-05-14,Saudi,No,No,No,,
POS00823,POS00819,Analyst Operational Risk,دانة الزهراني,G11,JC8267,Professional,Risk,Example Bank,Risk,Operational Risk,Operational Risk Unit 2,Operational Risk Unit 2 — Team B,Operational Risk Unit 2 — Team B / Section 1,,Remote,Full-time,Filled,1,CC-1035,Control (2nd line),Middle office,Fixed,,user823@examplebank.com.sa,2012-01-13,Saudi,No,No,No,,
POS00824,POS00819,Senior Officer Operational Risk,خالد الحربي,G11,JC9726,Professional,Risk,Example Bank,Risk,Operational Risk,Operational Risk Unit 2,Operational Risk Unit 2 — Team B,Operational Risk Unit 2 — Team B / Section 1,,Dammam,Full-time,Filled,1,CC-1021,Control (2nd line),Middle office,Bonus,,user824@examplebank.com.sa,2014-06-24,Indian,No,No,Yes,Salma Nasser,Ready now
POS00825,POS00819,Specialist Operational Risk,ماجد الزهراني,G10,JC2095,Professional,Risk,Example Bank,Risk,Operational Risk,Operational Risk Unit 2,Operational Risk Unit 2 — Team B,Operational Risk Unit 2 — Team B / Section 2,,Dammam,Full-time,Filled,1,CC-1022,Control (2nd line),Middle office,Fixed,,user825@examplebank.com.sa,2023-08-16,British,No,No,No,,
POS00826,POS00819,Senior Analyst Operational Risk,نورة الدوسري,G10,JC4502,Professional,Risk,Example Bank,Risk,Operational Risk,Operational Risk Unit 2,Operational Risk Unit 2 — Team B,Operational Risk Unit 2 — Team B / Section 1,,Khobar,Full-time,Filled,1,CC-1049,Control (2nd line),Middle office,Fixed,,user826@examplebank.com.sa,2008-12-10,Saudi,No,No,No,,
POS00827,POS00819,Analyst Operational Risk,Lina Saleh,G11,JC4094,Professional,Risk,Example Bank,Risk,Operational Risk,Operational Risk Unit 2,Operational Risk Unit 2 — Team B,Operational Risk Unit 2 — Team B / Section 2,,Dammam,Full-time,Filled,1,CC-1037,Control (2nd line),Middle office,Fixed,,user827@examplebank.com.sa,2012-09-02,Indian,No,No,No,,
POS00828,POS00819,Associate Operational Risk,لطيفة السبيعي,G9,JC2365,Professional,Risk,Example Bank,Risk,Operational Risk,Operational Risk Unit 2,Operational Risk Unit 2 — Team B,Operational Risk Unit 2 — Team B / Section 1,,Jeddah,Contractor,Filled,1,CC-1022,Control (2nd line),Middle office,Bonus,,user828@examplebank.com.sa,2023-01-20,Saudi,No,No,Yes,عبدالله الزهراني,Ready 1-2 years
POS00829,POS00819,Associate Operational Risk,Salma Mansour,G10,JC7546,Professional,Risk,Example Bank,Risk,Operational Risk,Operational Risk Unit 2,Operational Risk Unit 2 — Team B,Operational Risk Unit 2 — Team B / Section 2,,Jeddah,Full-time,Filled,1,CC-1049,Control (2nd line),Middle office,Bonus,,user829@examplebank.com.sa,2019-10-21,Indian,No,No,Yes,Amal Bakr,Ready 1-2 years
POS00830,POS00807,Manager Operational Risk,عبدالله الغامدي,G13,JC1935,Management,Risk,Example Bank,Risk,Operational Risk,Operational Risk Unit 2,Operational Risk Unit 2 — Team C,,,Dammam,Full-time,Filled,1,CC-1045,Control (2nd line),Middle office,Bonus,,user830@examplebank.com.sa,2025-05-23,British,No,No,Yes,Karim Aziz,Ready now
POS00831,POS00830,Senior Analyst Operational Risk,هند المطيري,G12,JC7136,Management,Risk,Example Bank,Risk,Operational Risk,Operational Risk Unit 2,Operational Risk Unit 2 — Team C,Operational Risk Unit 2 — Team C / Section 1,,Riyadh,Full-time,Filled,1,CC-1018,Control (2nd line),Middle office,Fixed,,user831@examplebank.com.sa,2023-10-28,Saudi,No,No,No,,
POS00832,POS00830,Associate Operational Risk,خالد الحربي,G11,JC8283,Professional,Risk,Example Bank,Risk,Operational Risk,Operational Risk Unit 2,Operational Risk Unit 2 — Team C,Operational Risk Unit 2 — Team C / Section 1,,Khobar,Full-time,Filled,1,CC-1060,Control (2nd line),Middle office,Bonus,,user832@examplebank.com.sa,2019-06-11,Saudi,No,No,No,,
POS00833,POS00830,Specialist Operational Risk,Yusuf Khan,G10,JC4478,Professional,Risk,Example Bank,Risk,Operational Risk,Operational Risk Unit 2,Operational Risk Unit 2 — Team C,Operational Risk Unit 2 — Team C / Section 1,,Remote,Full-time,Filled,1,CC-1011,Control (2nd line),Middle office,Bonus,,user833@examplebank.com.sa,2024-04-21,Saudi,No,No,No,,
POS00834,POS00830,Analyst Operational Risk,Lina Farouk,G12,JC7590,Management,Risk,Example Bank,Risk,Operational Risk,Operational Risk Unit 2,Operational Risk Unit 2 — Team C,Operational Risk Unit 2 — Team C / Section 2,,Riyadh,Full-time,Filled,1,CC-1047,Control (2nd line),Middle office,Fixed,,user834@examplebank.com.sa,2011-04-17,British,No,No,Yes,هند السبيعي,Ready 1-2 years
POS00835,POS00830,Senior Officer Operational Risk,ماجد السبيعي,G10,JC6092,Professional,Risk,Example Bank,Risk,Operational Risk,Operational Risk Unit 2,Operational Risk Unit 2 — Team C,Operational Risk Unit 2 — Team C / Section 1,,Dammam,Full-time,Filled,1,CC-1014,Control (2nd line),Middle office,Fixed,,user835@examplebank.com.sa,2010-03-06,Saudi,No,No,No,,
POS00836,POS00830,Associate Operational Risk,Dana Farouk,G10,JC2673,Professional,Risk,Example Bank,Risk,Operational Risk,Operational Risk Unit 2,Operational Risk Unit 2 — Team C,Operational Risk Unit 2 — Team C / Section 1,,Remote,Contractor,Filled,1,CC-1040,Control (2nd line),Middle office,Fixed,,user836@examplebank.com.sa,2025-10-04,Saudi,No,No,No,,
POS00837,POS00830,Analyst Operational Risk,خالد العتيبي,G10,JC8078,Professional,Risk,Example Bank,Risk,Operational Risk,Operational Risk Unit 2,Operational Risk Unit 2 — Team C,Operational Risk Unit 2 — Team C / Section 1,,Riyadh,Full-time,Filled,1,CC-1038,Control (2nd line),Middle office,Fixed,,user837@examplebank.com.sa,2019-01-10,Jordanian,No,No,No,,
POS00838,POS00830,Specialist Operational Risk,Hassan Haddad,G10,JC6901,Professional,Risk,Example Bank,Risk,Operational Risk,Operational Risk Unit 2,Operational Risk Unit 2 — Team C,Operational Risk Unit 2 — Team C / Section 1,,Khobar,Full-time,Filled,1,CC-1010,Control (2nd line),Middle office,Bonus,,user838@examplebank.com.sa,2009-12-22,Saudi,No,No,No,,
POS00839,POS00761,Senior Manager Operational Risk,Karim Fahmy,G14,JC8152,Leadership,Risk,Example Bank,Risk,Operational Risk,Operational Risk Unit 3,,,,Jeddah,Full-time,Filled,1,CC-1030,Control (2nd line),Middle office,Bonus,,user839@examplebank.com.sa,2017-09-04,Saudi,Yes,No,Yes,هند السبيعي,Ready 1-2 years
POS00840,POS00839,Manager Operational Risk,Ziad Nasser,G13,JC2981,Management,Risk,Example Bank,Risk,Operational Risk,Operational Risk Unit 3,Operational Risk Unit 3 — Team A,,,Riyadh,Full-time,Filled,1,CC-1048,Control (2nd line),Middle office,Bonus,,user840@examplebank.com.sa,2017-05-27,Saudi,No,No,No,,
POS00841,POS00840,Senior Officer Operational Risk,خالد العتيبي,G11,JC3429,Professional,Risk,Example Bank,Risk,Operational Risk,Operational Risk Unit 3,Operational Risk Unit 3 — Team A,Operational Risk Unit 3 — Team A / Section 2,,Riyadh,Contractor,Filled,1,CC-1009,Control (2nd line),Middle office,Bonus,,user841@examplebank.com.sa,2015-05-28,British,No,No,Yes,Jana Karim,Ready 3+ years
POS00842,POS00840,Analyst Operational Risk,Dana Karim,G10,JC3611,Professional,Risk,Example Bank,Risk,Operational Risk,Operational Risk Unit 3,Operational Risk Unit 3 — Team A,Operational Risk Unit 3 — Team A / Section 1,,Riyadh,Contractor,Filled,1,CC-1011,Control (2nd line),Middle office,Fixed,,user842@examplebank.com.sa,2015-04-28,Jordanian,No,No,No,,
POS00843,POS00840,Associate Operational Risk,سارة الشمري,G10,JC4131,Professional,Risk,Example Bank,Risk,Operational Risk,Operational Risk Unit 3,Operational Risk Unit 3 — Team A,Operational Risk Unit 3 — Team A / Section 2,,Riyadh,Full-time,Filled,1,CC-1049,Control (2nd line),Middle office,Fixed,,user843@examplebank.com.sa,2011-05-07,Saudi,No,No,No,,
POS00844,POS00840,Specialist Operational Risk,Lina Younes,G10,JC2769,Professional,Risk,Example Bank,Risk,Operational Risk,Operational Risk Unit 3,Operational Risk Unit 3 — Team A,Operational Risk Unit 3 — Team A / Section 2,,Jeddah,Full-time,Filled,1,CC-1016,Control (2nd line),Middle office,Fixed,,user844@examplebank.com.sa,2008-11-03,Saudi,No,No,No,,
POS00845,POS00840,Senior Analyst Operational Risk,سلطان السبيعي,G12,JC4863,Management,Risk,Example Bank,Risk,Operational Risk,Operational Risk Unit 3,Operational Risk Unit 3 — Team A,Operational Risk Unit 3 — Team A / Section 2,,Jeddah,Full-time,Filled,1,CC-1000,Control (2nd line),Middle office,Fixed,,user845@examplebank.com.sa,2016-05-27,Indian,No,No,No,,
POS00846,POS00840,Senior Officer Operational Risk,,G12,JC4792,Management,Risk,Example Bank,Risk,Operational Risk,Operational Risk Unit 3,Operational Risk Unit 3 — Team A,Operational Risk Unit 3 — Team A / Section 1,,Dammam,Full-time,Vacant,1,CC-1008,Control (2nd line),Middle office,Fixed,,,2018-09-28,Saudi,No,No,No,,
POS00847,POS00840,Specialist Operational Risk,,G11,JC3356,Professional,Risk,Example Bank,Risk,Operational Risk,Operational Risk Unit 3,Operational Risk Unit 3 — Team A,Operational Risk Unit 3 — Team A / Section 2,,Riyadh,Full-time,Vacant,1,CC-1022,Control (2nd line),Middle office,Bonus,,,2009-10-28,Saudi,No,No,No,,
POS00848,POS00840,Officer Operational Risk,فيصل العتيبي,G10,JC7861,Professional,Risk,Example Bank,Risk,Operational Risk,Operational Risk Unit 3,Operational Risk Unit 3 — Team A,Operational Risk Unit 3 — Team A / Section 1,,Remote,Full-time,Filled,1,CC-1000,Control (2nd line),Middle office,Fixed,,user848@examplebank.com.sa,2010-01-15,Saudi,No,No,Yes,عبدالله المطيري,Ready 1-2 years
POS00849,POS00840,Analyst Operational Risk,Karim Saleh,G11,JC9992,Professional,Risk,Example Bank,Risk,Operational Risk,Operational Risk Unit 3,Operational Risk Unit 3 — Team A,Operational Risk Unit 3 — Team A / Section 2,,Riyadh,Full-time,Filled,1,CC-1028,Control (2nd line),Middle office,Bonus,,user849@examplebank.com.sa,2010-05-16,Egyptian,No,No,No,,
POS00850,POS00839,Manager Operational Risk,نورة السبيعي,G13,JC8532,Management,Risk,Example Bank,Risk,Operational Risk,Operational Risk Unit 3,Operational Risk Unit 3 — Team B,,,Remote,Full-time,Filled,1,CC-1019,Control (2nd line),Middle office,Bonus,,user850@examplebank.com.sa,2012-07-26,Jordanian,No,No,No,,
POS00851,POS00850,Analyst Operational Risk,Sami Nasser,G12,JC4001,Management,Risk,Example Bank,Risk,Operational Risk,Operational Risk Unit 3,Operational Risk Unit 3 — Team B,Operational Risk Unit 3 — Team B / Section 1,,Remote,Contractor,Filled,1,CC-1005,Control (2nd line),Middle office,Fixed,,user851@examplebank.com.sa,2015-04-28,Saudi,No,No,No,,
POS00852,POS00850,Analyst Operational Risk,Huda Aziz,G9,JC8903,Professional,Risk,Example Bank,Risk,Operational Risk,Operational Risk Unit 3,Operational Risk Unit 3 — Team B,Operational Risk Unit 3 — Team B / Section 2,,Remote,Full-time,Filled,0.5,CC-1021,Control (2nd line),Middle office,Fixed,,user852@examplebank.com.sa,2012-03-18,Jordanian,No,No,Yes,Hassan Mansour,Ready 1-2 years
POS00853,POS00850,Specialist Operational Risk,لطيفة الشمري,G10,JC8067,Professional,Risk,Example Bank,Risk,Operational Risk,Operational Risk Unit 3,Operational Risk Unit 3 — Team B,Operational Risk Unit 3 — Team B / Section 1,,Riyadh,Full-time,Filled,1,CC-1020,Control (2nd line),Middle office,Fixed,,user853@examplebank.com.sa,2024-08-02,British,No,No,Yes,Jana Karim,Ready now
POS00854,POS00850,Analyst Operational Risk,Karim Haddad,G9,JC6826,Professional,Risk,Example Bank,Risk,Operational Risk,Operational Risk Unit 3,Operational Risk Unit 3 — Team B,Operational Risk Unit 3 — Team B / Section 2,,Jeddah,Full-time,Filled,1,CC-1059,Control (2nd line),Middle office,Fixed,,user854@examplebank.com.sa,2025-12-01,Saudi,No,No,No,,
POS00855,POS00850,Officer Operational Risk,نورة القحطاني,G9,JC8611,Professional,Risk,Example Bank,Risk,Operational Risk,Operational Risk Unit 3,Operational Risk Unit 3 — Team B,Operational Risk Unit 3 — Team B / Section 1,,Remote,Full-time,Filled,1,CC-1035,Control (2nd line),Middle office,Fixed,,user855@examplebank.com.sa,2021-06-28,Egyptian,No,No,No,,
POS00856,POS00850,Senior Analyst Operational Risk,Adel Mansour,G11,JC4703,Professional,Risk,Example Bank,Risk,Operational Risk,Operational Risk Unit 3,Operational Risk Unit 3 — Team B,Operational Risk Unit 3 — Team B / Section 1,,Khobar,Full-time,Filled,1,CC-1035,Control (2nd line),Middle office,Bonus,,user856@examplebank.com.sa,2011-10-10,Saudi,No,No,No,,
POS00857,POS00850,Specialist Operational Risk,عبدالله المطيري,G9,JC5143,Professional,Risk,Example Bank,Risk,Operational Risk,Operational Risk Unit 3,Operational Risk Unit 3 — Team B,Operational Risk Unit 3 — Team B / Section 1,,Riyadh,Full-time,Filled,1,CC-1030,Control (2nd line),Middle office,Fixed,,user857@examplebank.com.sa,2019-01-05,Egyptian,No,No,No,,
POS00858,POS00850,Senior Analyst Operational Risk,سارة الشمري,G10,JC9102,Professional,Risk,Example Bank,Risk,Operational Risk,Operational Risk Unit 3,Operational Risk Unit 3 — Team B,Operational Risk Unit 3 — Team B / Section 1,,Dammam,Full-time,Filled,1,CC-1008,Control (2nd line),Middle office,Fixed,,user858@examplebank.com.sa,2018-03-04,Indian,No,No,No,,
POS00859,POS00850,Senior Officer Operational Risk,Rana Nasser,G10,JC1556,Professional,Risk,Example Bank,Risk,Operational Risk,Operational Risk Unit 3,Operational Risk Unit 3 — Team B,Operational Risk Unit 3 — Team B / Section 2,,Remote,Contractor,Filled,1,CC-1001,Control (2nd line),Middle office,Fixed,,user859@examplebank.com.sa,2021-12-22,Saudi,No,No,No,,
POS00860,POS00850,Specialist Operational Risk,Jana Baker,G10,JC1824,Professional,Risk,Example Bank,Risk,Operational Risk,Operational Risk Unit 3,Operational Risk Unit 3 — Team B,Operational Risk Unit 3 — Team B / Section 1,,Remote,Full-time,Filled,1,CC-1019,Control (2nd line),Middle office,Fixed,,user860@examplebank.com.sa,2014-01-22,Saudi,No,No,Yes,Hassan Baker,Ready now
POS00861,POS00850,Analyst Operational Risk,Aisha Saleh,G10,JC9213,Professional,Risk,Example Bank,Risk,Operational Risk,Operational Risk Unit 3,Operational Risk Unit 3 — Team B,Operational Risk Unit 3 — Team B / Section 2,,Jeddah,Full-time,Filled,1,CC-1055,Control (2nd line),Middle office,Bonus,,user861@examplebank.com.sa,2022-06-12,Egyptian,No,No,No,,
POS00862,POS00850,Analyst Operational Risk,,G10,JC8836,Professional,Risk,Example Bank,Risk,Operational Risk,Operational Risk Unit 3,Operational Risk Unit 3 — Team B,Operational Risk Unit 3 — Team B / Section 2,,Riyadh,Full-time,Vacant,1,CC-1008,Control (2nd line),Middle office,Fixed,,,2020-05-11,Saudi,No,No,Yes,Mona Aziz,Ready 3+ years
POS00863,POS00839,Manager Operational Risk,,G13,JC5069,Management,Risk,Example Bank,Risk,Operational Risk,Operational Risk Unit 3,Operational Risk Unit 3 — Team C,,,Khobar,Full-time,Vacant,1,CC-1052,Control (2nd line),Middle office,Bonus,,,2015-05-10,Saudi,No,No,No,,
POS00864,POS00863,Senior Analyst Operational Risk,نورة الشمري,G10,JC1992,Professional,Risk,Example Bank,Risk,Operational Risk,Operational Risk Unit 3,Operational Risk Unit 3 — Team C,Operational Risk Unit 3 — Team C / Section 1,,Jeddah,Full-time,Filled,1,CC-1021,Control (2nd line),Middle office,Fixed,,user864@examplebank.com.sa,2011-10-07,Saudi,No,No,No,,
POS00865,POS00863,Analyst Operational Risk,ريم الحربي,G11,JC3517,Professional,Risk,Example Bank,Risk,Operational Risk,Operational Risk Unit 3,Operational Risk Unit 3 — Team C,Operational Risk Unit 3 — Team C / Section 1,,Jeddah,Full-time,Filled,1,CC-1001,Control (2nd line),Middle office,Fixed,,user865@examplebank.com.sa,2024-02-02,Saudi,No,No,No,,
POS00866,POS00863,Analyst Operational Risk,,G10,JC6164,Professional,Risk,Example Bank,Risk,Operational Risk,Operational Risk Unit 3,Operational Risk Unit 3 — Team C,Operational Risk Unit 3 — Team C / Section 2,,Remote,Full-time,Vacant,1,CC-1004,Control (2nd line),Middle office,Fixed,,,2021-12-01,Saudi,No,No,No,,
POS00867,POS00863,Associate Operational Risk,Aisha Mansour,G11,JC7421,Professional,Risk,Example Bank,Risk,Operational Risk,Operational Risk Unit 3,Operational Risk Unit 3 — Team C,Operational Risk Unit 3 — Team C / Section 2,,Jeddah,Full-time,Filled,1,CC-1032,Control (2nd line),Middle office,Fixed,,user867@examplebank.com.sa,2014-04-18,Saudi,No,No,No,,
POS00868,POS00863,Specialist Operational Risk,فيصل المطيري,G11,JC6369,Professional,Risk,Example Bank,Risk,Operational Risk,Operational Risk Unit 3,Operational Risk Unit 3 — Team C,Operational Risk Unit 3 — Team C / Section 2,,Riyadh,Full-time,Filled,1,CC-1017,Control (2nd line),Middle office,Bonus,Specialist Bench,user868@examplebank.com.sa,2015-08-15,Indian,No,No,No,,
POS00869,POS00863,Specialist Operational Risk,Salma Osman,G12,JC2902,Management,Risk,Example Bank,Risk,Operational Risk,Operational Risk Unit 3,Operational Risk Unit 3 — Team C,Operational Risk Unit 3 — Team C / Section 1,,Jeddah,Full-time,Filled,1,CC-1033,Control (2nd line),Middle office,Bonus,,user869@examplebank.com.sa,2022-01-14,Saudi,No,No,No,,
POS00870,POS00863,Senior Analyst Operational Risk,أحمد الحربي,G12,JC9156,Management,Risk,Example Bank,Risk,Operational Risk,Operational Risk Unit 3,Operational Risk Unit 3 — Team C,Operational Risk Unit 3 — Team C / Section 1,,Jeddah,Full-time,Filled,1,CC-1006,Control (2nd line),Middle office,Fixed,,user870@examplebank.com.sa,2013-04-25,Saudi,No,No,No,,
POS00871,POS00839,Manager Operational Risk,Nasser Siddiqui,G13,JC9337,Management,Risk,Example Bank,Risk,Operational Risk,Operational Risk Unit 3,Operational Risk Unit 3 — Team D,,,Riyadh,Full-time,Filled,1,CC-1028,Control (2nd line),Middle office,Bonus,,user871@examplebank.com.sa,2025-03-28,Saudi,No,No,No,,
POS00872,POS00871,Associate Operational Risk,هند العتيبي,G12,JC1246,Management,Risk,Example Bank,Risk,Operational Risk,Operational Risk Unit 3,Operational Risk Unit 3 — Team D,Operational Risk Unit 3 — Team D / Section 1,,Riyadh,Contractor,Filled,1,CC-1040,Control (2nd line),Middle office,Fixed,Saudi Graduates,user872@examplebank.com.sa,2013-05-05,Saudi,No,No,No,,
POS00873,POS00871,Officer Operational Risk,سلطان الغامدي,G9,JC3562,Professional,Risk,Example Bank,Risk,Operational Risk,Operational Risk Unit 3,Operational Risk Unit 3 — Team D,Operational Risk Unit 3 — Team D / Section 2,,Riyadh,Full-time,Filled,1,CC-1034,Control (2nd line),Middle office,Fixed,,user873@examplebank.com.sa,2024-02-05,British,No,No,No,,
POS00874,POS00871,Associate Operational Risk,Waleed Farouk,G10,JC6512,Professional,Risk,Example Bank,Risk,Operational Risk,Operational Risk Unit 3,Operational Risk Unit 3 — Team D,Operational Risk Unit 3 — Team D / Section 1,,Jeddah,Full-time,Filled,1,CC-1006,Control (2nd line),Middle office,Fixed,,user874@examplebank.com.sa,2016-03-26,Saudi,No,No,Yes,Noor Haddad,Ready 1-2 years
POS00875,POS00871,Associate Operational Risk,Dana Idris,G12,JC2246,Management,Risk,Example Bank,Risk,Operational Risk,Operational Risk Unit 3,Operational Risk Unit 3 — Team D,Operational Risk Unit 3 — Team D / Section 2,,Riyadh,Full-time,Filled,1,CC-1049,Control (2nd line),Middle office,Bonus,,user875@examplebank.com.sa,2008-10-09,Saudi,No,No,No,,
POS00876,POS00871,Officer Operational Risk,ريم السبيعي,G9,JC4971,Professional,Risk,Example Bank,Risk,Operational Risk,Operational Risk Unit 3,Operational Risk Unit 3 — Team D,Operational Risk Unit 3 — Team D / Section 2,,Riyadh,Full-time,Filled,1,CC-1041,Control (2nd line),Middle office,Fixed,,user876@examplebank.com.sa,2025-04-06,Saudi,No,No,No,,
POS00877,POS00871,Senior Officer Operational Risk,,G12,JC6883,Management,Risk,Example Bank,Risk,Operational Risk,Operational Risk Unit 3,Operational Risk Unit 3 — Team D,Operational Risk Unit 3 — Team D / Section 2,,Jeddah,Full-time,Vacant,1,CC-1012,Control (2nd line),Middle office,Fixed,,,2011-10-07,Saudi,No,No,No,,
POS00878,POS00871,Senior Analyst Operational Risk,لطيفة الشمري,G10,JC3907,Professional,Risk,Example Bank,Risk,Operational Risk,Operational Risk Unit 3,Operational Risk Unit 3 — Team D,Operational Risk Unit 3 — Team D / Section 2,,Riyadh,Full-time,Filled,1,CC-1050,Control (2nd line),Middle office,Fixed,,user878@examplebank.com.sa,2018-05-15,Saudi,No,No,No,,
POS00879,POS00871,Analyst Operational Risk,سارة الشمري,G11,JC7598,Professional,Risk,Example Bank,Risk,Operational Risk,Operational Risk Unit 3,Operational Risk Unit 3 — Team D,Operational Risk Unit 3 — Team D / Section 2,,Remote,Full-time,Filled,1,CC-1060,Control (2nd line),Middle office,Bonus,,user879@examplebank.com.sa,2009-11-20,Saudi,No,No,No,,
POS00880,POS00871,Senior Officer Operational Risk,Mona Khan,G12,JC6105,Management,Risk,Example Bank,Risk,Operational Risk,Operational Risk Unit 3,Operational Risk Unit 3 — Team D,Operational Risk Unit 3 — Team D / Section 1,,Riyadh,Full-time,Filled,1,CC-1016,Control (2nd line),Middle office,Bonus,,user880@examplebank.com.sa,2021-06-03,Saudi,No,No,Yes,Noor Mansour,Ready now
POS00881,POS00650,Head of Risk Analytics,Rana Karim,G15,JC3755,Leadership,Risk,Example Bank,Risk,Risk Analytics,,,,,Riyadh,Full-time,Filled,0.5,CC-1055,Control (2nd line),Middle office,Bonus,,user881@examplebank.com.sa,2016-06-16,Saudi,Yes,Yes,Yes,سلطان الدوسري,Ready now
POS00882,POS00881,Senior Manager Risk Analytics,Dana Karim,G14,JC6422,Leadership,Risk,Example Bank,Risk,Risk Analytics,Risk Analytics Unit 1,,,,Dammam,Full-time,Filled,1,CC-1025,Control (2nd line),Middle office,Bonus,,user882@examplebank.com.sa,2016-07-14,Saudi,No,No,No,,
POS00883,POS00882,Manager Risk Analytics,Hassan Rashed,G13,JC6120,Management,Risk,Example Bank,Risk,Risk Analytics,Risk Analytics Unit 1,Risk Analytics Unit 1 — Team A,,,Riyadh,Full-time,Filled,1,CC-1013,Control (2nd line),Middle office,Bonus,,user883@examplebank.com.sa,2023-10-14,Egyptian,No,No,Yes,نورة المطيري,Ready now
POS00884,POS00883,Senior Analyst Risk Analytics,Layla Siddiqui,G11,JC3223,Professional,Risk,Example Bank,Risk,Risk Analytics,Risk Analytics Unit 1,Risk Analytics Unit 1 — Team A,Risk Analytics Unit 1 — Team A / Section 1,,Riyadh,Full-time,Filled,1,CC-1029,Control (2nd line),Middle office,Fixed,,user884@examplebank.com.sa,2013-10-03,Saudi,No,No,No,,
POS00885,POS00883,Senior Analyst Risk Analytics,Yusuf Qureshi,G10,JC1323,Professional,Risk,Example Bank,Risk,Risk Analytics,Risk Analytics Unit 1,Risk Analytics Unit 1 — Team A,Risk Analytics Unit 1 — Team A / Section 1,,Riyadh,Full-time,Filled,1,CC-1039,Control (2nd line),Middle office,Fixed,Saudi Graduates,user885@examplebank.com.sa,2019-12-05,Indian,No,No,No,,
POS00886,POS00883,Senior Officer Risk Analytics,دانة السبيعي,G11,JC3537,Professional,Risk,Example Bank,Risk,Risk Analytics,Risk Analytics Unit 1,Risk Analytics Unit 1 — Team A,Risk Analytics Unit 1 — Team A / Section 2,,Riyadh,Full-time,Filled,1,CC-1008,Control (2nd line),Middle office,Fixed,,user886@examplebank.com.sa,2015-12-13,Egyptian,No,No,Yes,عبدالله القحطاني,Ready 3+ years
POS00887,POS00883,Senior Officer Risk Analytics,Bilal Younes,G11,JC1017,Professional,Risk,Example Bank,Risk,Risk Analytics,Risk Analytics Unit 1,Risk Analytics Unit 1 — Team A,Risk Analytics Unit 1 — Team A / Section 1,,Riyadh,Full-time,Filled,1,CC-1020,Control (2nd line),Middle office,Fixed,,user887@examplebank.com.sa,2011-05-06,Saudi,No,No,No,,
POS00888,POS00883,Analyst Risk Analytics,Nasser Qureshi,G10,JC3397,Professional,Risk,Example Bank,Risk,Risk Analytics,Risk Analytics Unit 1,Risk Analytics Unit 1 — Team A,Risk Analytics Unit 1 — Team A / Section 2,,Dammam,Full-time,Filled,1,CC-1048,Control (2nd line),Middle office,Fixed,,user888@examplebank.com.sa,2020-10-24,Saudi,No,No,No,,
POS00889,POS00883,Associate Risk Analytics,دانة السبيعي,G12,JC1324,Management,Risk,Example Bank,Risk,Risk Analytics,Risk Analytics Unit 1,Risk Analytics Unit 1 — Team A,Risk Analytics Unit 1 — Team A / Section 2,,Khobar,Full-time,Filled,0.5,CC-1049,Control (2nd line),Middle office,Fixed,,user889@examplebank.com.sa,2020-09-18,Jordanian,No,No,Yes,Karim Nasser,Ready 1-2 years
POS00890,POS00883,Senior Officer Risk Analytics,Rana Bakr,G12,JC2947,Management,Risk,Example Bank,Risk,Risk Analytics,Risk Analytics Unit 1,Risk Analytics Unit 1 — Team A,Risk Analytics Unit 1 — Team A / Section 1,,Riyadh,Full-time,Filled,1,CC-1012,Control (2nd line),Middle office,Fixed,,user890@examplebank.com.sa,2011-12-28,Saudi,No,No,No,,
POS00891,POS00883,Officer Risk Analytics,,G11,JC3981,Professional,Risk,Example Bank,Risk,Risk Analytics,Risk Analytics Unit 1,Risk Analytics Unit 1 — Team A,Risk Analytics Unit 1 — Team A / Section 2,,Riyadh,Full-time,Vacant,1,CC-1000,Control (2nd line),Middle office,Fixed,,,2020-03-04,Saudi,No,No,No,,
POS00892,POS00883,Analyst Risk Analytics,لطيفة الشمري,G9,JC3578,Professional,Risk,Example Bank,Risk,Risk Analytics,Risk Analytics Unit 1,Risk Analytics Unit 1 — Team A,Risk Analytics Unit 1 — Team A / Section 2,,Jeddah,Full-time,Filled,1,CC-1027,Control (2nd line),Middle office,Fixed,Saudi Graduates,user892@examplebank.com.sa,2017-05-15,Saudi,No,No,Yes,Jana Osman,Ready 1-2 years
POS00893,POS00883,Senior Officer Risk Analytics,Rami Qureshi,G9,JC1448,Professional,Risk,Example Bank,Risk,Risk Analytics,Risk Analytics Unit 1,Risk Analytics Unit 1 — Team A,Risk Analytics Unit 1 — Team A / Section 2,,Jeddah,Full-time,Filled,1,CC-1038,Control (2nd line),Middle office,Fixed,,user893@examplebank.com.sa,2018-08-24,Jordanian,No,No,No,,
POS00894,POS00883,Officer Risk Analytics,Amal Haddad,G10,JC3470,Professional,Risk,Example Bank,Risk,Risk Analytics,Risk Analytics Unit 1,Risk Analytics Unit 1 — Team A,Risk Analytics Unit 1 — Team A / Section 2,,Khobar,Full-time,Filled,1,CC-1020,Control (2nd line),Middle office,Fixed,,user894@examplebank.com.sa,2014-12-26,Saudi,No,No,No,,
POS00895,POS00882,Manager Risk Analytics,Bilal Aziz,G13,JC4441,Management,Risk,Example Bank,Risk,Risk Analytics,Risk Analytics Unit 1,Risk Analytics Unit 1 — Team B,,,Jeddah,Full-time,Filled,1,CC-1044,Control (2nd line),Middle office,Bonus,Saudi Graduates,user895@examplebank.com.sa,2012-09-18,Saudi,No,No,No,,
POS00896,POS00895,Senior Officer Risk Analytics,Ziad Fahmy,G12,JC4045,Management,Risk,Example Bank,Risk,Risk Analytics,Risk Analytics Unit 1,Risk Analytics Unit 1 — Team B,Risk Analytics Unit 1 — Team B / Section 1,,Riyadh,Contractor,Filled,1,CC-1004,Control (2nd line),Middle office,Fixed,,user896@examplebank.com.sa,2023-06-15,Jordanian,No,No,Yes,عبدالله الزهراني,Ready now
POS00897,POS00895,Senior Analyst Risk Analytics,Maya Younes,G10,JC3148,Professional,Risk,Example Bank,Risk,Risk Analytics,Risk Analytics Unit 1,Risk Analytics Unit 1 — Team B,Risk Analytics Unit 1 — Team B / Section 1,,Jeddah,Full-time,Filled,1,CC-1043,Control (2nd line),Middle office,Bonus,,user897@examplebank.com.sa,2021-12-22,Saudi,No,No,No,,
POS00898,POS00895,Analyst Risk Analytics,Mona Khan,G11,JC3465,Professional,Risk,Example Bank,Risk,Risk Analytics,Risk Analytics Unit 1,Risk Analytics Unit 1 — Team B,Risk Analytics Unit 1 — Team B / Section 2,,Remote,Full-time,Filled,1,CC-1020,Control (2nd line),Middle office,Fixed,,user898@examplebank.com.sa,2012-09-26,Indian,No,No,No,,
POS00899,POS00895,Specialist Risk Analytics,خالد الدوسري,G10,JC9143,Professional,Risk,Example Bank,Risk,Risk Analytics,Risk Analytics Unit 1,Risk Analytics Unit 1 — Team B,Risk Analytics Unit 1 — Team B / Section 1,,Riyadh,Full-time,Filled,1,CC-1015,Control (2nd line),Middle office,Bonus,,user899@examplebank.com.sa,2014-08-06,British,No,No,No,,
POS00900,POS00895,Officer Risk Analytics,Bilal Khan,G11,JC7268,Professional,Risk,Example Bank,Risk,Risk Analytics,Risk Analytics Unit 1,Risk Analytics Unit 1 — Team B,Risk Analytics Unit 1 — Team B / Section 1,,Remote,Full-time,Filled,1,CC-1031,Control (2nd line),Middle office,Fixed,,user900@examplebank.com.sa,2017-06-14,Jordanian,No,No,No,,
POS00901,POS00895,Senior Analyst Risk Analytics,Amal Idris,G11,JC1499,Professional,Risk,Example Bank,Risk,Risk Analytics,Risk Analytics Unit 1,Risk Analytics Unit 1 — Team B,Risk Analytics Unit 1 — Team B / Section 1,,Riyadh,Full-time,Filled,1,CC-1013,Control (2nd line),Middle office,Fixed,,user901@examplebank.com.sa,2009-05-21,Saudi,No,No,No,,
POS00902,POS00895,Officer Risk Analytics,,G10,JC9658,Professional,Risk,Example Bank,Risk,Risk Analytics,Risk Analytics Unit 1,Risk Analytics Unit 1 — Team B,Risk Analytics Unit 1 — Team B / Section 1,,Dammam,Full-time,Vacant,1,CC-1008,Control (2nd line),Middle office,Bonus,Future Executives,,2008-08-18,Saudi,No,No,No,,
POS00903,POS00895,Senior Officer Risk Analytics,Yusuf Darwish,G12,JC5947,Management,Risk,Example Bank,Risk,Risk Analytics,Risk Analytics Unit 1,Risk Analytics Unit 1 — Team B,Risk Analytics Unit 1 — Team B / Section 1,,Riyadh,Full-time,Filled,1,CC-1054,Control (2nd line),Middle office,Bonus,,user903@examplebank.com.sa,2015-12-19,Egyptian,No,No,No,,
POS00904,POS00895,Senior Analyst Risk Analytics,Layla Nasser,G10,JC8747,Professional,Risk,Example Bank,Risk,Risk Analytics,Risk Analytics Unit 1,Risk Analytics Unit 1 — Team B,Risk Analytics Unit 1 — Team B / Section 2,,Dammam,Full-time,Filled,1,CC-1011,Control (2nd line),Middle office,Bonus,,user904@examplebank.com.sa,2015-11-12,British,No,No,No,,
POS00905,POS00895,Senior Officer Risk Analytics,Yusuf Osman,G10,JC2947,Professional,Risk,Example Bank,Risk,Risk Analytics,Risk Analytics Unit 1,Risk Analytics Unit 1 — Team B,Risk Analytics Unit 1 — Team B / Section 1,,Jeddah,Full-time,Filled,1,CC-1002,Control (2nd line),Middle office,Bonus,,user905@examplebank.com.sa,2017-09-04,Saudi,No,No,No,,
POS00906,POS00881,Senior Manager Risk Analytics,فيصل المطيري,G14,JC6767,Leadership,Risk,Example Bank,Risk,Risk Analytics,Risk Analytics Unit 2,,,,Dammam,Full-time,Filled,1,CC-1044,Control (2nd line),Middle office,Bonus,,user906@examplebank.com.sa,2021-04-17,Jordanian,No,No,No,,
POS00907,POS00906,Manager Risk Analytics,Maya Nasser,G13,JC4193,Management,Risk,Example Bank,Risk,Risk Analytics,Risk Analytics Unit 2,Risk Analytics Unit 2 — Team A,,,Dammam,Full-time,Filled,1,CC-1038,Control (2nd line),Middle office,Bonus,,user907@examplebank.com.sa,2011-08-21,Jordanian,No,No,No,,
POS00908,POS00907,Officer Risk Analytics,Huda Rashed,G12,JC1929,Management,Risk,Example Bank,Risk,Risk Analytics,Risk Analytics Unit 2,Risk Analytics Unit 2 — Team A,Risk Analytics Unit 2 — Team A / Section 1,,Riyadh,Full-time,Filled,1,CC-1023,Control (2nd line),Middle office,Bonus,,user908@examplebank.com.sa,2009-06-24,Saudi,No,No,Yes,Aisha Baker,Ready 3+ years
POS00909,POS00907,Senior Analyst Risk Analytics,Ziad Fahmy,G12,JC5170,Management,Risk,Example Bank,Risk,Risk Analytics,Risk Analytics Unit 2,Risk Analytics Unit 2 — Team A,Risk Analytics Unit 2 — Team A / Section 1,,Riyadh,Full-time,Filled,1,CC-1027,Control (2nd line),Middle office,Bonus,,user909@examplebank.com.sa,2012-02-21,Saudi,No,No,Yes,سارة السبيعي,Ready 1-2 years
POS00910,POS00907,Associate Risk Analytics,Waleed Nasser,G10,JC7319,Professional,Risk,Example Bank,Risk,Risk Analytics,Risk Analytics Unit 2,Risk Analytics Unit 2 — Team A,Risk Analytics Unit 2 — Team A / Section 2,,Khobar,Full-time,Filled,1,CC-1031,Control (2nd line),Middle office,Bonus,,user910@examplebank.com.sa,2011-10-08,Jordanian,No,No,No,,
POS00911,POS00907,Analyst Risk Analytics,Ziad Mansour,G9,JC1474,Professional,Risk,Example Bank,Risk,Risk Analytics,Risk Analytics Unit 2,Risk Analytics Unit 2 — Team A,Risk Analytics Unit 2 — Team A / Section 2,,Dammam,Full-time,Filled,1,CC-1006,Control (2nd line),Middle office,Fixed,,user911@examplebank.com.sa,2014-03-03,Saudi,No,No,No,,
POS00912,POS00907,Analyst Risk Analytics,خالد القحطاني,G9,JC4490,Professional,Risk,Example Bank,Risk,Risk Analytics,Risk Analytics Unit 2,Risk Analytics Unit 2 — Team A,Risk Analytics Unit 2 — Team A / Section 1,,Khobar,Contractor,Filled,1,CC-1000,Control (2nd line),Middle office,Bonus,,user912@examplebank.com.sa,2009-08-13,British,No,No,No,,
POS00913,POS00907,Senior Officer Risk Analytics,Bilal Saleh,G9,JC1344,Professional,Risk,Example Bank,Risk,Risk Analytics,Risk Analytics Unit 2,Risk Analytics Unit 2 — Team A,Risk Analytics Unit 2 — Team A / Section 2,,Jeddah,Full-time,Filled,1,CC-1038,Control (2nd line),Middle office,Fixed,,user913@examplebank.com.sa,2013-09-27,Saudi,No,No,No,,
POS00914,POS00907,Specialist Risk Analytics,Sami Siddiqui,G10,JC4089,Professional,Risk,Example Bank,Risk,Risk Analytics,Risk Analytics Unit 2,Risk Analytics Unit 2 — Team A,Risk Analytics Unit 2 — Team A / Section 2,,Jeddah,Full-time,Filled,1,CC-1041,Control (2nd line),Middle office,Bonus,,user914@examplebank.com.sa,2020-02-26,Saudi,No,No,No,,
POS00915,POS00906,Manager Risk Analytics,Adel Mansour,G13,JC3000,Management,Risk,Example Bank,Risk,Risk Analytics,Risk Analytics Unit 2,Risk Analytics Unit 2 — Team B,,,Riyadh,Contractor,Filled,1,CC-1038,Control (2nd line),Middle office,Bonus,Future Executives,user915@examplebank.com.sa,2012-10-28,Saudi,No,No,No,,
POS00916,POS00915,Specialist Risk Analytics,عبدالله الزهراني,G9,JC3659,Professional,Risk,Example Bank,Risk,Risk Analytics,Risk Analytics Unit 2,Risk Analytics Unit 2 — Team B,Risk Analytics Unit 2 — Team B / Section 2,,Riyadh,Full-time,Filled,1,CC-1059,Control (2nd line),Middle office,Bonus,,user916@examplebank.com.sa,2012-12-02,Saudi,No,No,No,,
POS00917,POS00915,Senior Officer Risk Analytics,Maya Haddad,G10,JC7335,Professional,Risk,Example Bank,Risk,Risk Analytics,Risk Analytics Unit 2,Risk Analytics Unit 2 — Team B,Risk Analytics Unit 2 — Team B / Section 1,,Jeddah,Full-time,Filled,1,CC-1002,Control (2nd line),Middle office,Fixed,,user917@examplebank.com.sa,2025-01-24,Indian,No,No,Yes,ماجد العتيبي,Ready now
POS00918,POS00915,Associate Risk Analytics,Huda Younes,G12,JC7757,Management,Risk,Example Bank,Risk,Risk Analytics,Risk Analytics Unit 2,Risk Analytics Unit 2 — Team B,Risk Analytics Unit 2 — Team B / Section 1,,Riyadh,Full-time,Filled,1,CC-1048,Control (2nd line),Middle office,Fixed,,user918@examplebank.com.sa,2018-05-21,Saudi,No,No,No,,
POS00919,POS00915,Associate Risk Analytics,Salma Aziz,G10,JC2406,Professional,Risk,Example Bank,Risk,Risk Analytics,Risk Analytics Unit 2,Risk Analytics Unit 2 — Team B,Risk Analytics Unit 2 — Team B / Section 1,,Remote,Contractor,Filled,1,CC-1007,Control (2nd line),Middle office,Fixed,,user919@examplebank.com.sa,2016-08-17,Jordanian,No,No,No,,
POS00920,POS00915,Senior Analyst Risk Analytics,Layla Farouk,G12,JC6992,Management,Risk,Example Bank,Risk,Risk Analytics,Risk Analytics Unit 2,Risk Analytics Unit 2 — Team B,Risk Analytics Unit 2 — Team B / Section 1,,Khobar,Full-time,Filled,1,CC-1030,Control (2nd line),Middle office,Fixed,,user920@examplebank.com.sa,2023-05-13,Indian,No,No,Yes,Maya Fahmy,Ready 1-2 years
POS00921,POS00915,Analyst Risk Analytics,Jana Rashed,G12,JC9434,Management,Risk,Example Bank,Risk,Risk Analytics,Risk Analytics Unit 2,Risk Analytics Unit 2 — Team B,Risk Analytics Unit 2 — Team B / Section 2,,Jeddah,Full-time,Filled,1,CC-1040,Control (2nd line),Middle office,Fixed,,user921@examplebank.com.sa,2019-09-19,Saudi,No,No,No,,
POS00922,POS00915,Specialist Risk Analytics,Noor Idris,G9,JC3889,Professional,Risk,Example Bank,Risk,Risk Analytics,Risk Analytics Unit 2,Risk Analytics Unit 2 — Team B,Risk Analytics Unit 2 — Team B / Section 1,,Riyadh,Full-time,Filled,1,CC-1059,Control (2nd line),Middle office,Fixed,,user922@examplebank.com.sa,2014-04-09,Saudi,No,No,No,,
POS00923,POS00915,Analyst Risk Analytics,دانة الحربي,G10,JC5729,Professional,Risk,Example Bank,Risk,Risk Analytics,Risk Analytics Unit 2,Risk Analytics Unit 2 — Team B,Risk Analytics Unit 2 — Team B / Section 2,,Riyadh,Full-time,Filled,1,CC-1028,Control (2nd line),Middle office,Fixed,,user923@examplebank.com.sa,2021-07-26,Saudi,No,No,Yes,Aisha Mansour,Ready 1-2 years
POS00924,POS00001,Chief Compliance Officer,دانة الغامدي,G16,JC7740,Executive,Compliance,Example Bank,Compliance,AML & Sanctions,,,,,Jeddah,Full-time,Filled,1,CC-1009,Control (2nd line),Middle office,Bonus,,user924@examplebank.com.sa,2022-09-14,Indian,Yes,Yes,No,,
POS00925,POS00924,Head of AML & Sanctions,دانة القحطاني,G15,JC3354,Leadership,Compliance,Example Bank,Compliance,AML & Sanctions,,,,,Riyadh,Full-time,Filled,1,CC-1047,Control (2nd line),Middle office,Bonus,,user925@examplebank.com.sa,2014-01-21,Indian,Yes,Yes,No,,
POS00926,POS00925,Senior Manager AML & Sanctions,خالد الزهراني,G14,JC5018,Leadership,Compliance,Example Bank,Compliance,AML & Sanctions,AML & Sanctions Unit 1,,,,Dammam,Full-time,Filled,1,CC-1056,Control (2nd line),Middle office,Bonus,Future Executives,user926@examplebank.com.sa,2022-01-15,British,Yes,No,No,,
POS00927,POS00926,Manager AML & Sanctions,Huda Haddad,G13,JC7103,Management,Compliance,Example Bank,Compliance,AML & Sanctions,AML & Sanctions Unit 1,AML & Sanctions Unit 1 — Team A,,,Jeddah,Full-time,Filled,1,CC-1018,Control (2nd line),Middle office,Bonus,,user927@examplebank.com.sa,2010-02-21,Saudi,No,No,No,,
POS00928,POS00927,Analyst AML & Sanctions,Lina Younes,G12,JC5978,Management,Compliance,Example Bank,Compliance,AML & Sanctions,AML & Sanctions Unit 1,AML & Sanctions Unit 1 — Team A,AML & Sanctions Unit 1 — Team A / Section 1,,Jeddah,Full-time,Filled,0.5,CC-1038,Control (2nd line),Middle office,Fixed,,user928@examplebank.com.sa,2023-12-19,British,No,No,No,,
POS00929,POS00927,Associate AML & Sanctions,Nasser Saleh,G10,JC4801,Professional,Compliance,Example Bank,Compliance,AML & Sanctions,AML & Sanctions Unit 1,AML & Sanctions Unit 1 — Team A,AML & Sanctions Unit 1 — Team A / Section 1,,Jeddah,Full-time,Filled,1,CC-1055,Control (2nd line),Middle office,Fixed,,user929@examplebank.com.sa,2011-06-20,Egyptian,No,No,No,,
POS00930,POS00927,Senior Officer AML & Sanctions,Salma Idris,G10,JC7385,Professional,Compliance,Example Bank,Compliance,AML & Sanctions,AML & Sanctions Unit 1,AML & Sanctions Unit 1 — Team A,AML & Sanctions Unit 1 — Team A / Section 1,,Riyadh,Full-time,Filled,1,CC-1014,Control (2nd line),Middle office,Bonus,,user930@examplebank.com.sa,2014-09-16,Saudi,No,No,No,,
POS00931,POS00927,Officer AML & Sanctions,Salma Karim,G11,JC4704,Professional,Compliance,Example Bank,Compliance,AML & Sanctions,AML & Sanctions Unit 1,AML & Sanctions Unit 1 — Team A,AML & Sanctions Unit 1 — Team A / Section 1,,Khobar,Contractor,Filled,1,CC-1005,Control (2nd line),Middle office,Fixed,,user931@examplebank.com.sa,2025-10-20,British,No,No,No,,
POS00932,POS00927,Specialist AML & Sanctions,Sami Karim,G10,JC4733,Professional,Compliance,Example Bank,Compliance,AML & Sanctions,AML & Sanctions Unit 1,AML & Sanctions Unit 1 — Team A,AML & Sanctions Unit 1 — Team A / Section 2,,Riyadh,Full-time,Filled,1,CC-1052,Control (2nd line),Middle office,Bonus,,user932@examplebank.com.sa,2014-06-24,Indian,No,No,No,,
POS00933,POS00927,Senior Officer AML & Sanctions,فيصل العتيبي,G10,JC3524,Professional,Compliance,Example Bank,Compliance,AML & Sanctions,AML & Sanctions Unit 1,AML & Sanctions Unit 1 — Team A,AML & Sanctions Unit 1 — Team A / Section 2,,Jeddah,Full-time,Filled,1,CC-1040,Control (2nd line),Middle office,Bonus,,user933@examplebank.com.sa,2019-04-06,Saudi,No,No,No,,
POS00934,POS00927,Associate AML & Sanctions,ماجد السبيعي,G11,JC4165,Professional,Compliance,Example Bank,Compliance,AML & Sanctions,AML & Sanctions Unit 1,AML & Sanctions Unit 1 — Team A,AML & Sanctions Unit 1 — Team A / Section 1,,Remote,Full-time,Filled,1,CC-1012,Control (2nd line),Middle office,Fixed,,user934@examplebank.com.sa,2013-02-21,Indian,No,No,No,,
POS00935,POS00927,Specialist AML & Sanctions,سارة الشمري,G10,JC6314,Professional,Compliance,Example Bank,Compliance,AML & Sanctions,AML & Sanctions Unit 1,AML & Sanctions Unit 1 — Team A,AML & Sanctions Unit 1 — Team A / Section 2,,Riyadh,Full-time,Filled,1,CC-1039,Control (2nd line),Middle office,Fixed,,user935@examplebank.com.sa,2021-03-24,Saudi,No,No,No,,
POS00936,POS00927,Senior Analyst AML & Sanctions,Tariq Nasser,G10,JC5732,Professional,Compliance,Example Bank,Compliance,AML & Sanctions,AML & Sanctions Unit 1,AML & Sanctions Unit 1 — Team A,AML & Sanctions Unit 1 — Team A / Section 1,,Riyadh,Full-time,Filled,1,CC-1047,Control (2nd line),Middle office,Fixed,,user936@examplebank.com.sa,2020-11-03,Saudi,No,No,No,,
POS00937,POS00927,Associate AML & Sanctions,لطيفة الحربي,G10,JC2422,Professional,Compliance,Example Bank,Compliance,AML & Sanctions,AML & Sanctions Unit 1,AML & Sanctions Unit 1 — Team A,AML & Sanctions Unit 1 — Team A / Section 1,,Dammam,Full-time,Filled,1,CC-1003,Control (2nd line),Middle office,Fixed,,user937@examplebank.com.sa,2010-12-18,Saudi,No,No,No,,
POS00938,POS00927,Specialist AML & Sanctions,Hassan Haddad,G10,JC3508,Professional,Compliance,Example Bank,Compliance,AML & Sanctions,AML & Sanctions Unit 1,AML & Sanctions Unit 1 — Team A,AML & Sanctions Unit 1 — Team A / Section 2,,Khobar,Full-time,Filled,1,CC-1057,Control (2nd line),Middle office,Fixed,,user938@examplebank.com.sa,2019-04-17,Saudi,No,No,No,,
POS00939,POS00927,Senior Officer AML & Sanctions,Rami Nasser,G11,JC2005,Professional,Compliance,Example Bank,Compliance,AML & Sanctions,AML & Sanctions Unit 1,AML & Sanctions Unit 1 — Team A,AML & Sanctions Unit 1 — Team A / Section 1,,Dammam,Full-time,Filled,1,CC-1023,Control (2nd line),Middle office,Fixed,,user939@examplebank.com.sa,2016-02-05,Saudi,No,No,No,,
POS00940,POS00926,Manager AML & Sanctions,Waleed Fahmy,G13,JC9701,Management,Compliance,Example Bank,Compliance,AML & Sanctions,AML & Sanctions Unit 1,AML & Sanctions Unit 1 — Team B,,,Riyadh,Contractor,Filled,1,CC-1014,Control (2nd line),Middle office,Bonus,,user940@examplebank.com.sa,2011-01-05,Saudi,No,No,No,,
POS00941,POS00940,Senior Officer AML & Sanctions,Karim Saleh,G12,JC7315,Management,Compliance,Example Bank,Compliance,AML & Sanctions,AML & Sanctions Unit 1,AML & Sanctions Unit 1 — Team B,AML & Sanctions Unit 1 — Team B / Section 1,,Riyadh,Contractor,Filled,1,CC-1047,Control (2nd line),Middle office,Fixed,,user941@examplebank.com.sa,2012-10-23,Egyptian,No,No,Yes,Rami Osman,Ready 3+ years
POS00942,POS00940,Senior Officer AML & Sanctions,ماجد الدوسري,G11,JC4925,Professional,Compliance,Example Bank,Compliance,AML & Sanctions,AML & Sanctions Unit 1,AML & Sanctions Unit 1 — Team B,AML & Sanctions Unit 1 — Team B / Section 2,,Riyadh,Full-time,Filled,1,CC-1047,Control (2nd line),Middle office,Fixed,,user942@examplebank.com.sa,2014-12-02,Saudi,No,No,No,,
POS00943,POS00940,Senior Officer AML & Sanctions,Jana Nasser,G10,JC5226,Professional,Compliance,Example Bank,Compliance,AML & Sanctions,AML & Sanctions Unit 1,AML & Sanctions Unit 1 — Team B,AML & Sanctions Unit 1 — Team B / Section 2,,Jeddah,Full-time,Filled,1,CC-1027,Control (2nd line),Middle office,Bonus,,user943@examplebank.com.sa,2008-07-16,Jordanian,No,No,No,,
POS00944,POS00940,Officer AML & Sanctions,سارة الشمري,G10,JC9308,Professional,Compliance,Example Bank,Compliance,AML & Sanctions,AML & Sanctions Unit 1,AML & Sanctions Unit 1 — Team B,AML & Sanctions Unit 1 — Team B / Section 1,,Remote,Full-time,Filled,1,CC-1002,Control (2nd line),Middle office,Fixed,,user944@examplebank.com.sa,2014-08-08,Saudi,No,No,No,,
POS00945,POS00940,Analyst AML & Sanctions,نورة الشمري,G9,JC4545,Professional,Compliance,Example Bank,Compliance,AML & Sanctions,AML & Sanctions Unit 1,AML & Sanctions Unit 1 — Team B,AML & Sanctions Unit 1 — Team B / Section 2,,Riyadh,Full-time,Filled,1,CC-1002,Control (2nd line),Middle office,Fixed,,user945@examplebank.com.sa,2012-08-27,Indian,No,No,No,,
POS00946,POS00940,Specialist AML & Sanctions,ماجد الزهراني,G9,JC5120,Professional,Compliance,Example Bank,Compliance,AML & Sanctions,AML & Sanctions Unit 1,AML & Sanctions Unit 1 — Team B,AML & Sanctions Unit 1 — Team B / Section 1,,Remote,Full-time,Filled,1,CC-1057,Control (2nd line),Middle office,Fixed,,user946@examplebank.com.sa,2022-12-16,Indian,No,No,Yes,سارة الحربي,Ready 1-2 years
POS00947,POS00940,Senior Analyst AML & Sanctions,هند العتيبي,G11,JC3656,Professional,Compliance,Example Bank,Compliance,AML & Sanctions,AML & Sanctions Unit 1,AML & Sanctions Unit 1 — Team B,AML & Sanctions Unit 1 — Team B / Section 1,,Remote,Full-time,Filled,1,CC-1010,Control (2nd line),Middle office,Fixed,,user947@examplebank.com.sa,2023-05-11,Jordanian,No,No,No,,
POS00948,POS00940,Senior Analyst AML & Sanctions,Nasser Osman,G12,JC7097,Management,Compliance,Example Bank,Compliance,AML & Sanctions,AML & Sanctions Unit 1,AML & Sanctions Unit 1 — Team B,AML & Sanctions Unit 1 — Team B / Section 2,,Riyadh,Full-time,Filled,1,CC-1008,Control (2nd line),Middle office,Fixed,,user948@examplebank.com.sa,2025-07-28,Jordanian,No,No,No,,
POS00949,POS00940,Officer AML & Sanctions,Ziad Qureshi,G10,JC4152,Professional,Compliance,Example Bank,Compliance,AML & Sanctions,AML & Sanctions Unit 1,AML & Sanctions Unit 1 — Team B,AML & Sanctions Unit 1 — Team B / Section 2,,Riyadh,Full-time,Filled,1,CC-1029,Control (2nd line),Middle office,Fixed,,user949@examplebank.com.sa,2011-02-20,British,No,No,No,,
POS00950,POS00926,Manager AML & Sanctions,نورة الغامدي,G13,JC3734,Management,Compliance,Example Bank,Compliance,AML & Sanctions,AML & Sanctions Unit 1,AML & Sanctions Unit 1 — Team C,,,Jeddah,Full-time,Filled,1,CC-1034,Control (2nd line),Middle office,Bonus,Specialist Bench,user950@examplebank.com.sa,2014-01-17,Saudi,No,No,No,,
POS00951,POS00950,Analyst AML & Sanctions,Rami Nasser,G11,JC1715,Professional,Compliance,Example Bank,Compliance,AML & Sanctions,AML & Sanctions Unit 1,AML & Sanctions Unit 1 — Team C,AML & Sanctions Unit 1 — Team C / Section 1,,Jeddah,Full-time,Filled,1,CC-1034,Control (2nd line),Middle office,Bonus,,user951@examplebank.com.sa,2022-12-17,Jordanian,No,No,No,,
POS00952,POS00950,Specialist AML & Sanctions,ريم العتيبي,G12,JC5241,Management,Compliance,Example Bank,Compliance,AML & Sanctions,AML & Sanctions Unit 1,AML & Sanctions Unit 1 — Team C,AML & Sanctions Unit 1 — Team C / Section 1,,Khobar,Full-time,Filled,0.5,CC-1006,Control (2nd line),Middle office,Fixed,Saudi Graduates,user952@examplebank.com.sa,2022-10-14,Saudi,No,No,No,,
POS00953,POS00950,Associate AML & Sanctions,Bilal Baker,G9,JC1565,Professional,Compliance,Example Bank,Compliance,AML & Sanctions,AML & Sanctions Unit 1,AML & Sanctions Unit 1 — Team C,AML & Sanctions Unit 1 — Team C / Section 1,,Remote,Full-time,Filled,1,CC-1028,Control (2nd line),Middle office,Bonus,Saudi Graduates,user953@examplebank.com.sa,2023-03-20,Jordanian,No,No,No,,
POS00954,POS00950,Officer AML & Sanctions,دانة الغامدي,G10,JC7772,Professional,Compliance,Example Bank,Compliance,AML & Sanctions,AML & Sanctions Unit 1,AML & Sanctions Unit 1 — Team C,AML & Sanctions Unit 1 — Team C / Section 1,,Jeddah,Full-time,Filled,1,CC-1033,Control (2nd line),Middle office,Fixed,,user954@examplebank.com.sa,2022-04-14,Indian,No,No,No,,
POS00955,POS00950,Senior Analyst AML & Sanctions,فيصل الزهراني,G10,JC4564,Professional,Compliance,Example Bank,Compliance,AML & Sanctions,AML & Sanctions Unit 1,AML & Sanctions Unit 1 — Team C,AML & Sanctions Unit 1 — Team C / Section 1,,Riyadh,Full-time,Filled,1,CC-1056,Control (2nd line),Middle office,Bonus,,user955@examplebank.com.sa,2015-01-19,Saudi,No,No,No,,
POS00956,POS00950,Senior Officer AML & Sanctions,,G12,JC7196,Management,Compliance,Example Bank,Compliance,AML & Sanctions,AML & Sanctions Unit 1,AML & Sanctions Unit 1 — Team C,AML & Sanctions Unit 1 — Team C / Section 2,,Dammam,Full-time,Vacant,1,CC-1032,Control (2nd line),Middle office,Fixed,,,2018-06-13,Saudi,No,No,No,,
POS00957,POS00950,Specialist AML & Sanctions,Dana Siddiqui,G11,JC4994,Professional,Compliance,Example Bank,Compliance,AML & Sanctions,AML & Sanctions Unit 1,AML & Sanctions Unit 1 — Team C,AML & Sanctions Unit 1 — Team C / Section 1,,Jeddah,Full-time,Filled,1,CC-1000,Control (2nd line),Middle office,Fixed,,user957@examplebank.com.sa,2009-09-11,Jordanian,No,No,No,,
POS00958,POS00950,Analyst AML & Sanctions,Dana Rashed,G10,JC1300,Professional,Compliance,Example Bank,Compliance,AML & Sanctions,AML & Sanctions Unit 1,AML & Sanctions Unit 1 — Team C,AML & Sanctions Unit 1 — Team C / Section 2,,Dammam,Full-time,Filled,1,CC-1023,Control (2nd line),Middle office,Bonus,,user958@examplebank.com.sa,2013-07-18,Saudi,No,No,No,,
POS00959,POS00950,Specialist AML & Sanctions,,G10,JC8646,Professional,Compliance,Example Bank,Compliance,AML & Sanctions,AML & Sanctions Unit 1,AML & Sanctions Unit 1 — Team C,AML & Sanctions Unit 1 — Team C / Section 2,,Jeddah,Full-time,Vacant,1,CC-1020,Control (2nd line),Middle office,Fixed,,,2009-03-01,Saudi,No,No,No,,
POS00960,POS00950,Officer AML & Sanctions,ريم الحربي,G10,JC6898,Professional,Compliance,Example Bank,Compliance,AML & Sanctions,AML & Sanctions Unit 1,AML & Sanctions Unit 1 — Team C,AML & Sanctions Unit 1 — Team C / Section 2,,Jeddah,Full-time,Filled,1,CC-1058,Control (2nd line),Middle office,Fixed,,user960@examplebank.com.sa,2024-12-15,Saudi,No,No,No,,
POS00961,POS00950,Associate AML & Sanctions,Karim Baker,G9,JC4255,Professional,Compliance,Example Bank,Compliance,AML & Sanctions,AML & Sanctions Unit 1,AML & Sanctions Unit 1 — Team C,AML & Sanctions Unit 1 — Team C / Section 1,,Riyadh,Full-time,Filled,1,CC-1060,Control (2nd line),Middle office,Bonus,,user961@examplebank.com.sa,2024-11-03,Saudi,No,No,No,,
POS00962,POS00925,Senior Manager AML & Sanctions,Layla Aziz,G14,JC2880,Leadership,Compliance,Example Bank,Compliance,AML & Sanctions,AML & Sanctions Unit 2,,,,Jeddah,Full-time,Filled,1,CC-1049,Control (2nd line),Middle office,Bonus,,user962@examplebank.com.sa,2013-01-06,Saudi,No,No,No,,
POS00963,POS00962,Manager AML & Sanctions,Mona Darwish,G13,JC2402,Management,Compliance,Example Bank,Compliance,AML & Sanctions,AML & Sanctions Unit 2,AML & Sanctions Unit 2 — Team A,,,Riyadh,Contractor,Filled,1,CC-1006,Control (2nd line),Middle office,Bonus,,user963@examplebank.com.sa,2010-04-13,Egyptian,No,No,Yes,Lina Aziz,Ready 3+ years
POS00964,POS00963,Associate AML & Sanctions,Waleed Karim,G12,JC5506,Management,Compliance,Example Bank,Compliance,AML & Sanctions,AML & Sanctions Unit 2,AML & Sanctions Unit 2 — Team A,AML & Sanctions Unit 2 — Team A / Section 2,,Riyadh,Full-time,Filled,1,CC-1041,Control (2nd line),Middle office,Bonus,,user964@examplebank.com.sa,2016-05-02,Saudi,No,No,No,,
POS00965,POS00963,Officer AML & Sanctions,Amal Rashed,G9,JC5417,Professional,Compliance,Example Bank,Compliance,AML & Sanctions,AML & Sanctions Unit 2,AML & Sanctions Unit 2 — Team A,AML & Sanctions Unit 2 — Team A / Section 1,,Riyadh,Full-time,Filled,1,CC-1054,Control (2nd line),Middle office,Fixed,,user965@examplebank.com.sa,2021-12-08,Saudi,No,No,No,,
POS00966,POS00963,Senior Analyst AML & Sanctions,Omar Karim,G10,JC3461,Professional,Compliance,Example Bank,Compliance,AML & Sanctions,AML & Sanctions Unit 2,AML & Sanctions Unit 2 — Team A,AML & Sanctions Unit 2 — Team A / Section 1,,Jeddah,Full-time,Filled,1,CC-1021,Control (2nd line),Middle office,Bonus,,user966@examplebank.com.sa,2009-01-19,Jordanian,No,No,Yes,Waleed Farouk,Ready 3+ years
POS00967,POS00963,Specialist AML & Sanctions,Dana Siddiqui,G11,JC5693,Professional,Compliance,Example Bank,Compliance,AML & Sanctions,AML & Sanctions Unit 2,AML & Sanctions Unit 2 — Team A,AML & Sanctions Unit 2 — Team A / Section 2,,Jeddah,Full-time,Filled,1,CC-1017,Control (2nd line),Middle office,Fixed,,user967@examplebank.com.sa,2017-05-23,Saudi,No,No,No,,
POS00968,POS00963,Analyst AML & Sanctions,Dana Qureshi,G10,JC6247,Professional,Compliance,Example Bank,Compliance,AML & Sanctions,AML & Sanctions Unit 2,AML & Sanctions Unit 2 — Team A,AML & Sanctions Unit 2 — Team A / Section 2,,Riyadh,Full-time,Filled,1,CC-1059,Control (2nd line),Middle office,Fixed,,user968@examplebank.com.sa,2025-10-11,Jordanian,No,No,No,,
POS00969,POS00963,Associate AML & Sanctions,Jana Mansour,G10,JC4046,Professional,Compliance,Example Bank,Compliance,AML & Sanctions,AML & Sanctions Unit 2,AML & Sanctions Unit 2 — Team A,AML & Sanctions Unit 2 — Team A / Section 1,,Jeddah,Full-time,Filled,1,CC-1020,Control (2nd line),Middle office,Bonus,,user969@examplebank.com.sa,2024-08-23,Saudi,No,No,No,,
POS00970,POS00963,Senior Officer AML & Sanctions,Rana Haddad,G12,JC5072,Management,Compliance,Example Bank,Compliance,AML & Sanctions,AML & Sanctions Unit 2,AML & Sanctions Unit 2 — Team A,AML & Sanctions Unit 2 — Team A / Section 1,,Dammam,Full-time,Filled,1,CC-1049,Control (2nd line),Middle office,Fixed,Future Executives,user970@examplebank.com.sa,2008-11-09,British,No,No,No,,
POS00971,POS00963,Senior Analyst AML & Sanctions,Dana Osman,G9,JC2762,Professional,Compliance,Example Bank,Compliance,AML & Sanctions,AML & Sanctions Unit 2,AML & Sanctions Unit 2 — Team A,AML & Sanctions Unit 2 — Team A / Section 1,,Remote,Full-time,Filled,1,CC-1053,Control (2nd line),Middle office,Fixed,,user971@examplebank.com.sa,2014-03-07,Indian,No,No,Yes,Omar Karim,Ready 3+ years
POS00972,POS00963,Senior Officer AML & Sanctions,سلطان المطيري,G10,JC2022,Professional,Compliance,Example Bank,Compliance,AML & Sanctions,AML & Sanctions Unit 2,AML & Sanctions Unit 2 — Team A,AML & Sanctions Unit 2 — Team A / Section 1,,Riyadh,Full-time,Filled,1,CC-1026,Control (2nd line),Middle office,Fixed,,user972@examplebank.com.sa,2010-08-16,Saudi,No,No,No,,
POS00973,POS00963,Analyst AML & Sanctions,,G10,JC9955,Professional,Compliance,Example Bank,Compliance,AML & Sanctions,AML & Sanctions Unit 2,AML & Sanctions Unit 2 — Team A,AML & Sanctions Unit 2 — Team A / Section 1,,Remote,Full-time,Vacant,1,CC-1046,Control (2nd line),Middle office,Fixed,,,2017-10-02,Indian,No,No,No,,
POS00974,POS00962,Manager AML & Sanctions,فيصل الدوسري,G13,JC5039,Management,Compliance,Example Bank,Compliance,AML & Sanctions,AML & Sanctions Unit 2,AML & Sanctions Unit 2 — Team B,,,Jeddah,Full-time,Filled,1,CC-1055,Control (2nd line),Middle office,Bonus,,user974@examplebank.com.sa,2018-01-09,Indian,No,No,No,,
POS00975,POS00974,Senior Officer AML & Sanctions,Hassan Saleh,G11,JC1994,Professional,Compliance,Example Bank,Compliance,AML & Sanctions,AML & Sanctions Unit 2,AML & Sanctions Unit 2 — Team B,AML & Sanctions Unit 2 — Team B / Section 2,,Khobar,Contractor,Filled,1,CC-1036,Control (2nd line),Middle office,Fixed,,user975@examplebank.com.sa,2021-12-02,Saudi,No,No,No,,
POS00976,POS00974,Senior Analyst AML & Sanctions,Noor Mansour,G12,JC5896,Management,Compliance,Example Bank,Compliance,AML & Sanctions,AML & Sanctions Unit 2,AML & Sanctions Unit 2 — Team B,AML & Sanctions Unit 2 — Team B / Section 2,,Jeddah,Full-time,Filled,1,CC-1022,Control (2nd line),Middle office,Bonus,,user976@examplebank.com.sa,2015-11-22,Saudi,No,No,No,,
POS00977,POS00974,Senior Officer AML & Sanctions,دانة الحربي,G11,JC3977,Professional,Compliance,Example Bank,Compliance,AML & Sanctions,AML & Sanctions Unit 2,AML & Sanctions Unit 2 — Team B,AML & Sanctions Unit 2 — Team B / Section 1,,Riyadh,Full-time,Filled,1,CC-1006,Control (2nd line),Middle office,Fixed,,user977@examplebank.com.sa,2013-02-02,Saudi,No,No,No,,
POS00978,POS00974,Analyst AML & Sanctions,Omar Haddad,G11,JC1765,Professional,Compliance,Example Bank,Compliance,AML & Sanctions,AML & Sanctions Unit 2,AML & Sanctions Unit 2 — Team B,AML & Sanctions Unit 2 — Team B / Section 2,,Khobar,Full-time,Filled,1,CC-1059,Control (2nd line),Middle office,Fixed,,user978@examplebank.com.sa,2008-05-01,Saudi,No,No,No,,
POS00979,POS00974,Specialist AML & Sanctions,ماجد السبيعي,G11,JC4272,Professional,Compliance,Example Bank,Compliance,AML & Sanctions,AML & Sanctions Unit 2,AML & Sanctions Unit 2 — Team B,AML & Sanctions Unit 2 — Team B / Section 2,,Riyadh,Full-time,Filled,1,CC-1050,Control (2nd line),Middle office,Bonus,,user979@examplebank.com.sa,2023-03-11,Saudi,No,No,No,,
POS00980,POS00974,Specialist AML & Sanctions,Jana Darwish,G11,JC1438,Professional,Compliance,Example Bank,Compliance,AML & Sanctions,AML & Sanctions Unit 2,AML & Sanctions Unit 2 — Team B,AML & Sanctions Unit 2 — Team B / Section 1,,Dammam,Full-time,Filled,1,CC-1016,Control (2nd line),Middle office,Fixed,Saudi Graduates,user980@examplebank.com.sa,2011-09-15,Saudi,No,No,No,,
POS00981,POS00974,Officer AML & Sanctions,Tariq Younes,G9,JC5722,Professional,Compliance,Example Bank,Compliance,AML & Sanctions,AML & Sanctions Unit 2,AML & Sanctions Unit 2 — Team B,AML & Sanctions Unit 2 — Team B / Section 1,,Jeddah,Full-time,Filled,1,CC-1009,Control (2nd line),Middle office,Fixed,Future Executives,user981@examplebank.com.sa,2023-03-08,Indian,No,No,No,,
POS00982,POS00962,Manager AML & Sanctions,Hassan Saleh,G13,JC4634,Management,Compliance,Example Bank,Compliance,AML & Sanctions,AML & Sanctions Unit 2,AML & Sanctions Unit 2 — Team C,,,Jeddah,Full-time,Filled,1,CC-1037,Control (2nd line),Middle office,Bonus,Specialist Bench,user982@examplebank.com.sa,2011-06-26,Saudi,No,No,No,,
POS00983,POS00982,Senior Analyst AML & Sanctions,نورة الزهراني,G10,JC8429,Professional,Compliance,Example Bank,Compliance,AML & Sanctions,AML & Sanctions Unit 2,AML & Sanctions Unit 2 — Team C,AML & Sanctions Unit 2 — Team C / Section 2,,Riyadh,Full-time,Filled,1,CC-1051,Control (2nd line),Middle office,Fixed,,user983@examplebank.com.sa,2009-12-20,Saudi,No,No,Yes,نورة المطيري,Ready now
POS00984,POS00982,Senior Analyst AML & Sanctions,Nasser Siddiqui,G12,JC1867,Management,Compliance,Example Bank,Compliance,AML & Sanctions,AML & Sanctions Unit 2,AML & Sanctions Unit 2 — Team C,AML & Sanctions Unit 2 — Team C / Section 2,,Jeddah,Full-time,Filled,1,CC-1024,Control (2nd line),Middle office,Fixed,,user984@examplebank.com.sa,2018-08-26,Saudi,No,No,No,,
POS00985,POS00982,Specialist AML & Sanctions,Karim Younes,G9,JC1771,Professional,Compliance,Example Bank,Compliance,AML & Sanctions,AML & Sanctions Unit 2,AML & Sanctions Unit 2 — Team C,AML & Sanctions Unit 2 — Team C / Section 2,,Riyadh,Full-time,Filled,1,CC-1055,Control (2nd line),Middle office,Fixed,,user985@examplebank.com.sa,2015-04-28,Saudi,No,No,No,,
POS00986,POS00982,Specialist AML & Sanctions,Waleed Darwish,G10,JC2634,Professional,Compliance,Example Bank,Compliance,AML & Sanctions,AML & Sanctions Unit 2,AML & Sanctions Unit 2 — Team C,AML & Sanctions Unit 2 — Team C / Section 2,,Jeddah,Contractor,Filled,1,CC-1020,Control (2nd line),Middle office,Fixed,,user986@examplebank.com.sa,2017-02-28,British,No,No,No,,
POS00987,POS00982,Senior Analyst AML & Sanctions,Jana Karim,G10,JC8573,Professional,Compliance,Example Bank,Compliance,AML & Sanctions,AML & Sanctions Unit 2,AML & Sanctions Unit 2 — Team C,AML & Sanctions Unit 2 — Team C / Section 2,,Khobar,Full-time,Filled,1,CC-1015,Control (2nd line),Middle office,Bonus,,user987@examplebank.com.sa,2016-05-05,Saudi,No,No,No,,
POS00988,POS00982,Analyst AML & Sanctions,دانة الشمري,G9,JC9555,Professional,Compliance,Example Bank,Compliance,AML & Sanctions,AML & Sanctions Unit 2,AML & Sanctions Unit 2 — Team C,AML & Sanctions Unit 2 — Team C / Section 1,,Dammam,Full-time,Filled,1,CC-1014,Control (2nd line),Middle office,Fixed,,user988@examplebank.com.sa,2023-10-15,Saudi,No,No,No,,
POS00989,POS00982,Senior Analyst AML & Sanctions,Dana Osman,G10,JC5965,Professional,Compliance,Example Bank,Compliance,AML & Sanctions,AML & Sanctions Unit 2,AML & Sanctions Unit 2 — Team C,AML & Sanctions Unit 2 — Team C / Section 2,,Khobar,Full-time,Filled,1,CC-1048,Control (2nd line),Middle office,Fixed,,user989@examplebank.com.sa,2013-01-05,Saudi,No,No,No,,
POS00990,POS00982,Officer AML & Sanctions,,G9,JC3301,Professional,Compliance,Example Bank,Compliance,AML & Sanctions,AML & Sanctions Unit 2,AML & Sanctions Unit 2 — Team C,AML & Sanctions Unit 2 — Team C / Section 1,,Jeddah,Contractor,Vacant,1,CC-1006,Control (2nd line),Middle office,Fixed,,,2017-08-24,Saudi,No,No,No,,
POS00991,POS00982,Officer AML & Sanctions,Jana Bakr,G10,JC5621,Professional,Compliance,Example Bank,Compliance,AML & Sanctions,AML & Sanctions Unit 2,AML & Sanctions Unit 2 — Team C,AML & Sanctions Unit 2 — Team C / Section 1,,Remote,Full-time,Filled,1,CC-1048,Control (2nd line),Middle office,Fixed,,user991@examplebank.com.sa,2022-05-05,Indian,No,No,Yes,Huda Aziz,Ready now
POS00992,POS00924,Head of Regulatory Affairs,Salma Mansour,G15,JC7856,Leadership,Compliance,Example Bank,Compliance,Regulatory Affairs,,,,,Riyadh,Full-time,Filled,1,CC-1041,Control (2nd line),Middle office,Bonus,,user992@examplebank.com.sa,2019-11-18,Saudi,Yes,Yes,Yes,عبدالله المطيري,Ready 1-2 years
POS00993,POS00992,Senior Manager Regulatory Affairs,دانة الدوسري,G14,JC4664,Leadership,Compliance,Example Bank,Compliance,Regulatory Affairs,Regulatory Affairs Unit 1,,,,Jeddah,Full-time,Filled,1,CC-1003,Control (2nd line),Middle office,Bonus,,user993@examplebank.com.sa,2009-11-26,Saudi,Yes,No,Yes,Tariq Younes,Ready 1-2 years
POS00994,POS00993,Manager Regulatory Affairs,Mona Siddiqui,G13,JC2340,Management,Compliance,Example Bank,Compliance,Regulatory Affairs,Regulatory Affairs Unit 1,Regulatory Affairs Unit 1 — Team A,,,Jeddah,Full-time,Filled,1,CC-1036,Control (2nd line),Middle office,Bonus,,user994@examplebank.com.sa,2022-07-21,Saudi,No,No,No,,
POS00995,POS00994,Senior Analyst Regulatory Affairs,عبدالله القحطاني,G12,JC8236,Management,Compliance,Example Bank,Compliance,Regulatory Affairs,Regulatory Affairs Unit 1,Regulatory Affairs Unit 1 — Team A,Regulatory Affairs Unit 1 — Team A / Section 2,,Jeddah,Full-time,Filled,1,CC-1038,Control (2nd line),Middle office,Bonus,,user995@examplebank.com.sa,2017-02-17,Saudi,No,No,No,,
POS00996,POS00994,Analyst Regulatory Affairs,,G12,JC4621,Management,Compliance,Example Bank,Compliance,Regulatory Affairs,Regulatory Affairs Unit 1,Regulatory Affairs Unit 1 — Team A,Regulatory Affairs Unit 1 — Team A / Section 2,,Riyadh,Full-time,Vacant,1,CC-1005,Control (2nd line),Middle office,Fixed,,,2024-11-15,Saudi,No,No,No,,
POS00997,POS00994,Associate Regulatory Affairs,عبدالله المطيري,G12,JC8422,Management,Compliance,Example Bank,Compliance,Regulatory Affairs,Regulatory Affairs Unit 1,Regulatory Affairs Unit 1 — Team A,Regulatory Affairs Unit 1 — Team A / Section 2,,Khobar,Full-time,Filled,0.5,CC-1055,Control (2nd line),Middle office,Fixed,,user997@examplebank.com.sa,2022-12-14,Saudi,No,No,No,,
POS00998,POS00994,Officer Regulatory Affairs,Waleed Haddad,G11,JC9142,Professional,Compliance,Example Bank,Compliance,Regulatory Affairs,Regulatory Affairs Unit 1,Regulatory Affairs Unit 1 — Team A,Regulatory Affairs Unit 1 — Team A / Section 1,,Jeddah,Contractor,Filled,1,CC-1015,Control (2nd line),Middle office,Bonus,,user998@examplebank.com.sa,2014-10-25,Saudi,No,No,No,,
POS00999,POS00994,Associate Regulatory Affairs,سارة المطيري,G12,JC4426,Management,Compliance,Example Bank,Compliance,Regulatory Affairs,Regulatory Affairs Unit 1,Regulatory Affairs Unit 1 — Team A,Regulatory Affairs Unit 1 — Team A / Section 1,,Riyadh,Full-time,Filled,1,CC-1053,Control (2nd line),Middle office,Fixed,,user999@examplebank.com.sa,2018-06-20,Saudi,No,No,No,,
POS01000,POS00994,Specialist Regulatory Affairs,Nasser Baker,G9,JC3013,Professional,Compliance,Example Bank,Compliance,Regulatory Affairs,Regulatory Affairs Unit 1,Regulatory Affairs Unit 1 — Team A,Regulatory Affairs Unit 1 — Team A / Section 1,,Jeddah,Full-time,Filled,1,CC-1010,Control (2nd line),Middle office,Fixed,,user1000@examplebank.com.sa,2017-07-05,Saudi,No,No,Yes,Sami Siddiqui,Ready 1-2 years
POS01001,POS00994,Officer Regulatory Affairs,Ziad Siddiqui,G10,JC7617,Professional,Compliance,Example Bank,Compliance,Regulatory Affairs,Regulatory Affairs Unit 1,Regulatory Affairs Unit 1 — Team A,Regulatory Affairs Unit 1 — Team A / Section 1,,Dammam,Full-time,Filled,1,CC-1003,Control (2nd line),Middle office,Fixed,,user1001@examplebank.com.sa,2025-09-11,Indian,No,No,No,,
POS01002,POS00994,Analyst Regulatory Affairs,Maya Khan,G10,JC5448,Professional,Compliance,Example Bank,Compliance,Regulatory Affairs,Regulatory Affairs Unit 1,Regulatory Affairs Unit 1 — Team A,Regulatory Affairs Unit 1 — Team A / Section 2,,Riyadh,Full-time,Filled,1,CC-1013,Control (2nd line),Middle office,Bonus,,user1002@examplebank.com.sa,2013-06-15,Saudi,No,No,No,,
POS01003,POS00994,Associate Regulatory Affairs,,G11,JC6830,Professional,Compliance,Example Bank,Compliance,Regulatory Affairs,Regulatory Affairs Unit 1,Regulatory Affairs Unit 1 — Team A,Regulatory Affairs Unit 1 — Team A / Section 2,,Remote,Full-time,Vacant,1,CC-1007,Control (2nd line),Middle office,Fixed,,,2008-04-02,Saudi,No,No,No,,
POS01004,POS00994,Senior Officer Regulatory Affairs,نورة السبيعي,G12,JC3347,Management,Compliance,Example Bank,Compliance,Regulatory Affairs,Regulatory Affairs Unit 1,Regulatory Affairs Unit 1 — Team A,Regulatory Affairs Unit 1 — Team A / Section 2,,Riyadh,Full-time,Filled,1,CC-1057,Control (2nd line),Middle office,Fixed,,user1004@examplebank.com.sa,2012-02-06,Saudi,No,No,No,,
POS01005,POS00993,Manager Regulatory Affairs,سارة القحطاني,G13,JC5004,Management,Compliance,Example Bank,Compliance,Regulatory Affairs,Regulatory Affairs Unit 1,Regulatory Affairs Unit 1 — Team B,,,Remote,Full-time,Filled,1,CC-1009,Control (2nd line),Middle office,Bonus,Emerging Leaders,user1005@examplebank.com.sa,2019-10-02,Egyptian,No,No,Yes,دانة الغامدي,Ready 1-2 years
POS01006,POS01005,Officer Regulatory Affairs,Rana Darwish,G10,JC5188,Professional,Compliance,Example Bank,Compliance,Regulatory Affairs,Regulatory Affairs Unit 1,Regulatory Affairs Unit 1 — Team B,Regulatory Affairs Unit 1 — Team B / Section 1,,Riyadh,Full-time,Filled,1,CC-1003,Control (2nd line),Middle office,Fixed,,user1006@examplebank.com.sa,2009-02-24,Saudi,No,No,No,,
POS01007,POS01005,Specialist Regulatory Affairs,Nasser Idris,G9,JC8238,Professional,Compliance,Example Bank,Compliance,Regulatory Affairs,Regulatory Affairs Unit 1,Regulatory Affairs Unit 1 — Team B,Regulatory Affairs Unit 1 — Team B / Section 2,,Dammam,Full-time,Filled,1,CC-1015,Control (2nd line),Middle office,Fixed,,user1007@examplebank.com.sa,2009-03-14,Saudi,No,No,No,,
POS01008,POS01005,Senior Officer Regulatory Affairs,Mona Qureshi,G9,JC2295,Professional,Compliance,Example Bank,Compliance,Regulatory Affairs,Regulatory Affairs Unit 1,Regulatory Affairs Unit 1 — Team B,Regulatory Affairs Unit 1 — Team B / Section 2,,Jeddah,Full-time,Filled,1,CC-1008,Control (2nd line),Middle office,Bonus,Emerging Leaders,user1008@examplebank.com.sa,2013-01-28,Saudi,No,No,No,,
POS01009,POS01005,Senior Analyst Regulatory Affairs,,G10,JC8195,Professional,Compliance,Example Bank,Compliance,Regulatory Affairs,Regulatory Affairs Unit 1,Regulatory Affairs Unit 1 — Team B,Regulatory Affairs Unit 1 — Team B / Section 1,,Riyadh,Full-time,Vacant,1,CC-1058,Control (2nd line),Middle office,Fixed,,,2016-02-04,Saudi,No,No,Yes,Tariq Baker,Ready now
POS01010,POS01005,Senior Officer Regulatory Affairs,ماجد العتيبي,G10,JC3630,Professional,Compliance,Example Bank,Compliance,Regulatory Affairs,Regulatory Affairs Unit 1,Regulatory Affairs Unit 1 — Team B,Regulatory Affairs Unit 1 — Team B / Section 2,,Riyadh,Full-time,Filled,1,CC-1032,Control (2nd line),Middle office,Bonus,,user1010@examplebank.com.sa,2022-02-15,Saudi,No,No,No,,
POS01011,POS01005,Senior Analyst Regulatory Affairs,Tariq Farouk,G10,JC8744,Professional,Compliance,Example Bank,Compliance,Regulatory Affairs,Regulatory Affairs Unit 1,Regulatory Affairs Unit 1 — Team B,Regulatory Affairs Unit 1 — Team B / Section 2,,Remote,Full-time,Filled,1,CC-1049,Control (2nd line),Middle office,Fixed,,user1011@examplebank.com.sa,2014-08-04,Saudi,No,No,No,,
POS01012,POS01005,Specialist Regulatory Affairs,خالد الزهراني,G11,JC2665,Professional,Compliance,Example Bank,Compliance,Regulatory Affairs,Regulatory Affairs Unit 1,Regulatory Affairs Unit 1 — Team B,Regulatory Affairs Unit 1 — Team B / Section 2,,Jeddah,Full-time,Filled,1,CC-1032,Control (2nd line),Middle office,Bonus,Specialist Bench,user1012@examplebank.com.sa,2025-09-04,Jordanian,No,No,No,,
POS01013,POS01005,Associate Regulatory Affairs,ماجد القحطاني,G10,JC5269,Professional,Compliance,Example Bank,Compliance,Regulatory Affairs,Regulatory Affairs Unit 1,Regulatory Affairs Unit 1 — Team B,Regulatory Affairs Unit 1 — Team B / Section 2,,Riyadh,Full-time,Filled,1,CC-1012,Control (2nd line),Middle office,Bonus,Future Executives,user1013@examplebank.com.sa,2014-03-02,Saudi,No,No,No,,
POS01014,POS00992,Senior Manager Regulatory Affairs,Noor Bakr,G14,JC9914,Leadership,Compliance,Example Bank,Compliance,Regulatory Affairs,Regulatory Affairs Unit 2,,,,Riyadh,Full-time,Filled,1,CC-1059,Control (2nd line),Middle office,Bonus,,user1014@examplebank.com.sa,2008-08-24,Saudi,Yes,No,Yes,Tariq Baker,Ready 1-2 years
POS01015,POS01014,Manager Regulatory Affairs,أحمد الزهراني,G13,JC7983,Management,Compliance,Example Bank,Compliance,Regulatory Affairs,Regulatory Affairs Unit 2,Regulatory Affairs Unit 2 — Team A,,,Remote,Full-time,Filled,1,CC-1036,Control (2nd line),Middle office,Bonus,,user1015@examplebank.com.sa,2020-07-27,Saudi,No,No,No,,
POS01016,POS01015,Analyst Regulatory Affairs,Karim Nasser,G10,JC4029,Professional,Compliance,Example Bank,Compliance,Regulatory Affairs,Regulatory Affairs Unit 2,Regulatory Affairs Unit 2 — Team A,Regulatory Affairs Unit 2 — Team A / Section 2,,Dammam,Contractor,Filled,1,CC-1030,Control (2nd line),Middle office,Fixed,,user1016@examplebank.com.sa,2024-01-14,Jordanian,No,No,Yes,Rami Farouk,Ready 3+ years
POS01017,POS01015,Officer Regulatory Affairs,Huda Rashed,G12,JC6470,Management,Compliance,Example Bank,Compliance,Regulatory Affairs,Regulatory Affairs Unit 2,Regulatory Affairs Unit 2 — Team A,Regulatory Affairs Unit 2 — Team A / Section 2,,Riyadh,Full-time,Filled,1,CC-1021,Control (2nd line),Middle office,Fixed,,user1017@examplebank.com.sa,2019-10-21,British,No,No,No,,
POS01018,POS01015,Analyst Regulatory Affairs,Lina Farouk,G10,JC5518,Professional,Compliance,Example Bank,Compliance,Regulatory Affairs,Regulatory Affairs Unit 2,Regulatory Affairs Unit 2 — Team A,Regulatory Affairs Unit 2 — Team A / Section 2,,Riyadh,Full-time,Filled,1,CC-1015,Control (2nd line),Middle office,Bonus,,user1018@examplebank.com.sa,2008-06-07,Indian,No,No,Yes,لطيفة الشمري,Ready 3+ years
POS01019,POS01015,Officer Regulatory Affairs,ريم العتيبي,G11,JC6876,Professional,Compliance,Example Bank,Compliance,Regulatory Affairs,Regulatory Affairs Unit 2,Regulatory Affairs Unit 2 — Team A,Regulatory Affairs Unit 2 — Team A / Section 1,,Jeddah,Full-time,Filled,0.5,CC-1020,Control (2nd line),Middle office,Fixed,,user1019@examplebank.com.sa,2019-12-13,Egyptian,No,No,No,,
POS01020,POS01015,Associate Regulatory Affairs,Huda Aziz,G10,JC6991,Professional,Compliance,Example Bank,Compliance,Regulatory Affairs,Regulatory Affairs Unit 2,Regulatory Affairs Unit 2 — Team A,Regulatory Affairs Unit 2 — Team A / Section 2,,Remote,Full-time,Filled,1,CC-1060,Control (2nd line),Middle office,Bonus,,user1020@examplebank.com.sa,2008-11-05,Saudi,No,No,Yes,Adel Saleh,Ready 1-2 years
POS01021,POS01015,Officer Regulatory Affairs,Mona Qureshi,G10,JC8844,Professional,Compliance,Example Bank,Compliance,Regulatory Affairs,Regulatory Affairs Unit 2,Regulatory Affairs Unit 2 — Team A,Regulatory Affairs Unit 2 — Team A / Section 1,,Riyadh,Full-time,Filled,1,CC-1020,Control (2nd line),Middle office,Fixed,,user1021@examplebank.com.sa,2022-01-22,Saudi,No,No,No,,
POS01022,POS01015,Specialist Regulatory Affairs,دانة الحربي,G10,JC6557,Professional,Compliance,Example Bank,Compliance,Regulatory Affairs,Regulatory Affairs Unit 2,Regulatory Affairs Unit 2 — Team A,Regulatory Affairs Unit 2 — Team A / Section 2,,Remote,Full-time,Filled,1,CC-1059,Control (2nd line),Middle office,Bonus,,user1022@examplebank.com.sa,2016-11-21,Saudi,No,No,No,,
POS01023,POS01015,Analyst Regulatory Affairs,Bilal Karim,G10,JC1085,Professional,Compliance,Example Bank,Compliance,Regulatory Affairs,Regulatory Affairs Unit 2,Regulatory Affairs Unit 2 — Team A,Regulatory Affairs Unit 2 — Team A / Section 2,,Jeddah,Full-time,Filled,1,CC-1045,Control (2nd line),Middle office,Fixed,,user1023@examplebank.com.sa,2009-06-23,Saudi,No,No,Yes,Aisha Farouk,Ready 1-2 years
POS01024,POS01015,Senior Analyst Regulatory Affairs,هند المطيري,G10,JC5154,Professional,Compliance,Example Bank,Compliance,Regulatory Affairs,Regulatory Affairs Unit 2,Regulatory Affairs Unit 2 — Team A,Regulatory Affairs Unit 2 — Team A / Section 1,,Riyadh,Full-time,Filled,1,CC-1035,Control (2nd line),Middle office,Bonus,Saudi Graduates,user1024@examplebank.com.sa,2012-11-09,Saudi,No,No,No,,
POS01025,POS01014,Manager Regulatory Affairs,ريم الدوسري,G13,JC7700,Management,Compliance,Example Bank,Compliance,Regulatory Affairs,Regulatory Affairs Unit 2,Regulatory Affairs Unit 2 — Team B,,,Riyadh,Full-time,Filled,1,CC-1000,Control (2nd line),Middle office,Bonus,Emerging Leaders,user1025@examplebank.com.sa,2010-05-06,Egyptian,No,No,No,,
POS01026,POS01025,Senior Analyst Regulatory Affairs,لطيفة الغامدي,G9,JC7975,Professional,Compliance,Example Bank,Compliance,Regulatory Affairs,Regulatory Affairs Unit 2,Regulatory Affairs Unit 2 — Team B,Regulatory Affairs Unit 2 — Team B / Section 2,,Jeddah,Full-time,Filled,1,CC-1009,Control (2nd line),Middle office,Bonus,,user1026@examplebank.com.sa,2013-04-26,Saudi,No,No,No,,
POS01027,POS01025,Officer Regulatory Affairs,Lina Osman,G9,JC4952,Professional,Compliance,Example Bank,Compliance,Regulatory Affairs,Regulatory Affairs Unit 2,Regulatory Affairs Unit 2 — Team B,Regulatory Affairs Unit 2 — Team B / Section 2,,Riyadh,Full-time,Filled,1,CC-1035,Control (2nd line),Middle office,Fixed,,user1027@examplebank.com.sa,2024-03-14,Saudi,No,No,Yes,Tariq Khan,Ready 1-2 years
POS01028,POS01025,Associate Regulatory Affairs,أحمد الزهراني,G10,JC7348,Professional,Compliance,Example Bank,Compliance,Regulatory Affairs,Regulatory Affairs Unit 2,Regulatory Affairs Unit 2 — Team B,Regulatory Affairs Unit 2 — Team B / Section 1,,Riyadh,Full-time,Filled,1,CC-1025,Control (2nd line),Middle office,Fixed,,user1028@examplebank.com.sa,2012-05-04,Saudi,No,No,No,,
POS01029,POS01025,Specialist Regulatory Affairs,Karim Darwish,G10,JC8463,Professional,Compliance,Example Bank,Compliance,Regulatory Affairs,Regulatory Affairs Unit 2,Regulatory Affairs Unit 2 — Team B,Regulatory Affairs Unit 2 — Team B / Section 2,,Khobar,Full-time,Filled,1,CC-1016,Control (2nd line),Middle office,Fixed,,user1029@examplebank.com.sa,2008-08-20,Saudi,No,No,No,,
POS01030,POS01025,Specialist Regulatory Affairs,Lina Haddad,G10,JC2777,Professional,Compliance,Example Bank,Compliance,Regulatory Affairs,Regulatory Affairs Unit 2,Regulatory Affairs Unit 2 — Team B,Regulatory Affairs Unit 2 — Team B / Section 1,,Riyadh,Full-time,Filled,1,CC-1052,Control (2nd line),Middle office,Fixed,,user1030@examplebank.com.sa,2009-06-11,Saudi,No,No,No,,
POS01031,POS01025,Specialist Regulatory Affairs,ريم العتيبي,G10,JC5470,Professional,Compliance,Example Bank,Compliance,Regulatory Affairs,Regulatory Affairs Unit 2,Regulatory Affairs Unit 2 — Team B,Regulatory Affairs Unit 2 — Team B / Section 1,,Riyadh,Full-time,Filled,1,CC-1021,Control (2nd line),Middle office,Bonus,,user1031@examplebank.com.sa,2013-09-09,Saudi,No,No,No,,
POS01032,POS01025,Senior Officer Regulatory Affairs,لطيفة الزهراني,G12,JC4959,Management,Compliance,Example Bank,Compliance,Regulatory Affairs,Regulatory Affairs Unit 2,Regulatory Affairs Unit 2 — Team B,Regulatory Affairs Unit 2 — Team B / Section 2,,Khobar,Full-time,Filled,1,CC-1035,Control (2nd line),Middle office,Fixed,,user1032@examplebank.com.sa,2010-10-10,Jordanian,No,No,No,,
POS01033,POS01014,Manager Regulatory Affairs,نورة الشمري,G13,JC1709,Management,Compliance,Example Bank,Compliance,Regulatory Affairs,Regulatory Affairs Unit 2,Regulatory Affairs Unit 2 — Team C,,,Riyadh,Full-time,Filled,1,CC-1050,Control (2nd line),Middle office,Bonus,,user1033@examplebank.com.sa,2009-09-28,Jordanian,No,No,No,,
POS01034,POS01033,Officer Regulatory Affairs,Aisha Karim,G10,JC3104,Professional,Compliance,Example Bank,Compliance,Regulatory Affairs,Regulatory Affairs Unit 2,Regulatory Affairs Unit 2 — Team C,Regulatory Affairs Unit 2 — Team C / Section 1,,Remote,Full-time,Filled,1,CC-1052,Control (2nd line),Middle office,Fixed,,user1034@examplebank.com.sa,2025-07-20,Saudi,No,No,No,,
POS01035,POS01033,Specialist Regulatory Affairs,أحمد الغامدي,G10,JC8395,Professional,Compliance,Example Bank,Compliance,Regulatory Affairs,Regulatory Affairs Unit 2,Regulatory Affairs Unit 2 — Team C,Regulatory Affairs Unit 2 — Team C / Section 2,,Jeddah,Contractor,Filled,1,CC-1046,Control (2nd line),Middle office,Fixed,,user1035@examplebank.com.sa,2025-04-20,Jordanian,No,No,No,,
POS01036,POS01033,Officer Regulatory Affairs,Yusuf Saleh,G10,JC8615,Professional,Compliance,Example Bank,Compliance,Regulatory Affairs,Regulatory Affairs Unit 2,Regulatory Affairs Unit 2 — Team C,Regulatory Affairs Unit 2 — Team C / Section 2,,Remote,Full-time,Filled,1,CC-1013,Control (2nd line),Middle office,Fixed,,user1036@examplebank.com.sa,2025-01-04,Egyptian,No,No,No,,
POS01037,POS01033,Associate Regulatory Affairs,Rami Fahmy,G10,JC8195,Professional,Compliance,Example Bank,Compliance,Regulatory Affairs,Regulatory Affairs Unit 2,Regulatory Affairs Unit 2 — Team C,Regulatory Affairs Unit 2 — Team C / Section 2,,Riyadh,Full-time,Filled,0.5,CC-1036,Control (2nd line),Middle office,Fixed,,user1037@examplebank.com.sa,2022-04-15,British,No,No,No,,
POS01038,POS01033,Senior Officer Regulatory Affairs,Sami Farouk,G10,JC8850,Professional,Compliance,Example Bank,Compliance,Regulatory Affairs,Regulatory Affairs Unit 2,Regulatory Affairs Unit 2 — Team C,Regulatory Affairs Unit 2 — Team C / Section 1,,Jeddah,Contractor,Filled,1,CC-1000,Control (2nd line),Middle office,Fixed,,user1038@examplebank.com.sa,2008-12-06,Saudi,No,No,No,,
POS01039,POS01033,Associate Regulatory Affairs,,G10,JC4549,Professional,Compliance,Example Bank,Compliance,Regulatory Affairs,Regulatory Affairs Unit 2,Regulatory Affairs Unit 2 — Team C,Regulatory Affairs Unit 2 — Team C / Section 2,,Jeddah,Full-time,Vacant,1,CC-1049,Control (2nd line),Middle office,Bonus,,,2009-06-16,Egyptian,No,No,No,,
POS01040,POS01033,Associate Regulatory Affairs,Bilal Younes,G9,JC5712,Professional,Compliance,Example Bank,Compliance,Regulatory Affairs,Regulatory Affairs Unit 2,Regulatory Affairs Unit 2 — Team C,Regulatory Affairs Unit 2 — Team C / Section 1,,Remote,Full-time,Filled,1,CC-1004,Control (2nd line),Middle office,Bonus,,user1040@examplebank.com.sa,2018-02-09,British,No,No,Yes,هند القحطاني,Ready 1-2 years
POS01041,POS01033,Senior Analyst Regulatory Affairs,Sami Farouk,G12,JC6938,Management,Compliance,Example Bank,Compliance,Regulatory Affairs,Regulatory Affairs Unit 2,Regulatory Affairs Unit 2 — Team C,Regulatory Affairs Unit 2 — Team C / Section 2,,Jeddah,Contractor,Filled,1,CC-1045,Control (2nd line),Middle office,Bonus,,user1041@examplebank.com.sa,2015-03-15,Jordanian,No,No,No,,
POS01042,POS01033,Specialist Regulatory Affairs,,G10,JC8314,Professional,Compliance,Example Bank,Compliance,Regulatory Affairs,Regulatory Affairs Unit 2,Regulatory Affairs Unit 2 — Team C,Regulatory Affairs Unit 2 — Team C / Section 2,,Remote,Full-time,Vacant,1,CC-1043,Control (2nd line),Middle office,Bonus,,,2017-04-12,British,No,No,No,,
POS01043,POS01033,Specialist Regulatory Affairs,,G10,JC9990,Professional,Compliance,Example Bank,Compliance,Regulatory Affairs,Regulatory Affairs Unit 2,Regulatory Affairs Unit 2 — Team C,Regulatory Affairs Unit 2 — Team C / Section 2,,Riyadh,Full-time,Vacant,1,CC-1013,Control (2nd line),Middle office,Bonus,,,2020-08-19,Jordanian,No,No,No,,
POS01044,POS01033,Associate Regulatory Affairs,Dana Darwish,G10,JC1037,Professional,Compliance,Example Bank,Compliance,Regulatory Affairs,Regulatory Affairs Unit 2,Regulatory Affairs Unit 2 — Team C,Regulatory Affairs Unit 2 — Team C / Section 1,,Jeddah,Full-time,Filled,1,CC-1016,Control (2nd line),Middle office,Fixed,,user1044@examplebank.com.sa,2016-03-05,Saudi,No,No,No,,
POS01045,POS00924,Head of Financial Crime,Maya Younes,G15,JC6677,Leadership,Compliance,Example Bank,Compliance,Financial Crime,,,,,Dammam,Full-time,Filled,1,CC-1022,Control (2nd line),Middle office,Bonus,,user1045@examplebank.com.sa,2017-05-10,Indian,Yes,Yes,No,,
POS01046,POS01045,Senior Manager Financial Crime,Lina Mansour,G14,JC2312,Leadership,Compliance,Example Bank,Compliance,Financial Crime,Financial Crime Unit 1,,,,Riyadh,Full-time,Filled,1,CC-1020,Control (2nd line),Middle office,Bonus,,user1046@examplebank.com.sa,2013-05-10,Saudi,No,No,No,,
POS01047,POS01046,Manager Financial Crime,Adel Younes,G13,JC4728,Management,Compliance,Example Bank,Compliance,Financial Crime,Financial Crime Unit 1,Financial Crime Unit 1 — Team A,,,Jeddah,Full-time,Filled,1,CC-1042,Control (2nd line),Middle office,Bonus,,user1047@examplebank.com.sa,2015-02-18,Saudi,No,No,No,,
POS01048,POS01047,Senior Officer Financial Crime,,G10,JC1176,Professional,Compliance,Example Bank,Compliance,Financial Crime,Financial Crime Unit 1,Financial Crime Unit 1 — Team A,Financial Crime Unit 1 — Team A / Section 2,,Khobar,Full-time,Vacant,1,CC-1049,Control (2nd line),Middle office,Fixed,,,2011-12-03,Saudi,No,No,No,,
POS01049,POS01047,Officer Financial Crime,Tariq Idris,G9,JC6573,Professional,Compliance,Example Bank,Compliance,Financial Crime,Financial Crime Unit 1,Financial Crime Unit 1 — Team A,Financial Crime Unit 1 — Team A / Section 2,,Riyadh,Full-time,Filled,1,CC-1008,Control (2nd line),Middle office,Fixed,,user1049@examplebank.com.sa,2008-10-04,Egyptian,No,No,No,,
POS01050,POS01047,Analyst Financial Crime,لطيفة الشمري,G10,JC8196,Professional,Compliance,Example Bank,Compliance,Financial Crime,Financial Crime Unit 1,Financial Crime Unit 1 — Team A,Financial Crime Unit 1 — Team A / Section 2,,Riyadh,Full-time,Filled,1,CC-1052,Control (2nd line),Middle office,Fixed,,user1050@examplebank.com.sa,2019-12-07,Saudi,No,No,No,,
POS01051,POS01047,Analyst Financial Crime,سلطان الحربي,G10,JC9874,Professional,Compliance,Example Bank,Compliance,Financial Crime,Financial Crime Unit 1,Financial Crime Unit 1 — Team A,Financial Crime Unit 1 — Team A / Section 1,,Jeddah,Full-time,Filled,1,CC-1030,Control (2nd line),Middle office,Bonus,,user1051@examplebank.com.sa,2018-06-12,Saudi,No,No,No,,
POS01052,POS01047,Analyst Financial Crime,Hassan Karim,G12,JC1242,Management,Compliance,Example Bank,Compliance,Financial Crime,Financial Crime Unit 1,Financial Crime Unit 1 — Team A,Financial Crime Unit 1 — Team A / Section 2,,Khobar,Full-time,Filled,1,CC-1037,Control (2nd line),Middle office,Bonus,,user1052@examplebank.com.sa,2022-04-28,Saudi,No,No,No,,
POS01053,POS01047,Specialist Financial Crime,Rami Qureshi,G12,JC9011,Management,Compliance,Example Bank,Compliance,Financial Crime,Financial Crime Unit 1,Financial Crime Unit 1 — Team A,Financial Crime Unit 1 — Team A / Section 1,,Riyadh,Full-time,Filled,0.5,CC-1027,Control (2nd line),Middle office,Fixed,,user1053@examplebank.com.sa,2012-02-21,Saudi,No,No,No,,
POS01054,POS01046,Manager Financial Crime,Nasser Farouk,G13,JC8682,Management,Compliance,Example Bank,Compliance,Financial Crime,Financial Crime Unit 1,Financial Crime Unit 1 — Team B,,,Riyadh,Full-time,Filled,1,CC-1017,Control (2nd line),Middle office,Bonus,,user1054@examplebank.com.sa,2009-11-05,Saudi,No,No,No,,
POS01055,POS01054,Officer Financial Crime,Sami Rashed,G12,JC3219,Management,Compliance,Example Bank,Compliance,Financial Crime,Financial Crime Unit 1,Financial Crime Unit 1 — Team B,Financial Crime Unit 1 — Team B / Section 1,,Riyadh,Full-time,Filled,1,CC-1014,Control (2nd line),Middle office,Fixed,,user1055@examplebank.com.sa,2009-08-23,Saudi,No,No,No,,
POS01056,POS01054,Senior Officer Financial Crime,سارة العتيبي,G12,JC3710,Management,Compliance,Example Bank,Compliance,Financial Crime,Financial Crime Unit 1,Financial Crime Unit 1 — Team B,Financial Crime Unit 1 — Team B / Section 1,,Khobar,Full-time,Filled,1,CC-1006,Control (2nd line),Middle office,Bonus,,user1056@examplebank.com.sa,2010-03-04,British,No,No,No,,
POS01057,POS01054,Officer Financial Crime,Waleed Farouk,G10,JC8579,Professional,Compliance,Example Bank,Compliance,Financial Crime,Financial Crime Unit 1,Financial Crime Unit 1 — Team B,Financial Crime Unit 1 — Team B / Section 2,,Khobar,Contractor,Filled,1,CC-1052,Control (2nd line),Middle office,Fixed,,user1057@examplebank.com.sa,2018-12-10,Saudi,No,No,No,,
POS01058,POS01054,Officer Financial Crime,,G10,JC4618,Professional,Compliance,Example Bank,Compliance,Financial Crime,Financial Crime Unit 1,Financial Crime Unit 1 — Team B,Financial Crime Unit 1 — Team B / Section 2,,Riyadh,Full-time,Vacant,1,CC-1035,Control (2nd line),Middle office,Fixed,,,2012-12-24,Saudi,No,No,No,,
POS01059,POS01054,Specialist Financial Crime,Salma Aziz,G11,JC8387,Professional,Compliance,Example Bank,Compliance,Financial Crime,Financial Crime Unit 1,Financial Crime Unit 1 — Team B,Financial Crime Unit 1 — Team B / Section 1,,Dammam,Full-time,Filled,1,CC-1025,Control (2nd line),Middle office,Fixed,,user1059@examplebank.com.sa,2008-04-13,Saudi,No,No,No,,
POS01060,POS01054,Analyst Financial Crime,أحمد الشمري,G10,JC7868,Professional,Compliance,Example Bank,Compliance,Financial Crime,Financial Crime Unit 1,Financial Crime Unit 1 — Team B,Financial Crime Unit 1 — Team B / Section 2,,Jeddah,Full-time,Filled,1,CC-1010,Control (2nd line),Middle office,Fixed,,user1060@examplebank.com.sa,2018-07-19,Jordanian,No,No,Yes,هند المطيري,Ready now
POS01061,POS01054,Specialist Financial Crime,هند العتيبي,G9,JC7952,Professional,Compliance,Example Bank,Compliance,Financial Crime,Financial Crime Unit 1,Financial Crime Unit 1 — Team B,Financial Crime Unit 1 — Team B / Section 2,,Jeddah,Contractor,Filled,1,CC-1057,Control (2nd line),Middle office,Fixed,,user1061@examplebank.com.sa,2019-04-14,Saudi,No,No,Yes,هند القحطاني,Ready 1-2 years
POS01062,POS01054,Associate Financial Crime,Jana Darwish,G10,JC8567,Professional,Compliance,Example Bank,Compliance,Financial Crime,Financial Crime Unit 1,Financial Crime Unit 1 — Team B,Financial Crime Unit 1 — Team B / Section 1,,Jeddah,Full-time,Filled,1,CC-1005,Control (2nd line),Middle office,Fixed,,user1062@examplebank.com.sa,2023-03-13,Egyptian,No,No,No,,
POS01063,POS01054,Officer Financial Crime,Adel Baker,G9,JC4520,Professional,Compliance,Example Bank,Compliance,Financial Crime,Financial Crime Unit 1,Financial Crime Unit 1 — Team B,Financial Crime Unit 1 — Team B / Section 1,,Jeddah,Full-time,Filled,1,CC-1039,Control (2nd line),Middle office,Fixed,,user1063@examplebank.com.sa,2024-06-10,Indian,No,No,No,,
POS01064,POS01054,Officer Financial Crime,دانة القحطاني,G12,JC3344,Management,Compliance,Example Bank,Compliance,Financial Crime,Financial Crime Unit 1,Financial Crime Unit 1 — Team B,Financial Crime Unit 1 — Team B / Section 1,,Remote,Full-time,Filled,0.5,CC-1052,Control (2nd line),Middle office,Bonus,,user1064@examplebank.com.sa,2014-01-08,Saudi,No,No,No,,
POS01065,POS01046,Manager Financial Crime,سارة الحربي,G13,JC1124,Management,Compliance,Example Bank,Compliance,Financial Crime,Financial Crime Unit 1,Financial Crime Unit 1 — Team C,,,Jeddah,Full-time,Filled,0.5,CC-1031,Control (2nd line),Middle office,Bonus,,user1065@examplebank.com.sa,2017-11-27,Saudi,No,No,No,,
POS01066,POS01065,Senior Officer Financial Crime,Bilal Idris,G10,JC6124,Professional,Compliance,Example Bank,Compliance,Financial Crime,Financial Crime Unit 1,Financial Crime Unit 1 — Team C,Financial Crime Unit 1 — Team C / Section 1,,Remote,Full-time,Filled,1,CC-1044,Control (2nd line),Middle office,Bonus,,user1066@examplebank.com.sa,2021-12-02,Saudi,No,No,No,,
POS01067,POS01065,Senior Analyst Financial Crime,دانة الغامدي,G9,JC5610,Professional,Compliance,Example Bank,Compliance,Financial Crime,Financial Crime Unit 1,Financial Crime Unit 1 — Team C,Financial Crime Unit 1 — Team C / Section 1,,Khobar,Full-time,Filled,1,CC-1041,Control (2nd line),Middle office,Bonus,,user1067@examplebank.com.sa,2016-12-09,Egyptian,No,No,No,,
POS01068,POS01065,Senior Officer Financial Crime,Ziad Siddiqui,G12,JC3284,Management,Compliance,Example Bank,Compliance,Financial Crime,Financial Crime Unit 1,Financial Crime Unit 1 — Team C,Financial Crime Unit 1 — Team C / Section 2,,Jeddah,Full-time,Filled,1,CC-1047,Control (2nd line),Middle office,Bonus,,user1068@examplebank.com.sa,2018-04-04,Saudi,No,No,Yes,Bilal Saleh,Ready 3+ years
POS01069,POS01065,Officer Financial Crime,أحمد الحربي,G10,JC8224,Professional,Compliance,Example Bank,Compliance,Financial Crime,Financial Crime Unit 1,Financial Crime Unit 1 — Team C,Financial Crime Unit 1 — Team C / Section 2,,Riyadh,Full-time,Filled,1,CC-1012,Control (2nd line),Middle office,Bonus,,user1069@examplebank.com.sa,2017-06-26,Egyptian,No,No,No,,
POS01070,POS01065,Associate Financial Crime,,G10,JC4057,Professional,Compliance,Example Bank,Compliance,Financial Crime,Financial Crime Unit 1,Financial Crime Unit 1 — Team C,Financial Crime Unit 1 — Team C / Section 2,,Jeddah,Full-time,Vacant,1,CC-1011,Control (2nd line),Middle office,Bonus,,,2015-07-09,Saudi,No,No,No,,
POS01071,POS01065,Senior Officer Financial Crime,Adel Khan,G11,JC6364,Professional,Compliance,Example Bank,Compliance,Financial Crime,Financial Crime Unit 1,Financial Crime Unit 1 — Team C,Financial Crime Unit 1 — Team C / Section 1,,Riyadh,Full-time,Filled,1,CC-1027,Control (2nd line),Middle office,Fixed,,user1071@examplebank.com.sa,2016-07-07,Saudi,No,No,No,,
POS01072,POS01045,Senior Manager Financial Crime,Mona Mansour,G14,JC4319,Leadership,Compliance,Example Bank,Compliance,Financial Crime,Financial Crime Unit 2,,,,Dammam,Contractor,Filled,1,CC-1041,Control (2nd line),Middle office,Bonus,,user1072@examplebank.com.sa,2025-08-08,Indian,No,No,No,,
POS01073,POS01072,Manager Financial Crime,Salma Saleh,G13,JC2130,Management,Compliance,Example Bank,Compliance,Financial Crime,Financial Crime Unit 2,Financial Crime Unit 2 — Team A,,,Jeddah,Full-time,Filled,0.5,CC-1048,Control (2nd line),Middle office,Bonus,,user1073@examplebank.com.sa,2023-04-08,Saudi,No,No,No,,
POS01074,POS01073,Specialist Financial Crime,Huda Farouk,G9,JC7500,Professional,Compliance,Example Bank,Compliance,Financial Crime,Financial Crime Unit 2,Financial Crime Unit 2 — Team A,Financial Crime Unit 2 — Team A / Section 1,,Dammam,Full-time,Filled,1,CC-1035,Control (2nd line),Middle office,Fixed,,user1074@examplebank.com.sa,2022-11-18,Saudi,No,No,No,,
POS01075,POS01073,Senior Officer Financial Crime,هند المطيري,G9,JC6694,Professional,Compliance,Example Bank,Compliance,Financial Crime,Financial Crime Unit 2,Financial Crime Unit 2 — Team A,Financial Crime Unit 2 — Team A / Section 1,,Khobar,Full-time,Filled,1,CC-1005,Control (2nd line),Middle office,Fixed,,user1075@examplebank.com.sa,2014-03-12,Egyptian,No,No,No,,
POS01076,POS01073,Senior Officer Financial Crime,Huda Baker,G10,JC5312,Professional,Compliance,Example Bank,Compliance,Financial Crime,Financial Crime Unit 2,Financial Crime Unit 2 — Team A,Financial Crime Unit 2 — Team A / Section 2,,Remote,Full-time,Filled,1,CC-1043,Control (2nd line),Middle office,Fixed,,user1076@examplebank.com.sa,2023-10-14,Saudi,No,No,No,,
POS01077,POS01073,Associate Financial Crime,فيصل الغامدي,G9,JC6205,Professional,Compliance,Example Bank,Compliance,Financial Crime,Financial Crime Unit 2,Financial Crime Unit 2 — Team A,Financial Crime Unit 2 — Team A / Section 1,,Remote,Full-time,Filled,0.5,CC-1052,Control (2nd line),Middle office,Fixed,,user1077@examplebank.com.sa,2024-07-20,Saudi,No,No,No,,
POS01078,POS01073,Officer Financial Crime,سلطان المطيري,G9,JC1287,Professional,Compliance,Example Bank,Compliance,Financial Crime,Financial Crime Unit 2,Financial Crime Unit 2 — Team A,Financial Crime Unit 2 — Team A / Section 1,,Remote,Full-time,Filled,1,CC-1048,Control (2nd line),Middle office,Fixed,,user1078@examplebank.com.sa,2020-10-20,Jordanian,No,No,No,,
POS01079,POS01073,Senior Officer Financial Crime,Nasser Qureshi,G9,JC3055,Professional,Compliance,Example Bank,Compliance,Financial Crime,Financial Crime Unit 2,Financial Crime Unit 2 — Team A,Financial Crime Unit 2 — Team A / Section 1,,Dammam,Full-time,Filled,1,CC-1021,Control (2nd line),Middle office,Bonus,,user1079@examplebank.com.sa,2012-05-07,Jordanian,No,No,No,,
POS01080,POS01073,Senior Officer Financial Crime,Huda Nasser,G12,JC2939,Management,Compliance,Example Bank,Compliance,Financial Crime,Financial Crime Unit 2,Financial Crime Unit 2 — Team A,Financial Crime Unit 2 — Team A / Section 2,,Remote,Full-time,Filled,1,CC-1038,Control (2nd line),Middle office,Fixed,,user1080@examplebank.com.sa,2008-06-23,Egyptian,No,No,No,,
POS01081,POS01073,Analyst Financial Crime,ريم القحطاني,G11,JC9432,Professional,Compliance,Example Bank,Compliance,Financial Crime,Financial Crime Unit 2,Financial Crime Unit 2 — Team A,Financial Crime Unit 2 — Team A / Section 1,,Riyadh,Full-time,Filled,1,CC-1055,Control (2nd line),Middle office,Bonus,,user1081@examplebank.com.sa,2019-01-24,Egyptian,No,No,No,,
POS01082,POS01072,Manager Financial Crime,Rami Younes,G13,JC4668,Management,Compliance,Example Bank,Compliance,Financial Crime,Financial Crime Unit 2,Financial Crime Unit 2 — Team B,,,Riyadh,Full-time,Filled,1,CC-1015,Control (2nd line),Middle office,Bonus,Specialist Bench,user1082@examplebank.com.sa,2011-02-13,Saudi,No,No,No,,
POS01083,POS01082,Associate Financial Crime,Layla Farouk,G12,JC8248,Management,Compliance,Example Bank,Compliance,Financial Crime,Financial Crime Unit 2,Financial Crime Unit 2 — Team B,Financial Crime Unit 2 — Team B / Section 1,,Remote,Full-time,Filled,1,CC-1055,Control (2nd line),Middle office,Bonus,,user1083@examplebank.com.sa,2024-08-08,Saudi,No,No,No,,
POS01084,POS01082,Associate Financial Crime,Aisha Osman,G10,JC4589,Professional,Compliance,Example Bank,Compliance,Financial Crime,Financial Crime Unit 2,Financial Crime Unit 2 — Team B,Financial Crime Unit 2 — Team B / Section 2,,Dammam,Full-time,Filled,0.5,CC-1008,Control (2nd line),Middle office,Fixed,,user1084@examplebank.com.sa,2010-01-15,Saudi,No,No,No,,
POS01085,POS01082,Officer Financial Crime,Lina Nasser,G9,JC3937,Professional,Compliance,Example Bank,Compliance,Financial Crime,Financial Crime Unit 2,Financial Crime Unit 2 — Team B,Financial Crime Unit 2 — Team B / Section 2,,Dammam,Full-time,Filled,1,CC-1019,Control (2nd line),Middle office,Fixed,,user1085@examplebank.com.sa,2019-03-07,Egyptian,No,No,No,,
POS01086,POS01082,Associate Financial Crime,سلطان القحطاني,G9,JC8342,Professional,Compliance,Example Bank,Compliance,Financial Crime,Financial Crime Unit 2,Financial Crime Unit 2 — Team B,Financial Crime Unit 2 — Team B / Section 1,,Remote,Full-time,Filled,1,CC-1048,Control (2nd line),Middle office,Bonus,Saudi Graduates,user1086@examplebank.com.sa,2020-07-06,Saudi,No,No,No,,
POS01087,POS01082,Analyst Financial Crime,لطيفة الغامدي,G9,JC9473,Professional,Compliance,Example Bank,Compliance,Financial Crime,Financial Crime Unit 2,Financial Crime Unit 2 — Team B,Financial Crime Unit 2 — Team B / Section 1,,Khobar,Full-time,Filled,1,CC-1017,Control (2nd line),Middle office,Fixed,,user1087@examplebank.com.sa,2021-05-27,Indian,No,No,No,,
POS01088,POS01082,Analyst Financial Crime,سارة القحطاني,G9,JC7006,Professional,Compliance,Example Bank,Compliance,Financial Crime,Financial Crime Unit 2,Financial Crime Unit 2 — Team B,Financial Crime Unit 2 — Team B / Section 1,,Remote,Full-time,Filled,1,CC-1050,Control (2nd line),Middle office,Fixed,,user1088@examplebank.com.sa,2020-10-01,Indian,No,No,No,,
POS01089,POS01045,Senior Manager Financial Crime,,G14,JC7259,Leadership,Compliance,Example Bank,Compliance,Financial Crime,Financial Crime Unit 3,,,,Khobar,Contractor,Vacant,1,CC-1003,Control (2nd line),Middle office,Bonus,Emerging Leaders,,2012-12-18,Saudi,No,No,No,,
POS01090,POS01089,Manager Financial Crime,ماجد المطيري,G13,JC5301,Management,Compliance,Example Bank,Compliance,Financial Crime,Financial Crime Unit 3,Financial Crime Unit 3 — Team A,,,Remote,Full-time,Filled,1,CC-1009,Control (2nd line),Middle office,Bonus,,user1090@examplebank.com.sa,2024-11-25,Saudi,No,No,Yes,Adel Osman,Ready 3+ years
POS01091,POS01090,Senior Officer Financial Crime,Noor Nasser,G10,JC4394,Professional,Compliance,Example Bank,Compliance,Financial Crime,Financial Crime Unit 3,Financial Crime Unit 3 — Team A,Financial Crime Unit 3 — Team A / Section 1,,Dammam,Full-time,Filled,1,CC-1020,Control (2nd line),Middle office,Fixed,,user1091@examplebank.com.sa,2024-07-08,Saudi,No,No,No,,
POS01092,POS01090,Senior Analyst Financial Crime,Bilal Younes,G12,JC9435,Management,Compliance,Example Bank,Compliance,Financial Crime,Financial Crime Unit 3,Financial Crime Unit 3 — Team A,Financial Crime Unit 3 — Team A / Section 1,,Riyadh,Full-time,Filled,1,CC-1013,Control (2nd line),Middle office,Bonus,,user1092@examplebank.com.sa,2011-03-03,Saudi,No,No,Yes,سارة المطيري,Ready 3+ years
POS01093,POS01090,Analyst Financial Crime,نورة الشمري,G10,JC4984,Professional,Compliance,Example Bank,Compliance,Financial Crime,Financial Crime Unit 3,Financial Crime Unit 3 — Team A,Financial Crime Unit 3 — Team A / Section 1,,Jeddah,Full-time,Filled,1,CC-1033,Control (2nd line),Middle office,Fixed,,user1093@examplebank.com.sa,2024-08-01,Saudi,No,No,No,,
POS01094,POS01090,Senior Analyst Financial Crime,ريم الزهراني,G10,JC8849,Professional,Compliance,Example Bank,Compliance,Financial Crime,Financial Crime Unit 3,Financial Crime Unit 3 — Team A,Financial Crime Unit 3 — Team A / Section 2,,Dammam,Full-time,Filled,1,CC-1022,Control (2nd line),Middle office,Bonus,,user1094@examplebank.com.sa,2009-03-20,Saudi,No,No,No,,
POS01095,POS01090,Analyst Financial Crime,Nasser Baker,G9,JC8066,Professional,Compliance,Example Bank,Compliance,Financial Crime,Financial Crime Unit 3,Financial Crime Unit 3 — Team A,Financial Crime Unit 3 — Team A / Section 2,,Jeddah,Full-time,Filled,1,CC-1021,Control (2nd line),Middle office,Fixed,,user1095@examplebank.com.sa,2011-12-23,Indian,No,No,No,,
POS01096,POS01090,Officer Financial Crime,Waleed Bakr,G11,JC4640,Professional,Compliance,Example Bank,Compliance,Financial Crime,Financial Crime Unit 3,Financial Crime Unit 3 — Team A,Financial Crime Unit 3 — Team A / Section 1,,Riyadh,Full-time,Filled,1,CC-1016,Control (2nd line),Middle office,Bonus,,user1096@examplebank.com.sa,2013-11-22,Egyptian,No,No,No,,
POS01097,POS01090,Associate Financial Crime,Waleed Qureshi,G11,JC2310,Professional,Compliance,Example Bank,Compliance,Financial Crime,Financial Crime Unit 3,Financial Crime Unit 3 — Team A,Financial Crime Unit 3 — Team A / Section 2,,Jeddah,Full-time,Filled,1,CC-1046,Control (2nd line),Middle office,Fixed,,user1097@examplebank.com.sa,2009-12-22,Egyptian,No,No,No,,
POS01098,POS01090,Analyst Financial Crime,سارة الشمري,G10,JC5390,Professional,Compliance,Example Bank,Compliance,Financial Crime,Financial Crime Unit 3,Financial Crime Unit 3 — Team A,Financial Crime Unit 3 — Team A / Section 2,,Khobar,Full-time,Filled,1,CC-1039,Control (2nd line),Middle office,Bonus,,user1098@examplebank.com.sa,2017-11-15,Saudi,No,No,No,,
POS01099,POS01089,Manager Financial Crime,Adel Khan,G13,JC4653,Management,Compliance,Example Bank,Compliance,Financial Crime,Financial Crime Unit 3,Financial Crime Unit 3 — Team B,,,Khobar,Full-time,Filled,1,CC-1032,Control (2nd line),Middle office,Bonus,,user1099@examplebank.com.sa,2024-06-21,Jordanian,No,No,No,,
POS01100,POS01099,Analyst Financial Crime,Salma Rashed,G12,JC2078,Management,Compliance,Example Bank,Compliance,Financial Crime,Financial Crime Unit 3,Financial Crime Unit 3 — Team B,Financial Crime Unit 3 — Team B / Section 1,,Jeddah,Full-time,Filled,1,CC-1044,Control (2nd line),Middle office,Fixed,,user1100@examplebank.com.sa,2013-05-08,Saudi,No,No,Yes,Lina Qureshi,Ready 3+ years
POS01101,POS01099,Senior Analyst Financial Crime,ماجد السبيعي,G9,JC3623,Professional,Compliance,Example Bank,Compliance,Financial Crime,Financial Crime Unit 3,Financial Crime Unit 3 — Team B,Financial Crime Unit 3 — Team B / Section 1,,Riyadh,Full-time,Filled,1,CC-1060,Control (2nd line),Middle office,Fixed,,user1101@examplebank.com.sa,2022-12-11,Egyptian,No,No,No,,
POS01102,POS01099,Associate Financial Crime,Yusuf Nasser,G10,JC8372,Professional,Compliance,Example Bank,Compliance,Financial Crime,Financial Crime Unit 3,Financial Crime Unit 3 — Team B,Financial Crime Unit 3 — Team B / Section 2,,Riyadh,Full-time,Filled,1,CC-1015,Control (2nd line),Middle office,Fixed,,user1102@examplebank.com.sa,2011-04-08,Egyptian,No,No,Yes,نورة القحطاني,Ready now
POS01103,POS01099,Analyst Financial Crime,فيصل المطيري,G10,JC4268,Professional,Compliance,Example Bank,Compliance,Financial Crime,Financial Crime Unit 3,Financial Crime Unit 3 — Team B,Financial Crime Unit 3 — Team B / Section 2,,Khobar,Full-time,Filled,1,CC-1022,Control (2nd line),Middle office,Fixed,,user1103@examplebank.com.sa,2009-07-03,Saudi,No,No,No,,
POS01104,POS01099,Specialist Financial Crime,,G10,JC1758,Professional,Compliance,Example Bank,Compliance,Financial Crime,Financial Crime Unit 3,Financial Crime Unit 3 — Team B,Financial Crime Unit 3 — Team B / Section 2,,Riyadh,Full-time,Vacant,1,CC-1008,Control (2nd line),Middle office,Fixed,Specialist Bench,,2024-03-17,Saudi,No,No,No,,
POS01105,POS01099,Associate Financial Crime,Nasser Farouk,G12,JC9277,Management,Compliance,Example Bank,Compliance,Financial Crime,Financial Crime Unit 3,Financial Crime Unit 3 — Team B,Financial Crime Unit 3 — Team B / Section 2,,Riyadh,Full-time,Filled,1,CC-1002,Control (2nd line),Middle office,Fixed,,user1105@examplebank.com.sa,2019-10-15,Egyptian,No,No,No,,
POS01106,POS01099,Specialist Financial Crime,سلطان الغامدي,G11,JC6969,Professional,Compliance,Example Bank,Compliance,Financial Crime,Financial Crime Unit 3,Financial Crime Unit 3 — Team B,Financial Crime Unit 3 — Team B / Section 2,,Remote,Full-time,Filled,1,CC-1039,Control (2nd line),Middle office,Fixed,,user1106@examplebank.com.sa,2020-03-16,Saudi,No,No,Yes,Nasser Nasser,Ready 3+ years
POS01107,POS01099,Associate Financial Crime,Ziad Osman,G11,JC1409,Professional,Compliance,Example Bank,Compliance,Financial Crime,Financial Crime Unit 3,Financial Crime Unit 3 — Team B,Financial Crime Unit 3 — Team B / Section 2,,Riyadh,Full-time,Filled,1,CC-1031,Control (2nd line),Middle office,Bonus,,user1107@examplebank.com.sa,2008-11-03,Saudi,No,No,No,,
POS01108,POS01099,Officer Financial Crime,ماجد الغامدي,G11,JC2956,Professional,Compliance,Example Bank,Compliance,Financial Crime,Financial Crime Unit 3,Financial Crime Unit 3 — Team B,Financial Crime Unit 3 — Team B / Section 2,,Jeddah,Full-time,Filled,1,CC-1016,Control (2nd line),Middle office,Fixed,,user1108@examplebank.com.sa,2021-08-08,Jordanian,No,No,Yes,Karim Osman,Ready 3+ years
POS01109,POS01089,Manager Financial Crime,فيصل الغامدي,G13,JC8866,Management,Compliance,Example Bank,Compliance,Financial Crime,Financial Crime Unit 3,Financial Crime Unit 3 — Team C,,,Dammam,Full-time,Filled,1,CC-1038,Control (2nd line),Middle office,Bonus,Emerging Leaders,user1109@examplebank.com.sa,2008-10-07,Saudi,No,No,No,,
POS01110,POS01109,Specialist Financial Crime,Noor Qureshi,G12,JC2960,Management,Compliance,Example Bank,Compliance,Financial Crime,Financial Crime Unit 3,Financial Crime Unit 3 — Team C,Financial Crime Unit 3 — Team C / Section 1,,Khobar,Full-time,Filled,1,CC-1026,Control (2nd line),Middle office,Bonus,,user1110@examplebank.com.sa,2020-03-19,Saudi,No,No,No,,
POS01111,POS01109,Senior Analyst Financial Crime,Adel Saleh,G12,JC9311,Management,Compliance,Example Bank,Compliance,Financial Crime,Financial Crime Unit 3,Financial Crime Unit 3 — Team C,Financial Crime Unit 3 — Team C / Section 2,,Jeddah,Full-time,Filled,0.5,CC-1059,Control (2nd line),Middle office,Fixed,,user1111@examplebank.com.sa,2021-01-05,Saudi,No,No,No,,
POS01112,POS01109,Senior Officer Financial Crime,,G9,JC6184,Professional,Compliance,Example Bank,Compliance,Financial Crime,Financial Crime Unit 3,Financial Crime Unit 3 — Team C,Financial Crime Unit 3 — Team C / Section 2,,Dammam,Full-time,Vacant,1,CC-1020,Control (2nd line),Middle office,Fixed,,,2014-12-26,Saudi,No,No,Yes,Aisha Baker,Ready 1-2 years
POS01113,POS01109,Senior Analyst Financial Crime,Rana Karim,G12,JC5841,Management,Compliance,Example Bank,Compliance,Financial Crime,Financial Crime Unit 3,Financial Crime Unit 3 — Team C,Financial Crime Unit 3 — Team C / Section 1,,Jeddah,Full-time,Filled,1,CC-1001,Control (2nd line),Middle office,Fixed,,user1113@examplebank.com.sa,2016-10-20,Saudi,No,No,No,,
POS01114,POS01109,Senior Analyst Financial Crime,خالد القحطاني,G11,JC1410,Professional,Compliance,Example Bank,Compliance,Financial Crime,Financial Crime Unit 3,Financial Crime Unit 3 — Team C,Financial Crime Unit 3 — Team C / Section 2,,Jeddah,Full-time,Filled,1,CC-1055,Control (2nd line),Middle office,Bonus,,user1114@examplebank.com.sa,2022-06-07,Saudi,No,No,No,,
POS01115,POS01109,Analyst Financial Crime,Jana Farouk,G10,JC7856,Professional,Compliance,Example Bank,Compliance,Financial Crime,Financial Crime Unit 3,Financial Crime Unit 3 — Team C,Financial Crime Unit 3 — Team C / Section 2,,Dammam,Full-time,Filled,1,CC-1044,Control (2nd line),Middle office,Fixed,,user1115@examplebank.com.sa,2021-11-01,Saudi,No,No,Yes,Omar Haddad,Ready 1-2 years
POS01116,POS01109,Senior Officer Financial Crime,Maya Rashed,G11,JC6464,Professional,Compliance,Example Bank,Compliance,Financial Crime,Financial Crime Unit 3,Financial Crime Unit 3 — Team C,Financial Crime Unit 3 — Team C / Section 1,,Remote,Full-time,Filled,1,CC-1019,Control (2nd line),Middle office,Bonus,,user1116@examplebank.com.sa,2010-01-19,Egyptian,No,No,No,,
POS01117,POS01109,Associate Financial Crime,,G12,JC4929,Management,Compliance,Example Bank,Compliance,Financial Crime,Financial Crime Unit 3,Financial Crime Unit 3 — Team C,Financial Crime Unit 3 — Team C / Section 1,,Khobar,Full-time,Vacant,1,CC-1051,Control (2nd line),Middle office,Bonus,Specialist Bench,,2013-05-10,Egyptian,No,No,Yes,Aisha Baker,Ready 1-2 years
POS01118,POS01109,Senior Analyst Financial Crime,فيصل الزهراني,G10,JC7046,Professional,Compliance,Example Bank,Compliance,Financial Crime,Financial Crime Unit 3,Financial Crime Unit 3 — Team C,Financial Crime Unit 3 — Team C / Section 1,,Remote,Full-time,Filled,1,CC-1023,Control (2nd line),Middle office,Fixed,,user1118@examplebank.com.sa,2017-09-25,Jordanian,No,No,No,,
POS01119,POS01109,Senior Officer Financial Crime,Waleed Fahmy,G10,JC9968,Professional,Compliance,Example Bank,Compliance,Financial Crime,Financial Crime Unit 3,Financial Crime Unit 3 — Team C,Financial Crime Unit 3 — Team C / Section 2,,Riyadh,Full-time,Filled,1,CC-1042,Control (2nd line),Middle office,Fixed,,user1119@examplebank.com.sa,2021-02-10,Jordanian,No,No,No,,
POS01120,POS01109,Associate Financial Crime,Ziad Farouk,G10,JC8221,Professional,Compliance,Example Bank,Compliance,Financial Crime,Financial Crime Unit 3,Financial Crime Unit 3 — Team C,Financial Crime Unit 3 — Team C / Section 2,,Riyadh,Full-time,Filled,0.5,CC-1043,Control (2nd line),Middle office,Fixed,,user1120@examplebank.com.sa,2016-09-03,Saudi,No,No,No,,
POS01121,POS01089,Manager Financial Crime,Tariq Aziz,G13,JC6032,Management,Compliance,Example Bank,Compliance,Financial Crime,Financial Crime Unit 3,Financial Crime Unit 3 — Team D,,,Riyadh,Full-time,Filled,1,CC-1018,Control (2nd line),Middle office,Bonus,,user1121@examplebank.com.sa,2023-01-05,Indian,No,No,No,,
POS01122,POS01121,Senior Analyst Financial Crime,Salma Bakr,G12,JC7922,Management,Compliance,Example Bank,Compliance,Financial Crime,Financial Crime Unit 3,Financial Crime Unit 3 — Team D,Financial Crime Unit 3 — Team D / Section 1,,Dammam,Full-time,Filled,1,CC-1051,Control (2nd line),Middle office,Bonus,,user1122@examplebank.com.sa,2025-06-14,Saudi,No,No,No,,
POS01123,POS01121,Officer Financial Crime,Ziad Karim,G10,JC5766,Professional,Compliance,Example Bank,Compliance,Financial Crime,Financial Crime Unit 3,Financial Crime Unit 3 — Team D,Financial Crime Unit 3 — Team D / Section 2,,Jeddah,Full-time,Filled,1,CC-1028,Control (2nd line),Middle office,Fixed,,user1123@examplebank.com.sa,2023-12-20,Indian,No,No,No,,
POS01124,POS01121,Analyst Financial Crime,Sami Siddiqui,G12,JC1295,Management,Compliance,Example Bank,Compliance,Financial Crime,Financial Crime Unit 3,Financial Crime Unit 3 — Team D,Financial Crime Unit 3 — Team D / Section 2,,Jeddah,Full-time,Filled,1,CC-1015,Control (2nd line),Middle office,Fixed,,user1124@examplebank.com.sa,2013-05-16,British,No,No,No,,
POS01125,POS01121,Associate Financial Crime,Mona Farouk,G11,JC4079,Professional,Compliance,Example Bank,Compliance,Financial Crime,Financial Crime Unit 3,Financial Crime Unit 3 — Team D,Financial Crime Unit 3 — Team D / Section 2,,Riyadh,Full-time,Filled,1,CC-1000,Control (2nd line),Middle office,Fixed,,user1125@examplebank.com.sa,2019-03-25,Saudi,No,No,No,,
POS01126,POS01121,Associate Financial Crime,Waleed Darwish,G10,JC1834,Professional,Compliance,Example Bank,Compliance,Financial Crime,Financial Crime Unit 3,Financial Crime Unit 3 — Team D,Financial Crime Unit 3 — Team D / Section 2,,Remote,Full-time,Filled,0.5,CC-1036,Control (2nd line),Middle office,Bonus,,user1126@examplebank.com.sa,2011-03-05,Saudi,No,No,No,,
POS01127,POS01121,Analyst Financial Crime,Nasser Aziz,G12,JC5420,Management,Compliance,Example Bank,Compliance,Financial Crime,Financial Crime Unit 3,Financial Crime Unit 3 — Team D,Financial Crime Unit 3 — Team D / Section 1,,Jeddah,Full-time,Filled,1,CC-1008,Control (2nd line),Middle office,Bonus,,user1127@examplebank.com.sa,2024-02-25,Saudi,No,No,No,,
POS01128,POS01121,Officer Financial Crime,Tariq Rashed,G12,JC3932,Management,Compliance,Example Bank,Compliance,Financial Crime,Financial Crime Unit 3,Financial Crime Unit 3 — Team D,Financial Crime Unit 3 — Team D / Section 1,,Riyadh,Full-time,Filled,1,CC-1007,Control (2nd line),Middle office,Fixed,,user1128@examplebank.com.sa,2021-11-16,Saudi,No,No,No,,
POS01129,POS01121,Officer Financial Crime,فيصل الحربي,G9,JC3130,Professional,Compliance,Example Bank,Compliance,Financial Crime,Financial Crime Unit 3,Financial Crime Unit 3 — Team D,Financial Crime Unit 3 — Team D / Section 1,,Riyadh,Full-time,Filled,1,CC-1051,Control (2nd line),Middle office,Fixed,,user1129@examplebank.com.sa,2015-11-22,Egyptian,No,No,No,,
POS01130,POS01121,Senior Officer Financial Crime,Sami Qureshi,G9,JC3839,Professional,Compliance,Example Bank,Compliance,Financial Crime,Financial Crime Unit 3,Financial Crime Unit 3 — Team D,Financial Crime Unit 3 — Team D / Section 1,,Jeddah,Full-time,Filled,1,CC-1017,Control (2nd line),Middle office,Bonus,,user1130@examplebank.com.sa,2013-03-26,Jordanian,No,No,No,,
POS01131,POS00001,Head of Internal Audit,Karim Haddad,G16,JC3849,Executive,Internal Audit,Example Bank,Internal Audit,Audit - Banking,,,,,Remote,Full-time,Filled,1,CC-1030,Assurance (3rd line),Middle office,Bonus,Specialist Bench,user1131@examplebank.com.sa,2025-02-01,Jordanian,Yes,Yes,Yes,Jana Nasser,Ready 1-2 years
POS01132,POS01131,Head of Audit - Banking,أحمد الغامدي,G15,JC5771,Leadership,Internal Audit,Example Bank,Internal Audit,Audit - Banking,,,,,Riyadh,Full-time,Filled,1,CC-1034,Assurance (3rd line),Middle office,Bonus,,user1132@examplebank.com.sa,2012-08-13,Saudi,Yes,Yes,Yes,ريم العتيبي,Ready 3+ years
POS01133,POS01132,Senior Manager Audit - Banking,Jana Bakr,G14,JC4209,Leadership,Internal Audit,Example Bank,Internal Audit,Audit - Banking,Audit - Banking Unit 1,,,,Jeddah,Full-time,Filled,1,CC-1005,Assurance (3rd line),Middle office,Bonus,Future Executives,user1133@examplebank.com.sa,2025-09-01,Saudi,Yes,No,Yes,Salma Siddiqui,Ready 3+ years
POS01134,POS01133,Manager Audit - Banking,Nasser Karim,G13,JC5063,Management,Internal Audit,Example Bank,Internal Audit,Audit - Banking,Audit - Banking Unit 1,Audit - Banking Unit 1 — Team A,,,Dammam,Full-time,Filled,0.5,CC-1059,Assurance (3rd line),Middle office,Bonus,,user1134@examplebank.com.sa,2021-03-18,Saudi,No,No,No,,
POS01135,POS01134,Associate Audit - Banking,نورة الحربي,G9,JC3023,Professional,Internal Audit,Example Bank,Internal Audit,Audit - Banking,Audit - Banking Unit 1,Audit - Banking Unit 1 — Team A,Audit - Banking Unit 1 — Team A / Section 2,,Riyadh,Full-time,Filled,1,CC-1043,Assurance (3rd line),Middle office,Fixed,,user1135@examplebank.com.sa,2013-08-14,British,No,No,No,,
POS01136,POS01134,Analyst Audit - Banking,Aisha Nasser,G12,JC3282,Management,Internal Audit,Example Bank,Internal Audit,Audit - Banking,Audit - Banking Unit 1,Audit - Banking Unit 1 — Team A,Audit - Banking Unit 1 — Team A / Section 2,,Jeddah,Full-time,Filled,1,CC-1005,Assurance (3rd line),Middle office,Fixed,,user1136@examplebank.com.sa,2021-09-10,Egyptian,No,No,Yes,سارة العتيبي,Ready now
POS01137,POS01134,Senior Officer Audit - Banking,Maya Aziz,G10,JC5135,Professional,Internal Audit,Example Bank,Internal Audit,Audit - Banking,Audit - Banking Unit 1,Audit - Banking Unit 1 — Team A,Audit - Banking Unit 1 — Team A / Section 1,,Riyadh,Full-time,Filled,1,CC-1044,Assurance (3rd line),Middle office,Bonus,,user1137@examplebank.com.sa,2010-03-06,Saudi,No,No,No,,
POS01138,POS01134,Analyst Audit - Banking,سارة الزهراني,G10,JC8587,Professional,Internal Audit,Example Bank,Internal Audit,Audit - Banking,Audit - Banking Unit 1,Audit - Banking Unit 1 — Team A,Audit - Banking Unit 1 — Team A / Section 2,,Riyadh,Full-time,Filled,0.5,CC-1044,Assurance (3rd line),Middle office,Fixed,,user1138@examplebank.com.sa,2011-01-24,British,No,No,No,,
POS01139,POS01134,Senior Analyst Audit - Banking,Sami Fahmy,G10,JC7492,Professional,Internal Audit,Example Bank,Internal Audit,Audit - Banking,Audit - Banking Unit 1,Audit - Banking Unit 1 — Team A,Audit - Banking Unit 1 — Team A / Section 1,,Riyadh,Full-time,Filled,1,CC-1032,Assurance (3rd line),Middle office,Fixed,,user1139@examplebank.com.sa,2022-05-02,British,No,No,No,,
POS01140,POS01134,Senior Officer Audit - Banking,عبدالله الحربي,G9,JC3463,Professional,Internal Audit,Example Bank,Internal Audit,Audit - Banking,Audit - Banking Unit 1,Audit - Banking Unit 1 — Team A,Audit - Banking Unit 1 — Team A / Section 1,,Riyadh,Full-time,Filled,1,CC-1037,Assurance (3rd line),Middle office,Fixed,,user1140@examplebank.com.sa,2021-11-11,Saudi,No,No,No,,
POS01141,POS01133,Manager Audit - Banking,Noor Siddiqui,G13,JC1347,Management,Internal Audit,Example Bank,Internal Audit,Audit - Banking,Audit - Banking Unit 1,Audit - Banking Unit 1 — Team B,,,Riyadh,Full-time,Filled,1,CC-1029,Assurance (3rd line),Middle office,Bonus,,user1141@examplebank.com.sa,2022-05-16,Saudi,No,No,No,,
POS01142,POS01141,Associate Audit - Banking,Huda Rashed,G10,JC6440,Professional,Internal Audit,Example Bank,Internal Audit,Audit - Banking,Audit - Banking Unit 1,Audit - Banking Unit 1 — Team B,Audit - Banking Unit 1 — Team B / Section 1,,Jeddah,Full-time,Filled,1,CC-1011,Assurance (3rd line),Middle office,Fixed,,user1142@examplebank.com.sa,2024-07-27,Saudi,No,No,No,,
POS01143,POS01141,Associate Audit - Banking,,G12,JC5527,Management,Internal Audit,Example Bank,Internal Audit,Audit - Banking,Audit - Banking Unit 1,Audit - Banking Unit 1 — Team B,Audit - Banking Unit 1 — Team B / Section 2,,Dammam,Full-time,Vacant,1,CC-1040,Assurance (3rd line),Middle office,Fixed,,,2025-08-28,Saudi,No,No,No,,
POS01144,POS01141,Senior Analyst Audit - Banking,Yusuf Osman,G10,JC6367,Professional,Internal Audit,Example Bank,Internal Audit,Audit - Banking,Audit - Banking Unit 1,Audit - Banking Unit 1 — Team B,Audit - Banking Unit 1 — Team B / Section 1,,Riyadh,Full-time,Filled,1,CC-1058,Assurance (3rd line),Middle office,Bonus,,user1144@examplebank.com.sa,2022-07-11,Saudi,No,No,No,,
POS01145,POS01141,Senior Officer Audit - Banking,Rami Qureshi,G10,JC8741,Professional,Internal Audit,Example Bank,Internal Audit,Audit - Banking,Audit - Banking Unit 1,Audit - Banking Unit 1 — Team B,Audit - Banking Unit 1 — Team B / Section 1,,Remote,Full-time,Filled,1,CC-1048,Assurance (3rd line),Middle office,Fixed,,user1145@examplebank.com.sa,2010-07-17,Jordanian,No,No,No,,
POS01146,POS01141,Officer Audit - Banking,سارة الزهراني,G10,JC8461,Professional,Internal Audit,Example Bank,Internal Audit,Audit - Banking,Audit - Banking Unit 1,Audit - Banking Unit 1 — Team B,Audit - Banking Unit 1 — Team B / Section 2,,Jeddah,Full-time,Filled,1,CC-1035,Assurance (3rd line),Middle office,Fixed,,user1146@examplebank.com.sa,2014-06-16,Saudi,No,No,No,,
POS01147,POS01141,Senior Officer Audit - Banking,عبدالله الدوسري,G11,JC8231,Professional,Internal Audit,Example Bank,Internal Audit,Audit - Banking,Audit - Banking Unit 1,Audit - Banking Unit 1 — Team B,Audit - Banking Unit 1 — Team B / Section 1,,Jeddah,Full-time,Filled,0.5,CC-1050,Assurance (3rd line),Middle office,Fixed,,user1147@examplebank.com.sa,2020-01-05,Saudi,No,No,No,,
POS01148,POS01141,Analyst Audit - Banking,Tariq Khan,G10,JC4655,Professional,Internal Audit,Example Bank,Internal Audit,Audit - Banking,Audit - Banking Unit 1,Audit - Banking Unit 1 — Team B,Audit - Banking Unit 1 — Team B / Section 2,,Remote,Full-time,Filled,1,CC-1035,Assurance (3rd line),Middle office,Bonus,,user1148@examplebank.com.sa,2021-10-04,Saudi,No,No,No,,
POS01149,POS01133,Manager Audit - Banking,Ziad Bakr,G13,JC3181,Management,Internal Audit,Example Bank,Internal Audit,Audit - Banking,Audit - Banking Unit 1,Audit - Banking Unit 1 — Team C,,,Riyadh,Full-time,Filled,1,CC-1027,Assurance (3rd line),Middle office,Bonus,,user1149@examplebank.com.sa,2020-06-22,British,No,No,No,,
POS01150,POS01149,Associate Audit - Banking,سلطان الزهراني,G10,JC9916,Professional,Internal Audit,Example Bank,Internal Audit,Audit - Banking,Audit - Banking Unit 1,Audit - Banking Unit 1 — Team C,Audit - Banking Unit 1 — Team C / Section 2,,Jeddah,Full-time,Filled,1,CC-1051,Assurance (3rd line),Middle office,Fixed,,user1150@examplebank.com.sa,2018-01-07,Egyptian,No,No,Yes,ريم الغامدي,Ready 1-2 years
POS01151,POS01149,Analyst Audit - Banking,Karim Bakr,G12,JC5226,Management,Internal Audit,Example Bank,Internal Audit,Audit - Banking,Audit - Banking Unit 1,Audit - Banking Unit 1 — Team C,Audit - Banking Unit 1 — Team C / Section 2,,Dammam,Full-time,Filled,1,CC-1037,Assurance (3rd line),Middle office,Fixed,,user1151@examplebank.com.sa,2023-02-06,Saudi,No,No,No,,
POS01152,POS01149,Specialist Audit - Banking,أحمد الحربي,G12,JC2519,Management,Internal Audit,Example Bank,Internal Audit,Audit - Banking,Audit - Banking Unit 1,Audit - Banking Unit 1 — Team C,Audit - Banking Unit 1 — Team C / Section 1,,Riyadh,Full-time,Filled,1,CC-1002,Assurance (3rd line),Middle office,Fixed,,user1152@examplebank.com.sa,2022-02-03,Saudi,No,No,No,,
POS01153,POS01149,Senior Officer Audit - Banking,سلطان الدوسري,G10,JC6811,Professional,Internal Audit,Example Bank,Internal Audit,Audit - Banking,Audit - Banking Unit 1,Audit - Banking Unit 1 — Team C,Audit - Banking Unit 1 — Team C / Section 2,,Dammam,Full-time,Filled,1,CC-1010,Assurance (3rd line),Middle office,Fixed,,user1153@examplebank.com.sa,2024-07-26,Saudi,No,No,No,,
POS01154,POS01149,Senior Officer Audit - Banking,Tariq Baker,G12,JC6674,Management,Internal Audit,Example Bank,Internal Audit,Audit - Banking,Audit - Banking Unit 1,Audit - Banking Unit 1 — Team C,Audit - Banking Unit 1 — Team C / Section 1,,Riyadh,Full-time,Filled,1,CC-1058,Assurance (3rd line),Middle office,Fixed,,user1154@examplebank.com.sa,2020-06-19,British,No,No,No,,
POS01155,POS01149,Analyst Audit - Banking,Maya Haddad,G10,JC8206,Professional,Internal Audit,Example Bank,Internal Audit,Audit - Banking,Audit - Banking Unit 1,Audit - Banking Unit 1 — Team C,Audit - Banking Unit 1 — Team C / Section 2,,Jeddah,Full-time,Filled,1,CC-1020,Assurance (3rd line),Middle office,Bonus,,user1155@examplebank.com.sa,2022-12-04,Saudi,No,No,Yes,Salma Siddiqui,Ready 3+ years
POS01156,POS01133,Manager Audit - Banking,Noor Siddiqui,G13,JC9713,Management,Internal Audit,Example Bank,Internal Audit,Audit - Banking,Audit - Banking Unit 1,Audit - Banking Unit 1 — Team D,,,Dammam,Full-time,Filled,1,CC-1023,Assurance (3rd line),Middle office,Bonus,,user1156@examplebank.com.sa,2017-07-11,British,No,No,No,,
POS01157,POS01156,Senior Officer Audit - Banking,Layla Fahmy,G10,JC5158,Professional,Internal Audit,Example Bank,Internal Audit,Audit - Banking,Audit - Banking Unit 1,Audit - Banking Unit 1 — Team D,Audit - Banking Unit 1 — Team D / Section 1,,Riyadh,Full-time,Filled,1,CC-1016,Assurance (3rd line),Middle office,Fixed,,user1157@examplebank.com.sa,2013-02-03,Indian,No,No,No,,
POS01158,POS01156,Analyst Audit - Banking,Hassan Nasser,G10,JC7988,Professional,Internal Audit,Example Bank,Internal Audit,Audit - Banking,Audit - Banking Unit 1,Audit - Banking Unit 1 — Team D,Audit - Banking Unit 1 — Team D / Section 2,,Remote,Full-time,Filled,1,CC-1018,Assurance (3rd line),Middle office,Fixed,,user1158@examplebank.com.sa,2013-02-14,Saudi,No,No,Yes,Sami Mansour,Ready now
POS01159,POS01156,Analyst Audit - Banking,هند القحطاني,G10,JC9126,Professional,Internal Audit,Example Bank,Internal Audit,Audit - Banking,Audit - Banking Unit 1,Audit - Banking Unit 1 — Team D,Audit - Banking Unit 1 — Team D / Section 2,,Jeddah,Full-time,Filled,1,CC-1028,Assurance (3rd line),Middle office,Fixed,,user1159@examplebank.com.sa,2025-06-13,Indian,No,No,Yes,Jana Osman,Ready 1-2 years
POS01160,POS01156,Senior Analyst Audit - Banking,Karim Siddiqui,G10,JC2289,Professional,Internal Audit,Example Bank,Internal Audit,Audit - Banking,Audit - Banking Unit 1,Audit - Banking Unit 1 — Team D,Audit - Banking Unit 1 — Team D / Section 2,,Riyadh,Full-time,Filled,1,CC-1048,Assurance (3rd line),Middle office,Bonus,,user1160@examplebank.com.sa,2016-05-13,Indian,No,No,Yes,ريم العتيبي,Ready 3+ years
POS01161,POS01156,Specialist Audit - Banking,دانة الزهراني,G11,JC5932,Professional,Internal Audit,Example Bank,Internal Audit,Audit - Banking,Audit - Banking Unit 1,Audit - Banking Unit 1 — Team D,Audit - Banking Unit 1 — Team D / Section 1,,Jeddah,Full-time,Filled,1,CC-1044,Assurance (3rd line),Middle office,Bonus,,user1161@examplebank.com.sa,2012-02-06,Saudi,No,No,No,,
POS01162,POS01156,Associate Audit - Banking,Amal Fahmy,G9,JC3803,Professional,Internal Audit,Example Bank,Internal Audit,Audit - Banking,Audit - Banking Unit 1,Audit - Banking Unit 1 — Team D,Audit - Banking Unit 1 — Team D / Section 2,,Riyadh,Full-time,Filled,1,CC-1004,Assurance (3rd line),Middle office,Fixed,,user1162@examplebank.com.sa,2017-09-12,Saudi,No,No,No,,
POS01163,POS01156,Senior Officer Audit - Banking,Rami Aziz,G12,JC8748,Management,Internal Audit,Example Bank,Internal Audit,Audit - Banking,Audit - Banking Unit 1,Audit - Banking Unit 1 — Team D,Audit - Banking Unit 1 — Team D / Section 1,,Riyadh,Full-time,Filled,1,CC-1010,Assurance (3rd line),Middle office,Bonus,,user1163@examplebank.com.sa,2022-03-20,Egyptian,No,No,Yes,سارة الدوسري,Ready now
POS01164,POS01156,Analyst Audit - Banking,فيصل السبيعي,G11,JC5214,Professional,Internal Audit,Example Bank,Internal Audit,Audit - Banking,Audit - Banking Unit 1,Audit - Banking Unit 1 — Team D,Audit - Banking Unit 1 — Team D / Section 2,,Dammam,Full-time,Filled,1,CC-1051,Assurance (3rd line),Middle office,Fixed,,user1164@examplebank.com.sa,2012-01-14,Saudi,No,No,No,,
POS01165,POS01132,Senior Manager Audit - Banking,,G14,JC6614,Leadership,Internal Audit,Example Bank,Internal Audit,Audit - Banking,Audit - Banking Unit 2,,,,Remote,Full-time,Vacant,1,CC-1046,Assurance (3rd line),Middle office,Bonus,Specialist Bench,,2011-02-14,Egyptian,No,No,No,,
POS01166,POS01165,Manager Audit - Banking,أحمد الشمري,G13,JC8267,Management,Internal Audit,Example Bank,Internal Audit,Audit - Banking,Audit - Banking Unit 2,Audit - Banking Unit 2 — Team A,,,Riyadh,Full-time,Filled,1,CC-1031,Assurance (3rd line),Middle office,Bonus,,user1166@examplebank.com.sa,2009-11-09,Saudi,No,No,No,,
POS01167,POS01166,Specialist Audit - Banking,فيصل الشمري,G11,JC9831,Professional,Internal Audit,Example Bank,Internal Audit,Audit - Banking,Audit - Banking Unit 2,Audit - Banking Unit 2 — Team A,Audit - Banking Unit 2 — Team A / Section 1,,Riyadh,Full-time,Filled,1,CC-1051,Assurance (3rd line),Middle office,Fixed,Future Executives,user1167@examplebank.com.sa,2018-11-25,Saudi,No,No,Yes,عبدالله القحطاني,Ready 3+ years
POS01168,POS01166,Senior Analyst Audit - Banking,Noor Idris,G10,JC9714,Professional,Internal Audit,Example Bank,Internal Audit,Audit - Banking,Audit - Banking Unit 2,Audit - Banking Unit 2 — Team A,Audit - Banking Unit 2 — Team A / Section 2,,Remote,Full-time,Filled,1,CC-1028,Assurance (3rd line),Middle office,Bonus,,user1168@examplebank.com.sa,2018-08-06,Saudi,No,No,No,,
POS01169,POS01166,Specialist Audit - Banking,Ziad Siddiqui,G10,JC3613,Professional,Internal Audit,Example Bank,Internal Audit,Audit - Banking,Audit - Banking Unit 2,Audit - Banking Unit 2 — Team A,Audit - Banking Unit 2 — Team A / Section 2,,Riyadh,Contractor,Filled,1,CC-1050,Assurance (3rd line),Middle office,Fixed,,user1169@examplebank.com.sa,2019-07-25,Jordanian,No,No,No,,
POS01170,POS01166,Officer Audit - Banking,Bilal Saleh,G11,JC4701,Professional,Internal Audit,Example Bank,Internal Audit,Audit - Banking,Audit - Banking Unit 2,Audit - Banking Unit 2 — Team A,Audit - Banking Unit 2 — Team A / Section 1,,Remote,Full-time,Filled,1,CC-1057,Assurance (3rd line),Middle office,Bonus,,user1170@examplebank.com.sa,2013-07-17,British,No,No,No,,
POS01171,POS01166,Analyst Audit - Banking,Amal Younes,G10,JC1178,Professional,Internal Audit,Example Bank,Internal Audit,Audit - Banking,Audit - Banking Unit 2,Audit - Banking Unit 2 — Team A,Audit - Banking Unit 2 — Team A / Section 2,,Jeddah,Full-time,Filled,1,CC-1060,Assurance (3rd line),Middle office,Fixed,,user1171@examplebank.com.sa,2024-12-11,Saudi,No,No,No,,
POS01172,POS01166,Officer Audit - Banking,Bilal Saleh,G11,JC1524,Professional,Internal Audit,Example Bank,Internal Audit,Audit - Banking,Audit - Banking Unit 2,Audit - Banking Unit 2 — Team A,Audit - Banking Unit 2 — Team A / Section 2,,Khobar,Full-time,Filled,1,CC-1034,Assurance (3rd line),Middle office,Fixed,Saudi Graduates,user1172@examplebank.com.sa,2016-03-24,British,No,No,No,,
POS01173,POS01166,Specialist Audit - Banking,Bilal Fahmy,G9,JC8624,Professional,Internal Audit,Example Bank,Internal Audit,Audit - Banking,Audit - Banking Unit 2,Audit - Banking Unit 2 — Team A,Audit - Banking Unit 2 — Team A / Section 1,,Riyadh,Full-time,Filled,1,CC-1004,Assurance (3rd line),Middle office,Fixed,,user1173@examplebank.com.sa,2012-05-14,Saudi,No,No,Yes,Tariq Farouk,Ready 3+ years
POS01174,POS01166,Analyst Audit - Banking,Hassan Khan,G12,JC6525,Management,Internal Audit,Example Bank,Internal Audit,Audit - Banking,Audit - Banking Unit 2,Audit - Banking Unit 2 — Team A,Audit - Banking Unit 2 — Team A / Section 1,,Dammam,Full-time,Filled,1,CC-1054,Assurance (3rd line),Middle office,Fixed,,user1174@examplebank.com.sa,2023-05-15,British,No,No,Yes,Karim Mansour,Ready now
POS01175,POS01166,Officer Audit - Banking,Rami Farouk,G10,JC4252,Professional,Internal Audit,Example Bank,Internal Audit,Audit - Banking,Audit - Banking Unit 2,Audit - Banking Unit 2 — Team A,Audit - Banking Unit 2 — Team A / Section 1,,Remote,Full-time,Filled,1,CC-1047,Assurance (3rd line),Middle office,Fixed,,user1175@examplebank.com.sa,2019-01-09,Saudi,No,No,No,,
POS01176,POS01166,Analyst Audit - Banking,سارة الحربي,G10,JC3861,Professional,Internal Audit,Example Bank,Internal Audit,Audit - Banking,Audit - Banking Unit 2,Audit - Banking Unit 2 — Team A,Audit - Banking Unit 2 — Team A / Section 1,,Riyadh,Full-time,Filled,1,CC-1032,Assurance (3rd line),Middle office,Fixed,,user1176@examplebank.com.sa,2016-12-11,Indian,No,No,No,,
POS01177,POS01166,Analyst Audit - Banking,Hassan Aziz,G9,JC9395,Professional,Internal Audit,Example Bank,Internal Audit,Audit - Banking,Audit - Banking Unit 2,Audit - Banking Unit 2 — Team A,Audit - Banking Unit 2 — Team A / Section 1,,Riyadh,Full-time,Filled,1,CC-1011,Assurance (3rd line),Middle office,Fixed,,user1177@examplebank.com.sa,2017-05-24,Jordanian,No,No,No,,
POS01178,POS01166,Senior Analyst Audit - Banking,Hassan Siddiqui,G10,JC7174,Professional,Internal Audit,Example Bank,Internal Audit,Audit - Banking,Audit - Banking Unit 2,Audit - Banking Unit 2 — Team A,Audit - Banking Unit 2 — Team A / Section 1,,Dammam,Full-time,Filled,1,CC-1053,Assurance (3rd line),Middle office,Fixed,,user1178@examplebank.com.sa,2025-04-21,Saudi,No,No,Yes,نورة المطيري,Ready 1-2 years
POS01179,POS01165,Manager Audit - Banking,سلطان المطيري,G13,JC9268,Management,Internal Audit,Example Bank,Internal Audit,Audit - Banking,Audit - Banking Unit 2,Audit - Banking Unit 2 — Team B,,,Riyadh,Full-time,Filled,1,CC-1035,Assurance (3rd line),Middle office,Bonus,,user1179@examplebank.com.sa,2017-11-14,Saudi,No,No,No,,
POS01180,POS01179,Associate Audit - Banking,هند الشمري,G10,JC6932,Professional,Internal Audit,Example Bank,Internal Audit,Audit - Banking,Audit - Banking Unit 2,Audit - Banking Unit 2 — Team B,Audit - Banking Unit 2 — Team B / Section 2,,Riyadh,Full-time,Filled,1,CC-1010,Assurance (3rd line),Middle office,Fixed,,user1180@examplebank.com.sa,2008-07-20,Saudi,No,No,No,,
POS01181,POS01179,Senior Officer Audit - Banking,Ziad Nasser,G12,JC9499,Management,Internal Audit,Example Bank,Internal Audit,Audit - Banking,Audit - Banking Unit 2,Audit - Banking Unit 2 — Team B,Audit - Banking Unit 2 — Team B / Section 1,,Khobar,Full-time,Filled,1,CC-1042,Assurance (3rd line),Middle office,Fixed,,user1181@examplebank.com.sa,2009-08-13,Saudi,No,No,No,,
POS01182,POS01179,Senior Analyst Audit - Banking,ماجد الحربي,G12,JC7147,Management,Internal Audit,Example Bank,Internal Audit,Audit - Banking,Audit - Banking Unit 2,Audit - Banking Unit 2 — Team B,Audit - Banking Unit 2 — Team B / Section 2,,Riyadh,Full-time,Filled,1,CC-1027,Assurance (3rd line),Middle office,Fixed,,user1182@examplebank.com.sa,2022-10-08,Egyptian,No,No,No,,
POS01183,POS01179,Specialist Audit - Banking,Tariq Idris,G12,JC8883,Management,Internal Audit,Example Bank,Internal Audit,Audit - Banking,Audit - Banking Unit 2,Audit - Banking Unit 2 — Team B,Audit - Banking Unit 2 — Team B / Section 1,,Riyadh,Full-time,Filled,1,CC-1040,Assurance (3rd line),Middle office,Fixed,,user1183@examplebank.com.sa,2019-09-16,Indian,No,No,No,,
POS01184,POS01179,Specialist Audit - Banking,Bilal Fahmy,G9,JC4999,Professional,Internal Audit,Example Bank,Internal Audit,Audit - Banking,Audit - Banking Unit 2,Audit - Banking Unit 2 — Team B,Audit - Banking Unit 2 — Team B / Section 2,,Jeddah,Full-time,Filled,1,CC-1039,Assurance (3rd line),Middle office,Bonus,Future Executives,user1184@examplebank.com.sa,2019-07-01,Indian,No,No,No,,
POS01185,POS01179,Associate Audit - Banking,Mona Idris,G9,JC4342,Professional,Internal Audit,Example Bank,Internal Audit,Audit - Banking,Audit - Banking Unit 2,Audit - Banking Unit 2 — Team B,Audit - Banking Unit 2 — Team B / Section 2,,Remote,Full-time,Filled,1,CC-1053,Assurance (3rd line),Middle office,Bonus,,user1185@examplebank.com.sa,2010-04-22,Saudi,No,No,No,,
POS01186,POS01179,Associate Audit - Banking,,G9,JC3247,Professional,Internal Audit,Example Bank,Internal Audit,Audit - Banking,Audit - Banking Unit 2,Audit - Banking Unit 2 — Team B,Audit - Banking Unit 2 — Team B / Section 1,,Remote,Contractor,Vacant,0.5,CC-1000,Assurance (3rd line),Middle office,Bonus,Future Executives,,2011-04-22,Saudi,No,No,Yes,Layla Aziz,Ready 1-2 years
POS01187,POS01179,Specialist Audit - Banking,Ziad Qureshi,G11,JC3604,Professional,Internal Audit,Example Bank,Internal Audit,Audit - Banking,Audit - Banking Unit 2,Audit - Banking Unit 2 — Team B,Audit - Banking Unit 2 — Team B / Section 1,,Jeddah,Full-time,Filled,1,CC-1049,Assurance (3rd line),Middle office,Fixed,,user1187@examplebank.com.sa,2017-03-23,Saudi,No,No,Yes,ماجد السبيعي,Ready 1-2 years
POS01188,POS01179,Officer Audit - Banking,Yusuf Aziz,G9,JC4824,Professional,Internal Audit,Example Bank,Internal Audit,Audit - Banking,Audit - Banking Unit 2,Audit - Banking Unit 2 — Team B,Audit - Banking Unit 2 — Team B / Section 2,,Riyadh,Full-time,Filled,1,CC-1051,Assurance (3rd line),Middle office,Fixed,,user1188@examplebank.com.sa,2024-11-21,Saudi,No,No,Yes,Maya Khan,Ready now
POS01189,POS01179,Associate Audit - Banking,Tariq Farouk,G10,JC1099,Professional,Internal Audit,Example Bank,Internal Audit,Audit - Banking,Audit - Banking Unit 2,Audit - Banking Unit 2 — Team B,Audit - Banking Unit 2 — Team B / Section 2,,Jeddah,Full-time,Filled,1,CC-1029,Assurance (3rd line),Middle office,Bonus,,user1189@examplebank.com.sa,2008-01-04,Saudi,No,No,No,,
POS01190,POS01165,Manager Audit - Banking,Aisha Farouk,G13,JC9647,Management,Internal Audit,Example Bank,Internal Audit,Audit - Banking,Audit - Banking Unit 2,Audit - Banking Unit 2 — Team C,,,Riyadh,Full-time,Filled,1,CC-1054,Assurance (3rd line),Middle office,Bonus,,user1190@examplebank.com.sa,2016-11-26,Saudi,No,No,No,,
POS01191,POS01190,Associate Audit - Banking,Ziad Qureshi,G10,JC6580,Professional,Internal Audit,Example Bank,Internal Audit,Audit - Banking,Audit - Banking Unit 2,Audit - Banking Unit 2 — Team C,Audit - Banking Unit 2 — Team C / Section 1,,Jeddah,Full-time,Filled,1,CC-1021,Assurance (3rd line),Middle office,Fixed,,user1191@examplebank.com.sa,2017-02-21,Saudi,No,No,No,,
POS01192,POS01190,Analyst Audit - Banking,دانة الزهراني,G12,JC7283,Management,Internal Audit,Example Bank,Internal Audit,Audit - Banking,Audit - Banking Unit 2,Audit - Banking Unit 2 — Team C,Audit - Banking Unit 2 — Team C / Section 1,,Jeddah,Full-time,Filled,1,CC-1014,Assurance (3rd line),Middle office,Fixed,,user1192@examplebank.com.sa,2023-02-24,Jordanian,No,No,No,,
POS01193,POS01190,Associate Audit - Banking,,G10,JC1676,Professional,Internal Audit,Example Bank,Internal Audit,Audit - Banking,Audit - Banking Unit 2,Audit - Banking Unit 2 — Team C,Audit - Banking Unit 2 — Team C / Section 2,,Riyadh,Full-time,Vacant,1,CC-1056,Assurance (3rd line),Middle office,Fixed,,,2015-11-28,Indian,No,No,No,,
POS01194,POS01190,Associate Audit - Banking,لطيفة القحطاني,G10,JC1974,Professional,Internal Audit,Example Bank,Internal Audit,Audit - Banking,Audit - Banking Unit 2,Audit - Banking Unit 2 — Team C,Audit - Banking Unit 2 — Team C / Section 2,,Dammam,Full-time,Filled,1,CC-1043,Assurance (3rd line),Middle office,Bonus,,user1194@examplebank.com.sa,2014-06-04,Indian,No,No,Yes,Lina Farouk,Ready 1-2 years
POS01195,POS01190,Senior Analyst Audit - Banking,Bilal Baker,G12,JC2597,Management,Internal Audit,Example Bank,Internal Audit,Audit - Banking,Audit - Banking Unit 2,Audit - Banking Unit 2 — Team C,Audit - Banking Unit 2 — Team C / Section 2,,Jeddah,Full-time,Filled,1,CC-1041,Assurance (3rd line),Middle office,Fixed,Specialist Bench,user1195@examplebank.com.sa,2011-01-06,British,No,No,No,,
POS01196,POS01190,Senior Analyst Audit - Banking,Mona Idris,G10,JC1648,Professional,Internal Audit,Example Bank,Internal Audit,Audit - Banking,Audit - Banking Unit 2,Audit - Banking Unit 2 — Team C,Audit - Banking Unit 2 — Team C / Section 1,,Jeddah,Full-time,Filled,1,CC-1000,Assurance (3rd line),Middle office,Fixed,,user1196@examplebank.com.sa,2018-06-15,Indian,No,No,No,,
POS01197,POS01190,Senior Officer Audit - Banking,Layla Nasser,G10,JC2403,Professional,Internal Audit,Example Bank,Internal Audit,Audit - Banking,Audit - Banking Unit 2,Audit - Banking Unit 2 — Team C,Audit - Banking Unit 2 — Team C / Section 1,,Riyadh,Full-time,Filled,1,CC-1055,Assurance (3rd line),Middle office,Fixed,,user1197@examplebank.com.sa,2008-05-25,Saudi,No,No,Yes,فيصل الزهراني,Ready 1-2 years
POS01198,POS01165,Manager Audit - Banking,Omar Farouk,G13,JC8334,Management,Internal Audit,Example Bank,Internal Audit,Audit - Banking,Audit - Banking Unit 2,Audit - Banking Unit 2 — Team D,,,Dammam,Full-time,Filled,1,CC-1004,Assurance (3rd line),Middle office,Bonus,,user1198@examplebank.com.sa,2010-07-19,Saudi,No,No,No,,
POS01199,POS01198,Senior Officer Audit - Banking,Lina Fahmy,G11,JC9045,Professional,Internal Audit,Example Bank,Internal Audit,Audit - Banking,Audit - Banking Unit 2,Audit - Banking Unit 2 — Team D,Audit - Banking Unit 2 — Team D / Section 2,,Riyadh,Full-time,Filled,1,CC-1053,Assurance (3rd line),Middle office,Fixed,,user1199@examplebank.com.sa,2023-07-26,Egyptian,No,No,No,,
POS01200,POS01198,Associate Audit - Banking,Sami Haddad,G9,JC8660,Professional,Internal Audit,Example Bank,Internal Audit,Audit - Banking,Audit - Banking Unit 2,Audit - Banking Unit 2 — Team D,Audit - Banking Unit 2 — Team D / Section 2,,Khobar,Contractor,Filled,1,CC-1041,Assurance (3rd line),Middle office,Bonus,,user1200@examplebank.com.sa,2008-11-17,Saudi,No,No,No,,
POS01201,POS01198,Senior Analyst Audit - Banking,هند الغامدي,G12,JC6217,Management,Internal Audit,Example Bank,Internal Audit,Audit - Banking,Audit - Banking Unit 2,Audit - Banking Unit 2 — Team D,Audit - Banking Unit 2 — Team D / Section 2,,Khobar,Full-time,Filled,1,CC-1042,Assurance (3rd line),Middle office,Bonus,,user1201@examplebank.com.sa,2022-07-15,Saudi,No,No,No,,
POS01202,POS01198,Associate Audit - Banking,Omar Saleh,G10,JC2377,Professional,Internal Audit,Example Bank,Internal Audit,Audit - Banking,Audit - Banking Unit 2,Audit - Banking Unit 2 — Team D,Audit - Banking Unit 2 — Team D / Section 2,,Remote,Full-time,Filled,1,CC-1053,Assurance (3rd line),Middle office,Fixed,,user1202@examplebank.com.sa,2025-06-18,Egyptian,No,No,Yes,Tariq Farouk,Ready now
POS01203,POS01198,Senior Analyst Audit - Banking,Ziad Farouk,G11,JC1128,Professional,Internal Audit,Example Bank,Internal Audit,Audit - Banking,Audit - Banking Unit 2,Audit - Banking Unit 2 — Team D,Audit - Banking Unit 2 — Team D / Section 2,,Khobar,Contractor,Filled,1,CC-1046,Assurance (3rd line),Middle office,Fixed,,user1203@examplebank.com.sa,2008-11-26,Saudi,No,No,No,,
POS01204,POS01198,Associate Audit - Banking,Tariq Baker,G11,JC6857,Professional,Internal Audit,Example Bank,Internal Audit,Audit - Banking,Audit - Banking Unit 2,Audit - Banking Unit 2 — Team D,Audit - Banking Unit 2 — Team D / Section 2,,Dammam,Full-time,Filled,0.5,CC-1019,Assurance (3rd line),Middle office,Fixed,,user1204@examplebank.com.sa,2020-06-24,Saudi,No,No,Yes,سارة السبيعي,Ready 3+ years
POS01205,POS01198,Senior Officer Audit - Banking,Noor Younes,G12,JC6937,Management,Internal Audit,Example Bank,Internal Audit,Audit - Banking,Audit - Banking Unit 2,Audit - Banking Unit 2 — Team D,Audit - Banking Unit 2 — Team D / Section 1,,Jeddah,Contractor,Filled,1,CC-1050,Assurance (3rd line),Middle office,Bonus,,user1205@examplebank.com.sa,2020-04-03,Egyptian,No,No,No,,
POS01206,POS01198,Associate Audit - Banking,دانة الغامدي,G11,JC2225,Professional,Internal Audit,Example Bank,Internal Audit,Audit - Banking,Audit - Banking Unit 2,Audit - Banking Unit 2 — Team D,Audit - Banking Unit 2 — Team D / Section 1,,Dammam,Full-time,Filled,1,CC-1054,Assurance (3rd line),Middle office,Fixed,Emerging Leaders,user1206@examplebank.com.sa,2013-07-16,Saudi,No,No,Yes,Sami Baker,Ready 3+ years
POS01207,POS01131,Head of Audit - Technology,Hassan Aziz,G15,JC1333,Leadership,Internal Audit,Example Bank,Internal Audit,Audit - Technology,,,,,Riyadh,Full-time,Filled,1,CC-1045,Assurance (3rd line),Middle office,Bonus,,user1207@examplebank.com.sa,2016-11-09,Egyptian,Yes,Yes,Yes,Karim Haddad,Ready 1-2 years
POS01208,POS01207,Senior Manager Audit - Technology,نورة الغامدي,G14,JC5504,Leadership,Internal Audit,Example Bank,Internal Audit,Audit - Technology,Audit - Technology Unit 1,,,,Riyadh,Full-time,Filled,0.5,CC-1022,Assurance (3rd line),Middle office,Bonus,,user1208@examplebank.com.sa,2025-01-15,British,Yes,No,Yes,Huda Fahmy,Ready 3+ years
POS01209,POS01208,Manager Audit - Technology,سلطان الزهراني,G13,JC4727,Management,Internal Audit,Example Bank,Internal Audit,Audit - Technology,Audit - Technology Unit 1,Audit - Technology Unit 1 — Team A,,,Riyadh,Full-time,Filled,1,CC-1009,Assurance (3rd line),Middle office,Bonus,,user1209@examplebank.com.sa,2017-06-08,Egyptian,No,No,No,,
POS01210,POS01209,Senior Officer Audit - Technology,Layla Karim,G12,JC1891,Management,Internal Audit,Example Bank,Internal Audit,Audit - Technology,Audit - Technology Unit 1,Audit - Technology Unit 1 — Team A,Audit - Technology Unit 1 — Team A / Section 1,,Khobar,Contractor,Filled,1,CC-1044,Assurance (3rd line),Middle office,Bonus,,user1210@examplebank.com.sa,2010-03-06,Jordanian,No,No,No,,
POS01211,POS01209,Analyst Audit - Technology,فيصل الغامدي,G12,JC2458,Management,Internal Audit,Example Bank,Internal Audit,Audit - Technology,Audit - Technology Unit 1,Audit - Technology Unit 1 — Team A,Audit - Technology Unit 1 — Team A / Section 1,,Remote,Full-time,Filled,1,CC-1053,Assurance (3rd line),Middle office,Fixed,Future Executives,user1211@examplebank.com.sa,2011-04-20,Jordanian,No,No,No,,
POS01212,POS01209,Senior Analyst Audit - Technology,Rami Haddad,G9,JC2916,Professional,Internal Audit,Example Bank,Internal Audit,Audit - Technology,Audit - Technology Unit 1,Audit - Technology Unit 1 — Team A,Audit - Technology Unit 1 — Team A / Section 2,,Jeddah,Full-time,Filled,1,CC-1049,Assurance (3rd line),Middle office,Bonus,,user1212@examplebank.com.sa,2020-11-22,Saudi,No,No,No,,
POS01213,POS01209,Officer Audit - Technology,Karim Saleh,G10,JC3953,Professional,Internal Audit,Example Bank,Internal Audit,Audit - Technology,Audit - Technology Unit 1,Audit - Technology Unit 1 — Team A,Audit - Technology Unit 1 — Team A / Section 2,,Remote,Full-time,Filled,1,CC-1008,Assurance (3rd line),Middle office,Fixed,,user1213@examplebank.com.sa,2024-07-16,Saudi,No,No,No,,
POS01214,POS01209,Specialist Audit - Technology,Jana Karim,G9,JC1072,Professional,Internal Audit,Example Bank,Internal Audit,Audit - Technology,Audit - Technology Unit 1,Audit - Technology Unit 1 — Team A,Audit - Technology Unit 1 — Team A / Section 1,,Riyadh,Full-time,Filled,1,CC-1018,Assurance (3rd line),Middle office,Fixed,,user1214@examplebank.com.sa,2012-08-04,Saudi,No,No,Yes,Maya Khan,Ready 3+ years
POS01215,POS01209,Specialist Audit - Technology,,G10,JC5322,Professional,Internal Audit,Example Bank,Internal Audit,Audit - Technology,Audit - Technology Unit 1,Audit - Technology Unit 1 — Team A,Audit - Technology Unit 1 — Team A / Section 2,,Riyadh,Full-time,Vacant,0.5,CC-1051,Assurance (3rd line),Middle office,Bonus,,,2020-06-09,Saudi,No,No,No,,
POS01216,POS01209,Associate Audit - Technology,Maya Darwish,G11,JC1030,Professional,Internal Audit,Example Bank,Internal Audit,Audit - Technology,Audit - Technology Unit 1,Audit - Technology Unit 1 — Team A,Audit - Technology Unit 1 — Team A / Section 2,,Khobar,Full-time,Filled,1,CC-1029,Assurance (3rd line),Middle office,Bonus,,user1216@examplebank.com.sa,2014-12-04,Saudi,No,No,No,,
POS01217,POS01209,Senior Analyst Audit - Technology,نورة القحطاني,G10,JC5671,Professional,Internal Audit,Example Bank,Internal Audit,Audit - Technology,Audit - Technology Unit 1,Audit - Technology Unit 1 — Team A,Audit - Technology Unit 1 — Team A / Section 2,,Riyadh,Contractor,Filled,1,CC-1042,Assurance (3rd line),Middle office,Fixed,,user1217@examplebank.com.sa,2016-02-15,Saudi,No,No,No,,
POS01218,POS01209,Senior Officer Audit - Technology,Waleed Osman,G10,JC2478,Professional,Internal Audit,Example Bank,Internal Audit,Audit - Technology,Audit - Technology Unit 1,Audit - Technology Unit 1 — Team A,Audit - Technology Unit 1 — Team A / Section 1,,Khobar,Full-time,Filled,1,CC-1050,Assurance (3rd line),Middle office,Fixed,,user1218@examplebank.com.sa,2016-06-27,Indian,No,No,No,,
POS01219,POS01209,Associate Audit - Technology,هند القحطاني,G10,JC5813,Professional,Internal Audit,Example Bank,Internal Audit,Audit - Technology,Audit - Technology Unit 1,Audit - Technology Unit 1 — Team A,Audit - Technology Unit 1 — Team A / Section 2,,Riyadh,Full-time,Filled,1,CC-1047,Assurance (3rd line),Middle office,Bonus,,user1219@examplebank.com.sa,2013-02-03,Saudi,No,No,Yes,Waleed Nasser,Ready 3+ years
POS01220,POS01209,Analyst Audit - Technology,Amal Mansour,G10,JC6771,Professional,Internal Audit,Example Bank,Internal Audit,Audit - Technology,Audit - Technology Unit 1,Audit - Technology Unit 1 — Team A,Audit - Technology Unit 1 — Team A / Section 1,,Dammam,Full-time,Filled,1,CC-1038,Assurance (3rd line),Middle office,Bonus,,user1220@examplebank.com.sa,2013-03-04,Saudi,No,No,No,,
POS01221,POS01208,Manager Audit - Technology,Noor Younes,G13,JC2205,Management,Internal Audit,Example Bank,Internal Audit,Audit - Technology,Audit - Technology Unit 1,Audit - Technology Unit 1 — Team B,,,Khobar,Full-time,Filled,1,CC-1014,Assurance (3rd line),Middle office,Bonus,Emerging Leaders,user1221@examplebank.com.sa,2025-03-16,Saudi,No,No,No,,
POS01222,POS01221,Associate Audit - Technology,Bilal Haddad,G9,JC5008,Professional,Internal Audit,Example Bank,Internal Audit,Audit - Technology,Audit - Technology Unit 1,Audit - Technology Unit 1 — Team B,Audit - Technology Unit 1 — Team B / Section 2,,Riyadh,Full-time,Filled,1,CC-1011,Assurance (3rd line),Middle office,Bonus,Future Executives,user1222@examplebank.com.sa,2025-08-04,Jordanian,No,No,Yes,سلطان الزهراني,Ready now
POS01223,POS01221,Analyst Audit - Technology,,G11,JC4754,Professional,Internal Audit,Example Bank,Internal Audit,Audit - Technology,Audit - Technology Unit 1,Audit - Technology Unit 1 — Team B,Audit - Technology Unit 1 — Team B / Section 2,,Dammam,Full-time,Vacant,1,CC-1053,Assurance (3rd line),Middle office,Bonus,,,2013-03-21,Saudi,No,No,No,,
POS01224,POS01221,Associate Audit - Technology,Hassan Nasser,G12,JC8462,Management,Internal Audit,Example Bank,Internal Audit,Audit - Technology,Audit - Technology Unit 1,Audit - Technology Unit 1 — Team B,Audit - Technology Unit 1 — Team B / Section 1,,Riyadh,Full-time,Filled,1,CC-1021,Assurance (3rd line),Middle office,Fixed,,user1224@examplebank.com.sa,2022-07-21,Saudi,No,No,No,,
POS01225,POS01221,Senior Officer Audit - Technology,Dana Rashed,G11,JC3512,Professional,Internal Audit,Example Bank,Internal Audit,Audit - Technology,Audit - Technology Unit 1,Audit - Technology Unit 1 — Team B,Audit - Technology Unit 1 — Team B / Section 2,,Jeddah,Full-time,Filled,1,CC-1000,Assurance (3rd line),Middle office,Fixed,,user1225@examplebank.com.sa,2009-06-07,Saudi,No,No,No,,
POS01226,POS01221,Analyst Audit - Technology,Sami Qureshi,G10,JC3068,Professional,Internal Audit,Example Bank,Internal Audit,Audit - Technology,Audit - Technology Unit 1,Audit - Technology Unit 1 — Team B,Audit - Technology Unit 1 — Team B / Section 1,,Khobar,Full-time,Filled,1,CC-1022,Assurance (3rd line),Middle office,Fixed,,user1226@examplebank.com.sa,2021-01-16,Indian,No,No,Yes,Lina Osman,Ready 3+ years
POS01227,POS01221,Senior Analyst Audit - Technology,خالد الدوسري,G12,JC2291,Management,Internal Audit,Example Bank,Internal Audit,Audit - Technology,Audit - Technology Unit 1,Audit - Technology Unit 1 — Team B,Audit - Technology Unit 1 — Team B / Section 1,,Riyadh,Full-time,Filled,1,CC-1051,Assurance (3rd line),Middle office,Fixed,Future Executives,user1227@examplebank.com.sa,2025-03-09,Indian,No,No,No,,
POS01228,POS01221,Senior Analyst Audit - Technology,Nasser Karim,G10,JC4332,Professional,Internal Audit,Example Bank,Internal Audit,Audit - Technology,Audit - Technology Unit 1,Audit - Technology Unit 1 — Team B,Audit - Technology Unit 1 — Team B / Section 2,,Jeddah,Full-time,Filled,1,CC-1047,Assurance (3rd line),Middle office,Fixed,,user1228@examplebank.com.sa,2018-03-15,Saudi,No,No,No,,
POS01229,POS01221,Senior Officer Audit - Technology,,G10,JC8079,Professional,Internal Audit,Example Bank,Internal Audit,Audit - Technology,Audit - Technology Unit 1,Audit - Technology Unit 1 — Team B,Audit - Technology Unit 1 — Team B / Section 2,,Riyadh,Full-time,Vacant,1,CC-1041,Assurance (3rd line),Middle office,Bonus,,,2010-01-06,Saudi,No,No,No,,
POS01230,POS01208,Manager Audit - Technology,,G13,JC9989,Management,Internal Audit,Example Bank,Internal Audit,Audit - Technology,Audit - Technology Unit 1,Audit - Technology Unit 1 — Team C,,,Jeddah,Full-time,Vacant,1,CC-1044,Assurance (3rd line),Middle office,Bonus,,,2008-01-01,Saudi,No,No,No,,
POS01231,POS01230,Analyst Audit - Technology,ريم القحطاني,G12,JC3771,Management,Internal Audit,Example Bank,Internal Audit,Audit - Technology,Audit - Technology Unit 1,Audit - Technology Unit 1 — Team C,Audit - Technology Unit 1 — Team C / Section 1,,Jeddah,Full-time,Filled,1,CC-1032,Assurance (3rd line),Middle office,Fixed,,user1231@examplebank.com.sa,2023-01-04,Egyptian,No,No,No,,
POS01232,POS01230,Specialist Audit - Technology,لطيفة الشمري,G11,JC5789,Professional,Internal Audit,Example Bank,Internal Audit,Audit - Technology,Audit - Technology Unit 1,Audit - Technology Unit 1 — Team C,Audit - Technology Unit 1 — Team C / Section 1,,Remote,Full-time,Filled,1,CC-1022,Assurance (3rd line),Middle office,Fixed,,user1232@examplebank.com.sa,2013-11-19,Saudi,No,No,No,,
POS01233,POS01230,Associate Audit - Technology,Karim Darwish,G10,JC9299,Professional,Internal Audit,Example Bank,Internal Audit,Audit - Technology,Audit - Technology Unit 1,Audit - Technology Unit 1 — Team C,Audit - Technology Unit 1 — Team C / Section 1,,Riyadh,Full-time,Filled,1,CC-1041,Assurance (3rd line),Middle office,Bonus,,user1233@examplebank.com.sa,2012-10-03,Saudi,No,No,No,,
POS01234,POS01230,Senior Analyst Audit - Technology,سارة القحطاني,G10,JC8571,Professional,Internal Audit,Example Bank,Internal Audit,Audit - Technology,Audit - Technology Unit 1,Audit - Technology Unit 1 — Team C,Audit - Technology Unit 1 — Team C / Section 2,,Dammam,Full-time,Filled,1,CC-1005,Assurance (3rd line),Middle office,Bonus,,user1234@examplebank.com.sa,2008-04-12,Saudi,No,No,No,,
POS01235,POS01230,Senior Officer Audit - Technology,فيصل العتيبي,G9,JC6529,Professional,Internal Audit,Example Bank,Internal Audit,Audit - Technology,Audit - Technology Unit 1,Audit - Technology Unit 1 — Team C,Audit - Technology Unit 1 — Team C / Section 2,,Khobar,Full-time,Filled,1,CC-1029,Assurance (3rd line),Middle office,Fixed,,user1235@examplebank.com.sa,2011-03-14,British,No,No,No,,
POS01236,POS01230,Senior Analyst Audit - Technology,خالد القحطاني,G11,JC9334,Professional,Internal Audit,Example Bank,Internal Audit,Audit - Technology,Audit - Technology Unit 1,Audit - Technology Unit 1 — Team C,Audit - Technology Unit 1 — Team C / Section 1,,Riyadh,Full-time,Filled,1,CC-1019,Assurance (3rd line),Middle office,Bonus,,user1236@examplebank.com.sa,2012-11-06,Saudi,No,No,No,,
POS01237,POS01230,Officer Audit - Technology,Lina Darwish,G10,JC5282,Professional,Internal Audit,Example Bank,Internal Audit,Audit - Technology,Audit - Technology Unit 1,Audit - Technology Unit 1 — Team C,Audit - Technology Unit 1 — Team C / Section 1,,Jeddah,Full-time,Filled,1,CC-1024,Assurance (3rd line),Middle office,Fixed,,user1237@examplebank.com.sa,2011-07-21,Saudi,No,No,No,,
POS01238,POS01230,Senior Officer Audit - Technology,Mona Darwish,G9,JC9175,Professional,Internal Audit,Example Bank,Internal Audit,Audit - Technology,Audit - Technology Unit 1,Audit - Technology Unit 1 — Team C,Audit - Technology Unit 1 — Team C / Section 1,,Riyadh,Full-time,Filled,1,CC-1047,Assurance (3rd line),Middle office,Fixed,,user1238@examplebank.com.sa,2018-04-24,British,No,No,No,,
POS01239,POS01230,Specialist Audit - Technology,Rami Idris,G12,JC4421,Management,Internal Audit,Example Bank,Internal Audit,Audit - Technology,Audit - Technology Unit 1,Audit - Technology Unit 1 — Team C,Audit - Technology Unit 1 — Team C / Section 1,,Riyadh,Full-time,Filled,1,CC-1048,Assurance (3rd line),Middle office,Fixed,,user1239@examplebank.com.sa,2015-01-25,Saudi,No,No,No,,
POS01240,POS01230,Senior Analyst Audit - Technology,Maya Bakr,G10,JC7151,Professional,Internal Audit,Example Bank,Internal Audit,Audit - Technology,Audit - Technology Unit 1,Audit - Technology Unit 1 — Team C,Audit - Technology Unit 1 — Team C / Section 2,,Remote,Full-time,Filled,1,CC-1005,Assurance (3rd line),Middle office,Fixed,Future Executives,user1240@examplebank.com.sa,2019-03-06,Egyptian,No,No,No,,
POS01241,POS01208,Manager Audit - Technology,Hassan Khan,G13,JC3561,Management,Internal Audit,Example Bank,Internal Audit,Audit - Technology,Audit - Technology Unit 1,Audit - Technology Unit 1 — Team D,,,Jeddah,Full-time,Filled,1,CC-1018,Assurance (3rd line),Middle office,Bonus,,user1241@examplebank.com.sa,2015-03-25,Saudi,No,No,No,,
POS01242,POS01241,Associate Audit - Technology,Tariq Qureshi,G10,JC4895,Professional,Internal Audit,Example Bank,Internal Audit,Audit - Technology,Audit - Technology Unit 1,Audit - Technology Unit 1 — Team D,Audit - Technology Unit 1 — Team D / Section 2,,Jeddah,Full-time,Filled,1,CC-1044,Assurance (3rd line),Middle office,Bonus,,user1242@examplebank.com.sa,2021-10-08,Indian,No,No,No,,
POS01243,POS01241,Senior Analyst Audit - Technology,,G10,JC8510,Professional,Internal Audit,Example Bank,Internal Audit,Audit - Technology,Audit - Technology Unit 1,Audit - Technology Unit 1 — Team D,Audit - Technology Unit 1 — Team D / Section 1,,Jeddah,Contractor,Vacant,1,CC-1051,Assurance (3rd line),Middle office,Fixed,,,2017-03-10,Jordanian,No,No,No,,
POS01244,POS01241,Analyst Audit - Technology,عبدالله الدوسري,G10,JC5916,Professional,Internal Audit,Example Bank,Internal Audit,Audit - Technology,Audit - Technology Unit 1,Audit - Technology Unit 1 — Team D,Audit - Technology Unit 1 — Team D / Section 2,,Dammam,Full-time,Filled,1,CC-1038,Assurance (3rd line),Middle office,Fixed,,user1244@examplebank.com.sa,2010-06-20,Saudi,No,No,No,,
POS01245,POS01241,Specialist Audit - Technology,Omar Fahmy,G9,JC1971,Professional,Internal Audit,Example Bank,Internal Audit,Audit - Technology,Audit - Technology Unit 1,Audit - Technology Unit 1 — Team D,Audit - Technology Unit 1 — Team D / Section 1,,Riyadh,Full-time,Filled,1,CC-1000,Assurance (3rd line),Middle office,Fixed,,user1245@examplebank.com.sa,2020-03-22,Saudi,No,No,No,,
POS01246,POS01241,Associate Audit - Technology,Sami Rashed,G11,JC9105,Professional,Internal Audit,Example Bank,Internal Audit,Audit - Technology,Audit - Technology Unit 1,Audit - Technology Unit 1 — Team D,Audit - Technology Unit 1 — Team D / Section 2,,Riyadh,Full-time,Filled,1,CC-1041,Assurance (3rd line),Middle office,Fixed,Emerging Leaders,user1246@examplebank.com.sa,2024-12-12,Saudi,No,No,No,,
POS01247,POS01241,Officer Audit - Technology,Rana Osman,G9,JC9260,Professional,Internal Audit,Example Bank,Internal Audit,Audit - Technology,Audit - Technology Unit 1,Audit - Technology Unit 1 — Team D,Audit - Technology Unit 1 — Team D / Section 2,,Khobar,Full-time,Filled,1,CC-1047,Assurance (3rd line),Middle office,Fixed,,user1247@examplebank.com.sa,2020-08-03,Egyptian,No,No,No,,
POS01248,POS01241,Officer Audit - Technology,Bilal Darwish,G10,JC3335,Professional,Internal Audit,Example Bank,Internal Audit,Audit - Technology,Audit - Technology Unit 1,Audit - Technology Unit 1 — Team D,Audit - Technology Unit 1 — Team D / Section 1,,Riyadh,Full-time,Filled,1,CC-1034,Assurance (3rd line),Middle office,Fixed,,user1248@examplebank.com.sa,2009-03-18,Saudi,No,No,No,,
POS01249,POS01241,Senior Analyst Audit - Technology,Sami Aziz,G11,JC7558,Professional,Internal Audit,Example Bank,Internal Audit,Audit - Technology,Audit - Technology Unit 1,Audit - Technology Unit 1 — Team D,Audit - Technology Unit 1 — Team D / Section 1,,Khobar,Full-time,Filled,1,CC-1058,Assurance (3rd line),Middle office,Fixed,,user1249@examplebank.com.sa,2014-11-13,Saudi,No,No,No,,
POS01250,POS01241,Specialist Audit - Technology,Salma Rashed,G11,JC3245,Professional,Internal Audit,Example Bank,Internal Audit,Audit - Technology,Audit - Technology Unit 1,Audit - Technology Unit 1 — Team D,Audit - Technology Unit 1 — Team D / Section 1,,Dammam,Full-time,Filled,1,CC-1009,Assurance (3rd line),Middle office,Fixed,,user1250@examplebank.com.sa,2020-09-02,Saudi,No,No,No,,
POS01251,POS01241,Analyst Audit - Technology,لطيفة الغامدي,G12,JC6908,Management,Internal Audit,Example Bank,Internal Audit,Audit - Technology,Audit - Technology Unit 1,Audit - Technology Unit 1 — Team D,Audit - Technology Unit 1 — Team D / Section 2,,Remote,Contractor,Filled,1,CC-1023,Assurance (3rd line),Middle office,Bonus,,user1251@examplebank.com.sa,2009-08-23,Saudi,No,No,Yes,سارة الحربي,Ready now
POS01252,POS01207,Senior Manager Audit - Technology,ماجد السبيعي,G14,JC3403,Leadership,Internal Audit,Example Bank,Internal Audit,Audit - Technology,Audit - Technology Unit 2,,,,Jeddah,Full-time,Filled,0.5,CC-1019,Assurance (3rd line),Middle office,Bonus,,user1252@examplebank.com.sa,2008-12-04,Saudi,No,No,No,,
POS01253,POS01252,Manager Audit - Technology,Lina Khan,G13,JC4691,Management,Internal Audit,Example Bank,Internal Audit,Audit - Technology,Audit - Technology Unit 2,Audit - Technology Unit 2 — Team A,,,Riyadh,Full-time,Filled,1,CC-1044,Assurance (3rd line),Middle office,Bonus,,user1253@examplebank.com.sa,2021-01-18,Saudi,No,No,No,,
POS01254,POS01253,Analyst Audit - Technology,Mona Nasser,G10,JC9249,Professional,Internal Audit,Example Bank,Internal Audit,Audit - Technology,Audit - Technology Unit 2,Audit - Technology Unit 2 — Team A,Audit - Technology Unit 2 — Team A / Section 1,,Remote,Full-time,Filled,1,CC-1039,Assurance (3rd line),Middle office,Fixed,,user1254@examplebank.com.sa,2011-04-10,Egyptian,No,No,No,,
POS01255,POS01253,Senior Officer Audit - Technology,أحمد المطيري,G11,JC4344,Professional,Internal Audit,Example Bank,Internal Audit,Audit - Technology,Audit - Technology Unit 2,Audit - Technology Unit 2 — Team A,Audit - Technology Unit 2 — Team A / Section 1,,Jeddah,Full-time,Filled,1,CC-1042,Assurance (3rd line),Middle office,Bonus,,user1255@examplebank.com.sa,2010-11-25,Saudi,No,No,Yes,سارة الزهراني,Ready now
POS01256,POS01253,Associate Audit - Technology,فيصل العتيبي,G12,JC8142,Management,Internal Audit,Example Bank,Internal Audit,Audit - Technology,Audit - Technology Unit 2,Audit - Technology Unit 2 — Team A,Audit - Technology Unit 2 — Team A / Section 1,,Riyadh,Full-time,Filled,1,CC-1009,Assurance (3rd line),Middle office,Fixed,,user1256@examplebank.com.sa,2010-05-28,Saudi,No,No,No,,
POS01257,POS01253,Senior Officer Audit - Technology,عبدالله الشمري,G10,JC8709,Professional,Internal Audit,Example Bank,Internal Audit,Audit - Technology,Audit - Technology Unit 2,Audit - Technology Unit 2 — Team A,Audit - Technology Unit 2 — Team A / Section 2,,Jeddah,Contractor,Filled,0.5,CC-1042,Assurance (3rd line),Middle office,Fixed,,user1257@examplebank.com.sa,2020-06-16,Saudi,No,No,No,,
POS01258,POS01253,Analyst Audit - Technology,,G12,JC2027,Management,Internal Audit,Example Bank,Internal Audit,Audit - Technology,Audit - Technology Unit 2,Audit - Technology Unit 2 — Team A,Audit - Technology Unit 2 — Team A / Section 2,,Jeddah,Contractor,Vacant,1,CC-1032,Assurance (3rd line),Middle office,Bonus,,,2008-05-10,Saudi,No,No,Yes,أحمد الغامدي,Ready now
POS01259,POS01253,Senior Officer Audit - Technology,Huda Osman,G10,JC5846,Professional,Internal Audit,Example Bank,Internal Audit,Audit - Technology,Audit - Technology Unit 2,Audit - Technology Unit 2 — Team A,Audit - Technology Unit 2 — Team A / Section 1,,Riyadh,Full-time,Filled,1,CC-1057,Assurance (3rd line),Middle office,Bonus,,user1259@examplebank.com.sa,2015-06-13,Indian,No,No,No,,
POS01260,POS01253,Officer Audit - Technology,Mona Khan,G10,JC6261,Professional,Internal Audit,Example Bank,Internal Audit,Audit - Technology,Audit - Technology Unit 2,Audit - Technology Unit 2 — Team A,Audit - Technology Unit 2 — Team A / Section 2,,Riyadh,Full-time,Filled,1,CC-1003,Assurance (3rd line),Middle office,Fixed,,user1260@examplebank.com.sa,2025-08-19,Saudi,No,No,No,,
POS01261,POS01253,Senior Officer Audit - Technology,Jana Idris,G11,JC6793,Professional,Internal Audit,Example Bank,Internal Audit,Audit - Technology,Audit - Technology Unit 2,Audit - Technology Unit 2 — Team A,Audit - Technology Unit 2 — Team A / Section 1,,Dammam,Full-time,Filled,1,CC-1024,Assurance (3rd line),Middle office,Fixed,,user1261@examplebank.com.sa,2020-02-11,Saudi,No,No,No,,
POS01262,POS01252,Manager Audit - Technology,Maya Bakr,G13,JC5817,Management,Internal Audit,Example Bank,Internal Audit,Audit - Technology,Audit - Technology Unit 2,Audit - Technology Unit 2 — Team B,,,Riyadh,Full-time,Filled,1,CC-1015,Assurance (3rd line),Middle office,Bonus,,user1262@examplebank.com.sa,2013-09-04,Saudi,No,No,Yes,Aisha Darwish,Ready 1-2 years
POS01263,POS01262,Senior Officer Audit - Technology,Hassan Karim,G10,JC4084,Professional,Internal Audit,Example Bank,Internal Audit,Audit - Technology,Audit - Technology Unit 2,Audit - Technology Unit 2 — Team B,Audit - Technology Unit 2 — Team B / Section 2,,Jeddah,Full-time,Filled,1,CC-1024,Assurance (3rd line),Middle office,Bonus,,user1263@examplebank.com.sa,2013-10-22,Saudi,No,No,No,,
POS01264,POS01262,Associate Audit - Technology,Karim Nasser,G11,JC6490,Professional,Internal Audit,Example Bank,Internal Audit,Audit - Technology,Audit - Technology Unit 2,Audit - Technology Unit 2 — Team B,Audit - Technology Unit 2 — Team B / Section 1,,Riyadh,Contractor,Filled,1,CC-1043,Assurance (3rd line),Middle office,Bonus,,user1264@examplebank.com.sa,2020-10-25,Saudi,No,No,No,,
POS01265,POS01262,Senior Officer Audit - Technology,نورة المطيري,G10,JC5795,Professional,Internal Audit,Example Bank,Internal Audit,Audit - Technology,Audit - Technology Unit 2,Audit - Technology Unit 2 — Team B,Audit - Technology Unit 2 — Team B / Section 1,,Remote,Full-time,Filled,1,CC-1053,Assurance (3rd line),Middle office,Bonus,,user1265@examplebank.com.sa,2008-05-02,Saudi,No,No,No,,
POS01266,POS01262,Associate Audit - Technology,Maya Rashed,G9,JC2806,Professional,Internal Audit,Example Bank,Internal Audit,Audit - Technology,Audit - Technology Unit 2,Audit - Technology Unit 2 — Team B,Audit - Technology Unit 2 — Team B / Section 1,,Riyadh,Full-time,Filled,1,CC-1003,Assurance (3rd line),Middle office,Bonus,,user1266@examplebank.com.sa,2023-01-17,Saudi,No,No,No,,
POS01267,POS01262,Specialist Audit - Technology,لطيفة الشمري,G10,JC3035,Professional,Internal Audit,Example Bank,Internal Audit,Audit - Technology,Audit - Technology Unit 2,Audit - Technology Unit 2 — Team B,Audit - Technology Unit 2 — Team B / Section 1,,Remote,Full-time,Filled,1,CC-1021,Assurance (3rd line),Middle office,Bonus,,user1267@examplebank.com.sa,2018-05-11,Saudi,No,No,Yes,عبدالله السبيعي,Ready now
POS01268,POS01262,Senior Analyst Audit - Technology,Yusuf Aziz,G9,JC9223,Professional,Internal Audit,Example Bank,Internal Audit,Audit - Technology,Audit - Technology Unit 2,Audit - Technology Unit 2 — Team B,Audit - Technology Unit 2 — Team B / Section 2,,Khobar,Full-time,Filled,1,CC-1036,Assurance (3rd line),Middle office,Bonus,,user1268@examplebank.com.sa,2017-11-28,Saudi,No,No,No,,
POS01269,POS01262,Specialist Audit - Technology,Huda Khan,G12,JC5214,Management,Internal Audit,Example Bank,Internal Audit,Audit - Technology,Audit - Technology Unit 2,Audit - Technology Unit 2 — Team B,Audit - Technology Unit 2 — Team B / Section 1,,Dammam,Full-time,Filled,1,CC-1047,Assurance (3rd line),Middle office,Bonus,,user1269@examplebank.com.sa,2019-09-15,Indian,No,No,No,,
POS01270,POS01262,Senior Analyst Audit - Technology,Noor Fahmy,G12,JC6360,Management,Internal Audit,Example Bank,Internal Audit,Audit - Technology,Audit - Technology Unit 2,Audit - Technology Unit 2 — Team B,Audit - Technology Unit 2 — Team B / Section 1,,Jeddah,Full-time,Filled,1,CC-1021,Assurance (3rd line),Middle office,Bonus,,user1270@examplebank.com.sa,2023-12-15,Jordanian,No,No,Yes,Hassan Bakr,Ready 3+ years
POS01271,POS01262,Analyst Audit - Technology,Hassan Bakr,G11,JC9566,Professional,Internal Audit,Example Bank,Internal Audit,Audit - Technology,Audit - Technology Unit 2,Audit - Technology Unit 2 — Team B,Audit - Technology Unit 2 — Team B / Section 2,,Khobar,Full-time,Filled,1,CC-1046,Assurance (3rd line),Middle office,Bonus,,user1271@examplebank.com.sa,2020-03-22,Saudi,No,No,No,,
POS01272,POS01262,Specialist Audit - Technology,Salma Haddad,G11,JC7509,Professional,Internal Audit,Example Bank,Internal Audit,Audit - Technology,Audit - Technology Unit 2,Audit - Technology Unit 2 — Team B,Audit - Technology Unit 2 — Team B / Section 1,,Remote,Full-time,Filled,1,CC-1028,Assurance (3rd line),Middle office,Fixed,,user1272@examplebank.com.sa,2019-02-20,Indian,No,No,No,,
POS01273,POS01262,Senior Analyst Audit - Technology,Aisha Aziz,G10,JC4680,Professional,Internal Audit,Example Bank,Internal Audit,Audit - Technology,Audit - Technology Unit 2,Audit - Technology Unit 2 — Team B,Audit - Technology Unit 2 — Team B / Section 2,,Khobar,Full-time,Filled,0.5,CC-1034,Assurance (3rd line),Middle office,Bonus,,user1273@examplebank.com.sa,2010-07-14,British,No,No,Yes,Amal Bakr,Ready now
POS01274,POS01252,Manager Audit - Technology,نورة الزهراني,G13,JC4431,Management,Internal Audit,Example Bank,Internal Audit,Audit - Technology,Audit - Technology Unit 2,Audit - Technology Unit 2 — Team C,,,Dammam,Full-time,Filled,1,CC-1037,Assurance (3rd line),Middle office,Bonus,Specialist Bench,user1274@examplebank.com.sa,2008-04-27,Saudi,No,No,No,,
POS01275,POS01274,Analyst Audit - Technology,,G11,JC6519,Professional,Internal Audit,Example Bank,Internal Audit,Audit - Technology,Audit - Technology Unit 2,Audit - Technology Unit 2 — Team C,Audit - Technology Unit 2 — Team C / Section 1,,Remote,Full-time,Vacant,1,CC-1021,Assurance (3rd line),Middle office,Fixed,,,2018-10-07,Saudi,No,No,No,,
POS01276,POS01274,Associate Audit - Technology,,G11,JC1751,Professional,Internal Audit,Example Bank,Internal Audit,Audit - Technology,Audit - Technology Unit 2,Audit - Technology Unit 2 — Team C,Audit - Technology Unit 2 — Team C / Section 1,,Khobar,Full-time,Vacant,1,CC-1016,Assurance (3rd line),Middle office,Bonus,,,2021-04-09,Saudi,No,No,No,,
POS01277,POS01274,Associate Audit - Technology,دانة الغامدي,G10,JC7187,Professional,Internal Audit,Example Bank,Internal Audit,Audit - Technology,Audit - Technology Unit 2,Audit - Technology Unit 2 — Team C,Audit - Technology Unit 2 — Team C / Section 1,,Riyadh,Full-time,Filled,1,CC-1025,Assurance (3rd line),Middle office,Fixed,,user1277@examplebank.com.sa,2019-07-12,Saudi,No,No,No,,
POS01278,POS01274,Senior Analyst Audit - Technology,ريم الدوسري,G12,JC3979,Management,Internal Audit,Example Bank,Internal Audit,Audit - Technology,Audit - Technology Unit 2,Audit - Technology Unit 2 — Team C,Audit - Technology Unit 2 — Team C / Section 2,,Remote,Full-time,Filled,1,CC-1010,Assurance (3rd line),Middle office,Bonus,,user1278@examplebank.com.sa,2018-09-12,Jordanian,No,No,No,,
POS01279,POS01274,Analyst Audit - Technology,نورة الغامدي,G10,JC6827,Professional,Internal Audit,Example Bank,Internal Audit,Audit - Technology,Audit - Technology Unit 2,Audit - Technology Unit 2 — Team C,Audit - Technology Unit 2 — Team C / Section 1,,Riyadh,Full-time,Filled,1,CC-1032,Assurance (3rd line),Middle office,Fixed,,user1279@examplebank.com.sa,2008-09-12,Jordanian,No,No,Yes,Bilal Saleh,Ready 3+ years
POS01280,POS01274,Associate Audit - Technology,,G9,JC7945,Professional,Internal Audit,Example Bank,Internal Audit,Audit - Technology,Audit - Technology Unit 2,Audit - Technology Unit 2 — Team C,Audit - Technology Unit 2 — Team C / Section 1,,Riyadh,Full-time,Vacant,1,CC-1007,Assurance (3rd line),Middle office,Fixed,,,2012-03-12,Saudi,No,No,No,,
POS01281,POS01274,Specialist Audit - Technology,Adel Osman,G11,JC4466,Professional,Internal Audit,Example Bank,Internal Audit,Audit - Technology,Audit - Technology Unit 2,Audit - Technology Unit 2 — Team C,Audit - Technology Unit 2 — Team C / Section 2,,Jeddah,Full-time,Filled,1,CC-1001,Assurance (3rd line),Middle office,Fixed,,user1281@examplebank.com.sa,2013-11-10,Saudi,No,No,No,,
POS01282,POS01274,Senior Analyst Audit - Technology,Layla Younes,G10,JC1781,Professional,Internal Audit,Example Bank,Internal Audit,Audit - Technology,Audit - Technology Unit 2,Audit - Technology Unit 2 — Team C,Audit - Technology Unit 2 — Team C / Section 1,,Riyadh,Full-time,Filled,1,CC-1007,Assurance (3rd line),Middle office,Fixed,,user1282@examplebank.com.sa,2008-03-28,Saudi,No,No,Yes,Layla Nasser,Ready 3+ years
POS01283,POS01274,Senior Officer Audit - Technology,فيصل الغامدي,G10,JC6972,Professional,Internal Audit,Example Bank,Internal Audit,Audit - Technology,Audit - Technology Unit 2,Audit - Technology Unit 2 — Team C,Audit - Technology Unit 2 — Team C / Section 1,,Dammam,Full-time,Filled,1,CC-1012,Assurance (3rd line),Middle office,Fixed,,user1283@examplebank.com.sa,2018-04-08,Saudi,No,No,No,,
POS01284,POS01274,Associate Audit - Technology,Rami Saleh,G9,JC8987,Professional,Internal Audit,Example Bank,Internal Audit,Audit - Technology,Audit - Technology Unit 2,Audit - Technology Unit 2 — Team C,Audit - Technology Unit 2 — Team C / Section 1,,Riyadh,Full-time,Filled,1,CC-1040,Assurance (3rd line),Middle office,Fixed,,user1284@examplebank.com.sa,2020-05-03,Saudi,No,No,No,,
POS01285,POS01274,Senior Officer Audit - Technology,هند الزهراني,G9,JC1306,Professional,Internal Audit,Example Bank,Internal Audit,Audit - Technology,Audit - Technology Unit 2,Audit - Technology Unit 2 — Team C,Audit - Technology Unit 2 — Team C / Section 2,,Dammam,Full-time,Filled,1,CC-1044,Assurance (3rd line),Middle office,Fixed,,user1285@examplebank.com.sa,2019-04-11,Jordanian,No,No,No,,
POS01286,POS01207,Senior Manager Audit - Technology,Ziad Saleh,G14,JC2256,Leadership,Internal Audit,Example Bank,Internal Audit,Audit - Technology,Audit - Technology Unit 3,,,,Khobar,Full-time,Filled,1,CC-1026,Assurance (3rd line),Middle office,Bonus,,user1286@examplebank.com.sa,2009-10-12,British,Yes,No,Yes,Hassan Baker,Ready now
POS01287,POS01286,Manager Audit - Technology,,G13,JC7828,Management,Internal Audit,Example Bank,Internal Audit,Audit - Technology,Audit - Technology Unit 3,Audit - Technology Unit 3 — Team A,,,Remote,Full-time,Vacant,1,CC-1057,Assurance (3rd line),Middle office,Bonus,,,2019-12-07,Egyptian,No,No,No,,
POS01288,POS01287,Senior Officer Audit - Technology,Layla Karim,G12,JC1717,Management,Internal Audit,Example Bank,Internal Audit,Audit - Technology,Audit - Technology Unit 3,Audit - Technology Unit 3 — Team A,Audit - Technology Unit 3 — Team A / Section 2,,Riyadh,Contractor,Filled,1,CC-1049,Assurance (3rd line),Middle office,Bonus,,user1288@examplebank.com.sa,2017-12-03,Saudi,No,No,No,,
POS01289,POS01287,Senior Officer Audit - Technology,ماجد الحربي,G12,JC8301,Management,Internal Audit,Example Bank,Internal Audit,Audit - Technology,Audit - Technology Unit 3,Audit - Technology Unit 3 — Team A,Audit - Technology Unit 3 — Team A / Section 1,,Jeddah,Full-time,Filled,1,CC-1013,Assurance (3rd line),Middle office,Bonus,,user1289@examplebank.com.sa,2017-09-10,Saudi,No,No,No,,
POS01290,POS01287,Analyst Audit - Technology,ماجد الحربي,G9,JC8477,Professional,Internal Audit,Example Bank,Internal Audit,Audit - Technology,Audit - Technology Unit 3,Audit - Technology Unit 3 — Team A,Audit - Technology Unit 3 — Team A / Section 2,,Riyadh,Full-time,Filled,1,CC-1045,Assurance (3rd line),Middle office,Fixed,,user1290@examplebank.com.sa,2020-02-12,Saudi,No,No,Yes,Amal Younes,Ready 1-2 years
POS01291,POS01287,Senior Analyst Audit - Technology,Omar Mansour,G10,JC4480,Professional,Internal Audit,Example Bank,Internal Audit,Audit - Technology,Audit - Technology Unit 3,Audit - Technology Unit 3 — Team A,Audit - Technology Unit 3 — Team A / Section 2,,Riyadh,Full-time,Filled,1,CC-1033,Assurance (3rd line),Middle office,Bonus,,user1291@examplebank.com.sa,2024-08-22,British,No,No,No,,
POS01292,POS01287,Senior Officer Audit - Technology,Sami Rashed,G10,JC5559,Professional,Internal Audit,Example Bank,Internal Audit,Audit - Technology,Audit - Technology Unit 3,Audit - Technology Unit 3 — Team A,Audit - Technology Unit 3 — Team A / Section 1,,Riyadh,Full-time,Filled,1,CC-1023,Assurance (3rd line),Middle office,Bonus,,user1292@examplebank.com.sa,2009-12-24,Saudi,No,No,No,,
POS01293,POS01287,Senior Analyst Audit - Technology,Huda Darwish,G11,JC6884,Professional,Internal Audit,Example Bank,Internal Audit,Audit - Technology,Audit - Technology Unit 3,Audit - Technology Unit 3 — Team A,Audit - Technology Unit 3 — Team A / Section 1,,Riyadh,Full-time,Filled,1,CC-1036,Assurance (3rd line),Middle office,Fixed,Emerging Leaders,user1293@examplebank.com.sa,2016-09-28,Saudi,No,No,No,,
POS01294,POS01287,Analyst Audit - Technology,سارة العتيبي,G10,JC8016,Professional,Internal Audit,Example Bank,Internal Audit,Audit - Technology,Audit - Technology Unit 3,Audit - Technology Unit 3 — Team A,Audit - Technology Unit 3 — Team A / Section 1,,Jeddah,Full-time,Filled,1,CC-1038,Assurance (3rd line),Middle office,Fixed,,user1294@examplebank.com.sa,2012-08-01,Indian,No,No,No,,
POS01295,POS01286,Manager Audit - Technology,Adel Osman,G13,JC8617,Management,Internal Audit,Example Bank,Internal Audit,Audit - Technology,Audit - Technology Unit 3,Audit - Technology Unit 3 — Team B,,,Riyadh,Full-time,Filled,1,CC-1006,Assurance (3rd line),Middle office,Bonus,,user1295@examplebank.com.sa,2020-05-26,Saudi,No,No,No,,
POS01296,POS01295,Associate Audit - Technology,Salma Aziz,G11,JC1436,Professional,Internal Audit,Example Bank,Internal Audit,Audit - Technology,Audit - Technology Unit 3,Audit - Technology Unit 3 — Team B,Audit - Technology Unit 3 — Team B / Section 2,,Riyadh,Full-time,Filled,1,CC-1046,Assurance (3rd line),Middle office,Fixed,,user1296@examplebank.com.sa,2022-09-16,Saudi,No,No,No,,
POS01297,POS01295,Analyst Audit - Technology,ريم العتيبي,G12,JC1890,Management,Internal Audit,Example Bank,Internal Audit,Audit - Technology,Audit - Technology Unit 3,Audit - Technology Unit 3 — Team B,Audit - Technology Unit 3 — Team B / Section 1,,Jeddah,Full-time,Filled,1,CC-1029,Assurance (3rd line),Middle office,Fixed,,user1297@examplebank.com.sa,2014-03-02,Saudi,No,No,Yes,Waleed Khan,Ready 1-2 years
POS01298,POS01295,Senior Officer Audit - Technology,Tariq Fahmy,G11,JC4155,Professional,Internal Audit,Example Bank,Internal Audit,Audit - Technology,Audit - Technology Unit 3,Audit - Technology Unit 3 — Team B,Audit - Technology Unit 3 — Team B / Section 2,,Jeddah,Full-time,Filled,1,CC-1040,Assurance (3rd line),Middle office,Bonus,,user1298@examplebank.com.sa,2020-02-19,Saudi,No,No,Yes,خالد الغامدي,Ready 3+ years
POS01299,POS01295,Senior Officer Audit - Technology,Sami Farouk,G10,JC6356,Professional,Internal Audit,Example Bank,Internal Audit,Audit - Technology,Audit - Technology Unit 3,Audit - Technology Unit 3 — Team B,Audit - Technology Unit 3 — Team B / Section 2,,Riyadh,Full-time,Filled,1,CC-1018,Assurance (3rd line),Middle office,Fixed,,user1299@examplebank.com.sa,2018-07-05,Jordanian,No,No,No,,
POS01300,POS01295,Officer Audit - Technology,هند الغامدي,G10,JC5072,Professional,Internal Audit,Example Bank,Internal Audit,Audit - Technology,Audit - Technology Unit 3,Audit - Technology Unit 3 — Team B,Audit - Technology Unit 3 — Team B / Section 1,,Riyadh,Full-time,Filled,1,CC-1018,Assurance (3rd line),Middle office,Fixed,,user1300@examplebank.com.sa,2023-03-20,Saudi,No,No,No,,
POS01301,POS01295,Senior Analyst Audit - Technology,,G9,JC9778,Professional,Internal Audit,Example Bank,Internal Audit,Audit - Technology,Audit - Technology Unit 3,Audit - Technology Unit 3 — Team B,Audit - Technology Unit 3 — Team B / Section 1,,Dammam,Full-time,Vacant,1,CC-1058,Assurance (3rd line),Middle office,Bonus,,,2010-03-08,Saudi,No,No,No,,
POS01302,POS00001,Chief Technology Officer,Mona Bakr,G16,JC7928,Executive,Technology,Example Digital,Technology,Core Banking,,,,,Riyadh,Contractor,Filled,1,CC-1019,Enabling,Back office,Bonus,,user1302@examplebank.com.sa,2022-09-13,Saudi,Yes,Yes,Yes,Rana Khan,Ready 3+ years
POS01303,POS01302,Head of Core Banking,Sami Khan,G15,JC1086,Leadership,Technology,Example Digital,Technology,Core Banking,,,,,Jeddah,Full-time,Filled,1,CC-1016,Enabling,Back office,Bonus,,user1303@examplebank.com.sa,2013-03-08,Saudi,Yes,No,No,,
POS01304,POS01303,Senior Manager Core Banking,Noor Qureshi,G14,JC8700,Leadership,Technology,Example Digital,Technology,Core Banking,Core Banking Unit 1,,,,Riyadh,Full-time,Filled,1,CC-1042,Enabling,Back office,Bonus,,user1304@examplebank.com.sa,2018-12-23,Saudi,No,No,No,,
POS01305,POS01304,Manager Core Banking,Rami Farouk,G13,JC9509,Management,Technology,Example Digital,Technology,Core Banking,Core Banking Unit 1,Core Banking Unit 1 — Team A,,,Riyadh,Full-time,Filled,1,CC-1053,Enabling,Back office,Bonus,Emerging Leaders,user1305@examplebank.com.sa,2020-06-12,Egyptian,No,No,No,,
POS01306,POS01305,Specialist Core Banking,Yusuf Haddad,G12,JC5502,Management,Technology,Example Digital,Technology,Core Banking,Core Banking Unit 1,Core Banking Unit 1 — Team A,Core Banking Unit 1 — Team A / Section 1,,Remote,Full-time,Filled,1,CC-1014,Enabling,Back office,Fixed,,user1306@examplebank.com.sa,2021-08-12,Saudi,No,No,No,,
POS01307,POS01305,Officer Core Banking,ريم الدوسري,G10,JC2205,Professional,Technology,Example Digital,Technology,Core Banking,Core Banking Unit 1,Core Banking Unit 1 — Team A,Core Banking Unit 1 — Team A / Section 2,,Riyadh,Full-time,Filled,1,CC-1015,Enabling,Back office,Fixed,,user1307@examplebank.com.sa,2009-05-04,Egyptian,No,No,No,,
POS01308,POS01305,Analyst Core Banking,Omar Siddiqui,G12,JC2336,Management,Technology,Example Digital,Technology,Core Banking,Core Banking Unit 1,Core Banking Unit 1 — Team A,Core Banking Unit 1 — Team A / Section 2,,Dammam,Full-time,Filled,1,CC-1027,Enabling,Back office,Fixed,,user1308@examplebank.com.sa,2016-08-07,Jordanian,No,No,No,,
POS01309,POS01305,Analyst Core Banking,Adel Karim,G10,JC2671,Professional,Technology,Example Digital,Technology,Core Banking,Core Banking Unit 1,Core Banking Unit 1 — Team A,Core Banking Unit 1 — Team A / Section 1,,Dammam,Full-time,Filled,1,CC-1046,Enabling,Back office,Fixed,,user1309@examplebank.com.sa,2022-11-11,Saudi,No,No,Yes,ريم الحربي,Ready now
POS01310,POS01305,Senior Analyst Core Banking,Amal Bakr,G11,JC5271,Professional,Technology,Example Digital,Technology,Core Banking,Core Banking Unit 1,Core Banking Unit 1 — Team A,Core Banking Unit 1 — Team A / Section 1,,Riyadh,Full-time,Filled,1,CC-1017,Enabling,Back office,Bonus,,user1310@examplebank.com.sa,2021-01-13,Saudi,No,No,No,,
POS01311,POS01305,Senior Analyst Core Banking,ريم الشمري,G10,JC8600,Professional,Technology,Example Digital,Technology,Core Banking,Core Banking Unit 1,Core Banking Unit 1 — Team A,Core Banking Unit 1 — Team A / Section 1,,Riyadh,Full-time,Filled,1,CC-1033,Enabling,Back office,Bonus,,user1311@examplebank.com.sa,2025-01-10,British,No,No,Yes,Waleed Farouk,Ready 3+ years
POS01312,POS01305,Specialist Core Banking,Mona Fahmy,G10,JC9266,Professional,Technology,Example Digital,Technology,Core Banking,Core Banking Unit 1,Core Banking Unit 1 — Team A,Core Banking Unit 1 — Team A / Section 2,,Riyadh,Full-time,Filled,1,CC-1043,Enabling,Back office,Fixed,Saudi Graduates,user1312@examplebank.com.sa,2025-05-12,Saudi,No,No,No,,
POS01313,POS01305,Officer Core Banking,ريم السبيعي,G10,JC1049,Professional,Technology,Example Digital,Technology,Core Banking,Core Banking Unit 1,Core Banking Unit 1 — Team A,Core Banking Unit 1 — Team A / Section 1,,Jeddah,Full-time,Filled,1,CC-1052,Enabling,Back office,Bonus,Saudi Graduates,user1313@examplebank.com.sa,2021-07-28,Saudi,No,No,No,,
POS01314,POS01305,Senior Officer Core Banking,Karim Baker,G11,JC7234,Professional,Technology,Example Digital,Technology,Core Banking,Core Banking Unit 1,Core Banking Unit 1 — Team A,Core Banking Unit 1 — Team A / Section 1,,Khobar,Contractor,Filled,1,CC-1008,Enabling,Back office,Bonus,,user1314@examplebank.com.sa,2016-09-07,British,No,No,No,,
POS01315,POS01305,Analyst Core Banking,فيصل المطيري,G11,JC8894,Professional,Technology,Example Digital,Technology,Core Banking,Core Banking Unit 1,Core Banking Unit 1 — Team A,Core Banking Unit 1 — Team A / Section 2,,Khobar,Full-time,Filled,1,CC-1027,Enabling,Back office,Bonus,,user1315@examplebank.com.sa,2025-09-20,Saudi,No,No,No,,
POS01316,POS01305,Specialist Core Banking,Layla Qureshi,G10,JC5570,Professional,Technology,Example Digital,Technology,Core Banking,Core Banking Unit 1,Core Banking Unit 1 — Team A,Core Banking Unit 1 — Team A / Section 2,,Jeddah,Full-time,Filled,0.5,CC-1012,Enabling,Back office,Bonus,,user1316@examplebank.com.sa,2013-01-11,British,No,No,No,,
POS01317,POS01305,Officer Core Banking,Bilal Karim,G10,JC9293,Professional,Technology,Example Digital,Technology,Core Banking,Core Banking Unit 1,Core Banking Unit 1 — Team A,Core Banking Unit 1 — Team A / Section 2,,Riyadh,Full-time,Filled,0.5,CC-1030,Enabling,Back office,Fixed,,user1317@examplebank.com.sa,2020-08-15,Saudi,No,No,No,,
POS01318,POS01304,Manager Core Banking,Maya Siddiqui,G13,JC3277,Management,Technology,Example Digital,Technology,Core Banking,Core Banking Unit 1,Core Banking Unit 1 — Team B,,,Riyadh,Full-time,Filled,1,CC-1005,Enabling,Back office,Bonus,,user1318@examplebank.com.sa,2021-07-07,Saudi,No,No,Yes,ريم الغامدي,Ready 3+ years
POS01319,POS01318,Analyst Core Banking,Amal Siddiqui,G11,JC1663,Professional,Technology,Example Digital,Technology,Core Banking,Core Banking Unit 1,Core Banking Unit 1 — Team B,Core Banking Unit 1 — Team B / Section 1,,Riyadh,Full-time,Filled,1,CC-1026,Enabling,Back office,Fixed,,user1319@examplebank.com.sa,2014-10-24,Saudi,No,No,No,,
POS01320,POS01318,Specialist Core Banking,Maya Saleh,G10,JC6194,Professional,Technology,Example Digital,Technology,Core Banking,Core Banking Unit 1,Core Banking Unit 1 — Team B,Core Banking Unit 1 — Team B / Section 2,,Jeddah,Contractor,Filled,1,CC-1003,Enabling,Back office,Fixed,,user1320@examplebank.com.sa,2023-08-15,Indian,No,No,No,,
POS01321,POS01318,Associate Core Banking,Sami Darwish,G10,JC4553,Professional,Technology,Example Digital,Technology,Core Banking,Core Banking Unit 1,Core Banking Unit 1 — Team B,Core Banking Unit 1 — Team B / Section 2,,Jeddah,Full-time,Filled,1,CC-1046,Enabling,Back office,Fixed,,user1321@examplebank.com.sa,2017-07-04,Saudi,No,No,No,,
POS01322,POS01318,Analyst Core Banking,Ziad Nasser,G10,JC5356,Professional,Technology,Example Digital,Technology,Core Banking,Core Banking Unit 1,Core Banking Unit 1 — Team B,Core Banking Unit 1 — Team B / Section 1,,Riyadh,Full-time,Filled,1,CC-1045,Enabling,Back office,Bonus,,user1322@examplebank.com.sa,2008-02-21,Saudi,No,No,No,,
POS01323,POS01318,Specialist Core Banking,,G11,JC5370,Professional,Technology,Example Digital,Technology,Core Banking,Core Banking Unit 1,Core Banking Unit 1 — Team B,Core Banking Unit 1 — Team B / Section 2,,Khobar,Full-time,Vacant,1,CC-1022,Enabling,Back office,Fixed,,,2012-06-22,Saudi,No,No,No,,
POS01324,POS01318,Analyst Core Banking,ماجد القحطاني,G11,JC1854,Professional,Technology,Example Digital,Technology,Core Banking,Core Banking Unit 1,Core Banking Unit 1 — Team B,Core Banking Unit 1 — Team B / Section 2,,Jeddah,Full-time,Filled,0.5,CC-1018,Enabling,Back office,Fixed,,user1324@examplebank.com.sa,2018-04-16,British,No,No,No,,
POS01325,POS01318,Analyst Core Banking,نورة الزهراني,G10,JC2302,Professional,Technology,Example Digital,Technology,Core Banking,Core Banking Unit 1,Core Banking Unit 1 — Team B,Core Banking Unit 1 — Team B / Section 2,,Riyadh,Full-time,Filled,1,CC-1060,Enabling,Back office,Bonus,,user1325@examplebank.com.sa,2009-10-16,Saudi,No,No,No,,
POS01326,POS01318,Associate Core Banking,سارة الشمري,G10,JC1462,Professional,Technology,Example Digital,Technology,Core Banking,Core Banking Unit 1,Core Banking Unit 1 — Team B,Core Banking Unit 1 — Team B / Section 1,,Dammam,Full-time,Filled,1,CC-1029,Enabling,Back office,Fixed,,user1326@examplebank.com.sa,2008-06-23,Indian,No,No,Yes,هند السبيعي,Ready 3+ years
POS01327,POS01318,Specialist Core Banking,Rami Haddad,G10,JC1401,Professional,Technology,Example Digital,Technology,Core Banking,Core Banking Unit 1,Core Banking Unit 1 — Team B,Core Banking Unit 1 — Team B / Section 2,,Jeddah,Full-time,Filled,1,CC-1036,Enabling,Back office,Fixed,,user1327@examplebank.com.sa,2017-11-24,Egyptian,No,No,No,,
POS01328,POS01318,Analyst Core Banking,,G10,JC9987,Professional,Technology,Example Digital,Technology,Core Banking,Core Banking Unit 1,Core Banking Unit 1 — Team B,Core Banking Unit 1 — Team B / Section 2,,Remote,Full-time,Vacant,1,CC-1046,Enabling,Back office,Fixed,,,2023-12-02,British,No,No,No,,
POS01329,POS01304,Manager Core Banking,Rana Darwish,G13,JC1520,Management,Technology,Example Digital,Technology,Core Banking,Core Banking Unit 1,Core Banking Unit 1 — Team C,,,Khobar,Full-time,Filled,1,CC-1047,Enabling,Back office,Bonus,,user1329@examplebank.com.sa,2022-10-19,Saudi,No,No,No,,
POS01330,POS01329,Associate Core Banking,Tariq Rashed,G10,JC1422,Professional,Technology,Example Digital,Technology,Core Banking,Core Banking Unit 1,Core Banking Unit 1 — Team C,Core Banking Unit 1 — Team C / Section 1,,Riyadh,Full-time,Filled,1,CC-1010,Enabling,Back office,Fixed,,user1330@examplebank.com.sa,2021-07-07,Saudi,No,No,Yes,دانة القحطاني,Ready now
POS01331,POS01329,Analyst Core Banking,,G9,JC1322,Professional,Technology,Example Digital,Technology,Core Banking,Core Banking Unit 1,Core Banking Unit 1 — Team C,Core Banking Unit 1 — Team C / Section 1,,Riyadh,Full-time,Vacant,1,CC-1043,Enabling,Back office,Fixed,,,2014-06-14,Jordanian,No,No,No,,
POS01332,POS01329,Senior Analyst Core Banking,Salma Idris,G10,JC9488,Professional,Technology,Example Digital,Technology,Core Banking,Core Banking Unit 1,Core Banking Unit 1 — Team C,Core Banking Unit 1 — Team C / Section 2,,Dammam,Full-time,Filled,1,CC-1035,Enabling,Back office,Fixed,,user1332@examplebank.com.sa,2021-06-06,Saudi,No,No,No,,
POS01333,POS01329,Associate Core Banking,ريم القحطاني,G12,JC3827,Management,Technology,Example Digital,Technology,Core Banking,Core Banking Unit 1,Core Banking Unit 1 — Team C,Core Banking Unit 1 — Team C / Section 1,,Jeddah,Contractor,Filled,1,CC-1005,Enabling,Back office,Fixed,,user1333@examplebank.com.sa,2011-08-25,Egyptian,No,No,Yes,Layla Idris,Ready 3+ years
POS01334,POS01329,Specialist Core Banking,نورة السبيعي,G12,JC5150,Management,Technology,Example Digital,Technology,Core Banking,Core Banking Unit 1,Core Banking Unit 1 — Team C,Core Banking Unit 1 — Team C / Section 2,,Riyadh,Full-time,Filled,1,CC-1052,Enabling,Back office,Bonus,,user1334@examplebank.com.sa,2022-03-21,British,No,No,No,,
POS01335,POS01329,Senior Analyst Core Banking,Yusuf Idris,G10,JC6951,Professional,Technology,Example Digital,Technology,Core Banking,Core Banking Unit 1,Core Banking Unit 1 — Team C,Core Banking Unit 1 — Team C / Section 1,,Riyadh,Full-time,Filled,1,CC-1009,Enabling,Back office,Bonus,,user1335@examplebank.com.sa,2020-03-08,Egyptian,No,No,No,,
POS01336,POS01329,Senior Analyst Core Banking,Adel Osman,G9,JC2462,Professional,Technology,Example Digital,Technology,Core Banking,Core Banking Unit 1,Core Banking Unit 1 — Team C,Core Banking Unit 1 — Team C / Section 2,,Jeddah,Full-time,Filled,1,CC-1041,Enabling,Back office,Fixed,,user1336@examplebank.com.sa,2014-09-03,British,No,No,No,,
POS01337,POS01329,Senior Analyst Core Banking,Adel Younes,G10,JC6142,Professional,Technology,Example Digital,Technology,Core Banking,Core Banking Unit 1,Core Banking Unit 1 — Team C,Core Banking Unit 1 — Team C / Section 2,,Remote,Full-time,Filled,1,CC-1037,Enabling,Back office,Bonus,,user1337@examplebank.com.sa,2014-01-09,Saudi,No,No,Yes,ريم الحربي,Ready 3+ years
POS01338,POS01329,Officer Core Banking,عبدالله السبيعي,G11,JC1752,Professional,Technology,Example Digital,Technology,Core Banking,Core Banking Unit 1,Core Banking Unit 1 — Team C,Core Banking Unit 1 — Team C / Section 2,,Riyadh,Full-time,Filled,1,CC-1009,Enabling,Back office,Bonus,,user1338@examplebank.com.sa,2025-02-16,Saudi,No,No,No,,
POS01339,POS01329,Associate Core Banking,لطيفة الدوسري,G10,JC5791,Professional,Technology,Example Digital,Technology,Core Banking,Core Banking Unit 1,Core Banking Unit 1 — Team C,Core Banking Unit 1 — Team C / Section 2,,Riyadh,Full-time,Filled,1,CC-1013,Enabling,Back office,Bonus,,user1339@examplebank.com.sa,2014-01-17,Saudi,No,No,Yes,Maya Khan,Ready 1-2 years
POS01340,POS01329,Senior Officer Core Banking,سارة المطيري,G11,JC9593,Professional,Technology,Example Digital,Technology,Core Banking,Core Banking Unit 1,Core Banking Unit 1 — Team C,Core Banking Unit 1 — Team C / Section 1,,Jeddah,Full-time,Filled,1,CC-1007,Enabling,Back office,Bonus,,user1340@examplebank.com.sa,2018-04-26,Saudi,No,No,No,,
POS01341,POS01329,Senior Officer Core Banking,Rami Haddad,G11,JC2127,Professional,Technology,Example Digital,Technology,Core Banking,Core Banking Unit 1,Core Banking Unit 1 — Team C,Core Banking Unit 1 — Team C / Section 1,,Khobar,Full-time,Filled,1,CC-1017,Enabling,Back office,Fixed,,user1341@examplebank.com.sa,2021-03-19,Saudi,No,No,No,,
POS01342,POS01303,Senior Manager Core Banking,هند الشمري,G14,JC4186,Leadership,Technology,Example Digital,Technology,Core Banking,Core Banking Unit 2,,,,Jeddah,Full-time,Filled,1,CC-1001,Enabling,Back office,Bonus,Specialist Bench,user1342@examplebank.com.sa,2022-03-18,Jordanian,Yes,No,Yes,Rami Saleh,Ready 3+ years
POS01343,POS01342,Manager Core Banking,Adel Bakr,G13,JC7411,Management,Technology,Example Digital,Technology,Core Banking,Core Banking Unit 2,Core Banking Unit 2 — Team A,,,Riyadh,Full-time,Filled,1,CC-1027,Enabling,Back office,Bonus,,user1343@examplebank.com.sa,2025-07-23,British,No,No,No,,
POS01344,POS01343,Officer Core Banking,Rami Saleh,G10,JC8665,Professional,Technology,Example Digital,Technology,Core Banking,Core Banking Unit 2,Core Banking Unit 2 — Team A,Core Banking Unit 2 — Team A / Section 2,,Jeddah,Full-time,Filled,1,CC-1037,Enabling,Back office,Fixed,,user1344@examplebank.com.sa,2019-12-01,Jordanian,No,No,Yes,Yusuf Saleh,Ready 3+ years
POS01345,POS01343,Officer Core Banking,Nasser Rashed,G12,JC7431,Management,Technology,Example Digital,Technology,Core Banking,Core Banking Unit 2,Core Banking Unit 2 — Team A,Core Banking Unit 2 — Team A / Section 2,,Khobar,Full-time,Filled,1,CC-1028,Enabling,Back office,Bonus,,user1345@examplebank.com.sa,2016-10-13,Jordanian,No,No,Yes,عبدالله الحربي,Ready now
POS01346,POS01343,Officer Core Banking,ماجد القحطاني,G11,JC4384,Professional,Technology,Example Digital,Technology,Core Banking,Core Banking Unit 2,Core Banking Unit 2 — Team A,Core Banking Unit 2 — Team A / Section 2,,Remote,Full-time,Filled,1,CC-1004,Enabling,Back office,Fixed,,user1346@examplebank.com.sa,2023-11-24,Jordanian,No,No,No,,
POS01347,POS01343,Officer Core Banking,Waleed Rashed,G10,JC3291,Professional,Technology,Example Digital,Technology,Core Banking,Core Banking Unit 2,Core Banking Unit 2 — Team A,Core Banking Unit 2 — Team A / Section 2,,Remote,Full-time,Filled,1,CC-1020,Enabling,Back office,Fixed,Specialist Bench,user1347@examplebank.com.sa,2022-03-27,Saudi,No,No,Yes,خالد المطيري,Ready now
POS01348,POS01343,Officer Core Banking,,G11,JC4335,Professional,Technology,Example Digital,Technology,Core Banking,Core Banking Unit 2,Core Banking Unit 2 — Team A,Core Banking Unit 2 — Team A / Section 2,,Dammam,Full-time,Vacant,1,CC-1013,Enabling,Back office,Fixed,,,2023-03-03,Saudi,No,No,No,,
POS01349,POS01343,Specialist Core Banking,Maya Siddiqui,G12,JC3739,Management,Technology,Example Digital,Technology,Core Banking,Core Banking Unit 2,Core Banking Unit 2 — Team A,Core Banking Unit 2 — Team A / Section 2,,Riyadh,Full-time,Filled,1,CC-1021,Enabling,Back office,Fixed,,user1349@examplebank.com.sa,2024-11-17,British,No,No,No,,
POS01350,POS01342,Manager Core Banking,ماجد المطيري,G13,JC2389,Management,Technology,Example Digital,Technology,Core Banking,Core Banking Unit 2,Core Banking Unit 2 — Team B,,,Riyadh,Full-time,Filled,1,CC-1017,Enabling,Back office,Bonus,,user1350@examplebank.com.sa,2018-02-14,Saudi,No,No,No,,
POS01351,POS01350,Associate Core Banking,Rami Fahmy,G10,JC6729,Professional,Technology,Example Digital,Technology,Core Banking,Core Banking Unit 2,Core Banking Unit 2 — Team B,Core Banking Unit 2 — Team B / Section 1,,Riyadh,Full-time,Filled,1,CC-1039,Enabling,Back office,Bonus,,user1351@examplebank.com.sa,2023-05-12,Saudi,No,No,No,,
POS01352,POS01350,Officer Core Banking,Hassan Farouk,G10,JC2616,Professional,Technology,Example Digital,Technology,Core Banking,Core Banking Unit 2,Core Banking Unit 2 — Team B,Core Banking Unit 2 — Team B / Section 1,,Riyadh,Full-time,Filled,1,CC-1026,Enabling,Back office,Bonus,,user1352@examplebank.com.sa,2015-11-15,Saudi,No,No,No,,
POS01353,POS01350,Officer Core Banking,Huda Bakr,G11,JC3429,Professional,Technology,Example Digital,Technology,Core Banking,Core Banking Unit 2,Core Banking Unit 2 — Team B,Core Banking Unit 2 — Team B / Section 2,,Remote,Full-time,Filled,1,CC-1020,Enabling,Back office,Bonus,,user1353@examplebank.com.sa,2022-07-17,Indian,No,No,Yes,Salma Bakr,Ready now
POS01354,POS01350,Senior Officer Core Banking,Dana Siddiqui,G10,JC9624,Professional,Technology,Example Digital,Technology,Core Banking,Core Banking Unit 2,Core Banking Unit 2 — Team B,Core Banking Unit 2 — Team B / Section 1,,Riyadh,Full-time,Filled,1,CC-1000,Enabling,Back office,Bonus,,user1354@examplebank.com.sa,2010-03-19,Indian,No,No,No,,
POS01355,POS01350,Analyst Core Banking,دانة الحربي,G9,JC5748,Professional,Technology,Example Digital,Technology,Core Banking,Core Banking Unit 2,Core Banking Unit 2 — Team B,Core Banking Unit 2 — Team B / Section 1,,Dammam,Full-time,Filled,1,CC-1010,Enabling,Back office,Fixed,,user1355@examplebank.com.sa,2024-07-07,Saudi,No,No,No,,
POS01356,POS01350,Senior Officer Core Banking,,G10,JC7000,Professional,Technology,Example Digital,Technology,Core Banking,Core Banking Unit 2,Core Banking Unit 2 — Team B,Core Banking Unit 2 — Team B / Section 1,,Remote,Full-time,Vacant,1,CC-1013,Enabling,Back office,Bonus,,,2012-12-14,Saudi,No,No,Yes,فيصل الزهراني,Ready 3+ years
POS01357,POS01350,Specialist Core Banking,Nasser Haddad,G12,JC6373,Management,Technology,Example Digital,Technology,Core Banking,Core Banking Unit 2,Core Banking Unit 2 — Team B,Core Banking Unit 2 — Team B / Section 1,,Dammam,Full-time,Filled,1,CC-1043,Enabling,Back office,Fixed,,user1357@examplebank.com.sa,2023-02-13,Saudi,No,No,No,,
POS01358,POS01350,Analyst Core Banking,Bilal Bakr,G9,JC8741,Professional,Technology,Example Digital,Technology,Core Banking,Core Banking Unit 2,Core Banking Unit 2 — Team B,Core Banking Unit 2 — Team B / Section 1,,Khobar,Full-time,Filled,0.5,CC-1015,Enabling,Back office,Fixed,Saudi Graduates,user1358@examplebank.com.sa,2024-03-21,Saudi,No,No,No,,
POS01359,POS01350,Associate Core Banking,,G9,JC6043,Professional,Technology,Example Digital,Technology,Core Banking,Core Banking Unit 2,Core Banking Unit 2 — Team B,Core Banking Unit 2 — Team B / Section 1,,Dammam,Full-time,Vacant,1,CC-1041,Enabling,Back office,Fixed,,,2025-02-15,Egyptian,No,No,No,,
POS01360,POS01350,Senior Officer Core Banking,عبدالله الدوسري,G10,JC5789,Professional,Technology,Example Digital,Technology,Core Banking,Core Banking Unit 2,Core Banking Unit 2 — Team B,Core Banking Unit 2 — Team B / Section 1,,Riyadh,Full-time,Filled,1,CC-1002,Enabling,Back office,Fixed,,user1360@examplebank.com.sa,2016-12-24,British,No,No,No,,
POS01361,POS01350,Specialist Core Banking,Rana Nasser,G10,JC9773,Professional,Technology,Example Digital,Technology,Core Banking,Core Banking Unit 2,Core Banking Unit 2 — Team B,Core Banking Unit 2 — Team B / Section 2,,Dammam,Contractor,Filled,1,CC-1009,Enabling,Back office,Bonus,,user1361@examplebank.com.sa,2014-01-19,Saudi,No,No,No,,
POS01362,POS01350,Senior Officer Core Banking,Rami Karim,G12,JC9459,Management,Technology,Example Digital,Technology,Core Banking,Core Banking Unit 2,Core Banking Unit 2 — Team B,Core Banking Unit 2 — Team B / Section 1,,Riyadh,Full-time,Filled,1,CC-1011,Enabling,Back office,Fixed,,user1362@examplebank.com.sa,2025-07-13,Saudi,No,No,No,,
POS01363,POS01342,Manager Core Banking,Dana Darwish,G13,JC7107,Management,Technology,Example Digital,Technology,Core Banking,Core Banking Unit 2,Core Banking Unit 2 — Team C,,,Dammam,Full-time,Filled,1,CC-1052,Enabling,Back office,Bonus,,user1363@examplebank.com.sa,2022-12-25,Saudi,No,No,No,,
POS01364,POS01363,Officer Core Banking,Rami Idris,G11,JC1639,Professional,Technology,Example Digital,Technology,Core Banking,Core Banking Unit 2,Core Banking Unit 2 — Team C,Core Banking Unit 2 — Team C / Section 2,,Riyadh,Contractor,Filled,1,CC-1055,Enabling,Back office,Fixed,,user1364@examplebank.com.sa,2011-11-21,Egyptian,No,No,No,,
POS01365,POS01363,Senior Analyst Core Banking,Bilal Khan,G10,JC1719,Professional,Technology,Example Digital,Technology,Core Banking,Core Banking Unit 2,Core Banking Unit 2 — Team C,Core Banking Unit 2 — Team C / Section 1,,Jeddah,Full-time,Filled,1,CC-1013,Enabling,Back office,Bonus,,user1365@examplebank.com.sa,2012-05-16,Jordanian,No,No,Yes,فيصل السبيعي,Ready 3+ years
POS01366,POS01363,Analyst Core Banking,أحمد المطيري,G9,JC5334,Professional,Technology,Example Digital,Technology,Core Banking,Core Banking Unit 2,Core Banking Unit 2 — Team C,Core Banking Unit 2 — Team C / Section 2,,Riyadh,Full-time,Filled,0.5,CC-1027,Enabling,Back office,Fixed,,user1366@examplebank.com.sa,2014-08-24,Jordanian,No,No,No,,
POS01367,POS01363,Associate Core Banking,عبدالله الشمري,G10,JC7601,Professional,Technology,Example Digital,Technology,Core Banking,Core Banking Unit 2,Core Banking Unit 2 — Team C,Core Banking Unit 2 — Team C / Section 2,,Riyadh,Full-time,Filled,1,CC-1031,Enabling,Back office,Fixed,,user1367@examplebank.com.sa,2009-04-21,Egyptian,No,No,No,,
POS01368,POS01363,Officer Core Banking,,G10,JC9293,Professional,Technology,Example Digital,Technology,Core Banking,Core Banking Unit 2,Core Banking Unit 2 — Team C,Core Banking Unit 2 — Team C / Section 1,,Remote,Full-time,Vacant,1,CC-1020,Enabling,Back office,Fixed,,,2016-08-26,Saudi,No,No,No,,
POS01369,POS01363,Specialist Core Banking,Waleed Rashed,G12,JC9722,Management,Technology,Example Digital,Technology,Core Banking,Core Banking Unit 2,Core Banking Unit 2 — Team C,Core Banking Unit 2 — Team C / Section 1,,Riyadh,Full-time,Filled,1,CC-1039,Enabling,Back office,Bonus,,user1369@examplebank.com.sa,2025-04-25,Indian,No,No,No,,
POS01370,POS01363,Officer Core Banking,Sami Younes,G12,JC2777,Management,Technology,Example Digital,Technology,Core Banking,Core Banking Unit 2,Core Banking Unit 2 — Team C,Core Banking Unit 2 — Team C / Section 1,,Riyadh,Full-time,Filled,1,CC-1052,Enabling,Back office,Bonus,,user1370@examplebank.com.sa,2020-08-17,Saudi,No,No,No,,
POS01371,POS01363,Specialist Core Banking,,G9,JC9393,Professional,Technology,Example Digital,Technology,Core Banking,Core Banking Unit 2,Core Banking Unit 2 — Team C,Core Banking Unit 2 — Team C / Section 2,,Jeddah,Full-time,Vacant,1,CC-1045,Enabling,Back office,Fixed,,,2021-12-12,British,No,No,No,,
POS01372,POS01363,Officer Core Banking,Noor Farouk,G10,JC2966,Professional,Technology,Example Digital,Technology,Core Banking,Core Banking Unit 2,Core Banking Unit 2 — Team C,Core Banking Unit 2 — Team C / Section 1,,Dammam,Full-time,Filled,1,CC-1047,Enabling,Back office,Fixed,,user1372@examplebank.com.sa,2019-02-18,Saudi,No,No,No,,
POS01373,POS01363,Senior Analyst Core Banking,Maya Qureshi,G10,JC1185,Professional,Technology,Example Digital,Technology,Core Banking,Core Banking Unit 2,Core Banking Unit 2 — Team C,Core Banking Unit 2 — Team C / Section 1,,Dammam,Full-time,Filled,1,CC-1033,Enabling,Back office,Fixed,,user1373@examplebank.com.sa,2011-11-28,Egyptian,No,No,No,,
POS01374,POS01363,Associate Core Banking,Amal Bakr,G10,JC9342,Professional,Technology,Example Digital,Technology,Core Banking,Core Banking Unit 2,Core Banking Unit 2 — Team C,Core Banking Unit 2 — Team C / Section 2,,Riyadh,Full-time,Filled,1,CC-1028,Enabling,Back office,Fixed,,user1374@examplebank.com.sa,2024-06-27,Indian,No,No,No,,
POS01375,POS01342,Manager Core Banking,Noor Haddad,G13,JC4292,Management,Technology,Example Digital,Technology,Core Banking,Core Banking Unit 2,Core Banking Unit 2 — Team D,,,Jeddah,Full-time,Filled,1,CC-1018,Enabling,Back office,Bonus,,user1375@examplebank.com.sa,2012-12-27,Saudi,No,No,No,,
POS01376,POS01375,Senior Officer Core Banking,لطيفة القحطاني,G12,JC3872,Management,Technology,Example Digital,Technology,Core Banking,Core Banking Unit 2,Core Banking Unit 2 — Team D,Core Banking Unit 2 — Team D / Section 1,,Remote,Full-time,Filled,1,CC-1049,Enabling,Back office,Fixed,,user1376@examplebank.com.sa,2019-02-09,Saudi,No,No,No,,
POS01377,POS01375,Officer Core Banking,Adel Idris,G10,JC1881,Professional,Technology,Example Digital,Technology,Core Banking,Core Banking Unit 2,Core Banking Unit 2 — Team D,Core Banking Unit 2 — Team D / Section 2,,Khobar,Full-time,Filled,1,CC-1012,Enabling,Back office,Bonus,Saudi Graduates,user1377@examplebank.com.sa,2023-04-17,Indian,No,No,No,,
POS01378,POS01375,Senior Analyst Core Banking,ماجد المطيري,G10,JC4833,Professional,Technology,Example Digital,Technology,Core Banking,Core Banking Unit 2,Core Banking Unit 2 — Team D,Core Banking Unit 2 — Team D / Section 2,,Jeddah,Contractor,Filled,1,CC-1001,Enabling,Back office,Fixed,,user1378@examplebank.com.sa,2008-04-10,Jordanian,No,No,No,,
POS01379,POS01375,Officer Core Banking,Adel Haddad,G9,JC9884,Professional,Technology,Example Digital,Technology,Core Banking,Core Banking Unit 2,Core Banking Unit 2 — Team D,Core Banking Unit 2 — Team D / Section 2,,Jeddah,Full-time,Filled,1,CC-1029,Enabling,Back office,Fixed,,user1379@examplebank.com.sa,2021-01-07,Saudi,No,No,No,,
POS01380,POS01375,Analyst Core Banking,,G12,JC3417,Management,Technology,Example Digital,Technology,Core Banking,Core Banking Unit 2,Core Banking Unit 2 — Team D,Core Banking Unit 2 — Team D / Section 1,,Remote,Full-time,Vacant,0.5,CC-1005,Enabling,Back office,Fixed,,,2010-11-12,Saudi,No,No,No,,
POS01381,POS01375,Associate Core Banking,Lina Siddiqui,G9,JC1743,Professional,Technology,Example Digital,Technology,Core Banking,Core Banking Unit 2,Core Banking Unit 2 — Team D,Core Banking Unit 2 — Team D / Section 2,,Jeddah,Full-time,Filled,1,CC-1056,Enabling,Back office,Bonus,,user1381@examplebank.com.sa,2013-05-25,British,No,No,Yes,Bilal Farouk,Ready 1-2 years
POS01382,POS01375,Analyst Core Banking,Lina Mansour,G12,JC1250,Management,Technology,Example Digital,Technology,Core Banking,Core Banking Unit 2,Core Banking Unit 2 — Team D,Core Banking Unit 2 — Team D / Section 2,,Remote,Full-time,Filled,1,CC-1003,Enabling,Back office,Fixed,,user1382@examplebank.com.sa,2012-05-02,Saudi,No,No,No,,
POS01383,POS01375,Senior Officer Core Banking,,G9,JC5567,Professional,Technology,Example Digital,Technology,Core Banking,Core Banking Unit 2,Core Banking Unit 2 — Team D,Core Banking Unit 2 — Team D / Section 2,,Riyadh,Full-time,Vacant,1,CC-1025,Enabling,Back office,Bonus,,,2020-08-26,Saudi,No,No,No,,
POS01384,POS01375,Senior Analyst Core Banking,Rana Khan,G9,JC8904,Professional,Technology,Example Digital,Technology,Core Banking,Core Banking Unit 2,Core Banking Unit 2 — Team D,Core Banking Unit 2 — Team D / Section 2,,Riyadh,Full-time,Filled,1,CC-1020,Enabling,Back office,Fixed,,user1384@examplebank.com.sa,2019-11-04,Saudi,No,No,No,,
POS01385,POS01303,Senior Manager Core Banking,Tariq Fahmy,G14,JC9029,Leadership,Technology,Example Digital,Technology,Core Banking,Core Banking Unit 3,,,,Riyadh,Full-time,Filled,1,CC-1041,Enabling,Back office,Bonus,,user1385@examplebank.com.sa,2017-08-04,Saudi,Yes,No,Yes,لطيفة العتيبي,Ready 1-2 years
POS01386,POS01385,Manager Core Banking,Karim Qureshi,G13,JC5149,Management,Technology,Example Digital,Technology,Core Banking,Core Banking Unit 3,Core Banking Unit 3 — Team A,,,Remote,Full-time,Filled,1,CC-1038,Enabling,Back office,Bonus,,user1386@examplebank.com.sa,2008-02-02,Egyptian,No,No,No,,
POS01387,POS01386,Senior Officer Core Banking,Aisha Darwish,G10,JC3386,Professional,Technology,Example Digital,Technology,Core Banking,Core Banking Unit 3,Core Banking Unit 3 — Team A,Core Banking Unit 3 — Team A / Section 2,,Riyadh,Full-time,Filled,1,CC-1056,Enabling,Back office,Fixed,,user1387@examplebank.com.sa,2025-03-23,Egyptian,No,No,No,,
POS01388,POS01386,Senior Officer Core Banking,Yusuf Saleh,G9,JC4278,Professional,Technology,Example Digital,Technology,Core Banking,Core Banking Unit 3,Core Banking Unit 3 — Team A,Core Banking Unit 3 — Team A / Section 1,,Riyadh,Full-time,Filled,0.5,CC-1003,Enabling,Back office,Bonus,,user1388@examplebank.com.sa,2014-08-22,Jordanian,No,No,No,,
POS01389,POS01386,Senior Analyst Core Banking,,G10,JC7641,Professional,Technology,Example Digital,Technology,Core Banking,Core Banking Unit 3,Core Banking Unit 3 — Team A,Core Banking Unit 3 — Team A / Section 2,,Riyadh,Full-time,Vacant,1,CC-1027,Enabling,Back office,Fixed,,,2020-04-18,Saudi,No,No,No,,
POS01390,POS01386,Associate Core Banking,Karim Karim,G10,JC8496,Professional,Technology,Example Digital,Technology,Core Banking,Core Banking Unit 3,Core Banking Unit 3 — Team A,Core Banking Unit 3 — Team A / Section 2,,Riyadh,Full-time,Filled,1,CC-1038,Enabling,Back office,Fixed,Saudi Graduates,user1390@examplebank.com.sa,2011-02-22,Saudi,No,No,No,,
POS01391,POS01386,Specialist Core Banking,Aisha Farouk,G9,JC5568,Professional,Technology,Example Digital,Technology,Core Banking,Core Banking Unit 3,Core Banking Unit 3 — Team A,Core Banking Unit 3 — Team A / Section 2,,Riyadh,Full-time,Filled,1,CC-1000,Enabling,Back office,Fixed,,user1391@examplebank.com.sa,2008-03-12,Indian,No,No,Yes,Bilal Darwish,Ready 1-2 years
POS01392,POS01386,Specialist Core Banking,Nasser Siddiqui,G12,JC5556,Management,Technology,Example Digital,Technology,Core Banking,Core Banking Unit 3,Core Banking Unit 3 — Team A,Core Banking Unit 3 — Team A / Section 2,,Riyadh,Full-time,Filled,1,CC-1053,Enabling,Back office,Fixed,,user1392@examplebank.com.sa,2025-02-20,Saudi,No,No,No,,
POS01393,POS01386,Senior Officer Core Banking,نورة السبيعي,G10,JC7641,Professional,Technology,Example Digital,Technology,Core Banking,Core Banking Unit 3,Core Banking Unit 3 — Team A,Core Banking Unit 3 — Team A / Section 1,,Jeddah,Full-time,Filled,1,CC-1050,Enabling,Back office,Fixed,,user1393@examplebank.com.sa,2016-06-18,Saudi,No,No,No,,
POS01394,POS01386,Officer Core Banking,Adel Nasser,G10,JC1025,Professional,Technology,Example Digital,Technology,Core Banking,Core Banking Unit 3,Core Banking Unit 3 — Team A,Core Banking Unit 3 — Team A / Section 2,,Riyadh,Full-time,Filled,1,CC-1030,Enabling,Back office,Fixed,,user1394@examplebank.com.sa,2010-08-13,Saudi,No,No,No,,
POS01395,POS01386,Senior Analyst Core Banking,,G11,JC4372,Professional,Technology,Example Digital,Technology,Core Banking,Core Banking Unit 3,Core Banking Unit 3 — Team A,Core Banking Unit 3 — Team A / Section 1,,Dammam,Full-time,Vacant,1,CC-1010,Enabling,Back office,Fixed,Emerging Leaders,,2016-02-11,Saudi,No,No,Yes,Karim Fahmy,Ready now
POS01396,POS01385,Manager Core Banking,Yusuf Baker,G13,JC4423,Management,Technology,Example Digital,Technology,Core Banking,Core Banking Unit 3,Core Banking Unit 3 — Team B,,,Riyadh,Full-time,Filled,1,CC-1019,Enabling,Back office,Bonus,,user1396@examplebank.com.sa,2008-04-14,Saudi,No,No,Yes,دانة الحربي,Ready 3+ years
POS01397,POS01396,Associate Core Banking,Yusuf Darwish,G11,JC3830,Professional,Technology,Example Digital,Technology,Core Banking,Core Banking Unit 3,Core Banking Unit 3 — Team B,Core Banking Unit 3 — Team B / Section 2,,Riyadh,Full-time,Filled,1,CC-1057,Enabling,Back office,Fixed,,user1397@examplebank.com.sa,2022-05-25,Saudi,No,No,No,,
POS01398,POS01396,Specialist Core Banking,Rana Karim,G10,JC9222,Professional,Technology,Example Digital,Technology,Core Banking,Core Banking Unit 3,Core Banking Unit 3 — Team B,Core Banking Unit 3 — Team B / Section 2,,Jeddah,Full-time,Filled,1,CC-1039,Enabling,Back office,Fixed,,user1398@examplebank.com.sa,2013-05-22,Saudi,No,No,No,,
POS01399,POS01396,Senior Officer Core Banking,سلطان القحطاني,G11,JC5716,Professional,Technology,Example Digital,Technology,Core Banking,Core Banking Unit 3,Core Banking Unit 3 — Team B,Core Banking Unit 3 — Team B / Section 1,,Jeddah,Full-time,Filled,1,CC-1036,Enabling,Back office,Bonus,,user1399@examplebank.com.sa,2020-12-19,Saudi,No,No,No,,
POS01400,POS01396,Officer Core Banking,Waleed Baker,G9,JC4354,Professional,Technology,Example Digital,Technology,Core Banking,Core Banking Unit 3,Core Banking Unit 3 — Team B,Core Banking Unit 3 — Team B / Section 2,,Khobar,Full-time,Filled,1,CC-1001,Enabling,Back office,Fixed,,user1400@examplebank.com.sa,2008-03-09,Saudi,No,No,No,,
POS01401,POS01396,Analyst Core Banking,Amal Baker,G10,JC1131,Professional,Technology,Example Digital,Technology,Core Banking,Core Banking Unit 3,Core Banking Unit 3 — Team B,Core Banking Unit 3 — Team B / Section 1,,Dammam,Full-time,Filled,1,CC-1000,Enabling,Back office,Fixed,,user1401@examplebank.com.sa,2021-03-28,British,No,No,No,,
POS01402,POS01396,Officer Core Banking,دانة العتيبي,G9,JC4217,Professional,Technology,Example Digital,Technology,Core Banking,Core Banking Unit 3,Core Banking Unit 3 — Team B,Core Banking Unit 3 — Team B / Section 1,,Khobar,Full-time,Filled,1,CC-1019,Enabling,Back office,Fixed,,user1402@examplebank.com.sa,2012-03-16,Saudi,No,No,No,,
POS01403,POS01396,Specialist Core Banking,خالد الزهراني,G10,JC8693,Professional,Technology,Example Digital,Technology,Core Banking,Core Banking Unit 3,Core Banking Unit 3 — Team B,Core Banking Unit 3 — Team B / Section 1,,Khobar,Full-time,Filled,0.5,CC-1015,Enabling,Back office,Fixed,,user1403@examplebank.com.sa,2013-10-04,Saudi,No,No,No,,
POS01404,POS01396,Analyst Core Banking,Noor Aziz,G10,JC1134,Professional,Technology,Example Digital,Technology,Core Banking,Core Banking Unit 3,Core Banking Unit 3 — Team B,Core Banking Unit 3 — Team B / Section 2,,Remote,Full-time,Filled,1,CC-1014,Enabling,Back office,Fixed,,user1404@examplebank.com.sa,2025-05-01,Saudi,No,No,Yes,سارة الحربي,Ready 3+ years
POS01405,POS01302,Head of Digital Channels,أحمد الدوسري,G15,JC3137,Leadership,Technology,Example Digital,Technology,Digital Channels,,,,,Riyadh,Full-time,Filled,1,CC-1006,Enabling,Back office,Bonus,,user1405@examplebank.com.sa,2014-12-03,Saudi,Yes,No,Yes,Adel Fahmy,Ready 1-2 years
POS01406,POS01405,Senior Manager Digital Channels,Sami Karim,G14,JC3052,Leadership,Technology,Example Digital,Technology,Digital Channels,Digital Channels Unit 1,,,,Khobar,Full-time,Filled,1,CC-1057,Enabling,Back office,Bonus,,user1406@examplebank.com.sa,2010-06-06,Saudi,Yes,No,Yes,Omar Haddad,Ready 3+ years
POS01407,POS01406,Manager Digital Channels,Huda Baker,G13,JC6508,Management,Technology,Example Digital,Technology,Digital Channels,Digital Channels Unit 1,Digital Channels Unit 1 — Team A,,,Remote,Full-time,Filled,1,CC-1010,Enabling,Back office,Bonus,,user1407@examplebank.com.sa,2010-12-28,Saudi,No,No,No,,
POS01408,POS01407,Senior Officer Digital Channels,سارة الزهراني,G9,JC3617,Professional,Technology,Example Digital,Technology,Digital Channels,Digital Channels Unit 1,Digital Channels Unit 1 — Team A,Digital Channels Unit 1 — Team A / Section 1,,Riyadh,Contractor,Filled,1,CC-1054,Enabling,Back office,Fixed,,user1408@examplebank.com.sa,2010-02-11,Saudi,No,No,Yes,Layla Aziz,Ready 1-2 years
POS01409,POS01407,Specialist Digital Channels,Yusuf Siddiqui,G12,JC4852,Management,Technology,Example Digital,Technology,Digital Channels,Digital Channels Unit 1,Digital Channels Unit 1 — Team A,Digital Channels Unit 1 — Team A / Section 1,,Dammam,Full-time,Filled,1,CC-1054,Enabling,Back office,Fixed,,user1409@examplebank.com.sa,2013-02-27,Saudi,No,No,No,,
POS01410,POS01407,Associate Digital Channels,Noor Fahmy,G10,JC1899,Professional,Technology,Example Digital,Technology,Digital Channels,Digital Channels Unit 1,Digital Channels Unit 1 — Team A,Digital Channels Unit 1 — Team A / Section 2,,Dammam,Full-time,Filled,1,CC-1010,Enabling,Back office,Fixed,,user1410@examplebank.com.sa,2018-07-04,Jordanian,No,No,No,,
POS01411,POS01407,Associate Digital Channels,Jana Idris,G10,JC3251,Professional,Technology,Example Digital,Technology,Digital Channels,Digital Channels Unit 1,Digital Channels Unit 1 — Team A,Digital Channels Unit 1 — Team A / Section 2,,Khobar,Full-time,Filled,1,CC-1033,Enabling,Back office,Bonus,,user1411@examplebank.com.sa,2011-03-12,Indian,No,No,No,,
POS01412,POS01407,Senior Analyst Digital Channels,Omar Idris,G9,JC7041,Professional,Technology,Example Digital,Technology,Digital Channels,Digital Channels Unit 1,Digital Channels Unit 1 — Team A,Digital Channels Unit 1 — Team A / Section 1,,Jeddah,Full-time,Filled,1,CC-1054,Enabling,Back office,Fixed,,user1412@examplebank.com.sa,2024-07-09,Saudi,No,No,No,,
POS01413,POS01407,Senior Analyst Digital Channels,,G11,JC1782,Professional,Technology,Example Digital,Technology,Digital Channels,Digital Channels Unit 1,Digital Channels Unit 1 — Team A,Digital Channels Unit 1 — Team A / Section 2,,Jeddah,Full-time,Vacant,1,CC-1053,Enabling,Back office,Bonus,,,2016-02-23,Saudi,No,No,No,,
POS01414,POS01406,Manager Digital Channels,ريم السبيعي,G13,JC4857,Management,Technology,Example Digital,Technology,Digital Channels,Digital Channels Unit 1,Digital Channels Unit 1 — Team B,,,Riyadh,Full-time,Filled,1,CC-1027,Enabling,Back office,Bonus,Specialist Bench,user1414@examplebank.com.sa,2024-06-23,Saudi,No,No,No,,
POS01415,POS01414,Officer Digital Channels,نورة العتيبي,G11,JC3210,Professional,Technology,Example Digital,Technology,Digital Channels,Digital Channels Unit 1,Digital Channels Unit 1 — Team B,Digital Channels Unit 1 — Team B / Section 1,,Riyadh,Full-time,Filled,1,CC-1030,Enabling,Back office,Fixed,,user1415@examplebank.com.sa,2012-11-17,Saudi,No,No,Yes,نورة الحربي,Ready 1-2 years
POS01416,POS01414,Specialist Digital Channels,,G9,JC2929,Professional,Technology,Example Digital,Technology,Digital Channels,Digital Channels Unit 1,Digital Channels Unit 1 — Team B,Digital Channels Unit 1 — Team B / Section 2,,Dammam,Full-time,Vacant,1,CC-1044,Enabling,Back office,Fixed,,,2017-12-23,British,No,No,Yes,Aisha Mansour,Ready 3+ years
POS01417,POS01414,Officer Digital Channels,Dana Saleh,G10,JC5471,Professional,Technology,Example Digital,Technology,Digital Channels,Digital Channels Unit 1,Digital Channels Unit 1 — Team B,Digital Channels Unit 1 — Team B / Section 1,,Riyadh,Full-time,Filled,1,CC-1043,Enabling,Back office,Bonus,,user1417@examplebank.com.sa,2024-11-09,Saudi,No,No,No,,
POS01418,POS01414,Analyst Digital Channels,Salma Darwish,G9,JC2574,Professional,Technology,Example Digital,Technology,Digital Channels,Digital Channels Unit 1,Digital Channels Unit 1 — Team B,Digital Channels Unit 1 — Team B / Section 2,,Jeddah,Full-time,Filled,1,CC-1057,Enabling,Back office,Fixed,,user1418@examplebank.com.sa,2008-01-13,Saudi,No,No,No,,
POS01419,POS01414,Senior Analyst Digital Channels,خالد المطيري,G10,JC4280,Professional,Technology,Example Digital,Technology,Digital Channels,Digital Channels Unit 1,Digital Channels Unit 1 — Team B,Digital Channels Unit 1 — Team B / Section 2,,Khobar,Contractor,Filled,1,CC-1006,Enabling,Back office,Fixed,,user1419@examplebank.com.sa,2016-07-20,Saudi,No,No,Yes,Waleed Karim,Ready 1-2 years
POS01420,POS01414,Officer Digital Channels,Ziad Rashed,G10,JC9958,Professional,Technology,Example Digital,Technology,Digital Channels,Digital Channels Unit 1,Digital Channels Unit 1 — Team B,Digital Channels Unit 1 — Team B / Section 1,,Dammam,Full-time,Filled,0.5,CC-1034,Enabling,Back office,Fixed,,user1420@examplebank.com.sa,2008-08-28,British,No,No,No,,
POS01421,POS01414,Specialist Digital Channels,دانة الزهراني,G9,JC8201,Professional,Technology,Example Digital,Technology,Digital Channels,Digital Channels Unit 1,Digital Channels Unit 1 — Team B,Digital Channels Unit 1 — Team B / Section 2,,Jeddah,Full-time,Filled,1,CC-1040,Enabling,Back office,Fixed,,user1421@examplebank.com.sa,2019-09-14,Saudi,No,No,No,,
POS01422,POS01414,Specialist Digital Channels,Huda Mansour,G11,JC5015,Professional,Technology,Example Digital,Technology,Digital Channels,Digital Channels Unit 1,Digital Channels Unit 1 — Team B,Digital Channels Unit 1 — Team B / Section 2,,Jeddah,Full-time,Filled,1,CC-1059,Enabling,Back office,Fixed,Saudi Graduates,user1422@examplebank.com.sa,2010-08-24,Saudi,No,No,No,,
POS01423,POS01406,Manager Digital Channels,Hassan Qureshi,G13,JC6940,Management,Technology,Example Digital,Technology,Digital Channels,Digital Channels Unit 1,Digital Channels Unit 1 — Team C,,,Jeddah,Full-time,Filled,1,CC-1055,Enabling,Back office,Bonus,,user1423@examplebank.com.sa,2016-04-03,British,No,No,No,,
POS01424,POS01423,Senior Analyst Digital Channels,Rana Baker,G10,JC6060,Professional,Technology,Example Digital,Technology,Digital Channels,Digital Channels Unit 1,Digital Channels Unit 1 — Team C,Digital Channels Unit 1 — Team C / Section 1,,Riyadh,Full-time,Filled,1,CC-1054,Enabling,Back office,Fixed,,user1424@examplebank.com.sa,2020-10-07,Saudi,No,No,No,,
POS01425,POS01423,Officer Digital Channels,,G12,JC5467,Management,Technology,Example Digital,Technology,Digital Channels,Digital Channels Unit 1,Digital Channels Unit 1 — Team C,Digital Channels Unit 1 — Team C / Section 1,,Khobar,Full-time,Vacant,1,CC-1009,Enabling,Back office,Bonus,,,2023-05-27,Saudi,No,No,Yes,Aisha Darwish,Ready now
POS01426,POS01423,Senior Analyst Digital Channels,Nasser Nasser,G11,JC7992,Professional,Technology,Example Digital,Technology,Digital Channels,Digital Channels Unit 1,Digital Channels Unit 1 — Team C,Digital Channels Unit 1 — Team C / Section 2,,Remote,Full-time,Filled,1,CC-1050,Enabling,Back office,Bonus,,user1426@examplebank.com.sa,2019-11-02,Saudi,No,No,Yes,Karim Rashed,Ready 1-2 years
POS01427,POS01423,Specialist Digital Channels,سلطان الغامدي,G9,JC1194,Professional,Technology,Example Digital,Technology,Digital Channels,Digital Channels Unit 1,Digital Channels Unit 1 — Team C,Digital Channels Unit 1 — Team C / Section 2,,Riyadh,Full-time,Filled,1,CC-1041,Enabling,Back office,Fixed,,user1427@examplebank.com.sa,2010-01-14,Saudi,No,No,No,,
POS01428,POS01423,Senior Analyst Digital Channels,Bilal Karim,G12,JC7333,Management,Technology,Example Digital,Technology,Digital Channels,Digital Channels Unit 1,Digital Channels Unit 1 — Team C,Digital Channels Unit 1 — Team C / Section 2,,Jeddah,Full-time,Filled,1,CC-1001,Enabling,Back office,Fixed,,user1428@examplebank.com.sa,2024-08-22,Indian,No,No,No,,
POS01429,POS01423,Senior Officer Digital Channels,Yusuf Farouk,G12,JC3439,Management,Technology,Example Digital,Technology,Digital Channels,Digital Channels Unit 1,Digital Channels Unit 1 — Team C,Digital Channels Unit 1 — Team C / Section 1,,Jeddah,Full-time,Filled,1,CC-1060,Enabling,Back office,Fixed,,user1429@examplebank.com.sa,2019-08-24,Saudi,No,No,No,,
POS01430,POS01423,Associate Digital Channels,Rana Idris,G10,JC5825,Professional,Technology,Example Digital,Technology,Digital Channels,Digital Channels Unit 1,Digital Channels Unit 1 — Team C,Digital Channels Unit 1 — Team C / Section 2,,Remote,Full-time,Filled,1,CC-1032,Enabling,Back office,Fixed,,user1430@examplebank.com.sa,2024-09-01,British,No,No,No,,
POS01431,POS01423,Analyst Digital Channels,Rana Baker,G12,JC8516,Management,Technology,Example Digital,Technology,Digital Channels,Digital Channels Unit 1,Digital Channels Unit 1 — Team C,Digital Channels Unit 1 — Team C / Section 2,,Riyadh,Full-time,Filled,1,CC-1020,Enabling,Back office,Fixed,,user1431@examplebank.com.sa,2012-11-01,Indian,No,No,No,,
POS01432,POS01423,Analyst Digital Channels,Waleed Osman,G12,JC5889,Management,Technology,Example Digital,Technology,Digital Channels,Digital Channels Unit 1,Digital Channels Unit 1 — Team C,Digital Channels Unit 1 — Team C / Section 2,,Riyadh,Full-time,Filled,1,CC-1032,Enabling,Back office,Fixed,,user1432@examplebank.com.sa,2011-05-22,Saudi,No,No,No,,
POS01433,POS01423,Senior Officer Digital Channels,Yusuf Aziz,G10,JC5579,Professional,Technology,Example Digital,Technology,Digital Channels,Digital Channels Unit 1,Digital Channels Unit 1 — Team C,Digital Channels Unit 1 — Team C / Section 2,,Khobar,Full-time,Filled,1,CC-1006,Enabling,Back office,Fixed,,user1433@examplebank.com.sa,2010-03-27,Saudi,No,No,Yes,Waleed Farouk,Ready now
POS01434,POS01423,Senior Analyst Digital Channels,Rami Saleh,G11,JC9875,Professional,Technology,Example Digital,Technology,Digital Channels,Digital Channels Unit 1,Digital Channels Unit 1 — Team C,Digital Channels Unit 1 — Team C / Section 1,,Riyadh,Full-time,Filled,1,CC-1032,Enabling,Back office,Fixed,,user1434@examplebank.com.sa,2016-09-25,Indian,No,No,No,,
POS01435,POS01405,Senior Manager Digital Channels,Hassan Aziz,G14,JC1434,Leadership,Technology,Example Digital,Technology,Digital Channels,Digital Channels Unit 2,,,,Jeddah,Full-time,Filled,1,CC-1015,Enabling,Back office,Bonus,,user1435@examplebank.com.sa,2023-08-08,Indian,Yes,No,Yes,سارة العتيبي,Ready 3+ years
POS01436,POS01435,Manager Digital Channels,Mona Haddad,G13,JC9956,Management,Technology,Example Digital,Technology,Digital Channels,Digital Channels Unit 2,Digital Channels Unit 2 — Team A,,,Riyadh,Full-time,Filled,1,CC-1045,Enabling,Back office,Bonus,,user1436@examplebank.com.sa,2023-10-23,Saudi,No,No,No,,
POS01437,POS01436,Officer Digital Channels,دانة الزهراني,G12,JC2819,Management,Technology,Example Digital,Technology,Digital Channels,Digital Channels Unit 2,Digital Channels Unit 2 — Team A,Digital Channels Unit 2 — Team A / Section 2,,Khobar,Full-time,Filled,1,CC-1026,Enabling,Back office,Fixed,,user1437@examplebank.com.sa,2010-05-05,Saudi,No,No,Yes,خالد السبيعي,Ready 1-2 years
POS01438,POS01436,Analyst Digital Channels,دانة الزهراني,G11,JC3609,Professional,Technology,Example Digital,Technology,Digital Channels,Digital Channels Unit 2,Digital Channels Unit 2 — Team A,Digital Channels Unit 2 — Team A / Section 2,,Khobar,Full-time,Filled,1,CC-1021,Enabling,Back office,Fixed,,user1438@examplebank.com.sa,2014-08-23,Saudi,No,No,No,,
POS01439,POS01436,Senior Officer Digital Channels,Huda Rashed,G11,JC6526,Professional,Technology,Example Digital,Technology,Digital Channels,Digital Channels Unit 2,Digital Channels Unit 2 — Team A,Digital Channels Unit 2 — Team A / Section 1,,Riyadh,Full-time,Filled,1,CC-1022,Enabling,Back office,Fixed,,user1439@examplebank.com.sa,2022-03-10,Saudi,No,No,No,,
POS01440,POS01436,Specialist Digital Channels,Mona Younes,G9,JC2928,Professional,Technology,Example Digital,Technology,Digital Channels,Digital Channels Unit 2,Digital Channels Unit 2 — Team A,Digital Channels Unit 2 — Team A / Section 2,,Dammam,Full-time,Filled,1,CC-1010,Enabling,Back office,Bonus,,user1440@examplebank.com.sa,2015-07-01,Indian,No,No,Yes,Nasser Siddiqui,Ready 1-2 years
POS01441,POS01436,Specialist Digital Channels,,G12,JC2981,Management,Technology,Example Digital,Technology,Digital Channels,Digital Channels Unit 2,Digital Channels Unit 2 — Team A,Digital Channels Unit 2 — Team A / Section 2,,Jeddah,Full-time,Vacant,1,CC-1043,Enabling,Back office,Fixed,,,2011-03-02,Saudi,No,No,No,,
POS01442,POS01436,Senior Officer Digital Channels,Yusuf Khan,G12,JC2748,Management,Technology,Example Digital,Technology,Digital Channels,Digital Channels Unit 2,Digital Channels Unit 2 — Team A,Digital Channels Unit 2 — Team A / Section 1,,Riyadh,Full-time,Filled,1,CC-1024,Enabling,Back office,Fixed,,user1442@examplebank.com.sa,2019-01-17,British,No,No,Yes,ماجد العتيبي,Ready 3+ years
POS01443,POS01436,Associate Digital Channels,خالد الشمري,G10,JC9296,Professional,Technology,Example Digital,Technology,Digital Channels,Digital Channels Unit 2,Digital Channels Unit 2 — Team A,Digital Channels Unit 2 — Team A / Section 2,,Jeddah,Full-time,Filled,1,CC-1013,Enabling,Back office,Bonus,,user1443@examplebank.com.sa,2022-01-22,Saudi,No,No,Yes,فيصل الزهراني,Ready 3+ years
POS01444,POS01436,Analyst Digital Channels,Salma Idris,G10,JC8964,Professional,Technology,Example Digital,Technology,Digital Channels,Digital Channels Unit 2,Digital Channels Unit 2 — Team A,Digital Channels Unit 2 — Team A / Section 2,,Jeddah,Full-time,Filled,1,CC-1053,Enabling,Back office,Fixed,,user1444@examplebank.com.sa,2019-05-22,Jordanian,No,No,No,,
POS01445,POS01436,Senior Analyst Digital Channels,Huda Aziz,G9,JC9835,Professional,Technology,Example Digital,Technology,Digital Channels,Digital Channels Unit 2,Digital Channels Unit 2 — Team A,Digital Channels Unit 2 — Team A / Section 1,,Jeddah,Contractor,Filled,1,CC-1043,Enabling,Back office,Bonus,Specialist Bench,user1445@examplebank.com.sa,2012-01-08,Egyptian,No,No,No,,
POS01446,POS01436,Analyst Digital Channels,Bilal Bakr,G12,JC8824,Management,Technology,Example Digital,Technology,Digital Channels,Digital Channels Unit 2,Digital Channels Unit 2 — Team A,Digital Channels Unit 2 — Team A / Section 2,,Remote,Full-time,Filled,1,CC-1006,Enabling,Back office,Fixed,,user1446@examplebank.com.sa,2012-08-06,Saudi,No,No,No,,
POS01447,POS01436,Associate Digital Channels,,G12,JC4519,Management,Technology,Example Digital,Technology,Digital Channels,Digital Channels Unit 2,Digital Channels Unit 2 — Team A,Digital Channels Unit 2 — Team A / Section 1,,Riyadh,Full-time,Vacant,1,CC-1058,Enabling,Back office,Fixed,,,2018-11-19,Saudi,No,No,No,,
POS01448,POS01436,Senior Analyst Digital Channels,Amal Siddiqui,G10,JC2609,Professional,Technology,Example Digital,Technology,Digital Channels,Digital Channels Unit 2,Digital Channels Unit 2 — Team A,Digital Channels Unit 2 — Team A / Section 1,,Riyadh,Full-time,Filled,1,CC-1040,Enabling,Back office,Fixed,,user1448@examplebank.com.sa,2009-11-24,Saudi,No,No,No,,
POS01449,POS01435,Manager Digital Channels,هند المطيري,G13,JC7139,Management,Technology,Example Digital,Technology,Digital Channels,Digital Channels Unit 2,Digital Channels Unit 2 — Team B,,,Remote,Full-time,Filled,1,CC-1059,Enabling,Back office,Bonus,Specialist Bench,user1449@examplebank.com.sa,2019-05-20,British,No,No,No,,
POS01450,POS01449,Senior Officer Digital Channels,,G12,JC3939,Management,Technology,Example Digital,Technology,Digital Channels,Digital Channels Unit 2,Digital Channels Unit 2 — Team B,Digital Channels Unit 2 — Team B / Section 2,,Riyadh,Full-time,Vacant,1,CC-1027,Enabling,Back office,Fixed,,,2020-12-07,Indian,No,No,No,,
POS01451,POS01449,Associate Digital Channels,عبدالله الدوسري,G10,JC2540,Professional,Technology,Example Digital,Technology,Digital Channels,Digital Channels Unit 2,Digital Channels Unit 2 — Team B,Digital Channels Unit 2 — Team B / Section 2,,Khobar,Full-time,Filled,1,CC-1052,Enabling,Back office,Fixed,,user1451@examplebank.com.sa,2010-12-19,British,No,No,No,,
POS01452,POS01449,Analyst Digital Channels,,G10,JC6080,Professional,Technology,Example Digital,Technology,Digital Channels,Digital Channels Unit 2,Digital Channels Unit 2 — Team B,Digital Channels Unit 2 — Team B / Section 2,,Jeddah,Contractor,Vacant,1,CC-1027,Enabling,Back office,Bonus,,,2015-06-06,Saudi,No,No,Yes,Huda Aziz,Ready 1-2 years
POS01453,POS01449,Officer Digital Channels,,G11,JC6749,Professional,Technology,Example Digital,Technology,Digital Channels,Digital Channels Unit 2,Digital Channels Unit 2 — Team B,Digital Channels Unit 2 — Team B / Section 1,,Jeddah,Full-time,Vacant,1,CC-1038,Enabling,Back office,Fixed,,,2019-01-20,British,No,No,No,,
POS01454,POS01449,Analyst Digital Channels,Noor Haddad,G11,JC3765,Professional,Technology,Example Digital,Technology,Digital Channels,Digital Channels Unit 2,Digital Channels Unit 2 — Team B,Digital Channels Unit 2 — Team B / Section 2,,Dammam,Full-time,Filled,1,CC-1045,Enabling,Back office,Fixed,,user1454@examplebank.com.sa,2017-05-06,Saudi,No,No,No,,
POS01455,POS01449,Senior Officer Digital Channels,Rami Farouk,G10,JC4583,Professional,Technology,Example Digital,Technology,Digital Channels,Digital Channels Unit 2,Digital Channels Unit 2 — Team B,Digital Channels Unit 2 — Team B / Section 1,,Riyadh,Full-time,Filled,1,CC-1042,Enabling,Back office,Bonus,,user1455@examplebank.com.sa,2015-05-04,Saudi,No,No,No,,
POS01456,POS01449,Officer Digital Channels,Rami Mansour,G10,JC3145,Professional,Technology,Example Digital,Technology,Digital Channels,Digital Channels Unit 2,Digital Channels Unit 2 — Team B,Digital Channels Unit 2 — Team B / Section 1,,Remote,Full-time,Filled,1,CC-1000,Enabling,Back office,Fixed,,user1456@examplebank.com.sa,2018-12-19,Saudi,No,No,No,,
POS01457,POS01449,Associate Digital Channels,,G10,JC5596,Professional,Technology,Example Digital,Technology,Digital Channels,Digital Channels Unit 2,Digital Channels Unit 2 — Team B,Digital Channels Unit 2 — Team B / Section 1,,Dammam,Full-time,Vacant,1,CC-1023,Enabling,Back office,Bonus,,,2023-05-08,British,No,No,No,,
POS01458,POS01405,Senior Manager Digital Channels,ريم الشمري,G14,JC5463,Leadership,Technology,Example Digital,Technology,Digital Channels,Digital Channels Unit 3,,,,Khobar,Full-time,Filled,1,CC-1031,Enabling,Back office,Bonus,,user1458@examplebank.com.sa,2008-01-15,Indian,No,No,No,,
POS01459,POS01458,Manager Digital Channels,Maya Qureshi,G13,JC7117,Management,Technology,Example Digital,Technology,Digital Channels,Digital Channels Unit 3,Digital Channels Unit 3 — Team A,,,Remote,Full-time,Filled,1,CC-1043,Enabling,Back office,Bonus,Future Executives,user1459@examplebank.com.sa,2010-07-16,Saudi,No,No,No,,
POS01460,POS01459,Senior Analyst Digital Channels,Bilal Bakr,G10,JC1162,Professional,Technology,Example Digital,Technology,Digital Channels,Digital Channels Unit 3,Digital Channels Unit 3 — Team A,Digital Channels Unit 3 — Team A / Section 1,,Riyadh,Full-time,Filled,1,CC-1031,Enabling,Back office,Fixed,,user1460@examplebank.com.sa,2009-03-02,Saudi,No,No,No,,
POS01461,POS01459,Associate Digital Channels,ريم العتيبي,G9,JC5884,Professional,Technology,Example Digital,Technology,Digital Channels,Digital Channels Unit 3,Digital Channels Unit 3 — Team A,Digital Channels Unit 3 — Team A / Section 1,,Khobar,Full-time,Filled,1,CC-1036,Enabling,Back office,Bonus,,user1461@examplebank.com.sa,2014-08-27,Saudi,No,No,No,,
POS01462,POS01459,Specialist Digital Channels,Omar Khan,G10,JC2334,Professional,Technology,Example Digital,Technology,Digital Channels,Digital Channels Unit 3,Digital Channels Unit 3 — Team A,Digital Channels Unit 3 — Team A / Section 1,,Remote,Full-time,Filled,1,CC-1015,Enabling,Back office,Fixed,,user1462@examplebank.com.sa,2012-07-02,Egyptian,No,No,Yes,Layla Karim,Ready 3+ years
POS01463,POS01459,Senior Officer Digital Channels,خالد المطيري,G9,JC2050,Professional,Technology,Example Digital,Technology,Digital Channels,Digital Channels Unit 3,Digital Channels Unit 3 — Team A,Digital Channels Unit 3 — Team A / Section 1,,Dammam,Full-time,Filled,1,CC-1026,Enabling,Back office,Fixed,,user1463@examplebank.com.sa,2019-03-16,Saudi,No,No,No,,
POS01464,POS01459,Senior Analyst Digital Channels,,G10,JC9542,Professional,Technology,Example Digital,Technology,Digital Channels,Digital Channels Unit 3,Digital Channels Unit 3 — Team A,Digital Channels Unit 3 — Team A / Section 2,,Riyadh,Full-time,Vacant,1,CC-1022,Enabling,Back office,Fixed,Emerging Leaders,,2020-09-16,Saudi,No,No,No,,
POS01465,POS01459,Senior Officer Digital Channels,Tariq Saleh,G12,JC2398,Management,Technology,Example Digital,Technology,Digital Channels,Digital Channels Unit 3,Digital Channels Unit 3 — Team A,Digital Channels Unit 3 — Team A / Section 1,,Khobar,Full-time,Filled,1,CC-1050,Enabling,Back office,Bonus,,user1465@examplebank.com.sa,2020-11-16,Egyptian,No,No,Yes,خالد الزهراني,Ready now
POS01466,POS01458,Manager Digital Channels,Noor Baker,G13,JC3860,Management,Technology,Example Digital,Technology,Digital Channels,Digital Channels Unit 3,Digital Channels Unit 3 — Team B,,,Riyadh,Contractor,Filled,1,CC-1014,Enabling,Back office,Bonus,,user1466@examplebank.com.sa,2010-04-19,Saudi,No,No,No,,
POS01467,POS01466,Senior Officer Digital Channels,Karim Baker,G12,JC9720,Management,Technology,Example Digital,Technology,Digital Channels,Digital Channels Unit 3,Digital Channels Unit 3 — Team B,Digital Channels Unit 3 — Team B / Section 2,,Dammam,Full-time,Filled,1,CC-1017,Enabling,Back office,Fixed,,user1467@examplebank.com.sa,2017-07-19,Saudi,No,No,Yes,Hassan Darwish,Ready now
POS01468,POS01466,Officer Digital Channels,دانة المطيري,G10,JC9740,Professional,Technology,Example Digital,Technology,Digital Channels,Digital Channels Unit 3,Digital Channels Unit 3 — Team B,Digital Channels Unit 3 — Team B / Section 2,,Riyadh,Full-time,Filled,0.5,CC-1004,Enabling,Back office,Fixed,,user1468@examplebank.com.sa,2025-12-28,Saudi,No,No,No,,
POS01469,POS01466,Senior Officer Digital Channels,Bilal Karim,G10,JC7790,Professional,Technology,Example Digital,Technology,Digital Channels,Digital Channels Unit 3,Digital Channels Unit 3 — Team B,Digital Channels Unit 3 — Team B / Section 2,,Riyadh,Full-time,Filled,1,CC-1029,Enabling,Back office,Fixed,,user1469@examplebank.com.sa,2014-07-20,Saudi,No,No,No,,
POS01470,POS01466,Specialist Digital Channels,Hassan Aziz,G12,JC6581,Management,Technology,Example Digital,Technology,Digital Channels,Digital Channels Unit 3,Digital Channels Unit 3 — Team B,Digital Channels Unit 3 — Team B / Section 1,,Riyadh,Full-time,Filled,1,CC-1042,Enabling,Back office,Fixed,,user1470@examplebank.com.sa,2012-01-07,Saudi,No,No,No,,
POS01471,POS01466,Analyst Digital Channels,Adel Siddiqui,G12,JC6885,Management,Technology,Example Digital,Technology,Digital Channels,Digital Channels Unit 3,Digital Channels Unit 3 — Team B,Digital Channels Unit 3 — Team B / Section 1,,Riyadh,Full-time,Filled,1,CC-1011,Enabling,Back office,Bonus,,user1471@examplebank.com.sa,2008-08-20,Egyptian,No,No,No,,
POS01472,POS01466,Officer Digital Channels,,G9,JC8808,Professional,Technology,Example Digital,Technology,Digital Channels,Digital Channels Unit 3,Digital Channels Unit 3 — Team B,Digital Channels Unit 3 — Team B / Section 1,,Remote,Full-time,Vacant,1,CC-1029,Enabling,Back office,Fixed,,,2017-10-08,Saudi,No,No,No,,
POS01473,POS01466,Officer Digital Channels,Huda Rashed,G9,JC3702,Professional,Technology,Example Digital,Technology,Digital Channels,Digital Channels Unit 3,Digital Channels Unit 3 — Team B,Digital Channels Unit 3 — Team B / Section 1,,Khobar,Full-time,Filled,1,CC-1004,Enabling,Back office,Fixed,,user1473@examplebank.com.sa,2017-12-08,Saudi,No,No,No,,
POS01474,POS01466,Associate Digital Channels,ريم الزهراني,G11,JC7816,Professional,Technology,Example Digital,Technology,Digital Channels,Digital Channels Unit 3,Digital Channels Unit 3 — Team B,Digital Channels Unit 3 — Team B / Section 2,,Jeddah,Full-time,Filled,0.5,CC-1006,Enabling,Back office,Fixed,,user1474@examplebank.com.sa,2013-03-22,Saudi,No,No,No,,
POS01475,POS01466,Specialist Digital Channels,فيصل الشمري,G10,JC2690,Professional,Technology,Example Digital,Technology,Digital Channels,Digital Channels Unit 3,Digital Channels Unit 3 — Team B,Digital Channels Unit 3 — Team B / Section 2,,Jeddah,Full-time,Filled,1,CC-1018,Enabling,Back office,Bonus,,user1475@examplebank.com.sa,2009-03-13,Saudi,No,No,No,,
POS01476,POS01466,Specialist Digital Channels,Maya Younes,G9,JC7733,Professional,Technology,Example Digital,Technology,Digital Channels,Digital Channels Unit 3,Digital Channels Unit 3 — Team B,Digital Channels Unit 3 — Team B / Section 1,,Dammam,Full-time,Filled,0.5,CC-1055,Enabling,Back office,Bonus,,user1476@examplebank.com.sa,2014-12-19,Saudi,No,No,No,,
POS01477,POS01302,Head of Infrastructure,Ziad Idris,G15,JC9855,Leadership,Technology,Example Digital,Technology,Infrastructure,,,,,Dammam,Full-time,Filled,1,CC-1028,Enabling,Back office,Bonus,,user1477@examplebank.com.sa,2015-03-10,Saudi,Yes,No,Yes,Layla Osman,Ready now
POS01478,POS01477,Senior Manager Infrastructure,Lina Aziz,G14,JC5379,Leadership,Technology,Example Digital,Technology,Infrastructure,Infrastructure Unit 1,,,,Dammam,Full-time,Filled,0.5,CC-1012,Enabling,Back office,Bonus,,user1478@examplebank.com.sa,2025-07-18,Saudi,Yes,No,Yes,Rami Farouk,Ready 3+ years
POS01479,POS01478,Manager Infrastructure,Salma Farouk,G13,JC1645,Management,Technology,Example Digital,Technology,Infrastructure,Infrastructure Unit 1,Infrastructure Unit 1 — Team A,,,Riyadh,Full-time,Filled,1,CC-1042,Enabling,Back office,Bonus,Specialist Bench,user1479@examplebank.com.sa,2016-06-22,Saudi,No,No,No,,
POS01480,POS01479,Analyst Infrastructure,Aisha Mansour,G10,JC8230,Professional,Technology,Example Digital,Technology,Infrastructure,Infrastructure Unit 1,Infrastructure Unit 1 — Team A,Infrastructure Unit 1 — Team A / Section 2,,Khobar,Full-time,Filled,1,CC-1033,Enabling,Back office,Fixed,,user1480@examplebank.com.sa,2014-11-24,British,No,No,Yes,نورة المطيري,Ready 3+ years
POS01481,POS01479,Associate Infrastructure,Ziad Khan,G9,JC7249,Professional,Technology,Example Digital,Technology,Infrastructure,Infrastructure Unit 1,Infrastructure Unit 1 — Team A,Infrastructure Unit 1 — Team A / Section 1,,Dammam,Full-time,Filled,1,CC-1023,Enabling,Back office,Fixed,,user1481@examplebank.com.sa,2017-10-03,Saudi,No,No,Yes,عبدالله المطيري,Ready now
POS01482,POS01479,Senior Officer Infrastructure,,G12,JC1872,Management,Technology,Example Digital,Technology,Infrastructure,Infrastructure Unit 1,Infrastructure Unit 1 — Team A,Infrastructure Unit 1 — Team A / Section 1,,Riyadh,Full-time,Vacant,1,CC-1047,Enabling,Back office,Fixed,,,2016-01-02,Indian,No,No,No,,
POS01483,POS01479,Specialist Infrastructure,دانة السبيعي,G10,JC7176,Professional,Technology,Example Digital,Technology,Infrastructure,Infrastructure Unit 1,Infrastructure Unit 1 — Team A,Infrastructure Unit 1 — Team A / Section 2,,Khobar,Contractor,Filled,1,CC-1034,Enabling,Back office,Fixed,,user1483@examplebank.com.sa,2013-12-07,Saudi,No,No,Yes,نورة الحربي,Ready 1-2 years
POS01484,POS01479,Analyst Infrastructure,Amal Farouk,G11,JC7981,Professional,Technology,Example Digital,Technology,Infrastructure,Infrastructure Unit 1,Infrastructure Unit 1 — Team A,Infrastructure Unit 1 — Team A / Section 1,,Dammam,Full-time,Filled,1,CC-1006,Enabling,Back office,Fixed,,user1484@examplebank.com.sa,2018-03-25,Saudi,No,No,No,,
POS01485,POS01479,Senior Analyst Infrastructure,دانة القحطاني,G10,JC5815,Professional,Technology,Example Digital,Technology,Infrastructure,Infrastructure Unit 1,Infrastructure Unit 1 — Team A,Infrastructure Unit 1 — Team A / Section 1,,Jeddah,Full-time,Filled,1,CC-1000,Enabling,Back office,Fixed,,user1485@examplebank.com.sa,2013-08-28,Saudi,No,No,No,,
POS01486,POS01478,Manager Infrastructure,سارة الدوسري,G13,JC3626,Management,Technology,Example Digital,Technology,Infrastructure,Infrastructure Unit 1,Infrastructure Unit 1 — Team B,,,Riyadh,Full-time,Filled,1,CC-1060,Enabling,Back office,Bonus,,user1486@examplebank.com.sa,2014-06-20,Indian,No,No,No,,
POS01487,POS01486,Analyst Infrastructure,سلطان العتيبي,G11,JC2011,Professional,Technology,Example Digital,Technology,Infrastructure,Infrastructure Unit 1,Infrastructure Unit 1 — Team B,Infrastructure Unit 1 — Team B / Section 2,,Jeddah,Full-time,Filled,1,CC-1033,Enabling,Back office,Fixed,,user1487@examplebank.com.sa,2016-03-14,Egyptian,No,No,Yes,لطيفة القحطاني,Ready 3+ years
POS01488,POS01486,Associate Infrastructure,Omar Farouk,G9,JC7003,Professional,Technology,Example Digital,Technology,Infrastructure,Infrastructure Unit 1,Infrastructure Unit 1 — Team B,Infrastructure Unit 1 — Team B / Section 2,,Khobar,Full-time,Filled,1,CC-1024,Enabling,Back office,Bonus,Specialist Bench,user1488@examplebank.com.sa,2016-07-26,Saudi,No,No,No,,
POS01489,POS01486,Associate Infrastructure,Salma Aziz,G10,JC1996,Professional,Technology,Example Digital,Technology,Infrastructure,Infrastructure Unit 1,Infrastructure Unit 1 — Team B,Infrastructure Unit 1 — Team B / Section 1,,Jeddah,Contractor,Filled,1,CC-1015,Enabling,Back office,Bonus,Emerging Leaders,user1489@examplebank.com.sa,2024-05-01,Saudi,No,No,No,,
POS01490,POS01486,Officer Infrastructure,Mona Saleh,G12,JC5230,Management,Technology,Example Digital,Technology,Infrastructure,Infrastructure Unit 1,Infrastructure Unit 1 — Team B,Infrastructure Unit 1 — Team B / Section 1,,Dammam,Full-time,Filled,1,CC-1047,Enabling,Back office,Fixed,,user1490@examplebank.com.sa,2021-08-12,Saudi,No,No,No,,
POS01491,POS01486,Officer Infrastructure,نورة الشمري,G11,JC5815,Professional,Technology,Example Digital,Technology,Infrastructure,Infrastructure Unit 1,Infrastructure Unit 1 — Team B,Infrastructure Unit 1 — Team B / Section 1,,Dammam,Full-time,Filled,1,CC-1015,Enabling,Back office,Bonus,,user1491@examplebank.com.sa,2021-03-16,Egyptian,No,No,Yes,Ziad Qureshi,Ready 1-2 years
POS01492,POS01486,Analyst Infrastructure,أحمد الغامدي,G11,JC7656,Professional,Technology,Example Digital,Technology,Infrastructure,Infrastructure Unit 1,Infrastructure Unit 1 — Team B,Infrastructure Unit 1 — Team B / Section 1,,Jeddah,Full-time,Filled,1,CC-1009,Enabling,Back office,Fixed,,user1492@examplebank.com.sa,2022-06-10,Saudi,No,No,No,,
POS01493,POS01486,Analyst Infrastructure,Mona Nasser,G10,JC7984,Professional,Technology,Example Digital,Technology,Infrastructure,Infrastructure Unit 1,Infrastructure Unit 1 — Team B,Infrastructure Unit 1 — Team B / Section 1,,Remote,Full-time,Filled,1,CC-1042,Enabling,Back office,Fixed,,user1493@examplebank.com.sa,2015-06-03,Saudi,No,No,No,,
POS01494,POS01486,Officer Infrastructure,,G11,JC6421,Professional,Technology,Example Digital,Technology,Infrastructure,Infrastructure Unit 1,Infrastructure Unit 1 — Team B,Infrastructure Unit 1 — Team B / Section 1,,Jeddah,Full-time,Vacant,1,CC-1034,Enabling,Back office,Fixed,,,2017-03-06,Saudi,No,No,Yes,Lina Fahmy,Ready 1-2 years
POS01495,POS01478,Manager Infrastructure,Amal Mansour,G13,JC8036,Management,Technology,Example Digital,Technology,Infrastructure,Infrastructure Unit 1,Infrastructure Unit 1 — Team C,,,Jeddah,Full-time,Filled,1,CC-1022,Enabling,Back office,Bonus,,user1495@examplebank.com.sa,2025-07-22,Saudi,No,No,No,,
POS01496,POS01495,Senior Analyst Infrastructure,Tariq Baker,G10,JC7296,Professional,Technology,Example Digital,Technology,Infrastructure,Infrastructure Unit 1,Infrastructure Unit 1 — Team C,Infrastructure Unit 1 — Team C / Section 2,,Khobar,Full-time,Filled,1,CC-1005,Enabling,Back office,Fixed,,user1496@examplebank.com.sa,2012-07-17,Saudi,No,No,No,,
POS01497,POS01495,Specialist Infrastructure,Rami Bakr,G12,JC6279,Management,Technology,Example Digital,Technology,Infrastructure,Infrastructure Unit 1,Infrastructure Unit 1 — Team C,Infrastructure Unit 1 — Team C / Section 1,,Dammam,Full-time,Filled,1,CC-1040,Enabling,Back office,Bonus,,user1497@examplebank.com.sa,2012-01-04,Jordanian,No,No,No,,
POS01498,POS01495,Specialist Infrastructure,عبدالله الحربي,G11,JC6882,Professional,Technology,Example Digital,Technology,Infrastructure,Infrastructure Unit 1,Infrastructure Unit 1 — Team C,Infrastructure Unit 1 — Team C / Section 1,,Riyadh,Full-time,Filled,1,CC-1030,Enabling,Back office,Fixed,,user1498@examplebank.com.sa,2018-05-27,Saudi,No,No,No,,
POS01499,POS01495,Senior Analyst Infrastructure,Maya Rashed,G10,JC3098,Professional,Technology,Example Digital,Technology,Infrastructure,Infrastructure Unit 1,Infrastructure Unit 1 — Team C,Infrastructure Unit 1 — Team C / Section 1,,Khobar,Full-time,Filled,0.5,CC-1055,Enabling,Back office,Fixed,,user1499@examplebank.com.sa,2019-04-23,Jordanian,No,No,Yes,أحمد الدوسري,Ready 3+ years
POS01500,POS01495,Analyst Infrastructure,هند الزهراني,G9,JC9288,Professional,Technology,Example Digital,Technology,Infrastructure,Infrastructure Unit 1,Infrastructure Unit 1 — Team C,Infrastructure Unit 1 — Team C / Section 1,,Riyadh,Full-time,Filled,1,CC-1028,Enabling,Back office,Fixed,,user1500@examplebank.com.sa,2015-10-22,Saudi,No,No,Yes,Amal Aziz,Ready 3+ years
POS01501,POS01495,Senior Officer Infrastructure,Maya Mansour,G9,JC7009,Professional,Technology,Example Digital,Technology,Infrastructure,Infrastructure Unit 1,Infrastructure Unit 1 — Team C,Infrastructure Unit 1 — Team C / Section 2,,Remote,Full-time,Filled,1,CC-1055,Enabling,Back office,Bonus,,user1501@examplebank.com.sa,2024-10-01,Saudi,No,No,Yes,Layla Darwish,Ready now
POS01502,POS01495,Analyst Infrastructure,عبدالله العتيبي,G12,JC6313,Management,Technology,Example Digital,Technology,Infrastructure,Infrastructure Unit 1,Infrastructure Unit 1 — Team C,Infrastructure Unit 1 — Team C / Section 1,,Remote,Full-time,Filled,1,CC-1043,Enabling,Back office,Fixed,Emerging Leaders,user1502@examplebank.com.sa,2025-07-16,Saudi,No,No,No,,
POS01503,POS01495,Officer Infrastructure,خالد الحربي,G12,JC4276,Management,Technology,Example Digital,Technology,Infrastructure,Infrastructure Unit 1,Infrastructure Unit 1 — Team C,Infrastructure Unit 1 — Team C / Section 2,,Riyadh,Full-time,Filled,0.5,CC-1022,Enabling,Back office,Fixed,Specialist Bench,user1503@examplebank.com.sa,2011-09-17,Jordanian,No,No,No,,
POS01504,POS01495,Analyst Infrastructure,Lina Osman,G10,JC4411,Professional,Technology,Example Digital,Technology,Infrastructure,Infrastructure Unit 1,Infrastructure Unit 1 — Team C,Infrastructure Unit 1 — Team C / Section 1,,Remote,Contractor,Filled,1,CC-1035,Enabling,Back office,Fixed,,user1504@examplebank.com.sa,2014-03-10,Saudi,No,No,No,,
POS01505,POS01495,Senior Officer Infrastructure,,G11,JC8736,Professional,Technology,Example Digital,Technology,Infrastructure,Infrastructure Unit 1,Infrastructure Unit 1 — Team C,Infrastructure Unit 1 — Team C / Section 1,,Jeddah,Full-time,Vacant,1,CC-1050,Enabling,Back office,Fixed,,,2013-04-27,Saudi,No,No,Yes,Jana Darwish,Ready 1-2 years
POS01506,POS01495,Analyst Infrastructure,Bilal Qureshi,G9,JC4158,Professional,Technology,Example Digital,Technology,Infrastructure,Infrastructure Unit 1,Infrastructure Unit 1 — Team C,Infrastructure Unit 1 — Team C / Section 2,,Riyadh,Full-time,Filled,1,CC-1003,Enabling,Back office,Fixed,,user1506@examplebank.com.sa,2019-04-22,Saudi,No,No,No,,
POS01507,POS01495,Associate Infrastructure,Aisha Siddiqui,G10,JC2636,Professional,Technology,Example Digital,Technology,Infrastructure,Infrastructure Unit 1,Infrastructure Unit 1 — Team C,Infrastructure Unit 1 — Team C / Section 2,,Riyadh,Full-time,Filled,1,CC-1012,Enabling,Back office,Fixed,,user1507@examplebank.com.sa,2024-05-02,Jordanian,No,No,No,,
POS01508,POS01477,Senior Manager Infrastructure,Hassan Rashed,G14,JC7043,Leadership,Technology,Example Digital,Technology,Infrastructure,Infrastructure Unit 2,,,,Jeddah,Full-time,Filled,1,CC-1057,Enabling,Back office,Bonus,,user1508@examplebank.com.sa,2012-11-15,Jordanian,No,No,No,,
POS01509,POS01508,Manager Infrastructure,Omar Fahmy,G13,JC3543,Management,Technology,Example Digital,Technology,Infrastructure,Infrastructure Unit 2,Infrastructure Unit 2 — Team A,,,Khobar,Full-time,Filled,1,CC-1017,Enabling,Back office,Bonus,Future Executives,user1509@examplebank.com.sa,2016-09-03,Saudi,No,No,No,,
POS01510,POS01509,Analyst Infrastructure,Salma Fahmy,G11,JC7115,Professional,Technology,Example Digital,Technology,Infrastructure,Infrastructure Unit 2,Infrastructure Unit 2 — Team A,Infrastructure Unit 2 — Team A / Section 2,,Riyadh,Full-time,Filled,1,CC-1038,Enabling,Back office,Bonus,,user1510@examplebank.com.sa,2009-01-28,Saudi,No,No,Yes,Ziad Rashed,Ready 1-2 years
POS01511,POS01509,Specialist Infrastructure,Omar Bakr,G10,JC3296,Professional,Technology,Example Digital,Technology,Infrastructure,Infrastructure Unit 2,Infrastructure Unit 2 — Team A,Infrastructure Unit 2 — Team A / Section 2,,Jeddah,Full-time,Filled,1,CC-1025,Enabling,Back office,Fixed,,user1511@examplebank.com.sa,2023-12-27,Egyptian,No,No,No,,
POS01512,POS01509,Specialist Infrastructure,Bilal Siddiqui,G9,JC2901,Professional,Technology,Example Digital,Technology,Infrastructure,Infrastructure Unit 2,Infrastructure Unit 2 — Team A,Infrastructure Unit 2 — Team A / Section 1,,Jeddah,Full-time,Filled,1,CC-1054,Enabling,Back office,Bonus,,user1512@examplebank.com.sa,2010-08-13,Jordanian,No,No,No,,
POS01513,POS01509,Associate Infrastructure,Ziad Siddiqui,G12,JC9021,Management,Technology,Example Digital,Technology,Infrastructure,Infrastructure Unit 2,Infrastructure Unit 2 — Team A,Infrastructure Unit 2 — Team A / Section 2,,Riyadh,Full-time,Filled,1,CC-1001,Enabling,Back office,Bonus,,user1513@examplebank.com.sa,2020-07-07,Saudi,No,No,No,,
POS01514,POS01509,Specialist Infrastructure,هند المطيري,G11,JC9088,Professional,Technology,Example Digital,Technology,Infrastructure,Infrastructure Unit 2,Infrastructure Unit 2 — Team A,Infrastructure Unit 2 — Team A / Section 1,,Dammam,Contractor,Filled,0.5,CC-1018,Enabling,Back office,Fixed,,user1514@examplebank.com.sa,2021-01-24,Jordanian,No,No,Yes,ماجد الشمري,Ready 3+ years
POS01515,POS01509,Specialist Infrastructure,ريم المطيري,G10,JC6566,Professional,Technology,Example Digital,Technology,Infrastructure,Infrastructure Unit 2,Infrastructure Unit 2 — Team A,Infrastructure Unit 2 — Team A / Section 1,,Jeddah,Full-time,Filled,1,CC-1024,Enabling,Back office,Bonus,,user1515@examplebank.com.sa,2017-11-09,Saudi,No,No,No,,
POS01516,POS01509,Specialist Infrastructure,ماجد الحربي,G11,JC9771,Professional,Technology,Example Digital,Technology,Infrastructure,Infrastructure Unit 2,Infrastructure Unit 2 — Team A,Infrastructure Unit 2 — Team A / Section 2,,Remote,Full-time,Filled,1,CC-1010,Enabling,Back office,Bonus,,user1516@examplebank.com.sa,2022-03-19,Saudi,No,No,No,,
POS01517,POS01509,Analyst Infrastructure,Karim Osman,G10,JC8010,Professional,Technology,Example Digital,Technology,Infrastructure,Infrastructure Unit 2,Infrastructure Unit 2 — Team A,Infrastructure Unit 2 — Team A / Section 1,,Remote,Full-time,Filled,1,CC-1007,Enabling,Back office,Fixed,,user1517@examplebank.com.sa,2008-02-15,Saudi,No,No,No,,
POS01518,POS01509,Analyst Infrastructure,Salma Fahmy,G12,JC9481,Management,Technology,Example Digital,Technology,Infrastructure,Infrastructure Unit 2,Infrastructure Unit 2 — Team A,Infrastructure Unit 2 — Team A / Section 1,,Riyadh,Contractor,Filled,1,CC-1038,Enabling,Back office,Bonus,,user1518@examplebank.com.sa,2015-10-25,Jordanian,No,No,Yes,Yusuf Mansour,Ready now
POS01519,POS01508,Manager Infrastructure,أحمد السبيعي,G13,JC2275,Management,Technology,Example Digital,Technology,Infrastructure,Infrastructure Unit 2,Infrastructure Unit 2 — Team B,,,Jeddah,Full-time,Filled,1,CC-1031,Enabling,Back office,Bonus,,user1519@examplebank.com.sa,2015-03-28,Indian,No,No,No,,
POS01520,POS01519,Associate Infrastructure,,G11,JC2657,Professional,Technology,Example Digital,Technology,Infrastructure,Infrastructure Unit 2,Infrastructure Unit 2 — Team B,Infrastructure Unit 2 — Team B / Section 2,,Riyadh,Full-time,Vacant,1,CC-1006,Enabling,Back office,Bonus,,,2009-02-10,Egyptian,No,No,Yes,Jana Baker,Ready 1-2 years
POS01521,POS01519,Senior Analyst Infrastructure,نورة الشمري,G10,JC8828,Professional,Technology,Example Digital,Technology,Infrastructure,Infrastructure Unit 2,Infrastructure Unit 2 — Team B,Infrastructure Unit 2 — Team B / Section 1,,Khobar,Full-time,Filled,1,CC-1044,Enabling,Back office,Fixed,,user1521@examplebank.com.sa,2020-05-15,Saudi,No,No,No,,
POS01522,POS01519,Specialist Infrastructure,Adel Farouk,G10,JC5416,Professional,Technology,Example Digital,Technology,Infrastructure,Infrastructure Unit 2,Infrastructure Unit 2 — Team B,Infrastructure Unit 2 — Team B / Section 2,,Remote,Full-time,Filled,1,CC-1032,Enabling,Back office,Bonus,,user1522@examplebank.com.sa,2018-09-26,Egyptian,No,No,No,,
POS01523,POS01519,Specialist Infrastructure,,G12,JC8579,Management,Technology,Example Digital,Technology,Infrastructure,Infrastructure Unit 2,Infrastructure Unit 2 — Team B,Infrastructure Unit 2 — Team B / Section 1,,Riyadh,Full-time,Vacant,1,CC-1051,Enabling,Back office,Fixed,,,2010-11-04,Saudi,No,No,No,,
POS01524,POS01519,Officer Infrastructure,خالد السبيعي,G10,JC6863,Professional,Technology,Example Digital,Technology,Infrastructure,Infrastructure Unit 2,Infrastructure Unit 2 — Team B,Infrastructure Unit 2 — Team B / Section 1,,Jeddah,Full-time,Filled,1,CC-1000,Enabling,Back office,Bonus,,user1524@examplebank.com.sa,2018-03-08,Saudi,No,No,No,,
POS01525,POS01519,Associate Infrastructure,Salma Haddad,G10,JC6527,Professional,Technology,Example Digital,Technology,Infrastructure,Infrastructure Unit 2,Infrastructure Unit 2 — Team B,Infrastructure Unit 2 — Team B / Section 1,,Riyadh,Full-time,Filled,1,CC-1014,Enabling,Back office,Bonus,,user1525@examplebank.com.sa,2013-10-15,Saudi,No,No,Yes,Layla Saleh,Ready 1-2 years
POS01526,POS01519,Associate Infrastructure,Nasser Rashed,G10,JC7332,Professional,Technology,Example Digital,Technology,Infrastructure,Infrastructure Unit 2,Infrastructure Unit 2 — Team B,Infrastructure Unit 2 — Team B / Section 2,,Riyadh,Full-time,Filled,1,CC-1057,Enabling,Back office,Bonus,,user1526@examplebank.com.sa,2011-10-16,Saudi,No,No,No,,
POS01527,POS01508,Manager Infrastructure,Aisha Saleh,G13,JC4677,Management,Technology,Example Digital,Technology,Infrastructure,Infrastructure Unit 2,Infrastructure Unit 2 — Team C,,,Khobar,Full-time,Filled,1,CC-1030,Enabling,Back office,Bonus,,user1527@examplebank.com.sa,2014-09-06,British,No,No,No,,
POS01528,POS01527,Associate Infrastructure,هند الزهراني,G10,JC7377,Professional,Technology,Example Digital,Technology,Infrastructure,Infrastructure Unit 2,Infrastructure Unit 2 — Team C,Infrastructure Unit 2 — Team C / Section 1,,Dammam,Full-time,Filled,1,CC-1014,Enabling,Back office,Bonus,,user1528@examplebank.com.sa,2014-03-15,Jordanian,No,No,No,,
POS01529,POS01527,Analyst Infrastructure,Amal Nasser,G12,JC2275,Management,Technology,Example Digital,Technology,Infrastructure,Infrastructure Unit 2,Infrastructure Unit 2 — Team C,Infrastructure Unit 2 — Team C / Section 1,,Dammam,Contractor,Filled,1,CC-1032,Enabling,Back office,Fixed,,user1529@examplebank.com.sa,2019-02-25,Saudi,No,No,No,,
POS01530,POS01527,Specialist Infrastructure,Noor Saleh,G12,JC4456,Management,Technology,Example Digital,Technology,Infrastructure,Infrastructure Unit 2,Infrastructure Unit 2 — Team C,Infrastructure Unit 2 — Team C / Section 1,,Riyadh,Full-time,Filled,1,CC-1049,Enabling,Back office,Bonus,,user1530@examplebank.com.sa,2008-06-19,Saudi,No,No,No,,
POS01531,POS01527,Analyst Infrastructure,ماجد الدوسري,G9,JC6445,Professional,Technology,Example Digital,Technology,Infrastructure,Infrastructure Unit 2,Infrastructure Unit 2 — Team C,Infrastructure Unit 2 — Team C / Section 1,,Jeddah,Full-time,Filled,1,CC-1038,Enabling,Back office,Fixed,,user1531@examplebank.com.sa,2017-09-17,Saudi,No,No,No,,
POS01532,POS01527,Associate Infrastructure,فيصل الغامدي,G10,JC1257,Professional,Technology,Example Digital,Technology,Infrastructure,Infrastructure Unit 2,Infrastructure Unit 2 — Team C,Infrastructure Unit 2 — Team C / Section 1,,Jeddah,Full-time,Filled,1,CC-1048,Enabling,Back office,Bonus,,user1532@examplebank.com.sa,2014-10-16,Jordanian,No,No,No,,
POS01533,POS01527,Officer Infrastructure,Maya Aziz,G12,JC9459,Management,Technology,Example Digital,Technology,Infrastructure,Infrastructure Unit 2,Infrastructure Unit 2 — Team C,Infrastructure Unit 2 — Team C / Section 1,,Jeddah,Full-time,Filled,1,CC-1028,Enabling,Back office,Fixed,,user1533@examplebank.com.sa,2018-10-10,Jordanian,No,No,No,,
POS01534,POS01527,Senior Analyst Infrastructure,ماجد السبيعي,G10,JC7350,Professional,Technology,Example Digital,Technology,Infrastructure,Infrastructure Unit 2,Infrastructure Unit 2 — Team C,Infrastructure Unit 2 — Team C / Section 2,,Khobar,Full-time,Filled,1,CC-1046,Enabling,Back office,Fixed,,user1534@examplebank.com.sa,2020-08-25,Saudi,No,No,Yes,فيصل المطيري,Ready 3+ years
POS01535,POS01477,Senior Manager Infrastructure,Hassan Darwish,G14,JC5100,Leadership,Technology,Example Digital,Technology,Infrastructure,Infrastructure Unit 3,,,,Khobar,Full-time,Filled,1,CC-1015,Enabling,Back office,Bonus,,user1535@examplebank.com.sa,2014-05-18,Saudi,No,No,No,,
POS01536,POS01535,Manager Infrastructure,Maya Farouk,G13,JC7471,Management,Technology,Example Digital,Technology,Infrastructure,Infrastructure Unit 3,Infrastructure Unit 3 — Team A,,,Riyadh,Full-time,Filled,1,CC-1045,Enabling,Back office,Bonus,,user1536@examplebank.com.sa,2008-07-05,British,No,No,No,,
POS01537,POS01536,Senior Officer Infrastructure,Adel Osman,G10,JC6045,Professional,Technology,Example Digital,Technology,Infrastructure,Infrastructure Unit 3,Infrastructure Unit 3 — Team A,Infrastructure Unit 3 — Team A / Section 1,,Remote,Full-time,Filled,1,CC-1019,Enabling,Back office,Bonus,,user1537@examplebank.com.sa,2019-01-20,Indian,No,No,Yes,Aisha Baker,Ready 3+ years
POS01538,POS01536,Associate Infrastructure,Dana Farouk,G12,JC5173,Management,Technology,Example Digital,Technology,Infrastructure,Infrastructure Unit 3,Infrastructure Unit 3 — Team A,Infrastructure Unit 3 — Team A / Section 1,,Jeddah,Full-time,Filled,1,CC-1029,Enabling,Back office,Bonus,,user1538@examplebank.com.sa,2016-06-10,British,No,No,No,,
POS01539,POS01536,Officer Infrastructure,خالد الزهراني,G10,JC2168,Professional,Technology,Example Digital,Technology,Infrastructure,Infrastructure Unit 3,Infrastructure Unit 3 — Team A,Infrastructure Unit 3 — Team A / Section 2,,Jeddah,Full-time,Filled,1,CC-1059,Enabling,Back office,Bonus,Saudi Graduates,user1539@examplebank.com.sa,2018-04-24,Indian,No,No,No,,
POS01540,POS01536,Senior Officer Infrastructure,سلطان المطيري,G11,JC4316,Professional,Technology,Example Digital,Technology,Infrastructure,Infrastructure Unit 3,Infrastructure Unit 3 — Team A,Infrastructure Unit 3 — Team A / Section 1,,Khobar,Full-time,Filled,1,CC-1022,Enabling,Back office,Fixed,,user1540@examplebank.com.sa,2012-06-08,Egyptian,No,No,No,,
POS01541,POS01536,Senior Analyst Infrastructure,Aisha Darwish,G12,JC8756,Management,Technology,Example Digital,Technology,Infrastructure,Infrastructure Unit 3,Infrastructure Unit 3 — Team A,Infrastructure Unit 3 — Team A / Section 1,,Jeddah,Full-time,Filled,1,CC-1014,Enabling,Back office,Fixed,,user1541@examplebank.com.sa,2023-01-07,Saudi,No,No,No,,
POS01542,POS01536,Officer Infrastructure,,G12,JC7124,Management,Technology,Example Digital,Technology,Infrastructure,Infrastructure Unit 3,Infrastructure Unit 3 — Team A,Infrastructure Unit 3 — Team A / Section 2,,Jeddah,Full-time,Vacant,1,CC-1039,Enabling,Back office,Fixed,,,2017-06-28,Saudi,No,No,Yes,دانة القحطاني,Ready 1-2 years
POS01543,POS01536,Associate Infrastructure,سلطان الغامدي,G12,JC3241,Management,Technology,Example Digital,Technology,Infrastructure,Infrastructure Unit 3,Infrastructure Unit 3 — Team A,Infrastructure Unit 3 — Team A / Section 1,,Riyadh,Full-time,Filled,1,CC-1017,Enabling,Back office,Fixed,,user1543@examplebank.com.sa,2008-09-23,Saudi,No,No,Yes,Lina Rashed,Ready 1-2 years
POS01544,POS01536,Analyst Infrastructure,لطيفة العتيبي,G12,JC2460,Management,Technology,Example Digital,Technology,Infrastructure,Infrastructure Unit 3,Infrastructure Unit 3 — Team A,Infrastructure Unit 3 — Team A / Section 1,,Riyadh,Full-time,Filled,1,CC-1005,Enabling,Back office,Fixed,,user1544@examplebank.com.sa,2021-05-25,Egyptian,No,No,No,,
POS01545,POS01536,Associate Infrastructure,Aisha Rashed,G10,JC8887,Professional,Technology,Example Digital,Technology,Infrastructure,Infrastructure Unit 3,Infrastructure Unit 3 — Team A,Infrastructure Unit 3 — Team A / Section 2,,Riyadh,Full-time,Filled,1,CC-1008,Enabling,Back office,Fixed,,user1545@examplebank.com.sa,2018-04-25,Saudi,No,No,No,,
POS01546,POS01535,Manager Infrastructure,Waleed Idris,G13,JC2579,Management,Technology,Example Digital,Technology,Infrastructure,Infrastructure Unit 3,Infrastructure Unit 3 — Team B,,,Remote,Contractor,Filled,1,CC-1018,Enabling,Back office,Bonus,Specialist Bench,user1546@examplebank.com.sa,2017-07-01,Indian,No,No,Yes,Tariq Qureshi,Ready 3+ years
POS01547,POS01546,Analyst Infrastructure,Omar Saleh,G11,JC3752,Professional,Technology,Example Digital,Technology,Infrastructure,Infrastructure Unit 3,Infrastructure Unit 3 — Team B,Infrastructure Unit 3 — Team B / Section 2,,Riyadh,Contractor,Filled,1,CC-1020,Enabling,Back office,Fixed,,user1547@examplebank.com.sa,2025-01-27,Saudi,No,No,No,,
POS01548,POS01546,Senior Officer Infrastructure,,G11,JC3309,Professional,Technology,Example Digital,Technology,Infrastructure,Infrastructure Unit 3,Infrastructure Unit 3 — Team B,Infrastructure Unit 3 — Team B / Section 1,,Riyadh,Full-time,Vacant,1,CC-1047,Enabling,Back office,Fixed,,,2009-11-14,Saudi,No,No,Yes,دانة الدوسري,Ready now
POS01549,POS01546,Specialist Infrastructure,Amal Osman,G12,JC8417,Management,Technology,Example Digital,Technology,Infrastructure,Infrastructure Unit 3,Infrastructure Unit 3 — Team B,Infrastructure Unit 3 — Team B / Section 1,,Remote,Full-time,Filled,1,CC-1011,Enabling,Back office,Fixed,,user1549@examplebank.com.sa,2020-08-15,Saudi,No,No,No,,
POS01550,POS01546,Associate Infrastructure,ماجد السبيعي,G9,JC3752,Professional,Technology,Example Digital,Technology,Infrastructure,Infrastructure Unit 3,Infrastructure Unit 3 — Team B,Infrastructure Unit 3 — Team B / Section 1,,Jeddah,Full-time,Filled,1,CC-1029,Enabling,Back office,Fixed,,user1550@examplebank.com.sa,2019-08-12,British,No,No,Yes,Omar Farouk,Ready 1-2 years
POS01551,POS01546,Associate Infrastructure,هند الدوسري,G9,JC9780,Professional,Technology,Example Digital,Technology,Infrastructure,Infrastructure Unit 3,Infrastructure Unit 3 — Team B,Infrastructure Unit 3 — Team B / Section 1,,Jeddah,Full-time,Filled,1,CC-1038,Enabling,Back office,Fixed,,user1551@examplebank.com.sa,2022-07-09,Indian,No,No,No,,
POS01552,POS01546,Associate Infrastructure,Nasser Rashed,G10,JC9060,Professional,Technology,Example Digital,Technology,Infrastructure,Infrastructure Unit 3,Infrastructure Unit 3 — Team B,Infrastructure Unit 3 — Team B / Section 1,,Remote,Contractor,Filled,1,CC-1029,Enabling,Back office,Bonus,,user1552@examplebank.com.sa,2023-04-17,Saudi,No,No,No,,
POS01553,POS01546,Senior Analyst Infrastructure,سارة القحطاني,G10,JC7048,Professional,Technology,Example Digital,Technology,Infrastructure,Infrastructure Unit 3,Infrastructure Unit 3 — Team B,Infrastructure Unit 3 — Team B / Section 2,,Riyadh,Full-time,Filled,1,CC-1046,Enabling,Back office,Bonus,,user1553@examplebank.com.sa,2013-12-01,British,No,No,No,,
POS01554,POS01546,Analyst Infrastructure,Maya Siddiqui,G10,JC5495,Professional,Technology,Example Digital,Technology,Infrastructure,Infrastructure Unit 3,Infrastructure Unit 3 — Team B,Infrastructure Unit 3 — Team B / Section 1,,Riyadh,Full-time,Filled,1,CC-1051,Enabling,Back office,Fixed,,user1554@examplebank.com.sa,2008-01-22,British,No,No,No,,
POS01555,POS01546,Senior Analyst Infrastructure,Jana Haddad,G10,JC8158,Professional,Technology,Example Digital,Technology,Infrastructure,Infrastructure Unit 3,Infrastructure Unit 3 — Team B,Infrastructure Unit 3 — Team B / Section 2,,Dammam,Full-time,Filled,1,CC-1041,Enabling,Back office,Fixed,,user1555@examplebank.com.sa,2008-06-04,Egyptian,No,No,Yes,Omar Karim,Ready now
POS01556,POS01546,Senior Analyst Infrastructure,Dana Younes,G11,JC8426,Professional,Technology,Example Digital,Technology,Infrastructure,Infrastructure Unit 3,Infrastructure Unit 3 — Team B,Infrastructure Unit 3 — Team B / Section 1,,Remote,Full-time,Filled,1,CC-1044,Enabling,Back office,Fixed,,user1556@examplebank.com.sa,2016-01-19,Egyptian,No,No,No,,
POS01557,POS01535,Manager Infrastructure,Yusuf Aziz,G13,JC6792,Management,Technology,Example Digital,Technology,Infrastructure,Infrastructure Unit 3,Infrastructure Unit 3 — Team C,,,Jeddah,Full-time,Filled,0.5,CC-1037,Enabling,Back office,Bonus,,user1557@examplebank.com.sa,2018-01-28,Indian,No,No,No,,
POS01558,POS01557,Officer Infrastructure,Mona Khan,G10,JC9158,Professional,Technology,Example Digital,Technology,Infrastructure,Infrastructure Unit 3,Infrastructure Unit 3 — Team C,Infrastructure Unit 3 — Team C / Section 2,,Dammam,Full-time,Filled,1,CC-1007,Enabling,Back office,Fixed,,user1558@examplebank.com.sa,2011-10-10,Saudi,No,No,No,,
POS01559,POS01557,Analyst Infrastructure,Omar Fahmy,G10,JC4981,Professional,Technology,Example Digital,Technology,Infrastructure,Infrastructure Unit 3,Infrastructure Unit 3 — Team C,Infrastructure Unit 3 — Team C / Section 1,,Riyadh,Full-time,Filled,1,CC-1045,Enabling,Back office,Fixed,,user1559@examplebank.com.sa,2024-03-18,Indian,No,No,No,,
POS01560,POS01557,Senior Officer Infrastructure,ماجد الدوسري,G10,JC3298,Professional,Technology,Example Digital,Technology,Infrastructure,Infrastructure Unit 3,Infrastructure Unit 3 — Team C,Infrastructure Unit 3 — Team C / Section 1,,Riyadh,Full-time,Filled,1,CC-1028,Enabling,Back office,Fixed,,user1560@examplebank.com.sa,2013-06-02,Saudi,No,No,No,,
POS01561,POS01557,Senior Analyst Infrastructure,Rami Farouk,G9,JC5721,Professional,Technology,Example Digital,Technology,Infrastructure,Infrastructure Unit 3,Infrastructure Unit 3 — Team C,Infrastructure Unit 3 — Team C / Section 1,,Dammam,Full-time,Filled,1,CC-1055,Enabling,Back office,Fixed,,user1561@examplebank.com.sa,2020-02-21,Saudi,No,No,No,,
POS01562,POS01557,Senior Officer Infrastructure,Amal Mansour,G10,JC4755,Professional,Technology,Example Digital,Technology,Infrastructure,Infrastructure Unit 3,Infrastructure Unit 3 — Team C,Infrastructure Unit 3 — Team C / Section 1,,Riyadh,Full-time,Filled,1,CC-1012,Enabling,Back office,Fixed,,user1562@examplebank.com.sa,2008-10-15,Saudi,No,No,Yes,Omar Farouk,Ready 1-2 years
POS01563,POS01557,Associate Infrastructure,سارة المطيري,G10,JC3889,Professional,Technology,Example Digital,Technology,Infrastructure,Infrastructure Unit 3,Infrastructure Unit 3 — Team C,Infrastructure Unit 3 — Team C / Section 1,,Riyadh,Full-time,Filled,1,CC-1058,Enabling,Back office,Fixed,,user1563@examplebank.com.sa,2015-12-10,Saudi,No,No,No,,
POS01564,POS01557,Analyst Infrastructure,Rami Idris,G10,JC3121,Professional,Technology,Example Digital,Technology,Infrastructure,Infrastructure Unit 3,Infrastructure Unit 3 — Team C,Infrastructure Unit 3 — Team C / Section 2,,Jeddah,Full-time,Filled,1,CC-1025,Enabling,Back office,Fixed,,user1564@examplebank.com.sa,2023-10-10,Saudi,No,No,No,,
POS01565,POS01557,Specialist Infrastructure,Yusuf Fahmy,G12,JC8226,Management,Technology,Example Digital,Technology,Infrastructure,Infrastructure Unit 3,Infrastructure Unit 3 — Team C,Infrastructure Unit 3 — Team C / Section 2,,Riyadh,Full-time,Filled,1,CC-1005,Enabling,Back office,Fixed,,user1565@examplebank.com.sa,2010-11-16,Egyptian,No,No,No,,
POS01566,POS01557,Associate Infrastructure,Salma Siddiqui,G10,JC6173,Professional,Technology,Example Digital,Technology,Infrastructure,Infrastructure Unit 3,Infrastructure Unit 3 — Team C,Infrastructure Unit 3 — Team C / Section 1,,Jeddah,Full-time,Filled,1,CC-1001,Enabling,Back office,Fixed,,user1566@examplebank.com.sa,2015-06-10,Egyptian,No,No,No,,
POS01567,POS01302,Head of Cybersecurity,Adel Fahmy,G15,JC4980,Leadership,Technology,Example Digital,Technology,Cybersecurity,,,,,Jeddah,Full-time,Filled,1,CC-1001,Enabling,Back office,Bonus,,user1567@examplebank.com.sa,2022-10-11,Egyptian,Yes,No,Yes,Lina Farouk,Ready now
POS01568,POS01567,Senior Manager Cybersecurity,Hassan Younes,G14,JC9725,Leadership,Technology,Example Digital,Technology,Cybersecurity,Cybersecurity Unit 1,,,,Jeddah,Full-time,Filled,1,CC-1034,Enabling,Back office,Bonus,,user1568@examplebank.com.sa,2023-12-08,Saudi,No,No,No,,
POS01569,POS01568,Manager Cybersecurity,Rami Bakr,G13,JC5367,Management,Technology,Example Digital,Technology,Cybersecurity,Cybersecurity Unit 1,Cybersecurity Unit 1 — Team A,,,Riyadh,Full-time,Filled,1,CC-1034,Enabling,Back office,Bonus,,user1569@examplebank.com.sa,2014-05-22,British,No,No,No,,
POS01570,POS01569,Associate Cybersecurity,سارة الزهراني,G12,JC2967,Management,Technology,Example Digital,Technology,Cybersecurity,Cybersecurity Unit 1,Cybersecurity Unit 1 — Team A,Cybersecurity Unit 1 — Team A / Section 1,,Jeddah,Full-time,Filled,1,CC-1029,Enabling,Back office,Bonus,,user1570@examplebank.com.sa,2015-05-27,Egyptian,No,No,No,,
POS01571,POS01569,Senior Analyst Cybersecurity,Huda Karim,G12,JC6185,Management,Technology,Example Digital,Technology,Cybersecurity,Cybersecurity Unit 1,Cybersecurity Unit 1 — Team A,Cybersecurity Unit 1 — Team A / Section 2,,Riyadh,Full-time,Filled,1,CC-1001,Enabling,Back office,Fixed,,user1571@examplebank.com.sa,2009-06-11,Saudi,No,No,No,,
POS01572,POS01569,Specialist Cybersecurity,سارة الدوسري,G11,JC3215,Professional,Technology,Example Digital,Technology,Cybersecurity,Cybersecurity Unit 1,Cybersecurity Unit 1 — Team A,Cybersecurity Unit 1 — Team A / Section 1,,Khobar,Full-time,Filled,1,CC-1021,Enabling,Back office,Fixed,,user1572@examplebank.com.sa,2021-08-03,Saudi,No,No,Yes,Aisha Mansour,Ready 1-2 years
POS01573,POS01569,Specialist Cybersecurity,سارة الحربي,G11,JC3703,Professional,Technology,Example Digital,Technology,Cybersecurity,Cybersecurity Unit 1,Cybersecurity Unit 1 — Team A,Cybersecurity Unit 1 — Team A / Section 1,,Dammam,Full-time,Filled,1,CC-1043,Enabling,Back office,Fixed,,user1573@examplebank.com.sa,2024-03-24,British,No,No,Yes,Jana Bakr,Ready 3+ years
POS01574,POS01569,Associate Cybersecurity,ريم الدوسري,G9,JC2008,Professional,Technology,Example Digital,Technology,Cybersecurity,Cybersecurity Unit 1,Cybersecurity Unit 1 — Team A,Cybersecurity Unit 1 — Team A / Section 1,,Jeddah,Full-time,Filled,1,CC-1008,Enabling,Back office,Fixed,,user1574@examplebank.com.sa,2008-09-18,Saudi,No,No,No,,
POS01575,POS01569,Analyst Cybersecurity,Sami Qureshi,G10,JC2976,Professional,Technology,Example Digital,Technology,Cybersecurity,Cybersecurity Unit 1,Cybersecurity Unit 1 — Team A,Cybersecurity Unit 1 — Team A / Section 1,,Dammam,Full-time,Filled,1,CC-1039,Enabling,Back office,Bonus,,user1575@examplebank.com.sa,2017-02-12,Saudi,No,No,No,,
POS01576,POS01569,Officer Cybersecurity,Layla Khan,G10,JC7789,Professional,Technology,Example Digital,Technology,Cybersecurity,Cybersecurity Unit 1,Cybersecurity Unit 1 — Team A,Cybersecurity Unit 1 — Team A / Section 2,,Remote,Full-time,Filled,1,CC-1004,Enabling,Back office,Bonus,,user1576@examplebank.com.sa,2008-11-26,Egyptian,No,No,No,,
POS01577,POS01569,Associate Cybersecurity,Dana Rashed,G11,JC2701,Professional,Technology,Example Digital,Technology,Cybersecurity,Cybersecurity Unit 1,Cybersecurity Unit 1 — Team A,Cybersecurity Unit 1 — Team A / Section 1,,Riyadh,Full-time,Filled,1,CC-1007,Enabling,Back office,Fixed,,user1577@examplebank.com.sa,2008-02-27,Saudi,No,No,No,,
POS01578,POS01569,Officer Cybersecurity,Sami Mansour,G10,JC9306,Professional,Technology,Example Digital,Technology,Cybersecurity,Cybersecurity Unit 1,Cybersecurity Unit 1 — Team A,Cybersecurity Unit 1 — Team A / Section 2,,Dammam,Full-time,Filled,1,CC-1005,Enabling,Back office,Fixed,,user1578@examplebank.com.sa,2023-01-20,Saudi,No,No,No,,
POS01579,POS01569,Senior Officer Cybersecurity,Hassan Nasser,G10,JC9314,Professional,Technology,Example Digital,Technology,Cybersecurity,Cybersecurity Unit 1,Cybersecurity Unit 1 — Team A,Cybersecurity Unit 1 — Team A / Section 2,,Dammam,Full-time,Filled,1,CC-1040,Enabling,Back office,Fixed,,user1579@examplebank.com.sa,2009-03-19,British,No,No,No,,
POS01580,POS01568,Manager Cybersecurity,عبدالله الدوسري,G13,JC6310,Management,Technology,Example Digital,Technology,Cybersecurity,Cybersecurity Unit 1,Cybersecurity Unit 1 — Team B,,,Jeddah,Full-time,Filled,1,CC-1016,Enabling,Back office,Bonus,Specialist Bench,user1580@examplebank.com.sa,2024-04-16,Saudi,No,No,Yes,Maya Nasser,Ready 1-2 years
POS01581,POS01580,Senior Officer Cybersecurity,ماجد العتيبي,G12,JC3874,Management,Technology,Example Digital,Technology,Cybersecurity,Cybersecurity Unit 1,Cybersecurity Unit 1 — Team B,Cybersecurity Unit 1 — Team B / Section 2,,Jeddah,Full-time,Filled,1,CC-1032,Enabling,Back office,Fixed,Saudi Graduates,user1581@examplebank.com.sa,2011-05-16,Saudi,No,No,No,,
POS01582,POS01580,Associate Cybersecurity,Nasser Idris,G10,JC3546,Professional,Technology,Example Digital,Technology,Cybersecurity,Cybersecurity Unit 1,Cybersecurity Unit 1 — Team B,Cybersecurity Unit 1 — Team B / Section 2,,Khobar,Contractor,Filled,1,CC-1007,Enabling,Back office,Fixed,,user1582@examplebank.com.sa,2015-02-16,Saudi,No,No,No,,
POS01583,POS01580,Specialist Cybersecurity,هند الزهراني,G12,JC1024,Management,Technology,Example Digital,Technology,Cybersecurity,Cybersecurity Unit 1,Cybersecurity Unit 1 — Team B,Cybersecurity Unit 1 — Team B / Section 1,,Khobar,Full-time,Filled,1,CC-1040,Enabling,Back office,Fixed,,user1583@examplebank.com.sa,2024-12-27,Saudi,No,No,No,,
POS01584,POS01580,Associate Cybersecurity,Amal Rashed,G9,JC5283,Professional,Technology,Example Digital,Technology,Cybersecurity,Cybersecurity Unit 1,Cybersecurity Unit 1 — Team B,Cybersecurity Unit 1 — Team B / Section 1,,Remote,Full-time,Filled,0.5,CC-1009,Enabling,Back office,Fixed,,user1584@examplebank.com.sa,2024-11-11,Saudi,No,No,No,,
POS01585,POS01580,Specialist Cybersecurity,Rana Baker,G10,JC5931,Professional,Technology,Example Digital,Technology,Cybersecurity,Cybersecurity Unit 1,Cybersecurity Unit 1 — Team B,Cybersecurity Unit 1 — Team B / Section 2,,Riyadh,Full-time,Filled,1,CC-1026,Enabling,Back office,Bonus,,user1585@examplebank.com.sa,2023-08-13,Saudi,No,No,No,,
POS01586,POS01580,Senior Analyst Cybersecurity,سلطان المطيري,G11,JC9976,Professional,Technology,Example Digital,Technology,Cybersecurity,Cybersecurity Unit 1,Cybersecurity Unit 1 — Team B,Cybersecurity Unit 1 — Team B / Section 2,,Jeddah,Full-time,Filled,1,CC-1031,Enabling,Back office,Fixed,Emerging Leaders,user1586@examplebank.com.sa,2018-07-27,Egyptian,No,No,No,,
POS01587,POS01567,Senior Manager Cybersecurity,Ziad Younes,G14,JC8121,Leadership,Technology,Example Digital,Technology,Cybersecurity,Cybersecurity Unit 2,,,,Riyadh,Full-time,Filled,1,CC-1032,Enabling,Back office,Bonus,,user1587@examplebank.com.sa,2014-05-08,Saudi,No,No,Yes,Layla Karim,Ready now
POS01588,POS01587,Manager Cybersecurity,فيصل القحطاني,G13,JC3283,Management,Technology,Example Digital,Technology,Cybersecurity,Cybersecurity Unit 2,Cybersecurity Unit 2 — Team A,,,Jeddah,Full-time,Filled,1,CC-1033,Enabling,Back office,Bonus,,user1588@examplebank.com.sa,2023-06-16,Saudi,No,No,Yes,أحمد الشمري,Ready 3+ years
POS01589,POS01588,Senior Officer Cybersecurity,ريم العتيبي,G9,JC5380,Professional,Technology,Example Digital,Technology,Cybersecurity,Cybersecurity Unit 2,Cybersecurity Unit 2 — Team A,Cybersecurity Unit 2 — Team A / Section 1,,Jeddah,Full-time,Filled,1,CC-1052,Enabling,Back office,Bonus,,user1589@examplebank.com.sa,2013-03-16,Jordanian,No,No,Yes,Huda Fahmy,Ready 3+ years
POS01590,POS01588,Senior Analyst Cybersecurity,Jana Khan,G12,JC7015,Management,Technology,Example Digital,Technology,Cybersecurity,Cybersecurity Unit 2,Cybersecurity Unit 2 — Team A,Cybersecurity Unit 2 — Team A / Section 1,,Riyadh,Full-time,Filled,1,CC-1046,Enabling,Back office,Fixed,,user1590@examplebank.com.sa,2013-12-12,Saudi,No,No,No,,
POS01591,POS01588,Associate Cybersecurity,Karim Osman,G9,JC2697,Professional,Technology,Example Digital,Technology,Cybersecurity,Cybersecurity Unit 2,Cybersecurity Unit 2 — Team A,Cybersecurity Unit 2 — Team A / Section 1,,Riyadh,Full-time,Filled,1,CC-1033,Enabling,Back office,Fixed,,user1591@examplebank.com.sa,2017-09-20,Egyptian,No,No,Yes,سلطان الدوسري,Ready 3+ years
POS01592,POS01588,Associate Cybersecurity,Omar Qureshi,G10,JC8832,Professional,Technology,Example Digital,Technology,Cybersecurity,Cybersecurity Unit 2,Cybersecurity Unit 2 — Team A,Cybersecurity Unit 2 — Team A / Section 1,,Riyadh,Full-time,Filled,1,CC-1053,Enabling,Back office,Fixed,Specialist Bench,user1592@examplebank.com.sa,2022-12-26,Saudi,No,No,No,,
POS01593,POS01588,Senior Officer Cybersecurity,Dana Baker,G12,JC9664,Management,Technology,Example Digital,Technology,Cybersecurity,Cybersecurity Unit 2,Cybersecurity Unit 2 — Team A,Cybersecurity Unit 2 — Team A / Section 2,,Remote,Full-time,Filled,1,CC-1009,Enabling,Back office,Fixed,,user1593@examplebank.com.sa,2017-05-28,Saudi,No,No,Yes,Noor Mansour,Ready now
POS01594,POS01588,Specialist Cybersecurity,هند المطيري,G10,JC8831,Professional,Technology,Example Digital,Technology,Cybersecurity,Cybersecurity Unit 2,Cybersecurity Unit 2 — Team A,Cybersecurity Unit 2 — Team A / Section 2,,Jeddah,Full-time,Filled,0.5,CC-1011,Enabling,Back office,Fixed,,user1594@examplebank.com.sa,2018-12-26,Saudi,No,No,No,,
POS01595,POS01588,Senior Analyst Cybersecurity,Nasser Aziz,G10,JC8216,Professional,Technology,Example Digital,Technology,Cybersecurity,Cybersecurity Unit 2,Cybersecurity Unit 2 — Team A,Cybersecurity Unit 2 — Team A / Section 2,,Dammam,Full-time,Filled,1,CC-1020,Enabling,Back office,Fixed,,user1595@examplebank.com.sa,2017-05-03,Saudi,No,No,No,,
POS01596,POS01587,Manager Cybersecurity,Hassan Qureshi,G13,JC8680,Management,Technology,Example Digital,Technology,Cybersecurity,Cybersecurity Unit 2,Cybersecurity Unit 2 — Team B,,,Riyadh,Full-time,Filled,1,CC-1004,Enabling,Back office,Bonus,,user1596@examplebank.com.sa,2018-11-22,Saudi,No,No,Yes,Amal Younes,Ready now
POS01597,POS01596,Analyst Cybersecurity,Dana Baker,G10,JC3405,Professional,Technology,Example Digital,Technology,Cybersecurity,Cybersecurity Unit 2,Cybersecurity Unit 2 — Team B,Cybersecurity Unit 2 — Team B / Section 1,,Riyadh,Full-time,Filled,1,CC-1020,Enabling,Back office,Fixed,Saudi Graduates,user1597@examplebank.com.sa,2008-02-21,Saudi,No,No,No,,
POS01598,POS01596,Senior Analyst Cybersecurity,Aisha Karim,G12,JC2792,Management,Technology,Example Digital,Technology,Cybersecurity,Cybersecurity Unit 2,Cybersecurity Unit 2 — Team B,Cybersecurity Unit 2 — Team B / Section 2,,Jeddah,Full-time,Filled,1,CC-1049,Enabling,Back office,Fixed,,user1598@examplebank.com.sa,2019-04-09,British,No,No,No,,
POS01599,POS01596,Analyst Cybersecurity,,G12,JC7457,Management,Technology,Example Digital,Technology,Cybersecurity,Cybersecurity Unit 2,Cybersecurity Unit 2 — Team B,Cybersecurity Unit 2 — Team B / Section 1,,Riyadh,Full-time,Vacant,1,CC-1042,Enabling,Back office,Bonus,,,2015-08-16,Saudi,No,No,Yes,Rana Siddiqui,Ready 3+ years
POS01600,POS01596,Associate Cybersecurity,Mona Saleh,G10,JC4683,Professional,Technology,Example Digital,Technology,Cybersecurity,Cybersecurity Unit 2,Cybersecurity Unit 2 — Team B,Cybersecurity Unit 2 — Team B / Section 1,,Dammam,Full-time,Filled,1,CC-1001,Enabling,Back office,Bonus,,user1600@examplebank.com.sa,2015-08-28,Indian,No,No,No,,
POS01601,POS01596,Senior Analyst Cybersecurity,Noor Mansour,G10,JC9015,Professional,Technology,Example Digital,Technology,Cybersecurity,Cybersecurity Unit 2,Cybersecurity Unit 2 — Team B,Cybersecurity Unit 2 — Team B / Section 1,,Jeddah,Full-time,Filled,1,CC-1045,Enabling,Back office,Bonus,,user1601@examplebank.com.sa,2018-03-26,Saudi,No,No,No,,
POS01602,POS01596,Officer Cybersecurity,ريم القحطاني,G10,JC4899,Professional,Technology,Example Digital,Technology,Cybersecurity,Cybersecurity Unit 2,Cybersecurity Unit 2 — Team B,Cybersecurity Unit 2 — Team B / Section 1,,Jeddah,Full-time,Filled,1,CC-1049,Enabling,Back office,Bonus,,user1602@examplebank.com.sa,2008-06-02,Indian,No,No,Yes,عبدالله العتيبي,Ready 1-2 years
POS01603,POS01596,Senior Officer Cybersecurity,Bilal Osman,G9,JC2198,Professional,Technology,Example Digital,Technology,Cybersecurity,Cybersecurity Unit 2,Cybersecurity Unit 2 — Team B,Cybersecurity Unit 2 — Team B / Section 2,,Remote,Full-time,Filled,1,CC-1002,Enabling,Back office,Bonus,,user1603@examplebank.com.sa,2024-12-16,Indian,No,No,No,,
POS01604,POS01596,Senior Analyst Cybersecurity,نورة السبيعي,G10,JC5794,Professional,Technology,Example Digital,Technology,Cybersecurity,Cybersecurity Unit 2,Cybersecurity Unit 2 — Team B,Cybersecurity Unit 2 — Team B / Section 1,,Remote,Full-time,Filled,1,CC-1029,Enabling,Back office,Fixed,,user1604@examplebank.com.sa,2022-07-21,Egyptian,No,No,Yes,أحمد الحربي,Ready now
POS01605,POS01596,Associate Cybersecurity,Rami Haddad,G11,JC5612,Professional,Technology,Example Digital,Technology,Cybersecurity,Cybersecurity Unit 2,Cybersecurity Unit 2 — Team B,Cybersecurity Unit 2 — Team B / Section 1,,Riyadh,Contractor,Filled,1,CC-1029,Enabling,Back office,Fixed,,user1605@examplebank.com.sa,2021-07-04,Saudi,No,No,No,,
POS01606,POS01596,Senior Officer Cybersecurity,Rana Rashed,G11,JC1066,Professional,Technology,Example Digital,Technology,Cybersecurity,Cybersecurity Unit 2,Cybersecurity Unit 2 — Team B,Cybersecurity Unit 2 — Team B / Section 2,,Dammam,Full-time,Filled,1,CC-1022,Enabling,Back office,Bonus,,user1606@examplebank.com.sa,2017-12-12,Saudi,No,No,No,,
POS01607,POS01567,Senior Manager Cybersecurity,Aisha Darwish,G14,JC6379,Leadership,Technology,Example Digital,Technology,Cybersecurity,Cybersecurity Unit 3,,,,Khobar,Full-time,Filled,1,CC-1028,Enabling,Back office,Bonus,Saudi Graduates,user1607@examplebank.com.sa,2014-08-24,Jordanian,No,No,No,,
POS01608,POS01607,Manager Cybersecurity,خالد المطيري,G13,JC6175,Management,Technology,Example Digital,Technology,Cybersecurity,Cybersecurity Unit 3,Cybersecurity Unit 3 — Team A,,,Remote,Full-time,Filled,1,CC-1029,Enabling,Back office,Bonus,,user1608@examplebank.com.sa,2022-07-02,Egyptian,No,No,No,,
POS01609,POS01608,Officer Cybersecurity,ريم الشمري,G12,JC4243,Management,Technology,Example Digital,Technology,Cybersecurity,Cybersecurity Unit 3,Cybersecurity Unit 3 — Team A,Cybersecurity Unit 3 — Team A / Section 2,,Dammam,Full-time,Filled,1,CC-1039,Enabling,Back office,Fixed,,user1609@examplebank.com.sa,2008-07-28,Saudi,No,No,No,,
POS01610,POS01608,Associate Cybersecurity,Sami Bakr,G9,JC1437,Professional,Technology,Example Digital,Technology,Cybersecurity,Cybersecurity Unit 3,Cybersecurity Unit 3 — Team A,Cybersecurity Unit 3 — Team A / Section 1,,Remote,Full-time,Filled,1,CC-1023,Enabling,Back office,Fixed,,user1610@examplebank.com.sa,2021-07-26,Indian,No,No,Yes,Dana Bakr,Ready 3+ years
POS01611,POS01608,Specialist Cybersecurity,ماجد القحطاني,G10,JC8446,Professional,Technology,Example Digital,Technology,Cybersecurity,Cybersecurity Unit 3,Cybersecurity Unit 3 — Team A,Cybersecurity Unit 3 — Team A / Section 2,,Remote,Full-time,Filled,1,CC-1041,Enabling,Back office,Bonus,,user1611@examplebank.com.sa,2020-11-22,Egyptian,No,No,No,,
POS01612,POS01608,Senior Analyst Cybersecurity,Amal Darwish,G11,JC9107,Professional,Technology,Example Digital,Technology,Cybersecurity,Cybersecurity Unit 3,Cybersecurity Unit 3 — Team A,Cybersecurity Unit 3 — Team A / Section 2,,Dammam,Full-time,Filled,1,CC-1027,Enabling,Back office,Fixed,,user1612@examplebank.com.sa,2010-10-16,British,No,No,No,,
POS01613,POS01608,Analyst Cybersecurity,نورة الشمري,G11,JC1043,Professional,Technology,Example Digital,Technology,Cybersecurity,Cybersecurity Unit 3,Cybersecurity Unit 3 — Team A,Cybersecurity Unit 3 — Team A / Section 2,,Riyadh,Full-time,Filled,1,CC-1060,Enabling,Back office,Bonus,,user1613@examplebank.com.sa,2011-01-17,British,No,No,No,,
POS01614,POS01608,Analyst Cybersecurity,ريم الدوسري,G10,JC9857,Professional,Technology,Example Digital,Technology,Cybersecurity,Cybersecurity Unit 3,Cybersecurity Unit 3 — Team A,Cybersecurity Unit 3 — Team A / Section 1,,Jeddah,Full-time,Filled,1,CC-1050,Enabling,Back office,Bonus,,user1614@examplebank.com.sa,2018-03-11,Saudi,No,No,No,,
POS01615,POS01608,Officer Cybersecurity,,G10,JC4351,Professional,Technology,Example Digital,Technology,Cybersecurity,Cybersecurity Unit 3,Cybersecurity Unit 3 — Team A,Cybersecurity Unit 3 — Team A / Section 1,,Dammam,Full-time,Vacant,1,CC-1052,Enabling,Back office,Fixed,,,2022-11-17,British,No,No,No,,
POS01616,POS01608,Senior Analyst Cybersecurity,أحمد الزهراني,G11,JC3067,Professional,Technology,Example Digital,Technology,Cybersecurity,Cybersecurity Unit 3,Cybersecurity Unit 3 — Team A,Cybersecurity Unit 3 — Team A / Section 2,,Riyadh,Full-time,Filled,0.5,CC-1018,Enabling,Back office,Fixed,,user1616@examplebank.com.sa,2014-06-10,Jordanian,No,No,No,,
POS01617,POS01607,Manager Cybersecurity,Aisha Idris,G13,JC2679,Management,Technology,Example Digital,Technology,Cybersecurity,Cybersecurity Unit 3,Cybersecurity Unit 3 — Team B,,,Riyadh,Full-time,Filled,1,CC-1045,Enabling,Back office,Bonus,,user1617@examplebank.com.sa,2013-11-14,Saudi,No,No,No,,
POS01618,POS01617,Officer Cybersecurity,فيصل العتيبي,G10,JC8075,Professional,Technology,Example Digital,Technology,Cybersecurity,Cybersecurity Unit 3,Cybersecurity Unit 3 — Team B,Cybersecurity Unit 3 — Team B / Section 1,,Jeddah,Full-time,Filled,1,CC-1006,Enabling,Back office,Fixed,,user1618@examplebank.com.sa,2015-08-26,Saudi,No,No,No,,
POS01619,POS01617,Senior Officer Cybersecurity,هند المطيري,G10,JC9886,Professional,Technology,Example Digital,Technology,Cybersecurity,Cybersecurity Unit 3,Cybersecurity Unit 3 — Team B,Cybersecurity Unit 3 — Team B / Section 2,,Jeddah,Full-time,Filled,1,CC-1052,Enabling,Back office,Bonus,,user1619@examplebank.com.sa,2010-11-19,Saudi,No,No,No,,
POS01620,POS01617,Analyst Cybersecurity,عبدالله العتيبي,G10,JC7644,Professional,Technology,Example Digital,Technology,Cybersecurity,Cybersecurity Unit 3,Cybersecurity Unit 3 — Team B,Cybersecurity Unit 3 — Team B / Section 2,,Dammam,Full-time,Filled,1,CC-1034,Enabling,Back office,Fixed,,user1620@examplebank.com.sa,2016-10-09,Egyptian,No,No,No,,
POS01621,POS01617,Analyst Cybersecurity,فيصل القحطاني,G10,JC5204,Professional,Technology,Example Digital,Technology,Cybersecurity,Cybersecurity Unit 3,Cybersecurity Unit 3 — Team B,Cybersecurity Unit 3 — Team B / Section 1,,Khobar,Full-time,Filled,1,CC-1047,Enabling,Back office,Fixed,,user1621@examplebank.com.sa,2013-11-04,Indian,No,No,Yes,Omar Farouk,Ready 3+ years
POS01622,POS01617,Specialist Cybersecurity,نورة الدوسري,G10,JC7571,Professional,Technology,Example Digital,Technology,Cybersecurity,Cybersecurity Unit 3,Cybersecurity Unit 3 — Team B,Cybersecurity Unit 3 — Team B / Section 2,,Khobar,Full-time,Filled,1,CC-1009,Enabling,Back office,Bonus,,user1622@examplebank.com.sa,2019-11-02,Jordanian,No,No,No,,
POS01623,POS01617,Analyst Cybersecurity,نورة الشمري,G9,JC5477,Professional,Technology,Example Digital,Technology,Cybersecurity,Cybersecurity Unit 3,Cybersecurity Unit 3 — Team B,Cybersecurity Unit 3 — Team B / Section 1,,Jeddah,Full-time,Filled,1,CC-1009,Enabling,Back office,Fixed,,user1623@examplebank.com.sa,2013-04-12,Saudi,No,No,No,,
POS01624,POS01617,Senior Analyst Cybersecurity,Sami Nasser,G10,JC7071,Professional,Technology,Example Digital,Technology,Cybersecurity,Cybersecurity Unit 3,Cybersecurity Unit 3 — Team B,Cybersecurity Unit 3 — Team B / Section 2,,Remote,Full-time,Filled,1,CC-1053,Enabling,Back office,Fixed,,user1624@examplebank.com.sa,2011-01-07,British,No,No,No,,
POS01625,POS01617,Senior Officer Cybersecurity,Salma Fahmy,G10,JC5684,Professional,Technology,Example Digital,Technology,Cybersecurity,Cybersecurity Unit 3,Cybersecurity Unit 3 — Team B,Cybersecurity Unit 3 — Team B / Section 2,,Riyadh,Full-time,Filled,1,CC-1004,Enabling,Back office,Fixed,,user1625@examplebank.com.sa,2014-04-25,Egyptian,No,No,No,,
POS01626,POS01617,Senior Officer Cybersecurity,نورة الغامدي,G9,JC7672,Professional,Technology,Example Digital,Technology,Cybersecurity,Cybersecurity Unit 3,Cybersecurity Unit 3 — Team B,Cybersecurity Unit 3 — Team B / Section 2,,Jeddah,Full-time,Filled,1,CC-1056,Enabling,Back office,Fixed,,user1626@examplebank.com.sa,2014-06-04,British,No,No,No,,
POS01627,POS01617,Analyst Cybersecurity,,G10,JC4687,Professional,Technology,Example Digital,Technology,Cybersecurity,Cybersecurity Unit 3,Cybersecurity Unit 3 — Team B,Cybersecurity Unit 3 — Team B / Section 2,,Jeddah,Full-time,Vacant,1,CC-1005,Enabling,Back office,Fixed,,,2008-10-04,Indian,No,No,Yes,نورة الحربي,Ready now
POS01628,POS01617,Associate Cybersecurity,أحمد الدوسري,G11,JC3496,Professional,Technology,Example Digital,Technology,Cybersecurity,Cybersecurity Unit 3,Cybersecurity Unit 3 — Team B,Cybersecurity Unit 3 — Team B / Section 1,,Riyadh,Full-time,Filled,1,CC-1034,Enabling,Back office,Fixed,,user1628@examplebank.com.sa,2025-10-17,British,No,No,No,,
POS01629,POS01607,Manager Cybersecurity,Layla Mansour,G13,JC6692,Management,Technology,Example Digital,Technology,Cybersecurity,Cybersecurity Unit 3,Cybersecurity Unit 3 — Team C,,,Dammam,Full-time,Filled,0.5,CC-1002,Enabling,Back office,Bonus,,user1629@examplebank.com.sa,2008-07-16,Saudi,No,No,No,,
POS01630,POS01629,Officer Cybersecurity,ريم الدوسري,G10,JC6870,Professional,Technology,Example Digital,Technology,Cybersecurity,Cybersecurity Unit 3,Cybersecurity Unit 3 — Team C,Cybersecurity Unit 3 — Team C / Section 2,,Remote,Full-time,Filled,1,CC-1019,Enabling,Back office,Fixed,,user1630@examplebank.com.sa,2024-10-05,Saudi,No,No,Yes,Waleed Khan,Ready now
POS01631,POS01629,Senior Officer Cybersecurity,Adel Younes,G11,JC5762,Professional,Technology,Example Digital,Technology,Cybersecurity,Cybersecurity Unit 3,Cybersecurity Unit 3 — Team C,Cybersecurity Unit 3 — Team C / Section 1,,Riyadh,Full-time,Filled,1,CC-1025,Enabling,Back office,Fixed,,user1631@examplebank.com.sa,2025-06-13,Saudi,No,No,No,,
POS01632,POS01629,Analyst Cybersecurity,عبدالله الغامدي,G10,JC3874,Professional,Technology,Example Digital,Technology,Cybersecurity,Cybersecurity Unit 3,Cybersecurity Unit 3 — Team C,Cybersecurity Unit 3 — Team C / Section 2,,Riyadh,Full-time,Filled,1,CC-1052,Enabling,Back office,Fixed,,user1632@examplebank.com.sa,2016-12-09,British,No,No,No,,
POS01633,POS01629,Officer Cybersecurity,أحمد الحربي,G11,JC4147,Professional,Technology,Example Digital,Technology,Cybersecurity,Cybersecurity Unit 3,Cybersecurity Unit 3 — Team C,Cybersecurity Unit 3 — Team C / Section 1,,Remote,Full-time,Filled,1,CC-1001,Enabling,Back office,Bonus,,user1633@examplebank.com.sa,2010-06-10,Saudi,No,No,No,,
POS01634,POS01629,Officer Cybersecurity,Nasser Nasser,G10,JC1781,Professional,Technology,Example Digital,Technology,Cybersecurity,Cybersecurity Unit 3,Cybersecurity Unit 3 — Team C,Cybersecurity Unit 3 — Team C / Section 2,,Dammam,Full-time,Filled,1,CC-1058,Enabling,Back office,Fixed,Saudi Graduates,user1634@examplebank.com.sa,2011-01-09,Saudi,No,No,No,,
POS01635,POS01629,Officer Cybersecurity,Dana Aziz,G12,JC9367,Management,Technology,Example Digital,Technology,Cybersecurity,Cybersecurity Unit 3,Cybersecurity Unit 3 — Team C,Cybersecurity Unit 3 — Team C / Section 1,,Khobar,Full-time,Filled,1,CC-1002,Enabling,Back office,Fixed,,user1635@examplebank.com.sa,2009-01-15,Saudi,No,No,Yes,لطيفة العتيبي,Ready 3+ years
POS01636,POS01629,Officer Cybersecurity,خالد المطيري,G11,JC8580,Professional,Technology,Example Digital,Technology,Cybersecurity,Cybersecurity Unit 3,Cybersecurity Unit 3 — Team C,Cybersecurity Unit 3 — Team C / Section 1,,Dammam,Full-time,Filled,1,CC-1025,Enabling,Back office,Fixed,,user1636@examplebank.com.sa,2010-04-01,Saudi,No,No,No,,
POS01637,POS01629,Senior Analyst Cybersecurity,Rami Nasser,G9,JC5617,Professional,Technology,Example Digital,Technology,Cybersecurity,Cybersecurity Unit 3,Cybersecurity Unit 3 — Team C,Cybersecurity Unit 3 — Team C / Section 2,,Jeddah,Full-time,Filled,1,CC-1020,Enabling,Back office,Fixed,,user1637@examplebank.com.sa,2015-06-10,Indian,No,No,No,,
POS01638,POS01629,Specialist Cybersecurity,Noor Farouk,G10,JC2203,Professional,Technology,Example Digital,Technology,Cybersecurity,Cybersecurity Unit 3,Cybersecurity Unit 3 — Team C,Cybersecurity Unit 3 — Team C / Section 1,,Jeddah,Full-time,Filled,1,CC-1036,Enabling,Back office,Bonus,,user1638@examplebank.com.sa,2016-10-21,Saudi,No,No,No,,
POS01639,POS01629,Specialist Cybersecurity,سلطان الزهراني,G10,JC1753,Professional,Technology,Example Digital,Technology,Cybersecurity,Cybersecurity Unit 3,Cybersecurity Unit 3 — Team C,Cybersecurity Unit 3 — Team C / Section 2,,Khobar,Full-time,Filled,1,CC-1039,Enabling,Back office,Fixed,,user1639@examplebank.com.sa,2008-01-24,Jordanian,No,No,Yes,Tariq Farouk,Ready 1-2 years
POS01640,POS01629,Associate Cybersecurity,Ziad Rashed,G10,JC2215,Professional,Technology,Example Digital,Technology,Cybersecurity,Cybersecurity Unit 3,Cybersecurity Unit 3 — Team C,Cybersecurity Unit 3 — Team C / Section 2,,Khobar,Full-time,Filled,1,CC-1009,Enabling,Back office,Fixed,,user1640@examplebank.com.sa,2012-08-05,Saudi,No,No,No,,
POS01641,POS01302,Head of Data & Analytics,Mona Aziz,G15,JC5572,Leadership,Technology,Example Digital,Technology,Data & Analytics,,,,,Riyadh,Contractor,Filled,1,CC-1017,Enabling,Back office,Bonus,,user1641@examplebank.com.sa,2015-07-02,British,Yes,No,Yes,خالد القحطاني,Ready now
POS01642,POS01641,Senior Manager Data & Analytics,Waleed Karim,G14,JC9048,Leadership,Technology,Example Digital,Technology,Data & Analytics,Data & Analytics Unit 1,,,,Riyadh,Full-time,Filled,0.5,CC-1029,Enabling,Back office,Bonus,,user1642@examplebank.com.sa,2014-12-04,Indian,No,No,No,,
POS01643,POS01642,Manager Data & Analytics,Karim Darwish,G13,JC4220,Management,Technology,Example Digital,Technology,Data & Analytics,Data & Analytics Unit 1,Data & Analytics Unit 1 — Team A,,,Jeddah,Contractor,Filled,1,CC-1024,Enabling,Back office,Bonus,,user1643@examplebank.com.sa,2016-11-04,Saudi,No,No,Yes,Rami Farouk,Ready now
POS01644,POS01643,Officer Data & Analytics,ماجد الحربي,G10,JC4514,Professional,Technology,Example Digital,Technology,Data & Analytics,Data & Analytics Unit 1,Data & Analytics Unit 1 — Team A,Data & Analytics Unit 1 — Team A / Section 2,,Jeddah,Full-time,Filled,1,CC-1058,Enabling,Back office,Fixed,,user1644@examplebank.com.sa,2012-05-16,Saudi,No,No,No,,
POS01645,POS01643,Officer Data & Analytics,Dana Baker,G10,JC3121,Professional,Technology,Example Digital,Technology,Data & Analytics,Data & Analytics Unit 1,Data & Analytics Unit 1 — Team A,Data & Analytics Unit 1 — Team A / Section 1,,Jeddah,Full-time,Filled,1,CC-1049,Enabling,Back office,Fixed,,user1645@examplebank.com.sa,2012-09-12,British,No,No,No,,
POS01646,POS01643,Officer Data & Analytics,نورة الزهراني,G12,JC7334,Management,Technology,Example Digital,Technology,Data & Analytics,Data & Analytics Unit 1,Data & Analytics Unit 1 — Team A,Data & Analytics Unit 1 — Team A / Section 2,,Jeddah,Full-time,Filled,1,CC-1017,Enabling,Back office,Fixed,,user1646@examplebank.com.sa,2025-08-02,Jordanian,No,No,No,,
POS01647,POS01643,Associate Data & Analytics,Rana Baker,G10,JC7278,Professional,Technology,Example Digital,Technology,Data & Analytics,Data & Analytics Unit 1,Data & Analytics Unit 1 — Team A,Data & Analytics Unit 1 — Team A / Section 2,,Riyadh,Full-time,Filled,1,CC-1022,Enabling,Back office,Fixed,,user1647@examplebank.com.sa,2015-02-24,Saudi,No,No,No,,
POS01648,POS01643,Specialist Data & Analytics,Lina Aziz,G10,JC1680,Professional,Technology,Example Digital,Technology,Data & Analytics,Data & Analytics Unit 1,Data & Analytics Unit 1 — Team A,Data & Analytics Unit 1 — Team A / Section 2,,Riyadh,Full-time,Filled,1,CC-1057,Enabling,Back office,Fixed,,user1648@examplebank.com.sa,2018-01-05,Saudi,No,No,No,,
POS01649,POS01643,Specialist Data & Analytics,هند المطيري,G11,JC4443,Professional,Technology,Example Digital,Technology,Data & Analytics,Data & Analytics Unit 1,Data & Analytics Unit 1 — Team A,Data & Analytics Unit 1 — Team A / Section 1,,Jeddah,Full-time,Filled,1,CC-1012,Enabling,Back office,Bonus,Saudi Graduates,user1649@examplebank.com.sa,2023-08-18,British,No,No,No,,
POS01650,POS01643,Officer Data & Analytics,Bilal Baker,G11,JC5633,Professional,Technology,Example Digital,Technology,Data & Analytics,Data & Analytics Unit 1,Data & Analytics Unit 1 — Team A,Data & Analytics Unit 1 — Team A / Section 1,,Remote,Full-time,Filled,0.5,CC-1033,Enabling,Back office,Fixed,Specialist Bench,user1650@examplebank.com.sa,2025-10-19,Saudi,No,No,No,,
POS01651,POS01643,Analyst Data & Analytics,سارة الغامدي,G12,JC6458,Management,Technology,Example Digital,Technology,Data & Analytics,Data & Analytics Unit 1,Data & Analytics Unit 1 — Team A,Data & Analytics Unit 1 — Team A / Section 2,,Jeddah,Full-time,Filled,0.5,CC-1020,Enabling,Back office,Fixed,,user1651@examplebank.com.sa,2008-08-27,Egyptian,No,No,No,,
POS01652,POS01643,Specialist Data & Analytics,Aisha Bakr,G12,JC9308,Management,Technology,Example Digital,Technology,Data & Analytics,Data & Analytics Unit 1,Data & Analytics Unit 1 — Team A,Data & Analytics Unit 1 — Team A / Section 2,,Riyadh,Full-time,Filled,1,CC-1027,Enabling,Back office,Bonus,,user1652@examplebank.com.sa,2015-05-20,Saudi,No,No,No,,
POS01653,POS01643,Senior Analyst Data & Analytics,أحمد القحطاني,G11,JC3621,Professional,Technology,Example Digital,Technology,Data & Analytics,Data & Analytics Unit 1,Data & Analytics Unit 1 — Team A,Data & Analytics Unit 1 — Team A / Section 2,,Riyadh,Full-time,Filled,1,CC-1029,Enabling,Back office,Fixed,,user1653@examplebank.com.sa,2025-06-04,Jordanian,No,No,No,,
POS01654,POS01643,Specialist Data & Analytics,Adel Qureshi,G10,JC6206,Professional,Technology,Example Digital,Technology,Data & Analytics,Data & Analytics Unit 1,Data & Analytics Unit 1 — Team A,Data & Analytics Unit 1 — Team A / Section 2,,Jeddah,Contractor,Filled,1,CC-1004,Enabling,Back office,Fixed,Future Executives,user1654@examplebank.com.sa,2008-04-03,Saudi,No,No,No,,
POS01655,POS01643,Senior Officer Data & Analytics,Jana Idris,G11,JC9002,Professional,Technology,Example Digital,Technology,Data & Analytics,Data & Analytics Unit 1,Data & Analytics Unit 1 — Team A,Data & Analytics Unit 1 — Team A / Section 1,,Riyadh,Full-time,Filled,1,CC-1001,Enabling,Back office,Fixed,,user1655@examplebank.com.sa,2019-11-13,Saudi,No,No,No,,
POS01656,POS01642,Manager Data & Analytics,ماجد الحربي,G13,JC6389,Management,Technology,Example Digital,Technology,Data & Analytics,Data & Analytics Unit 1,Data & Analytics Unit 1 — Team B,,,Riyadh,Full-time,Filled,1,CC-1051,Enabling,Back office,Bonus,,user1656@examplebank.com.sa,2008-07-08,Saudi,No,No,No,,
POS01657,POS01656,Officer Data & Analytics,Waleed Haddad,G11,JC4990,Professional,Technology,Example Digital,Technology,Data & Analytics,Data & Analytics Unit 1,Data & Analytics Unit 1 — Team B,Data & Analytics Unit 1 — Team B / Section 1,,Khobar,Full-time,Filled,1,CC-1060,Enabling,Back office,Fixed,,user1657@examplebank.com.sa,2022-10-15,Egyptian,No,No,No,,
POS01658,POS01656,Specialist Data & Analytics,Mona Siddiqui,G9,JC8639,Professional,Technology,Example Digital,Technology,Data & Analytics,Data & Analytics Unit 1,Data & Analytics Unit 1 — Team B,Data & Analytics Unit 1 — Team B / Section 1,,Dammam,Full-time,Filled,1,CC-1002,Enabling,Back office,Fixed,,user1658@examplebank.com.sa,2024-06-05,British,No,No,Yes,سلطان السبيعي,Ready now
POS01659,POS01656,Specialist Data & Analytics,Hassan Younes,G10,JC9269,Professional,Technology,Example Digital,Technology,Data & Analytics,Data & Analytics Unit 1,Data & Analytics Unit 1 — Team B,Data & Analytics Unit 1 — Team B / Section 1,,Jeddah,Full-time,Filled,1,CC-1003,Enabling,Back office,Bonus,,user1659@examplebank.com.sa,2012-01-05,Saudi,No,No,No,,
POS01660,POS01656,Officer Data & Analytics,Omar Haddad,G10,JC6173,Professional,Technology,Example Digital,Technology,Data & Analytics,Data & Analytics Unit 1,Data & Analytics Unit 1 — Team B,Data & Analytics Unit 1 — Team B / Section 2,,Riyadh,Full-time,Filled,1,CC-1025,Enabling,Back office,Fixed,,user1660@examplebank.com.sa,2021-12-23,Egyptian,No,No,No,,
POS01661,POS01656,Senior Officer Data & Analytics,نورة الدوسري,G9,JC2053,Professional,Technology,Example Digital,Technology,Data & Analytics,Data & Analytics Unit 1,Data & Analytics Unit 1 — Team B,Data & Analytics Unit 1 — Team B / Section 1,,Jeddah,Full-time,Filled,1,CC-1009,Enabling,Back office,Bonus,,user1661@examplebank.com.sa,2022-09-14,Saudi,No,No,No,,
POS01662,POS01656,Senior Officer Data & Analytics,Lina Saleh,G10,JC5187,Professional,Technology,Example Digital,Technology,Data & Analytics,Data & Analytics Unit 1,Data & Analytics Unit 1 — Team B,Data & Analytics Unit 1 — Team B / Section 2,,Riyadh,Full-time,Filled,1,CC-1012,Enabling,Back office,Bonus,,user1662@examplebank.com.sa,2013-01-19,British,No,No,No,,
POS01663,POS01656,Associate Data & Analytics,سارة السبيعي,G9,JC7778,Professional,Technology,Example Digital,Technology,Data & Analytics,Data & Analytics Unit 1,Data & Analytics Unit 1 — Team B,Data & Analytics Unit 1 — Team B / Section 2,,Riyadh,Full-time,Filled,1,CC-1003,Enabling,Back office,Fixed,,user1663@examplebank.com.sa,2022-07-25,Jordanian,No,No,Yes,Maya Fahmy,Ready now
POS01664,POS01656,Senior Analyst Data & Analytics,,G10,JC8439,Professional,Technology,Example Digital,Technology,Data & Analytics,Data & Analytics Unit 1,Data & Analytics Unit 1 — Team B,Data & Analytics Unit 1 — Team B / Section 1,,Dammam,Full-time,Vacant,1,CC-1009,Enabling,Back office,Bonus,,,2022-10-21,Indian,No,No,No,,
POS01665,POS01656,Associate Data & Analytics,Rami Aziz,G12,JC4984,Management,Technology,Example Digital,Technology,Data & Analytics,Data & Analytics Unit 1,Data & Analytics Unit 1 — Team B,Data & Analytics Unit 1 — Team B / Section 2,,Khobar,Full-time,Filled,1,CC-1017,Enabling,Back office,Fixed,,user1665@examplebank.com.sa,2008-11-23,Saudi,No,No,No,,
POS01666,POS01641,Senior Manager Data & Analytics,Noor Siddiqui,G14,JC6547,Leadership,Technology,Example Digital,Technology,Data & Analytics,Data & Analytics Unit 2,,,,Dammam,Full-time,Filled,1,CC-1009,Enabling,Back office,Bonus,Future Executives,user1666@examplebank.com.sa,2024-11-18,Saudi,No,No,No,,
POS01667,POS01666,Manager Data & Analytics,,G13,JC4288,Management,Technology,Example Digital,Technology,Data & Analytics,Data & Analytics Unit 2,Data & Analytics Unit 2 — Team A,,,Riyadh,Full-time,Vacant,1,CC-1035,Enabling,Back office,Bonus,,,2017-12-01,Saudi,No,No,No,,
POS01668,POS01667,Analyst Data & Analytics,Rana Qureshi,G11,JC2159,Professional,Technology,Example Digital,Technology,Data & Analytics,Data & Analytics Unit 2,Data & Analytics Unit 2 — Team A,Data & Analytics Unit 2 — Team A / Section 2,,Dammam,Full-time,Filled,1,CC-1006,Enabling,Back office,Bonus,,user1668@examplebank.com.sa,2025-06-21,Saudi,No,No,No,,
POS01669,POS01667,Senior Analyst Data & Analytics,Aisha Rashed,G10,JC7061,Professional,Technology,Example Digital,Technology,Data & Analytics,Data & Analytics Unit 2,Data & Analytics Unit 2 — Team A,Data & Analytics Unit 2 — Team A / Section 1,,Riyadh,Full-time,Filled,1,CC-1001,Enabling,Back office,Fixed,,user1669@examplebank.com.sa,2009-09-16,Indian,No,No,No,,
POS01670,POS01667,Officer Data & Analytics,Jana Nasser,G10,JC9225,Professional,Technology,Example Digital,Technology,Data & Analytics,Data & Analytics Unit 2,Data & Analytics Unit 2 — Team A,Data & Analytics Unit 2 — Team A / Section 2,,Riyadh,Full-time,Filled,1,CC-1054,Enabling,Back office,Fixed,,user1670@examplebank.com.sa,2014-04-11,British,No,No,No,,
POS01671,POS01667,Senior Analyst Data & Analytics,Huda Qureshi,G10,JC4167,Professional,Technology,Example Digital,Technology,Data & Analytics,Data & Analytics Unit 2,Data & Analytics Unit 2 — Team A,Data & Analytics Unit 2 — Team A / Section 2,,Dammam,Full-time,Filled,1,CC-1031,Enabling,Back office,Fixed,,user1671@examplebank.com.sa,2024-02-21,Saudi,No,No,No,,
POS01672,POS01667,Senior Analyst Data & Analytics,Rami Fahmy,G12,JC9165,Management,Technology,Example Digital,Technology,Data & Analytics,Data & Analytics Unit 2,Data & Analytics Unit 2 — Team A,Data & Analytics Unit 2 — Team A / Section 2,,Riyadh,Full-time,Filled,1,CC-1037,Enabling,Back office,Bonus,,user1672@examplebank.com.sa,2009-10-28,Saudi,No,No,No,,
POS01673,POS01667,Senior Officer Data & Analytics,Karim Siddiqui,G10,JC3033,Professional,Technology,Example Digital,Technology,Data & Analytics,Data & Analytics Unit 2,Data & Analytics Unit 2 — Team A,Data & Analytics Unit 2 — Team A / Section 2,,Riyadh,Full-time,Filled,0.5,CC-1016,Enabling,Back office,Bonus,,user1673@examplebank.com.sa,2017-03-15,Saudi,No,No,No,,
POS01674,POS01667,Specialist Data & Analytics,,G12,JC5588,Management,Technology,Example Digital,Technology,Data & Analytics,Data & Analytics Unit 2,Data & Analytics Unit 2 — Team A,Data & Analytics Unit 2 — Team A / Section 1,,Khobar,Full-time,Vacant,1,CC-1021,Enabling,Back office,Fixed,,,2016-04-26,Saudi,No,No,No,,
POS01675,POS01667,Analyst Data & Analytics,خالد الدوسري,G12,JC2424,Management,Technology,Example Digital,Technology,Data & Analytics,Data & Analytics Unit 2,Data & Analytics Unit 2 — Team A,Data & Analytics Unit 2 — Team A / Section 2,,Riyadh,Contractor,Filled,1,CC-1034,Enabling,Back office,Bonus,,user1675@examplebank.com.sa,2011-08-18,Saudi,No,No,No,,
POS01676,POS01667,Associate Data & Analytics,,G9,JC4781,Professional,Technology,Example Digital,Technology,Data & Analytics,Data & Analytics Unit 2,Data & Analytics Unit 2 — Team A,Data & Analytics Unit 2 — Team A / Section 2,,Riyadh,Full-time,Vacant,1,CC-1014,Enabling,Back office,Fixed,,,2018-02-02,Saudi,No,No,No,,
POS01677,POS01666,Manager Data & Analytics,,G13,JC6650,Management,Technology,Example Digital,Technology,Data & Analytics,Data & Analytics Unit 2,Data & Analytics Unit 2 — Team B,,,Dammam,Full-time,Vacant,1,CC-1019,Enabling,Back office,Bonus,,,2020-04-28,Indian,No,No,Yes,Salma Siddiqui,Ready now
POS01678,POS01677,Officer Data & Analytics,Hassan Haddad,G11,JC2204,Professional,Technology,Example Digital,Technology,Data & Analytics,Data & Analytics Unit 2,Data & Analytics Unit 2 — Team B,Data & Analytics Unit 2 — Team B / Section 2,,Riyadh,Full-time,Filled,1,CC-1020,Enabling,Back office,Fixed,,user1678@examplebank.com.sa,2025-10-17,Saudi,No,No,No,,
POS01679,POS01677,Associate Data & Analytics,Mona Saleh,G9,JC8023,Professional,Technology,Example Digital,Technology,Data & Analytics,Data & Analytics Unit 2,Data & Analytics Unit 2 — Team B,Data & Analytics Unit 2 — Team B / Section 2,,Riyadh,Full-time,Filled,1,CC-1004,Enabling,Back office,Bonus,,user1679@examplebank.com.sa,2025-12-26,Indian,No,No,No,,
POS01680,POS01677,Associate Data & Analytics,عبدالله المطيري,G11,JC3811,Professional,Technology,Example Digital,Technology,Data & Analytics,Data & Analytics Unit 2,Data & Analytics Unit 2 — Team B,Data & Analytics Unit 2 — Team B / Section 1,,Riyadh,Contractor,Filled,1,CC-1025,Enabling,Back office,Fixed,,user1680@examplebank.com.sa,2009-04-11,Indian,No,No,No,,
POS01681,POS01677,Analyst Data & Analytics,,G11,JC1444,Professional,Technology,Example Digital,Technology,Data & Analytics,Data & Analytics Unit 2,Data & Analytics Unit 2 — Team B,Data & Analytics Unit 2 — Team B / Section 1,,Dammam,Full-time,Vacant,1,CC-1007,Enabling,Back office,Fixed,,,2021-06-10,Saudi,No,No,No,,
POS01682,POS01677,Senior Officer Data & Analytics,Sami Siddiqui,G9,JC1517,Professional,Technology,Example Digital,Technology,Data & Analytics,Data & Analytics Unit 2,Data & Analytics Unit 2 — Team B,Data & Analytics Unit 2 — Team B / Section 1,,Dammam,Full-time,Filled,1,CC-1008,Enabling,Back office,Bonus,,user1682@examplebank.com.sa,2015-12-21,Indian,No,No,No,,
POS01683,POS01677,Senior Analyst Data & Analytics,Dana Fahmy,G12,JC1152,Management,Technology,Example Digital,Technology,Data & Analytics,Data & Analytics Unit 2,Data & Analytics Unit 2 — Team B,Data & Analytics Unit 2 — Team B / Section 2,,Riyadh,Full-time,Filled,1,CC-1058,Enabling,Back office,Fixed,,user1683@examplebank.com.sa,2023-12-16,Saudi,No,No,No,,
POS01684,POS01677,Analyst Data & Analytics,ريم القحطاني,G12,JC2857,Management,Technology,Example Digital,Technology,Data & Analytics,Data & Analytics Unit 2,Data & Analytics Unit 2 — Team B,Data & Analytics Unit 2 — Team B / Section 1,,Khobar,Full-time,Filled,1,CC-1001,Enabling,Back office,Fixed,Saudi Graduates,user1684@examplebank.com.sa,2009-05-19,Saudi,No,No,No,,
POS01685,POS01666,Manager Data & Analytics,سارة الحربي,G13,JC5480,Management,Technology,Example Digital,Technology,Data & Analytics,Data & Analytics Unit 2,Data & Analytics Unit 2 — Team C,,,Jeddah,Full-time,Filled,1,CC-1056,Enabling,Back office,Bonus,,user1685@examplebank.com.sa,2014-06-09,Saudi,No,No,No,,
POS01686,POS01685,Specialist Data & Analytics,,G10,JC9252,Professional,Technology,Example Digital,Technology,Data & Analytics,Data & Analytics Unit 2,Data & Analytics Unit 2 — Team C,Data & Analytics Unit 2 — Team C / Section 1,,Jeddah,Full-time,Vacant,1,CC-1044,Enabling,Back office,Fixed,,,2008-02-10,Saudi,No,No,Yes,Rana Khan,Ready 3+ years
POS01687,POS01685,Specialist Data & Analytics,سارة الحربي,G9,JC6882,Professional,Technology,Example Digital,Technology,Data & Analytics,Data & Analytics Unit 2,Data & Analytics Unit 2 — Team C,Data & Analytics Unit 2 — Team C / Section 2,,Riyadh,Contractor,Filled,1,CC-1050,Enabling,Back office,Fixed,,user1687@examplebank.com.sa,2021-03-18,Saudi,No,No,No,,
POS01688,POS01685,Associate Data & Analytics,Huda Saleh,G10,JC9279,Professional,Technology,Example Digital,Technology,Data & Analytics,Data & Analytics Unit 2,Data & Analytics Unit 2 — Team C,Data & Analytics Unit 2 — Team C / Section 2,,Dammam,Full-time,Filled,1,CC-1043,Enabling,Back office,Fixed,,user1688@examplebank.com.sa,2009-05-28,British,No,No,No,,
POS01689,POS01685,Associate Data & Analytics,سارة الحربي,G10,JC6818,Professional,Technology,Example Digital,Technology,Data & Analytics,Data & Analytics Unit 2,Data & Analytics Unit 2 — Team C,Data & Analytics Unit 2 — Team C / Section 1,,Khobar,Full-time,Filled,1,CC-1021,Enabling,Back office,Fixed,Future Executives,user1689@examplebank.com.sa,2020-10-18,Saudi,No,No,No,,
POS01690,POS01685,Analyst Data & Analytics,Hassan Darwish,G10,JC3622,Professional,Technology,Example Digital,Technology,Data & Analytics,Data & Analytics Unit 2,Data & Analytics Unit 2 — Team C,Data & Analytics Unit 2 — Team C / Section 1,,Remote,Full-time,Filled,1,CC-1052,Enabling,Back office,Fixed,,user1690@examplebank.com.sa,2016-07-25,Jordanian,No,No,No,,
POS01691,POS01685,Senior Officer Data & Analytics,Rana Rashed,G10,JC2593,Professional,Technology,Example Digital,Technology,Data & Analytics,Data & Analytics Unit 2,Data & Analytics Unit 2 — Team C,Data & Analytics Unit 2 — Team C / Section 2,,Riyadh,Full-time,Filled,1,CC-1003,Enabling,Back office,Bonus,,user1691@examplebank.com.sa,2016-03-16,Jordanian,No,No,No,,
POS01692,POS01685,Senior Analyst Data & Analytics,Adel Qureshi,G10,JC3010,Professional,Technology,Example Digital,Technology,Data & Analytics,Data & Analytics Unit 2,Data & Analytics Unit 2 — Team C,Data & Analytics Unit 2 — Team C / Section 1,,Jeddah,Full-time,Filled,0.5,CC-1028,Enabling,Back office,Fixed,,user1692@examplebank.com.sa,2025-02-22,Saudi,No,No,No,,
POS01693,POS01685,Senior Officer Data & Analytics,Bilal Fahmy,G11,JC7627,Professional,Technology,Example Digital,Technology,Data & Analytics,Data & Analytics Unit 2,Data & Analytics Unit 2 — Team C,Data & Analytics Unit 2 — Team C / Section 2,,Jeddah,Full-time,Filled,1,CC-1052,Enabling,Back office,Fixed,,user1693@examplebank.com.sa,2010-08-05,British,No,No,No,,
POS01694,POS01685,Officer Data & Analytics,سلطان العتيبي,G9,JC5047,Professional,Technology,Example Digital,Technology,Data & Analytics,Data & Analytics Unit 2,Data & Analytics Unit 2 — Team C,Data & Analytics Unit 2 — Team C / Section 1,,Khobar,Full-time,Filled,1,CC-1044,Enabling,Back office,Fixed,,user1694@examplebank.com.sa,2024-01-11,British,No,No,No,,
POS01695,POS01666,Manager Data & Analytics,فيصل الحربي,G13,JC2195,Management,Technology,Example Digital,Technology,Data & Analytics,Data & Analytics Unit 2,Data & Analytics Unit 2 — Team D,,,Riyadh,Full-time,Filled,1,CC-1038,Enabling,Back office,Bonus,Future Executives,user1695@examplebank.com.sa,2008-05-03,Saudi,No,No,No,,
POS01696,POS01695,Specialist Data & Analytics,Jana Qureshi,G12,JC8382,Management,Technology,Example Digital,Technology,Data & Analytics,Data & Analytics Unit 2,Data & Analytics Unit 2 — Team D,Data & Analytics Unit 2 — Team D / Section 2,,Riyadh,Full-time,Filled,1,CC-1043,Enabling,Back office,Bonus,,user1696@examplebank.com.sa,2014-04-26,Indian,No,No,No,,
POS01697,POS01695,Officer Data & Analytics,Hassan Saleh,G10,JC5633,Professional,Technology,Example Digital,Technology,Data & Analytics,Data & Analytics Unit 2,Data & Analytics Unit 2 — Team D,Data & Analytics Unit 2 — Team D / Section 1,,Dammam,Contractor,Filled,1,CC-1021,Enabling,Back office,Bonus,,user1697@examplebank.com.sa,2022-03-01,Saudi,No,No,Yes,Mona Farouk,Ready 1-2 years
POS01698,POS01695,Senior Analyst Data & Analytics,سلطان الزهراني,G10,JC9638,Professional,Technology,Example Digital,Technology,Data & Analytics,Data & Analytics Unit 2,Data & Analytics Unit 2 — Team D,Data & Analytics Unit 2 — Team D / Section 1,,Riyadh,Full-time,Filled,1,CC-1029,Enabling,Back office,Fixed,,user1698@examplebank.com.sa,2008-01-14,Saudi,No,No,Yes,Mona Farouk,Ready 3+ years
POS01699,POS01695,Senior Officer Data & Analytics,Amal Darwish,G10,JC6599,Professional,Technology,Example Digital,Technology,Data & Analytics,Data & Analytics Unit 2,Data & Analytics Unit 2 — Team D,Data & Analytics Unit 2 — Team D / Section 1,,Riyadh,Full-time,Filled,1,CC-1012,Enabling,Back office,Bonus,,user1699@examplebank.com.sa,2020-12-16,Saudi,No,No,No,,
POS01700,POS01695,Senior Officer Data & Analytics,Rana Rashed,G10,JC1834,Professional,Technology,Example Digital,Technology,Data & Analytics,Data & Analytics Unit 2,Data & Analytics Unit 2 — Team D,Data & Analytics Unit 2 — Team D / Section 1,,Khobar,Full-time,Filled,1,CC-1045,Enabling,Back office,Fixed,,user1700@examplebank.com.sa,2022-01-05,British,No,No,No,,
POS01701,POS01695,Senior Officer Data & Analytics,Omar Darwish,G9,JC5812,Professional,Technology,Example Digital,Technology,Data & Analytics,Data & Analytics Unit 2,Data & Analytics Unit 2 — Team D,Data & Analytics Unit 2 — Team D / Section 1,,Jeddah,Full-time,Filled,1,CC-1038,Enabling,Back office,Bonus,,user1701@examplebank.com.sa,2015-07-18,Saudi,No,No,No,,
POS01702,POS01641,Senior Manager Data & Analytics,Rana Siddiqui,G14,JC2451,Leadership,Technology,Example Digital,Technology,Data & Analytics,Data & Analytics Unit 3,,,,Remote,Full-time,Filled,1,CC-1008,Enabling,Back office,Bonus,,user1702@examplebank.com.sa,2025-02-23,Egyptian,Yes,No,No,,
POS01703,POS01702,Manager Data & Analytics,Waleed Qureshi,G13,JC6398,Management,Technology,Example Digital,Technology,Data & Analytics,Data & Analytics Unit 3,Data & Analytics Unit 3 — Team A,,,Jeddah,Full-time,Filled,1,CC-1037,Enabling,Back office,Bonus,,user1703@examplebank.com.sa,2022-09-23,Saudi,No,No,No,,
POS01704,POS01703,Analyst Data & Analytics,دانة الحربي,G10,JC8581,Professional,Technology,Example Digital,Technology,Data & Analytics,Data & Analytics Unit 3,Data & Analytics Unit 3 — Team A,Data & Analytics Unit 3 — Team A / Section 1,,Dammam,Full-time,Filled,1,CC-1043,Enabling,Back office,Bonus,Saudi Graduates,user1704@examplebank.com.sa,2018-05-20,Jordanian,No,No,No,,
POS01705,POS01703,Officer Data & Analytics,,G11,JC7188,Professional,Technology,Example Digital,Technology,Data & Analytics,Data & Analytics Unit 3,Data & Analytics Unit 3 — Team A,Data & Analytics Unit 3 — Team A / Section 1,,Remote,Full-time,Vacant,1,CC-1007,Enabling,Back office,Bonus,,,2008-06-26,Saudi,No,No,No,,
POS01706,POS01703,Associate Data & Analytics,Huda Fahmy,G11,JC9565,Professional,Technology,Example Digital,Technology,Data & Analytics,Data & Analytics Unit 3,Data & Analytics Unit 3 — Team A,Data & Analytics Unit 3 — Team A / Section 1,,Riyadh,Full-time,Filled,1,CC-1016,Enabling,Back office,Bonus,,user1706@examplebank.com.sa,2009-07-20,Saudi,No,No,No,,
POS01707,POS01703,Officer Data & Analytics,Lina Osman,G11,JC8298,Professional,Technology,Example Digital,Technology,Data & Analytics,Data & Analytics Unit 3,Data & Analytics Unit 3 — Team A,Data & Analytics Unit 3 — Team A / Section 1,,Riyadh,Full-time,Filled,1,CC-1022,Enabling,Back office,Fixed,,user1707@examplebank.com.sa,2021-08-24,Saudi,No,No,No,,
POS01708,POS01703,Officer Data & Analytics,Amal Farouk,G10,JC1691,Professional,Technology,Example Digital,Technology,Data & Analytics,Data & Analytics Unit 3,Data & Analytics Unit 3 — Team A,Data & Analytics Unit 3 — Team A / Section 1,,Riyadh,Full-time,Filled,1,CC-1026,Enabling,Back office,Fixed,,user1708@examplebank.com.sa,2009-08-13,Egyptian,No,No,No,,
POS01709,POS01703,Senior Officer Data & Analytics,عبدالله الشمري,G10,JC3873,Professional,Technology,Example Digital,Technology,Data & Analytics,Data & Analytics Unit 3,Data & Analytics Unit 3 — Team A,Data & Analytics Unit 3 — Team A / Section 1,,Riyadh,Full-time,Filled,1,CC-1004,Enabling,Back office,Bonus,,user1709@examplebank.com.sa,2017-02-03,British,No,No,Yes,Lina Khan,Ready 1-2 years
POS01710,POS01703,Analyst Data & Analytics,سلطان السبيعي,G11,JC3194,Professional,Technology,Example Digital,Technology,Data & Analytics,Data & Analytics Unit 3,Data & Analytics Unit 3 — Team A,Data & Analytics Unit 3 — Team A / Section 1,,Dammam,Full-time,Filled,1,CC-1056,Enabling,Back office,Fixed,,user1710@examplebank.com.sa,2020-05-10,Jordanian,No,No,No,,
POS01711,POS01702,Manager Data & Analytics,Amal Nasser,G13,JC8110,Management,Technology,Example Digital,Technology,Data & Analytics,Data & Analytics Unit 3,Data & Analytics Unit 3 — Team B,,,Remote,Full-time,Filled,1,CC-1053,Enabling,Back office,Bonus,,user1711@examplebank.com.sa,2020-04-18,Saudi,No,No,No,,
POS01712,POS01711,Associate Data & Analytics,عبدالله العتيبي,G11,JC7265,Professional,Technology,Example Digital,Technology,Data & Analytics,Data & Analytics Unit 3,Data & Analytics Unit 3 — Team B,Data & Analytics Unit 3 — Team B / Section 1,,Riyadh,Full-time,Filled,1,CC-1058,Enabling,Back office,Fixed,,user1712@examplebank.com.sa,2025-03-21,Saudi,No,No,No,,
POS01713,POS01711,Senior Officer Data & Analytics,Maya Siddiqui,G9,JC3150,Professional,Technology,Example Digital,Technology,Data & Analytics,Data & Analytics Unit 3,Data & Analytics Unit 3 — Team B,Data & Analytics Unit 3 — Team B / Section 2,,Riyadh,Full-time,Filled,1,CC-1023,Enabling,Back office,Fixed,,user1713@examplebank.com.sa,2024-12-16,Saudi,No,No,No,,
POS01714,POS01711,Senior Officer Data & Analytics,عبدالله المطيري,G11,JC1346,Professional,Technology,Example Digital,Technology,Data & Analytics,Data & Analytics Unit 3,Data & Analytics Unit 3 — Team B,Data & Analytics Unit 3 — Team B / Section 2,,Remote,Full-time,Filled,1,CC-1037,Enabling,Back office,Fixed,,user1714@examplebank.com.sa,2015-11-20,Saudi,No,No,No,,
POS01715,POS01711,Officer Data & Analytics,Mona Karim,G12,JC3223,Management,Technology,Example Digital,Technology,Data & Analytics,Data & Analytics Unit 3,Data & Analytics Unit 3 — Team B,Data & Analytics Unit 3 — Team B / Section 2,,Remote,Full-time,Filled,0.5,CC-1059,Enabling,Back office,Fixed,,user1715@examplebank.com.sa,2021-11-13,Saudi,No,No,No,,
POS01716,POS01711,Specialist Data & Analytics,Dana Qureshi,G11,JC8780,Professional,Technology,Example Digital,Technology,Data & Analytics,Data & Analytics Unit 3,Data & Analytics Unit 3 — Team B,Data & Analytics Unit 3 — Team B / Section 2,,Khobar,Full-time,Filled,1,CC-1012,Enabling,Back office,Fixed,,user1716@examplebank.com.sa,2022-03-24,Saudi,No,No,No,,
POS01717,POS01711,Officer Data & Analytics,,G10,JC2544,Professional,Technology,Example Digital,Technology,Data & Analytics,Data & Analytics Unit 3,Data & Analytics Unit 3 — Team B,Data & Analytics Unit 3 — Team B / Section 1,,Riyadh,Full-time,Vacant,1,CC-1049,Enabling,Back office,Fixed,,,2008-05-17,Indian,No,No,No,,
POS01718,POS01711,Analyst Data & Analytics,Amal Karim,G12,JC3149,Management,Technology,Example Digital,Technology,Data & Analytics,Data & Analytics Unit 3,Data & Analytics Unit 3 — Team B,Data & Analytics Unit 3 — Team B / Section 2,,Jeddah,Full-time,Filled,1,CC-1039,Enabling,Back office,Fixed,,user1718@examplebank.com.sa,2017-03-15,Saudi,No,No,No,,
POS01719,POS01711,Officer Data & Analytics,نورة الحربي,G10,JC7967,Professional,Technology,Example Digital,Technology,Data & Analytics,Data & Analytics Unit 3,Data & Analytics Unit 3 — Team B,Data & Analytics Unit 3 — Team B / Section 1,,Riyadh,Full-time,Filled,1,CC-1060,Enabling,Back office,Fixed,,user1719@examplebank.com.sa,2012-08-18,Saudi,No,No,No,,
POS01720,POS01711,Analyst Data & Analytics,Hassan Qureshi,G12,JC3757,Management,Technology,Example Digital,Technology,Data & Analytics,Data & Analytics Unit 3,Data & Analytics Unit 3 — Team B,Data & Analytics Unit 3 — Team B / Section 1,,Khobar,Full-time,Filled,1,CC-1009,Enabling,Back office,Bonus,,user1720@examplebank.com.sa,2024-12-12,Egyptian,No,No,No,,
POS01721,POS01711,Analyst Data & Analytics,Mona Osman,G9,JC5130,Professional,Technology,Example Digital,Technology,Data & Analytics,Data & Analytics Unit 3,Data & Analytics Unit 3 — Team B,Data & Analytics Unit 3 — Team B / Section 1,,Riyadh,Full-time,Filled,1,CC-1017,Enabling,Back office,Bonus,,user1721@examplebank.com.sa,2022-07-09,Jordanian,No,No,No,,
POS01722,POS01702,Manager Data & Analytics,سارة القحطاني,G13,JC7006,Management,Technology,Example Digital,Technology,Data & Analytics,Data & Analytics Unit 3,Data & Analytics Unit 3 — Team C,,,Jeddah,Full-time,Filled,1,CC-1044,Enabling,Back office,Bonus,,user1722@examplebank.com.sa,2014-08-09,Indian,No,No,Yes,Mona Darwish,Ready 1-2 years
POS01723,POS01722,Specialist Data & Analytics,Amal Osman,G12,JC6907,Management,Technology,Example Digital,Technology,Data & Analytics,Data & Analytics Unit 3,Data & Analytics Unit 3 — Team C,Data & Analytics Unit 3 — Team C / Section 1,,Jeddah,Full-time,Filled,1,CC-1032,Enabling,Back office,Fixed,Specialist Bench,user1723@examplebank.com.sa,2014-06-13,Saudi,No,No,Yes,دانة الحربي,Ready 3+ years
POS01724,POS01722,Senior Officer Data & Analytics,Bilal Saleh,G9,JC2531,Professional,Technology,Example Digital,Technology,Data & Analytics,Data & Analytics Unit 3,Data & Analytics Unit 3 — Team C,Data & Analytics Unit 3 — Team C / Section 1,,Riyadh,Full-time,Filled,1,CC-1056,Enabling,Back office,Bonus,,user1724@examplebank.com.sa,2016-10-11,Saudi,No,No,No,,
POS01725,POS01722,Specialist Data & Analytics,Rana Karim,G10,JC6488,Professional,Technology,Example Digital,Technology,Data & Analytics,Data & Analytics Unit 3,Data & Analytics Unit 3 — Team C,Data & Analytics Unit 3 — Team C / Section 2,,Remote,Full-time,Filled,1,CC-1032,Enabling,Back office,Bonus,,user1725@examplebank.com.sa,2025-02-10,Saudi,No,No,No,,
POS01726,POS01722,Senior Analyst Data & Analytics,Omar Farouk,G10,JC2742,Professional,Technology,Example Digital,Technology,Data & Analytics,Data & Analytics Unit 3,Data & Analytics Unit 3 — Team C,Data & Analytics Unit 3 — Team C / Section 1,,Dammam,Full-time,Filled,1,CC-1042,Enabling,Back office,Bonus,,user1726@examplebank.com.sa,2016-12-04,Saudi,No,No,Yes,Jana Bakr,Ready 3+ years
POS01727,POS01722,Analyst Data & Analytics,Lina Darwish,G11,JC9431,Professional,Technology,Example Digital,Technology,Data & Analytics,Data & Analytics Unit 3,Data & Analytics Unit 3 — Team C,Data & Analytics Unit 3 — Team C / Section 2,,Jeddah,Full-time,Filled,1,CC-1036,Enabling,Back office,Fixed,,user1727@examplebank.com.sa,2014-04-10,Egyptian,No,No,No,,
POS01728,POS01722,Specialist Data & Analytics,Hassan Darwish,G12,JC6066,Management,Technology,Example Digital,Technology,Data & Analytics,Data & Analytics Unit 3,Data & Analytics Unit 3 — Team C,Data & Analytics Unit 3 — Team C / Section 1,,Khobar,Full-time,Filled,1,CC-1042,Enabling,Back office,Fixed,,user1728@examplebank.com.sa,2022-01-22,Saudi,No,No,No,,
POS01729,POS01722,Specialist Data & Analytics,Layla Mansour,G11,JC7523,Professional,Technology,Example Digital,Technology,Data & Analytics,Data & Analytics Unit 3,Data & Analytics Unit 3 — Team C,Data & Analytics Unit 3 — Team C / Section 2,,Khobar,Full-time,Filled,1,CC-1025,Enabling,Back office,Fixed,Future Executives,user1729@examplebank.com.sa,2014-01-26,Saudi,No,No,No,,
POS01730,POS01722,Senior Analyst Data & Analytics,Rami Fahmy,G12,JC7816,Management,Technology,Example Digital,Technology,Data & Analytics,Data & Analytics Unit 3,Data & Analytics Unit 3 — Team C,Data & Analytics Unit 3 — Team C / Section 1,,Jeddah,Full-time,Filled,1,CC-1014,Enabling,Back office,Bonus,,user1730@examplebank.com.sa,2014-04-21,Jordanian,No,No,Yes,فيصل السبيعي,Ready 1-2 years
POS01731,POS01722,Senior Analyst Data & Analytics,Nasser Saleh,G11,JC5463,Professional,Technology,Example Digital,Technology,Data & Analytics,Data & Analytics Unit 3,Data & Analytics Unit 3 — Team C,Data & Analytics Unit 3 — Team C / Section 1,,Riyadh,Full-time,Filled,1,CC-1020,Enabling,Back office,Fixed,,user1731@examplebank.com.sa,2012-07-24,Indian,No,No,No,,
POS01732,POS01722,Senior Analyst Data & Analytics,,G10,JC5621,Professional,Technology,Example Digital,Technology,Data & Analytics,Data & Analytics Unit 3,Data & Analytics Unit 3 — Team C,Data & Analytics Unit 3 — Team C / Section 1,,Riyadh,Full-time,Vacant,1,CC-1016,Enabling,Back office,Fixed,,,2025-03-08,Saudi,No,No,No,,
POS01733,POS01702,Manager Data & Analytics,Nasser Darwish,G13,JC7584,Management,Technology,Example Digital,Technology,Data & Analytics,Data & Analytics Unit 3,Data & Analytics Unit 3 — Team D,,,Jeddah,Full-time,Filled,1,CC-1036,Enabling,Back office,Bonus,Saudi Graduates,user1733@examplebank.com.sa,2008-10-07,Egyptian,No,No,No,,
POS01734,POS01733,Senior Officer Data & Analytics,سلطان الزهراني,G10,JC5645,Professional,Technology,Example Digital,Technology,Data & Analytics,Data & Analytics Unit 3,Data & Analytics Unit 3 — Team D,Data & Analytics Unit 3 — Team D / Section 2,,Riyadh,Full-time,Filled,1,CC-1024,Enabling,Back office,Fixed,,user1734@examplebank.com.sa,2023-05-26,Saudi,No,No,No,,
POS01735,POS01733,Senior Analyst Data & Analytics,Amal Younes,G10,JC1050,Professional,Technology,Example Digital,Technology,Data & Analytics,Data & Analytics Unit 3,Data & Analytics Unit 3 — Team D,Data & Analytics Unit 3 — Team D / Section 1,,Dammam,Full-time,Filled,1,CC-1026,Enabling,Back office,Fixed,,user1735@examplebank.com.sa,2009-06-25,Egyptian,No,No,No,,
POS01736,POS01733,Associate Data & Analytics,هند السبيعي,G11,JC6818,Professional,Technology,Example Digital,Technology,Data & Analytics,Data & Analytics Unit 3,Data & Analytics Unit 3 — Team D,Data & Analytics Unit 3 — Team D / Section 1,,Jeddah,Full-time,Filled,1,CC-1023,Enabling,Back office,Bonus,,user1736@examplebank.com.sa,2012-10-21,Saudi,No,No,No,,
POS01737,POS01733,Senior Analyst Data & Analytics,,G11,JC6669,Professional,Technology,Example Digital,Technology,Data & Analytics,Data & Analytics Unit 3,Data & Analytics Unit 3 — Team D,Data & Analytics Unit 3 — Team D / Section 2,,Riyadh,Full-time,Vacant,1,CC-1055,Enabling,Back office,Fixed,,,2010-01-04,Indian,No,No,No,,
POS01738,POS01733,Analyst Data & Analytics,سلطان الدوسري,G10,JC7553,Professional,Technology,Example Digital,Technology,Data & Analytics,Data & Analytics Unit 3,Data & Analytics Unit 3 — Team D,Data & Analytics Unit 3 — Team D / Section 1,,Jeddah,Full-time,Filled,1,CC-1053,Enabling,Back office,Fixed,,user1738@examplebank.com.sa,2009-05-11,Indian,No,No,No,,
POS01739,POS01733,Officer Data & Analytics,Aisha Idris,G11,JC8046,Professional,Technology,Example Digital,Technology,Data & Analytics,Data & Analytics Unit 3,Data & Analytics Unit 3 — Team D,Data & Analytics Unit 3 — Team D / Section 1,,Jeddah,Full-time,Filled,1,CC-1005,Enabling,Back office,Bonus,,user1739@examplebank.com.sa,2020-06-08,Jordanian,No,No,No,,
POS01740,POS01733,Senior Analyst Data & Analytics,,G11,JC7450,Professional,Technology,Example Digital,Technology,Data & Analytics,Data & Analytics Unit 3,Data & Analytics Unit 3 — Team D,Data & Analytics Unit 3 — Team D / Section 2,,Khobar,Full-time,Vacant,1,CC-1060,Enabling,Back office,Fixed,,,2025-01-01,Indian,No,No,No,,
POS01741,POS01733,Senior Analyst Data & Analytics,سلطان القحطاني,G9,JC8404,Professional,Technology,Example Digital,Technology,Data & Analytics,Data & Analytics Unit 3,Data & Analytics Unit 3 — Team D,Data & Analytics Unit 3 — Team D / Section 2,,Dammam,Full-time,Filled,1,CC-1059,Enabling,Back office,Fixed,,user1741@examplebank.com.sa,2012-10-15,Saudi,No,No,No,,
POS01742,POS01733,Senior Officer Data & Analytics,,G10,JC2189,Professional,Technology,Example Digital,Technology,Data & Analytics,Data & Analytics Unit 3,Data & Analytics Unit 3 — Team D,Data & Analytics Unit 3 — Team D / Section 2,,Remote,Full-time,Vacant,1,CC-1048,Enabling,Back office,Fixed,Saudi Graduates,,2022-01-18,Saudi,No,No,No,,
POS01743,POS01733,Senior Analyst Data & Analytics,Hassan Nasser,G10,JC3840,Professional,Technology,Example Digital,Technology,Data & Analytics,Data & Analytics Unit 3,Data & Analytics Unit 3 — Team D,Data & Analytics Unit 3 — Team D / Section 1,,Remote,Full-time,Filled,1,CC-1042,Enabling,Back office,Fixed,,user1743@examplebank.com.sa,2023-07-27,Saudi,No,No,No,,
POS01744,POS00001,Chief Finance Officer,Karim Baker,G16,JC1954,Executive,Finance,Example Bank,Finance,Financial Control,,,,,Riyadh,Full-time,Filled,1,CC-1023,Control (2nd line),Middle office,Bonus,,user1744@examplebank.com.sa,2010-03-22,Saudi,Yes,Yes,No,,
POS01745,POS01744,Head of Financial Control,Mona Younes,G15,JC1623,Leadership,Finance,Example Bank,Finance,Financial Control,,,,,Riyadh,Full-time,Filled,1,CC-1001,Control (2nd line),Middle office,Bonus,,user1745@examplebank.com.sa,2011-04-11,Saudi,Yes,Yes,No,,
POS01746,POS01745,Senior Manager Financial Control,Nasser Karim,G14,JC9109,Leadership,Finance,Example Bank,Finance,Financial Control,Financial Control Unit 1,,,,Jeddah,Full-time,Filled,1,CC-1004,Control (2nd line),Middle office,Bonus,Specialist Bench,user1746@examplebank.com.sa,2014-07-13,Saudi,Yes,No,No,,
POS01747,POS01746,Manager Financial Control,سارة القحطاني,G13,JC5949,Management,Finance,Example Bank,Finance,Financial Control,Financial Control Unit 1,Financial Control Unit 1 — Team A,,,Riyadh,Full-time,Filled,1,CC-1048,Control (2nd line),Middle office,Bonus,Saudi Graduates,user1747@examplebank.com.sa,2024-03-23,Saudi,No,No,No,,
POS01748,POS01747,Specialist Financial Control,نورة الحربي,G11,JC1939,Professional,Finance,Example Bank,Finance,Financial Control,Financial Control Unit 1,Financial Control Unit 1 — Team A,Financial Control Unit 1 — Team A / Section 2,,Jeddah,Full-time,Filled,1,CC-1028,Control (2nd line),Middle office,Bonus,,user1748@examplebank.com.sa,2012-08-19,Indian,No,No,Yes,Adel Bakr,Ready now
POS01749,POS01747,Senior Officer Financial Control,دانة الغامدي,G9,JC9385,Professional,Finance,Example Bank,Finance,Financial Control,Financial Control Unit 1,Financial Control Unit 1 — Team A,Financial Control Unit 1 — Team A / Section 1,,Khobar,Full-time,Filled,1,CC-1005,Control (2nd line),Middle office,Fixed,,user1749@examplebank.com.sa,2012-08-01,Saudi,No,No,No,,
POS01750,POS01747,Analyst Financial Control,هند الزهراني,G10,JC3115,Professional,Finance,Example Bank,Finance,Financial Control,Financial Control Unit 1,Financial Control Unit 1 — Team A,Financial Control Unit 1 — Team A / Section 1,,Riyadh,Full-time,Filled,1,CC-1057,Control (2nd line),Middle office,Fixed,,user1750@examplebank.com.sa,2009-07-23,British,No,No,Yes,Ziad Rashed,Ready 3+ years
POS01751,POS01747,Analyst Financial Control,Layla Baker,G12,JC7308,Management,Finance,Example Bank,Finance,Financial Control,Financial Control Unit 1,Financial Control Unit 1 — Team A,Financial Control Unit 1 — Team A / Section 1,,Khobar,Full-time,Filled,1,CC-1006,Control (2nd line),Middle office,Fixed,,user1751@examplebank.com.sa,2020-01-04,Saudi,No,No,No,,
POS01752,POS01747,Senior Analyst Financial Control,دانة الزهراني,G12,JC5091,Management,Finance,Example Bank,Finance,Financial Control,Financial Control Unit 1,Financial Control Unit 1 — Team A,Financial Control Unit 1 — Team A / Section 1,,Riyadh,Full-time,Filled,1,CC-1022,Control (2nd line),Middle office,Bonus,,user1752@examplebank.com.sa,2024-12-20,Egyptian,No,No,No,,
POS01753,POS01747,Specialist Financial Control,Amal Haddad,G12,JC9289,Management,Finance,Example Bank,Finance,Financial Control,Financial Control Unit 1,Financial Control Unit 1 — Team A,Financial Control Unit 1 — Team A / Section 2,,Remote,Full-time,Filled,1,CC-1037,Control (2nd line),Middle office,Bonus,,user1753@examplebank.com.sa,2018-04-27,Saudi,No,No,No,,
POS01754,POS01747,Analyst Financial Control,Mona Haddad,G11,JC6699,Professional,Finance,Example Bank,Finance,Financial Control,Financial Control Unit 1,Financial Control Unit 1 — Team A,Financial Control Unit 1 — Team A / Section 2,,Riyadh,Full-time,Filled,1,CC-1009,Control (2nd line),Middle office,Fixed,,user1754@examplebank.com.sa,2015-01-15,Saudi,No,No,Yes,Adel Haddad,Ready 1-2 years
POS01755,POS01747,Senior Analyst Financial Control,ماجد الدوسري,G10,JC4659,Professional,Finance,Example Bank,Finance,Financial Control,Financial Control Unit 1,Financial Control Unit 1 — Team A,Financial Control Unit 1 — Team A / Section 1,,Jeddah,Full-time,Filled,1,CC-1015,Control (2nd line),Middle office,Fixed,,user1755@examplebank.com.sa,2008-04-17,Saudi,No,No,Yes,ماجد المطيري,Ready now
POS01756,POS01747,Officer Financial Control,Huda Nasser,G12,JC8434,Management,Finance,Example Bank,Finance,Financial Control,Financial Control Unit 1,Financial Control Unit 1 — Team A,Financial Control Unit 1 — Team A / Section 2,,Jeddah,Full-time,Filled,1,CC-1009,Control (2nd line),Middle office,Bonus,,user1756@examplebank.com.sa,2017-10-03,British,No,No,No,,
POS01757,POS01746,Manager Financial Control,نورة الحربي,G13,JC4249,Management,Finance,Example Bank,Finance,Financial Control,Financial Control Unit 1,Financial Control Unit 1 — Team B,,,Jeddah,Full-time,Filled,1,CC-1051,Control (2nd line),Middle office,Bonus,,user1757@examplebank.com.sa,2014-04-13,Saudi,No,No,No,,
POS01758,POS01757,Senior Officer Financial Control,Lina Idris,G10,JC7881,Professional,Finance,Example Bank,Finance,Financial Control,Financial Control Unit 1,Financial Control Unit 1 — Team B,Financial Control Unit 1 — Team B / Section 1,,Riyadh,Full-time,Filled,1,CC-1017,Control (2nd line),Middle office,Bonus,,user1758@examplebank.com.sa,2022-02-27,Saudi,No,No,No,,
POS01759,POS01757,Analyst Financial Control,Jana Osman,G9,JC7598,Professional,Finance,Example Bank,Finance,Financial Control,Financial Control Unit 1,Financial Control Unit 1 — Team B,Financial Control Unit 1 — Team B / Section 2,,Riyadh,Full-time,Filled,1,CC-1002,Control (2nd line),Middle office,Fixed,,user1759@examplebank.com.sa,2017-05-02,Saudi,No,No,No,,
POS01760,POS01757,Senior Analyst Financial Control,Jana Saleh,G9,JC5306,Professional,Finance,Example Bank,Finance,Financial Control,Financial Control Unit 1,Financial Control Unit 1 — Team B,Financial Control Unit 1 — Team B / Section 2,,Remote,Full-time,Filled,1,CC-1046,Control (2nd line),Middle office,Fixed,Saudi Graduates,user1760@examplebank.com.sa,2011-07-22,British,No,No,Yes,نورة الغامدي,Ready now
POS01761,POS01757,Senior Officer Financial Control,Layla Siddiqui,G12,JC1274,Management,Finance,Example Bank,Finance,Financial Control,Financial Control Unit 1,Financial Control Unit 1 — Team B,Financial Control Unit 1 — Team B / Section 2,,Khobar,Full-time,Filled,1,CC-1009,Control (2nd line),Middle office,Fixed,,user1761@examplebank.com.sa,2014-08-21,Egyptian,No,No,Yes,فيصل العتيبي,Ready now
POS01762,POS01757,Analyst Financial Control,Tariq Saleh,G10,JC3102,Professional,Finance,Example Bank,Finance,Financial Control,Financial Control Unit 1,Financial Control Unit 1 — Team B,Financial Control Unit 1 — Team B / Section 2,,Dammam,Full-time,Filled,1,CC-1042,Control (2nd line),Middle office,Fixed,,user1762@examplebank.com.sa,2016-01-07,British,No,No,No,,
POS01763,POS01757,Associate Financial Control,Jana Younes,G9,JC3475,Professional,Finance,Example Bank,Finance,Financial Control,Financial Control Unit 1,Financial Control Unit 1 — Team B,Financial Control Unit 1 — Team B / Section 2,,Riyadh,Full-time,Filled,1,CC-1009,Control (2nd line),Middle office,Fixed,,user1763@examplebank.com.sa,2009-09-27,Saudi,No,No,Yes,Adel Fahmy,Ready now
POS01764,POS01757,Senior Analyst Financial Control,Tariq Mansour,G11,JC8126,Professional,Finance,Example Bank,Finance,Financial Control,Financial Control Unit 1,Financial Control Unit 1 — Team B,Financial Control Unit 1 — Team B / Section 2,,Riyadh,Full-time,Filled,1,CC-1009,Control (2nd line),Middle office,Bonus,,user1764@examplebank.com.sa,2014-08-13,Saudi,No,No,No,,
POS01765,POS01745,Senior Manager Financial Control,ماجد الشمري,G14,JC9449,Leadership,Finance,Example Bank,Finance,Financial Control,Financial Control Unit 2,,,,Jeddah,Full-time,Filled,1,CC-1014,Control (2nd line),Middle office,Bonus,,user1765@examplebank.com.sa,2020-01-05,Saudi,No,No,Yes,Rami Nasser,Ready now
POS01766,POS01765,Manager Financial Control,Salma Idris,G13,JC4762,Management,Finance,Example Bank,Finance,Financial Control,Financial Control Unit 2,Financial Control Unit 2 — Team A,,,Dammam,Full-time,Filled,1,CC-1005,Control (2nd line),Middle office,Bonus,,user1766@examplebank.com.sa,2016-07-12,Saudi,No,No,No,,
POS01767,POS01766,Senior Analyst Financial Control,Nasser Saleh,G11,JC1831,Professional,Finance,Example Bank,Finance,Financial Control,Financial Control Unit 2,Financial Control Unit 2 — Team A,Financial Control Unit 2 — Team A / Section 2,,Riyadh,Full-time,Filled,1,CC-1029,Control (2nd line),Middle office,Bonus,,user1767@examplebank.com.sa,2019-08-26,Saudi,No,No,No,,
POS01768,POS01766,Associate Financial Control,,G9,JC4541,Professional,Finance,Example Bank,Finance,Financial Control,Financial Control Unit 2,Financial Control Unit 2 — Team A,Financial Control Unit 2 — Team A / Section 2,,Jeddah,Full-time,Vacant,1,CC-1020,Control (2nd line),Middle office,Bonus,Future Executives,,2022-10-13,Jordanian,No,No,No,,
POS01769,POS01766,Senior Analyst Financial Control,سارة القحطاني,G10,JC1132,Professional,Finance,Example Bank,Finance,Financial Control,Financial Control Unit 2,Financial Control Unit 2 — Team A,Financial Control Unit 2 — Team A / Section 2,,Khobar,Full-time,Filled,1,CC-1023,Control (2nd line),Middle office,Bonus,Emerging Leaders,user1769@examplebank.com.sa,2023-05-17,British,No,No,No,,
POS01770,POS01766,Officer Financial Control,سارة المطيري,G11,JC6835,Professional,Finance,Example Bank,Finance,Financial Control,Financial Control Unit 2,Financial Control Unit 2 — Team A,Financial Control Unit 2 — Team A / Section 2,,Jeddah,Full-time,Filled,1,CC-1042,Control (2nd line),Middle office,Fixed,,user1770@examplebank.com.sa,2022-11-28,Saudi,No,No,No,,
POS01771,POS01766,Officer Financial Control,Layla Darwish,G10,JC3003,Professional,Finance,Example Bank,Finance,Financial Control,Financial Control Unit 2,Financial Control Unit 2 — Team A,Financial Control Unit 2 — Team A / Section 2,,Riyadh,Full-time,Filled,1,CC-1046,Control (2nd line),Middle office,Fixed,,user1771@examplebank.com.sa,2021-11-22,Saudi,No,No,No,,
POS01772,POS01766,Senior Analyst Financial Control,سلطان الغامدي,G10,JC7345,Professional,Finance,Example Bank,Finance,Financial Control,Financial Control Unit 2,Financial Control Unit 2 — Team A,Financial Control Unit 2 — Team A / Section 1,,Remote,Full-time,Filled,1,CC-1002,Control (2nd line),Middle office,Fixed,,user1772@examplebank.com.sa,2018-05-02,British,No,No,No,,
POS01773,POS01766,Associate Financial Control,خالد الشمري,G11,JC2450,Professional,Finance,Example Bank,Finance,Financial Control,Financial Control Unit 2,Financial Control Unit 2 — Team A,Financial Control Unit 2 — Team A / Section 1,,Riyadh,Full-time,Filled,1,CC-1020,Control (2nd line),Middle office,Bonus,,user1773@examplebank.com.sa,2009-06-13,Saudi,No,No,No,,
POS01774,POS01766,Senior Analyst Financial Control,Mona Karim,G11,JC7812,Professional,Finance,Example Bank,Finance,Financial Control,Financial Control Unit 2,Financial Control Unit 2 — Team A,Financial Control Unit 2 — Team A / Section 2,,Riyadh,Full-time,Filled,1,CC-1015,Control (2nd line),Middle office,Fixed,,user1774@examplebank.com.sa,2011-04-19,Saudi,No,No,No,,
POS01775,POS01766,Specialist Financial Control,Huda Osman,G9,JC4423,Professional,Finance,Example Bank,Finance,Financial Control,Financial Control Unit 2,Financial Control Unit 2 — Team A,Financial Control Unit 2 — Team A / Section 2,,Khobar,Full-time,Filled,1,CC-1044,Control (2nd line),Middle office,Fixed,,user1775@examplebank.com.sa,2016-08-01,Saudi,No,No,Yes,Tariq Khan,Ready 1-2 years
POS01776,POS01766,Associate Financial Control,Lina Baker,G11,JC8480,Professional,Finance,Example Bank,Finance,Financial Control,Financial Control Unit 2,Financial Control Unit 2 — Team A,Financial Control Unit 2 — Team A / Section 2,,Jeddah,Full-time,Filled,1,CC-1011,Control (2nd line),Middle office,Bonus,,user1776@examplebank.com.sa,2021-08-19,Jordanian,No,No,Yes,دانة الحربي,Ready now
POS01777,POS01766,Officer Financial Control,ماجد الغامدي,G9,JC8555,Professional,Finance,Example Bank,Finance,Financial Control,Financial Control Unit 2,Financial Control Unit 2 — Team A,Financial Control Unit 2 — Team A / Section 2,,Remote,Full-time,Filled,1,CC-1003,Control (2nd line),Middle office,Bonus,,user1777@examplebank.com.sa,2015-06-23,Saudi,No,No,Yes,أحمد المطيري,Ready 1-2 years
POS01778,POS01766,Officer Financial Control,Jana Karim,G10,JC3051,Professional,Finance,Example Bank,Finance,Financial Control,Financial Control Unit 2,Financial Control Unit 2 — Team A,Financial Control Unit 2 — Team A / Section 2,,Riyadh,Full-time,Filled,1,CC-1028,Control (2nd line),Middle office,Fixed,,user1778@examplebank.com.sa,2022-04-27,Saudi,No,No,No,,
POS01779,POS01765,Manager Financial Control,,G13,JC6178,Management,Finance,Example Bank,Finance,Financial Control,Financial Control Unit 2,Financial Control Unit 2 — Team B,,,Jeddah,Full-time,Vacant,1,CC-1013,Control (2nd line),Middle office,Bonus,,,2014-04-09,British,No,No,No,,
POS01780,POS01779,Associate Financial Control,Bilal Younes,G11,JC8275,Professional,Finance,Example Bank,Finance,Financial Control,Financial Control Unit 2,Financial Control Unit 2 — Team B,Financial Control Unit 2 — Team B / Section 2,,Khobar,Full-time,Filled,1,CC-1058,Control (2nd line),Middle office,Fixed,,user1780@examplebank.com.sa,2013-01-13,British,No,No,No,,
POS01781,POS01779,Associate Financial Control,Amal Fahmy,G9,JC9377,Professional,Finance,Example Bank,Finance,Financial Control,Financial Control Unit 2,Financial Control Unit 2 — Team B,Financial Control Unit 2 — Team B / Section 1,,Khobar,Full-time,Filled,1,CC-1019,Control (2nd line),Middle office,Fixed,,user1781@examplebank.com.sa,2025-01-20,Saudi,No,No,No,,
POS01782,POS01779,Senior Officer Financial Control,Waleed Karim,G11,JC4085,Professional,Finance,Example Bank,Finance,Financial Control,Financial Control Unit 2,Financial Control Unit 2 — Team B,Financial Control Unit 2 — Team B / Section 1,,Riyadh,Full-time,Filled,1,CC-1037,Control (2nd line),Middle office,Fixed,,user1782@examplebank.com.sa,2010-04-26,Saudi,No,No,No,,
POS01783,POS01779,Senior Officer Financial Control,Mona Fahmy,G12,JC2806,Management,Finance,Example Bank,Finance,Financial Control,Financial Control Unit 2,Financial Control Unit 2 — Team B,Financial Control Unit 2 — Team B / Section 2,,Remote,Full-time,Filled,1,CC-1001,Control (2nd line),Middle office,Fixed,,user1783@examplebank.com.sa,2018-06-17,Saudi,No,No,No,,
POS01784,POS01779,Analyst Financial Control,Noor Siddiqui,G9,JC2279,Professional,Finance,Example Bank,Finance,Financial Control,Financial Control Unit 2,Financial Control Unit 2 — Team B,Financial Control Unit 2 — Team B / Section 2,,Jeddah,Full-time,Filled,1,CC-1029,Control (2nd line),Middle office,Fixed,,user1784@examplebank.com.sa,2023-10-11,Saudi,No,No,No,,
POS01785,POS01779,Officer Financial Control,Jana Bakr,G11,JC5312,Professional,Finance,Example Bank,Finance,Financial Control,Financial Control Unit 2,Financial Control Unit 2 — Team B,Financial Control Unit 2 — Team B / Section 1,,Dammam,Full-time,Filled,1,CC-1039,Control (2nd line),Middle office,Bonus,,user1785@examplebank.com.sa,2017-12-27,Saudi,No,No,No,,
POS01786,POS01765,Manager Financial Control,Layla Rashed,G13,JC8079,Management,Finance,Example Bank,Finance,Financial Control,Financial Control Unit 2,Financial Control Unit 2 — Team C,,,Remote,Full-time,Filled,1,CC-1007,Control (2nd line),Middle office,Bonus,Emerging Leaders,user1786@examplebank.com.sa,2010-03-27,Jordanian,No,No,No,,
POS01787,POS01786,Senior Analyst Financial Control,Huda Baker,G9,JC9866,Professional,Finance,Example Bank,Finance,Financial Control,Financial Control Unit 2,Financial Control Unit 2 — Team C,Financial Control Unit 2 — Team C / Section 1,,Riyadh,Full-time,Filled,1,CC-1047,Control (2nd line),Middle office,Bonus,,user1787@examplebank.com.sa,2016-11-26,Saudi,No,No,No,,
POS01788,POS01786,Associate Financial Control,Salma Aziz,G10,JC4670,Professional,Finance,Example Bank,Finance,Financial Control,Financial Control Unit 2,Financial Control Unit 2 — Team C,Financial Control Unit 2 — Team C / Section 2,,Riyadh,Full-time,Filled,1,CC-1023,Control (2nd line),Middle office,Fixed,,user1788@examplebank.com.sa,2019-11-14,Saudi,No,No,No,,
POS01789,POS01786,Associate Financial Control,Layla Nasser,G12,JC8029,Management,Finance,Example Bank,Finance,Financial Control,Financial Control Unit 2,Financial Control Unit 2 — Team C,Financial Control Unit 2 — Team C / Section 1,,Khobar,Full-time,Filled,1,CC-1041,Control (2nd line),Middle office,Fixed,,user1789@examplebank.com.sa,2010-10-18,Saudi,No,No,No,,
POS01790,POS01786,Officer Financial Control,دانة الدوسري,G11,JC1282,Professional,Finance,Example Bank,Finance,Financial Control,Financial Control Unit 2,Financial Control Unit 2 — Team C,Financial Control Unit 2 — Team C / Section 1,,Jeddah,Contractor,Filled,1,CC-1022,Control (2nd line),Middle office,Bonus,,user1790@examplebank.com.sa,2020-01-01,Saudi,No,No,No,,
POS01791,POS01786,Associate Financial Control,دانة القحطاني,G9,JC7567,Professional,Finance,Example Bank,Finance,Financial Control,Financial Control Unit 2,Financial Control Unit 2 — Team C,Financial Control Unit 2 — Team C / Section 1,,Jeddah,Full-time,Filled,0.5,CC-1028,Control (2nd line),Middle office,Fixed,,user1791@examplebank.com.sa,2025-03-10,Jordanian,No,No,No,,
POS01792,POS01786,Analyst Financial Control,Noor Osman,G9,JC9357,Professional,Finance,Example Bank,Finance,Financial Control,Financial Control Unit 2,Financial Control Unit 2 — Team C,Financial Control Unit 2 — Team C / Section 1,,Jeddah,Full-time,Filled,1,CC-1009,Control (2nd line),Middle office,Bonus,,user1792@examplebank.com.sa,2018-01-15,Saudi,No,No,Yes,Omar Qureshi,Ready 3+ years
POS01793,POS01786,Senior Officer Financial Control,سلطان القحطاني,G10,JC8902,Professional,Finance,Example Bank,Finance,Financial Control,Financial Control Unit 2,Financial Control Unit 2 — Team C,Financial Control Unit 2 — Team C / Section 1,,Khobar,Full-time,Filled,1,CC-1032,Control (2nd line),Middle office,Bonus,,user1793@examplebank.com.sa,2010-04-06,Saudi,No,No,Yes,Aisha Farouk,Ready now
POS01794,POS01786,Analyst Financial Control,Waleed Karim,G10,JC8804,Professional,Finance,Example Bank,Finance,Financial Control,Financial Control Unit 2,Financial Control Unit 2 — Team C,Financial Control Unit 2 — Team C / Section 1,,Jeddah,Full-time,Filled,1,CC-1040,Control (2nd line),Middle office,Bonus,,user1794@examplebank.com.sa,2017-05-19,Indian,No,No,No,,
POS01795,POS01765,Manager Financial Control,هند العتيبي,G13,JC5691,Management,Finance,Example Bank,Finance,Financial Control,Financial Control Unit 2,Financial Control Unit 2 — Team D,,,Riyadh,Full-time,Filled,1,CC-1053,Control (2nd line),Middle office,Bonus,Specialist Bench,user1795@examplebank.com.sa,2025-06-09,Indian,No,No,No,,
POS01796,POS01795,Associate Financial Control,,G12,JC5301,Management,Finance,Example Bank,Finance,Financial Control,Financial Control Unit 2,Financial Control Unit 2 — Team D,Financial Control Unit 2 — Team D / Section 1,,Jeddah,Full-time,Vacant,1,CC-1059,Control (2nd line),Middle office,Fixed,,,2013-10-10,Saudi,No,No,No,,
POS01797,POS01795,Officer Financial Control,,G10,JC5118,Professional,Finance,Example Bank,Finance,Financial Control,Financial Control Unit 2,Financial Control Unit 2 — Team D,Financial Control Unit 2 — Team D / Section 2,,Dammam,Full-time,Vacant,1,CC-1034,Control (2nd line),Middle office,Fixed,,,2012-10-23,Saudi,No,No,No,,
POS01798,POS01795,Analyst Financial Control,فيصل العتيبي,G9,JC3440,Professional,Finance,Example Bank,Finance,Financial Control,Financial Control Unit 2,Financial Control Unit 2 — Team D,Financial Control Unit 2 — Team D / Section 2,,Jeddah,Full-time,Filled,1,CC-1033,Control (2nd line),Middle office,Fixed,,user1798@examplebank.com.sa,2022-08-11,Saudi,No,No,No,,
POS01799,POS01795,Specialist Financial Control,Tariq Mansour,G10,JC1378,Professional,Finance,Example Bank,Finance,Financial Control,Financial Control Unit 2,Financial Control Unit 2 — Team D,Financial Control Unit 2 — Team D / Section 2,,Riyadh,Full-time,Filled,1,CC-1014,Control (2nd line),Middle office,Fixed,,user1799@examplebank.com.sa,2018-05-18,Saudi,No,No,No,,
POS01800,POS01795,Associate Financial Control,Amal Darwish,G9,JC9311,Professional,Finance,Example Bank,Finance,Financial Control,Financial Control Unit 2,Financial Control Unit 2 — Team D,Financial Control Unit 2 — Team D / Section 1,,Riyadh,Full-time,Filled,1,CC-1028,Control (2nd line),Middle office,Bonus,,user1800@examplebank.com.sa,2008-08-16,Indian,No,No,No,,
POS01801,POS01795,Specialist Financial Control,Hassan Haddad,G10,JC3058,Professional,Finance,Example Bank,Finance,Financial Control,Financial Control Unit 2,Financial Control Unit 2 — Team D,Financial Control Unit 2 — Team D / Section 2,,Jeddah,Full-time,Filled,1,CC-1051,Control (2nd line),Middle office,Bonus,,user1801@examplebank.com.sa,2010-12-10,Saudi,No,No,No,,
POS01802,POS01795,Senior Analyst Financial Control,Karim Haddad,G10,JC5566,Professional,Finance,Example Bank,Finance,Financial Control,Financial Control Unit 2,Financial Control Unit 2 — Team D,Financial Control Unit 2 — Team D / Section 1,,Riyadh,Full-time,Filled,1,CC-1043,Control (2nd line),Middle office,Fixed,,user1802@examplebank.com.sa,2012-03-09,Jordanian,No,No,No,,
POS01803,POS01744,Head of Treasury,Rana Osman,G15,JC4681,Leadership,Finance,Example Bank,Finance,Treasury,,,,,Riyadh,Full-time,Filled,1,CC-1023,Control (2nd line),Middle office,Bonus,,user1803@examplebank.com.sa,2018-04-15,Saudi,Yes,Yes,No,,
POS01804,POS01803,Senior Manager Treasury,Aisha Qureshi,G14,JC5576,Leadership,Finance,Example Bank,Finance,Treasury,Treasury Unit 1,,,,Jeddah,Contractor,Filled,1,CC-1014,Control (2nd line),Middle office,Bonus,,user1804@examplebank.com.sa,2016-08-17,British,Yes,No,No,,
POS01805,POS01804,Manager Treasury,ماجد القحطاني,G13,JC8147,Management,Finance,Example Bank,Finance,Treasury,Treasury Unit 1,Treasury Unit 1 — Team A,,,Jeddah,Full-time,Filled,1,CC-1036,Control (2nd line),Middle office,Bonus,Future Executives,user1805@examplebank.com.sa,2020-01-25,Saudi,No,No,No,,
POS01806,POS01805,Officer Treasury,سارة الشمري,G9,JC5184,Professional,Finance,Example Bank,Finance,Treasury,Treasury Unit 1,Treasury Unit 1 — Team A,Treasury Unit 1 — Team A / Section 1,,Jeddah,Full-time,Filled,1,CC-1023,Control (2nd line),Middle office,Bonus,,user1806@examplebank.com.sa,2010-05-17,Saudi,No,No,No,,
POS01807,POS01805,Senior Analyst Treasury,Noor Siddiqui,G10,JC4453,Professional,Finance,Example Bank,Finance,Treasury,Treasury Unit 1,Treasury Unit 1 — Team A,Treasury Unit 1 — Team A / Section 2,,Remote,Full-time,Filled,1,CC-1049,Control (2nd line),Middle office,Fixed,,user1807@examplebank.com.sa,2009-01-27,Saudi,No,No,No,,
POS01808,POS01805,Senior Officer Treasury,Noor Siddiqui,G10,JC6846,Professional,Finance,Example Bank,Finance,Treasury,Treasury Unit 1,Treasury Unit 1 — Team A,Treasury Unit 1 — Team A / Section 1,,Remote,Full-time,Filled,1,CC-1030,Control (2nd line),Middle office,Fixed,,user1808@examplebank.com.sa,2016-06-11,Jordanian,No,No,No,,
POS01809,POS01805,Analyst Treasury,دانة الحربي,G11,JC9440,Professional,Finance,Example Bank,Finance,Treasury,Treasury Unit 1,Treasury Unit 1 — Team A,Treasury Unit 1 — Team A / Section 2,,Dammam,Full-time,Filled,1,CC-1054,Control (2nd line),Middle office,Bonus,,user1809@examplebank.com.sa,2020-01-11,Indian,No,No,No,,
POS01810,POS01805,Associate Treasury,Salma Nasser,G11,JC6812,Professional,Finance,Example Bank,Finance,Treasury,Treasury Unit 1,Treasury Unit 1 — Team A,Treasury Unit 1 — Team A / Section 2,,Dammam,Full-time,Filled,1,CC-1060,Control (2nd line),Middle office,Fixed,Specialist Bench,user1810@examplebank.com.sa,2019-05-26,Saudi,No,No,No,,
POS01811,POS01805,Analyst Treasury,,G10,JC8508,Professional,Finance,Example Bank,Finance,Treasury,Treasury Unit 1,Treasury Unit 1 — Team A,Treasury Unit 1 — Team A / Section 2,,Khobar,Full-time,Vacant,1,CC-1010,Control (2nd line),Middle office,Bonus,,,2023-05-07,Saudi,No,No,Yes,Ziad Idris,Ready now
POS01812,POS01805,Officer Treasury,Adel Rashed,G9,JC7211,Professional,Finance,Example Bank,Finance,Treasury,Treasury Unit 1,Treasury Unit 1 — Team A,Treasury Unit 1 — Team A / Section 1,,Riyadh,Full-time,Filled,1,CC-1060,Control (2nd line),Middle office,Fixed,,user1812@examplebank.com.sa,2009-12-04,Saudi,No,No,No,,
POS01813,POS01805,Specialist Treasury,Waleed Bakr,G11,JC2065,Professional,Finance,Example Bank,Finance,Treasury,Treasury Unit 1,Treasury Unit 1 — Team A,Treasury Unit 1 — Team A / Section 1,,Jeddah,Full-time,Filled,1,CC-1016,Control (2nd line),Middle office,Fixed,,user1813@examplebank.com.sa,2013-08-18,Saudi,No,No,No,,
POS01814,POS01805,Associate Treasury,Lina Idris,G9,JC4278,Professional,Finance,Example Bank,Finance,Treasury,Treasury Unit 1,Treasury Unit 1 — Team A,Treasury Unit 1 — Team A / Section 1,,Jeddah,Full-time,Filled,1,CC-1011,Control (2nd line),Middle office,Fixed,,user1814@examplebank.com.sa,2017-02-20,Saudi,No,No,No,,
POS01815,POS01805,Officer Treasury,Rami Siddiqui,G9,JC1243,Professional,Finance,Example Bank,Finance,Treasury,Treasury Unit 1,Treasury Unit 1 — Team A,Treasury Unit 1 — Team A / Section 1,,Riyadh,Contractor,Filled,1,CC-1007,Control (2nd line),Middle office,Bonus,,user1815@examplebank.com.sa,2010-01-27,Saudi,No,No,No,,
POS01816,POS01804,Manager Treasury,سارة السبيعي,G13,JC7497,Management,Finance,Example Bank,Finance,Treasury,Treasury Unit 1,Treasury Unit 1 — Team B,,,Riyadh,Full-time,Filled,1,CC-1019,Control (2nd line),Middle office,Bonus,,user1816@examplebank.com.sa,2025-03-07,Saudi,No,No,No,,
POS01817,POS01816,Senior Analyst Treasury,Bilal Idris,G11,JC9526,Professional,Finance,Example Bank,Finance,Treasury,Treasury Unit 1,Treasury Unit 1 — Team B,Treasury Unit 1 — Team B / Section 1,,Khobar,Full-time,Filled,1,CC-1034,Control (2nd line),Middle office,Fixed,,user1817@examplebank.com.sa,2014-04-07,Indian,No,No,No,,
POS01818,POS01816,Officer Treasury,Dana Karim,G9,JC2377,Professional,Finance,Example Bank,Finance,Treasury,Treasury Unit 1,Treasury Unit 1 — Team B,Treasury Unit 1 — Team B / Section 1,,Jeddah,Full-time,Filled,1,CC-1016,Control (2nd line),Middle office,Bonus,,user1818@examplebank.com.sa,2015-02-04,British,No,No,Yes,سارة العتيبي,Ready 1-2 years
POS01819,POS01816,Officer Treasury,Hassan Aziz,G11,JC7858,Professional,Finance,Example Bank,Finance,Treasury,Treasury Unit 1,Treasury Unit 1 — Team B,Treasury Unit 1 — Team B / Section 1,,Jeddah,Full-time,Filled,1,CC-1001,Control (2nd line),Middle office,Fixed,,user1819@examplebank.com.sa,2016-03-10,Indian,No,No,Yes,Karim Qureshi,Ready 3+ years
POS01820,POS01816,Senior Officer Treasury,Adel Idris,G11,JC3006,Professional,Finance,Example Bank,Finance,Treasury,Treasury Unit 1,Treasury Unit 1 — Team B,Treasury Unit 1 — Team B / Section 2,,Khobar,Full-time,Filled,1,CC-1035,Control (2nd line),Middle office,Bonus,,user1820@examplebank.com.sa,2024-09-07,Saudi,No,No,No,,
POS01821,POS01816,Officer Treasury,Nasser Baker,G10,JC2655,Professional,Finance,Example Bank,Finance,Treasury,Treasury Unit 1,Treasury Unit 1 — Team B,Treasury Unit 1 — Team B / Section 1,,Dammam,Full-time,Filled,1,CC-1014,Control (2nd line),Middle office,Fixed,,user1821@examplebank.com.sa,2017-12-11,British,No,No,No,,
POS01822,POS01816,Analyst Treasury,هند الغامدي,G10,JC8911,Professional,Finance,Example Bank,Finance,Treasury,Treasury Unit 1,Treasury Unit 1 — Team B,Treasury Unit 1 — Team B / Section 1,,Riyadh,Full-time,Filled,1,CC-1024,Control (2nd line),Middle office,Fixed,,user1822@examplebank.com.sa,2010-05-24,Saudi,No,No,No,,
POS01823,POS01816,Officer Treasury,Rami Saleh,G10,JC8496,Professional,Finance,Example Bank,Finance,Treasury,Treasury Unit 1,Treasury Unit 1 — Team B,Treasury Unit 1 — Team B / Section 1,,Dammam,Full-time,Filled,1,CC-1014,Control (2nd line),Middle office,Bonus,,user1823@examplebank.com.sa,2020-06-17,Egyptian,No,No,No,,
POS01824,POS01816,Associate Treasury,دانة العتيبي,G12,JC6296,Management,Finance,Example Bank,Finance,Treasury,Treasury Unit 1,Treasury Unit 1 — Team B,Treasury Unit 1 — Team B / Section 2,,Riyadh,Full-time,Filled,1,CC-1029,Control (2nd line),Middle office,Fixed,,user1824@examplebank.com.sa,2018-08-14,Saudi,No,No,No,,
POS01825,POS01816,Specialist Treasury,Omar Younes,G9,JC4817,Professional,Finance,Example Bank,Finance,Treasury,Treasury Unit 1,Treasury Unit 1 — Team B,Treasury Unit 1 — Team B / Section 1,,Jeddah,Full-time,Filled,1,CC-1045,Control (2nd line),Middle office,Fixed,,user1825@examplebank.com.sa,2025-02-06,Saudi,No,No,No,,
POS01826,POS01816,Senior Officer Treasury,Yusuf Mansour,G10,JC3669,Professional,Finance,Example Bank,Finance,Treasury,Treasury Unit 1,Treasury Unit 1 — Team B,Treasury Unit 1 — Team B / Section 1,,Riyadh,Full-time,Filled,1,CC-1026,Control (2nd line),Middle office,Bonus,,user1826@examplebank.com.sa,2011-06-06,Jordanian,No,No,Yes,Tariq Farouk,Ready 3+ years
POS01827,POS01816,Senior Officer Treasury,دانة العتيبي,G10,JC6184,Professional,Finance,Example Bank,Finance,Treasury,Treasury Unit 1,Treasury Unit 1 — Team B,Treasury Unit 1 — Team B / Section 2,,Riyadh,Full-time,Filled,1,CC-1030,Control (2nd line),Middle office,Fixed,,user1827@examplebank.com.sa,2008-01-12,Jordanian,No,No,No,,
POS01828,POS01816,Analyst Treasury,Amal Rashed,G12,JC7821,Management,Finance,Example Bank,Finance,Treasury,Treasury Unit 1,Treasury Unit 1 — Team B,Treasury Unit 1 — Team B / Section 1,,Jeddah,Full-time,Filled,1,CC-1060,Control (2nd line),Middle office,Fixed,,user1828@examplebank.com.sa,2020-02-27,British,No,No,No,,
POS01829,POS01804,Manager Treasury,,G13,JC8062,Management,Finance,Example Bank,Finance,Treasury,Treasury Unit 1,Treasury Unit 1 — Team C,,,Jeddah,Full-time,Vacant,1,CC-1013,Control (2nd line),Middle office,Bonus,,,2011-09-03,Indian,No,No,Yes,سلطان الزهراني,Ready 3+ years
POS01830,POS01829,Analyst Treasury,Waleed Baker,G10,JC6046,Professional,Finance,Example Bank,Finance,Treasury,Treasury Unit 1,Treasury Unit 1 — Team C,Treasury Unit 1 — Team C / Section 1,,Jeddah,Full-time,Filled,1,CC-1004,Control (2nd line),Middle office,Fixed,,user1830@examplebank.com.sa,2023-11-08,Saudi,No,No,No,,
POS01831,POS01829,Officer Treasury,,G10,JC9004,Professional,Finance,Example Bank,Finance,Treasury,Treasury Unit 1,Treasury Unit 1 — Team C,Treasury Unit 1 — Team C / Section 1,,Riyadh,Full-time,Vacant,1,CC-1028,Control (2nd line),Middle office,Bonus,,,2010-05-18,Saudi,No,No,Yes,Jana Darwish,Ready now
POS01832,POS01829,Associate Treasury,Salma Fahmy,G9,JC6089,Professional,Finance,Example Bank,Finance,Treasury,Treasury Unit 1,Treasury Unit 1 — Team C,Treasury Unit 1 — Team C / Section 1,,Jeddah,Full-time,Filled,1,CC-1060,Control (2nd line),Middle office,Fixed,,user1832@examplebank.com.sa,2020-02-28,Saudi,No,No,No,,
POS01833,POS01829,Officer Treasury,Waleed Bakr,G10,JC7957,Professional,Finance,Example Bank,Finance,Treasury,Treasury Unit 1,Treasury Unit 1 — Team C,Treasury Unit 1 — Team C / Section 1,,Dammam,Full-time,Filled,1,CC-1018,Control (2nd line),Middle office,Fixed,,user1833@examplebank.com.sa,2025-05-07,Indian,No,No,No,,
POS01834,POS01829,Associate Treasury,Ziad Qureshi,G12,JC2045,Management,Finance,Example Bank,Finance,Treasury,Treasury Unit 1,Treasury Unit 1 — Team C,Treasury Unit 1 — Team C / Section 2,,Riyadh,Full-time,Filled,1,CC-1017,Control (2nd line),Middle office,Fixed,,user1834@examplebank.com.sa,2022-04-05,Jordanian,No,No,No,,
POS01835,POS01829,Associate Treasury,أحمد السبيعي,G10,JC8185,Professional,Finance,Example Bank,Finance,Treasury,Treasury Unit 1,Treasury Unit 1 — Team C,Treasury Unit 1 — Team C / Section 1,,Riyadh,Contractor,Filled,1,CC-1026,Control (2nd line),Middle office,Fixed,,user1835@examplebank.com.sa,2008-10-03,Indian,No,No,No,,
POS01836,POS01829,Senior Analyst Treasury,,G12,JC5738,Management,Finance,Example Bank,Finance,Treasury,Treasury Unit 1,Treasury Unit 1 — Team C,Treasury Unit 1 — Team C / Section 2,,Jeddah,Full-time,Vacant,1,CC-1056,Control (2nd line),Middle office,Bonus,,,2008-11-21,British,No,No,No,,
POS01837,POS01829,Analyst Treasury,عبدالله الزهراني,G11,JC1682,Professional,Finance,Example Bank,Finance,Treasury,Treasury Unit 1,Treasury Unit 1 — Team C,Treasury Unit 1 — Team C / Section 2,,Khobar,Full-time,Filled,1,CC-1039,Control (2nd line),Middle office,Bonus,,user1837@examplebank.com.sa,2025-10-17,Saudi,No,No,No,,
POS01838,POS01829,Officer Treasury,Noor Bakr,G10,JC3843,Professional,Finance,Example Bank,Finance,Treasury,Treasury Unit 1,Treasury Unit 1 — Team C,Treasury Unit 1 — Team C / Section 2,,Khobar,Full-time,Filled,0.5,CC-1023,Control (2nd line),Middle office,Fixed,,user1838@examplebank.com.sa,2022-03-18,Saudi,No,No,Yes,Lina Osman,Ready 3+ years
POS01839,POS01829,Senior Officer Treasury,Ziad Saleh,G11,JC7977,Professional,Finance,Example Bank,Finance,Treasury,Treasury Unit 1,Treasury Unit 1 — Team C,Treasury Unit 1 — Team C / Section 2,,Jeddah,Full-time,Filled,1,CC-1058,Control (2nd line),Middle office,Fixed,,user1839@examplebank.com.sa,2015-08-11,British,No,No,No,,
POS01840,POS01804,Manager Treasury,Sami Baker,G13,JC5996,Management,Finance,Example Bank,Finance,Treasury,Treasury Unit 1,Treasury Unit 1 — Team D,,,Dammam,Full-time,Filled,1,CC-1024,Control (2nd line),Middle office,Bonus,,user1840@examplebank.com.sa,2021-01-08,Saudi,No,No,No,,
POS01841,POS01840,Senior Analyst Treasury,خالد الزهراني,G11,JC1983,Professional,Finance,Example Bank,Finance,Treasury,Treasury Unit 1,Treasury Unit 1 — Team D,Treasury Unit 1 — Team D / Section 1,,Dammam,Full-time,Filled,1,CC-1023,Control (2nd line),Middle office,Fixed,,user1841@examplebank.com.sa,2019-09-11,Egyptian,No,No,No,,
POS01842,POS01840,Senior Analyst Treasury,Sami Idris,G12,JC8381,Management,Finance,Example Bank,Finance,Treasury,Treasury Unit 1,Treasury Unit 1 — Team D,Treasury Unit 1 — Team D / Section 2,,Riyadh,Full-time,Filled,1,CC-1052,Control (2nd line),Middle office,Fixed,,user1842@examplebank.com.sa,2025-11-18,Saudi,No,No,No,,
POS01843,POS01840,Senior Officer Treasury,دانة الشمري,G9,JC4556,Professional,Finance,Example Bank,Finance,Treasury,Treasury Unit 1,Treasury Unit 1 — Team D,Treasury Unit 1 — Team D / Section 1,,Jeddah,Full-time,Filled,1,CC-1042,Control (2nd line),Middle office,Fixed,,user1843@examplebank.com.sa,2020-12-03,Saudi,No,No,No,,
POS01844,POS01840,Senior Officer Treasury,Salma Haddad,G10,JC1766,Professional,Finance,Example Bank,Finance,Treasury,Treasury Unit 1,Treasury Unit 1 — Team D,Treasury Unit 1 — Team D / Section 2,,Khobar,Full-time,Filled,0.5,CC-1001,Control (2nd line),Middle office,Bonus,,user1844@examplebank.com.sa,2022-03-10,Saudi,No,No,No,,
POS01845,POS01840,Associate Treasury,ماجد الغامدي,G11,JC6037,Professional,Finance,Example Bank,Finance,Treasury,Treasury Unit 1,Treasury Unit 1 — Team D,Treasury Unit 1 — Team D / Section 2,,Riyadh,Full-time,Filled,1,CC-1009,Control (2nd line),Middle office,Bonus,,user1845@examplebank.com.sa,2017-07-25,Saudi,No,No,No,,
POS01846,POS01840,Analyst Treasury,Maya Karim,G10,JC8400,Professional,Finance,Example Bank,Finance,Treasury,Treasury Unit 1,Treasury Unit 1 — Team D,Treasury Unit 1 — Team D / Section 2,,Jeddah,Full-time,Filled,1,CC-1059,Control (2nd line),Middle office,Fixed,,user1846@examplebank.com.sa,2012-02-27,Saudi,No,No,No,,
POS01847,POS01840,Analyst Treasury,عبدالله القحطاني,G12,JC5947,Management,Finance,Example Bank,Finance,Treasury,Treasury Unit 1,Treasury Unit 1 — Team D,Treasury Unit 1 — Team D / Section 1,,Remote,Full-time,Filled,1,CC-1037,Control (2nd line),Middle office,Fixed,,user1847@examplebank.com.sa,2025-11-13,Jordanian,No,No,No,,
POS01848,POS01840,Analyst Treasury,فيصل المطيري,G10,JC1860,Professional,Finance,Example Bank,Finance,Treasury,Treasury Unit 1,Treasury Unit 1 — Team D,Treasury Unit 1 — Team D / Section 2,,Riyadh,Contractor,Filled,1,CC-1018,Control (2nd line),Middle office,Fixed,,user1848@examplebank.com.sa,2017-08-11,Saudi,No,No,No,,
POS01849,POS01840,Analyst Treasury,Omar Farouk,G11,JC9610,Professional,Finance,Example Bank,Finance,Treasury,Treasury Unit 1,Treasury Unit 1 — Team D,Treasury Unit 1 — Team D / Section 2,,Dammam,Contractor,Filled,1,CC-1046,Control (2nd line),Middle office,Bonus,,user1849@examplebank.com.sa,2021-12-11,Saudi,No,No,No,,
POS01850,POS01840,Associate Treasury,Sami Idris,G10,JC9558,Professional,Finance,Example Bank,Finance,Treasury,Treasury Unit 1,Treasury Unit 1 — Team D,Treasury Unit 1 — Team D / Section 1,,Riyadh,Full-time,Filled,1,CC-1051,Control (2nd line),Middle office,Fixed,,user1850@examplebank.com.sa,2023-08-12,British,No,No,No,,
POS01851,POS01840,Associate Treasury,Karim Siddiqui,G12,JC9642,Management,Finance,Example Bank,Finance,Treasury,Treasury Unit 1,Treasury Unit 1 — Team D,Treasury Unit 1 — Team D / Section 2,,Riyadh,Full-time,Filled,1,CC-1027,Control (2nd line),Middle office,Fixed,,user1851@examplebank.com.sa,2025-03-27,Saudi,No,No,No,,
POS01852,POS01840,Senior Analyst Treasury,نورة المطيري,G12,JC8555,Management,Finance,Example Bank,Finance,Treasury,Treasury Unit 1,Treasury Unit 1 — Team D,Treasury Unit 1 — Team D / Section 1,,Dammam,Full-time,Filled,1,CC-1056,Control (2nd line),Middle office,Fixed,Emerging Leaders,user1852@examplebank.com.sa,2020-05-27,Saudi,No,No,No,,
POS01853,POS01803,Senior Manager Treasury,Rana Nasser,G14,JC5367,Leadership,Finance,Example Bank,Finance,Treasury,Treasury Unit 2,,,,Riyadh,Full-time,Filled,1,CC-1036,Control (2nd line),Middle office,Bonus,,user1853@examplebank.com.sa,2022-08-25,Saudi,No,No,No,,
POS01854,POS01853,Manager Treasury,Amal Saleh,G13,JC2154,Management,Finance,Example Bank,Finance,Treasury,Treasury Unit 2,Treasury Unit 2 — Team A,,,Riyadh,Full-time,Filled,1,CC-1057,Control (2nd line),Middle office,Bonus,Future Executives,user1854@examplebank.com.sa,2011-06-23,Saudi,No,No,No,,
POS01855,POS01854,Specialist Treasury,Yusuf Qureshi,G10,JC5624,Professional,Finance,Example Bank,Finance,Treasury,Treasury Unit 2,Treasury Unit 2 — Team A,Treasury Unit 2 — Team A / Section 1,,Riyadh,Full-time,Filled,1,CC-1058,Control (2nd line),Middle office,Fixed,,user1855@examplebank.com.sa,2018-06-09,Egyptian,No,No,Yes,Rana Khan,Ready 3+ years
POS01856,POS01854,Associate Treasury,Ziad Baker,G10,JC1840,Professional,Finance,Example Bank,Finance,Treasury,Treasury Unit 2,Treasury Unit 2 — Team A,Treasury Unit 2 — Team A / Section 1,,Jeddah,Contractor,Filled,1,CC-1043,Control (2nd line),Middle office,Bonus,,user1856@examplebank.com.sa,2020-02-21,Saudi,No,No,Yes,Adel Haddad,Ready now
POS01857,POS01854,Senior Officer Treasury,Lina Baker,G9,JC9427,Professional,Finance,Example Bank,Finance,Treasury,Treasury Unit 2,Treasury Unit 2 — Team A,Treasury Unit 2 — Team A / Section 1,,Riyadh,Full-time,Filled,1,CC-1052,Control (2nd line),Middle office,Bonus,,user1857@examplebank.com.sa,2008-11-23,Saudi,No,No,No,,
POS01858,POS01854,Associate Treasury,Jana Khan,G10,JC3909,Professional,Finance,Example Bank,Finance,Treasury,Treasury Unit 2,Treasury Unit 2 — Team A,Treasury Unit 2 — Team A / Section 2,,Riyadh,Full-time,Filled,1,CC-1001,Control (2nd line),Middle office,Fixed,,user1858@examplebank.com.sa,2008-03-06,Saudi,No,No,No,,
POS01859,POS01854,Officer Treasury,Hassan Darwish,G12,JC1815,Management,Finance,Example Bank,Finance,Treasury,Treasury Unit 2,Treasury Unit 2 — Team A,Treasury Unit 2 — Team A / Section 2,,Jeddah,Full-time,Filled,1,CC-1035,Control (2nd line),Middle office,Fixed,,user1859@examplebank.com.sa,2020-02-21,Indian,No,No,No,,
POS01860,POS01854,Senior Officer Treasury,Rami Farouk,G10,JC6569,Professional,Finance,Example Bank,Finance,Treasury,Treasury Unit 2,Treasury Unit 2 — Team A,Treasury Unit 2 — Team A / Section 1,,Riyadh,Full-time,Filled,1,CC-1053,Control (2nd line),Middle office,Fixed,,user1860@examplebank.com.sa,2008-03-03,Saudi,No,No,No,,
POS01861,POS01854,Officer Treasury,Ziad Younes,G10,JC3829,Professional,Finance,Example Bank,Finance,Treasury,Treasury Unit 2,Treasury Unit 2 — Team A,Treasury Unit 2 — Team A / Section 2,,Riyadh,Full-time,Filled,1,CC-1051,Control (2nd line),Middle office,Bonus,,user1861@examplebank.com.sa,2022-09-01,British,No,No,No,,
POS01862,POS01853,Manager Treasury,Maya Khan,G13,JC7013,Management,Finance,Example Bank,Finance,Treasury,Treasury Unit 2,Treasury Unit 2 — Team B,,,Riyadh,Full-time,Filled,1,CC-1033,Control (2nd line),Middle office,Bonus,,user1862@examplebank.com.sa,2008-03-18,Egyptian,No,No,No,,
POS01863,POS01862,Associate Treasury,Ziad Siddiqui,G9,JC3460,Professional,Finance,Example Bank,Finance,Treasury,Treasury Unit 2,Treasury Unit 2 — Team B,Treasury Unit 2 — Team B / Section 1,,Jeddah,Full-time,Filled,1,CC-1006,Control (2nd line),Middle office,Fixed,,user1863@examplebank.com.sa,2017-11-21,Saudi,No,No,No,,
POS01864,POS01862,Associate Treasury,ماجد القحطاني,G9,JC9945,Professional,Finance,Example Bank,Finance,Treasury,Treasury Unit 2,Treasury Unit 2 — Team B,Treasury Unit 2 — Team B / Section 2,,Remote,Full-time,Filled,0.5,CC-1009,Control (2nd line),Middle office,Bonus,,user1864@examplebank.com.sa,2009-04-07,Saudi,No,No,No,,
POS01865,POS01862,Associate Treasury,لطيفة الزهراني,G10,JC2304,Professional,Finance,Example Bank,Finance,Treasury,Treasury Unit 2,Treasury Unit 2 — Team B,Treasury Unit 2 — Team B / Section 1,,Riyadh,Full-time,Filled,1,CC-1060,Control (2nd line),Middle office,Fixed,,user1865@examplebank.com.sa,2012-12-03,Saudi,No,No,No,,
POS01866,POS01862,Specialist Treasury,Maya Osman,G12,JC9200,Management,Finance,Example Bank,Finance,Treasury,Treasury Unit 2,Treasury Unit 2 — Team B,Treasury Unit 2 — Team B / Section 2,,Remote,Full-time,Filled,1,CC-1037,Control (2nd line),Middle office,Bonus,,user1866@examplebank.com.sa,2014-02-07,Saudi,No,No,No,,
POS01867,POS01862,Officer Treasury,Hassan Younes,G11,JC1476,Professional,Finance,Example Bank,Finance,Treasury,Treasury Unit 2,Treasury Unit 2 — Team B,Treasury Unit 2 — Team B / Section 2,,Remote,Full-time,Filled,1,CC-1004,Control (2nd line),Middle office,Bonus,,user1867@examplebank.com.sa,2022-08-25,Egyptian,No,No,Yes,Ziad Qureshi,Ready 1-2 years
POS01868,POS01862,Senior Analyst Treasury,Sami Aziz,G10,JC7025,Professional,Finance,Example Bank,Finance,Treasury,Treasury Unit 2,Treasury Unit 2 — Team B,Treasury Unit 2 — Team B / Section 2,,Riyadh,Full-time,Filled,0.5,CC-1021,Control (2nd line),Middle office,Fixed,,user1868@examplebank.com.sa,2009-06-05,British,No,No,No,,
POS01869,POS01862,Senior Officer Treasury,,G10,JC7010,Professional,Finance,Example Bank,Finance,Treasury,Treasury Unit 2,Treasury Unit 2 — Team B,Treasury Unit 2 — Team B / Section 1,,Jeddah,Full-time,Vacant,1,CC-1031,Control (2nd line),Middle office,Fixed,,,2018-08-15,Saudi,No,No,No,,
POS01870,POS01862,Analyst Treasury,دانة الغامدي,G9,JC9492,Professional,Finance,Example Bank,Finance,Treasury,Treasury Unit 2,Treasury Unit 2 — Team B,Treasury Unit 2 — Team B / Section 1,,Riyadh,Full-time,Filled,0.5,CC-1018,Control (2nd line),Middle office,Fixed,,user1870@examplebank.com.sa,2014-05-13,Jordanian,No,No,Yes,سلطان القحطاني,Ready now
POS01871,POS01853,Manager Treasury,دانة العتيبي,G13,JC6360,Management,Finance,Example Bank,Finance,Treasury,Treasury Unit 2,Treasury Unit 2 — Team C,,,Jeddah,Contractor,Filled,1,CC-1009,Control (2nd line),Middle office,Bonus,,user1871@examplebank.com.sa,2008-06-18,Saudi,No,No,No,,
POS01872,POS01871,Associate Treasury,Layla Younes,G11,JC2646,Professional,Finance,Example Bank,Finance,Treasury,Treasury Unit 2,Treasury Unit 2 — Team C,Treasury Unit 2 — Team C / Section 1,,Riyadh,Full-time,Filled,1,CC-1013,Control (2nd line),Middle office,Bonus,,user1872@examplebank.com.sa,2014-03-26,Saudi,No,No,No,,
POS01873,POS01871,Senior Officer Treasury,لطيفة العتيبي,G10,JC3726,Professional,Finance,Example Bank,Finance,Treasury,Treasury Unit 2,Treasury Unit 2 — Team C,Treasury Unit 2 — Team C / Section 2,,Dammam,Full-time,Filled,1,CC-1052,Control (2nd line),Middle office,Fixed,,user1873@examplebank.com.sa,2025-03-25,Saudi,No,No,No,,
POS01874,POS01871,Specialist Treasury,Amal Aziz,G10,JC1890,Professional,Finance,Example Bank,Finance,Treasury,Treasury Unit 2,Treasury Unit 2 — Team C,Treasury Unit 2 — Team C / Section 1,,Dammam,Full-time,Filled,1,CC-1047,Control (2nd line),Middle office,Fixed,,user1874@examplebank.com.sa,2018-10-13,British,No,No,No,,
POS01875,POS01871,Senior Analyst Treasury,Mona Osman,G12,JC3559,Management,Finance,Example Bank,Finance,Treasury,Treasury Unit 2,Treasury Unit 2 — Team C,Treasury Unit 2 — Team C / Section 2,,Jeddah,Full-time,Filled,1,CC-1020,Control (2nd line),Middle office,Fixed,,user1875@examplebank.com.sa,2011-12-03,Egyptian,No,No,No,,
POS01876,POS01871,Officer Treasury,دانة الزهراني,G11,JC6797,Professional,Finance,Example Bank,Finance,Treasury,Treasury Unit 2,Treasury Unit 2 — Team C,Treasury Unit 2 — Team C / Section 2,,Khobar,Full-time,Filled,1,CC-1034,Control (2nd line),Middle office,Bonus,,user1876@examplebank.com.sa,2010-09-07,British,No,No,No,,
POS01877,POS01871,Senior Officer Treasury,أحمد السبيعي,G12,JC9449,Management,Finance,Example Bank,Finance,Treasury,Treasury Unit 2,Treasury Unit 2 — Team C,Treasury Unit 2 — Team C / Section 1,,Khobar,Full-time,Filled,0.5,CC-1051,Control (2nd line),Middle office,Fixed,,user1877@examplebank.com.sa,2019-03-21,Indian,No,No,Yes,Waleed Nasser,Ready 3+ years
POS01878,POS01871,Specialist Treasury,Mona Farouk,G10,JC5175,Professional,Finance,Example Bank,Finance,Treasury,Treasury Unit 2,Treasury Unit 2 — Team C,Treasury Unit 2 — Team C / Section 1,,Riyadh,Full-time,Filled,1,CC-1042,Control (2nd line),Middle office,Fixed,,user1878@examplebank.com.sa,2019-08-18,Saudi,No,No,No,,
POS01879,POS01871,Analyst Treasury,لطيفة العتيبي,G12,JC8271,Management,Finance,Example Bank,Finance,Treasury,Treasury Unit 2,Treasury Unit 2 — Team C,Treasury Unit 2 — Team C / Section 2,,Riyadh,Full-time,Filled,1,CC-1011,Control (2nd line),Middle office,Fixed,,user1879@examplebank.com.sa,2017-05-18,Saudi,No,No,No,,
POS01880,POS01871,Senior Analyst Treasury,Omar Idris,G12,JC2930,Management,Finance,Example Bank,Finance,Treasury,Treasury Unit 2,Treasury Unit 2 — Team C,Treasury Unit 2 — Team C / Section 2,,Dammam,Full-time,Filled,1,CC-1050,Control (2nd line),Middle office,Fixed,,user1880@examplebank.com.sa,2011-05-10,Saudi,No,No,No,,
POS01881,POS01744,Head of Financial Planning,أحمد الشمري,G15,JC6864,Leadership,Finance,Example Bank,Finance,Financial Planning,,,,,Riyadh,Full-time,Filled,1,CC-1036,Control (2nd line),Middle office,Bonus,,user1881@examplebank.com.sa,2013-05-12,Saudi,Yes,Yes,Yes,أحمد الشمري,Ready now
POS01882,POS01881,Senior Manager Financial Planning,Noor Qureshi,G14,JC4695,Leadership,Finance,Example Bank,Finance,Financial Planning,Financial Planning Unit 1,,,,Riyadh,Full-time,Filled,1,CC-1018,Control (2nd line),Middle office,Bonus,,user1882@examplebank.com.sa,2024-01-20,Saudi,No,No,Yes,Yusuf Khan,Ready now
POS01883,POS01882,Manager Financial Planning,Noor Baker,G13,JC6707,Management,Finance,Example Bank,Finance,Financial Planning,Financial Planning Unit 1,Financial Planning Unit 1 — Team A,,,Riyadh,Full-time,Filled,1,CC-1030,Control (2nd line),Middle office,Bonus,,user1883@examplebank.com.sa,2013-07-11,Egyptian,No,No,Yes,Rana Siddiqui,Ready now
POS01884,POS01883,Specialist Financial Planning,Jana Bakr,G10,JC8837,Professional,Finance,Example Bank,Finance,Financial Planning,Financial Planning Unit 1,Financial Planning Unit 1 — Team A,Financial Planning Unit 1 — Team A / Section 2,,Riyadh,Full-time,Filled,1,CC-1008,Control (2nd line),Middle office,Bonus,,user1884@examplebank.com.sa,2011-01-28,Saudi,No,No,No,,
POS01885,POS01883,Senior Officer Financial Planning,Omar Aziz,G12,JC5442,Management,Finance,Example Bank,Finance,Financial Planning,Financial Planning Unit 1,Financial Planning Unit 1 — Team A,Financial Planning Unit 1 — Team A / Section 1,,Remote,Full-time,Filled,1,CC-1026,Control (2nd line),Middle office,Fixed,,user1885@examplebank.com.sa,2024-07-18,Jordanian,No,No,Yes,Ziad Fahmy,Ready 3+ years
POS01886,POS01883,Analyst Financial Planning,Hassan Aziz,G12,JC5416,Management,Finance,Example Bank,Finance,Financial Planning,Financial Planning Unit 1,Financial Planning Unit 1 — Team A,Financial Planning Unit 1 — Team A / Section 1,,Remote,Full-time,Filled,1,CC-1038,Control (2nd line),Middle office,Bonus,,user1886@examplebank.com.sa,2016-03-01,Saudi,No,No,Yes,Rami Saleh,Ready 3+ years
POS01887,POS01883,Associate Financial Planning,Mona Bakr,G11,JC1847,Professional,Finance,Example Bank,Finance,Financial Planning,Financial Planning Unit 1,Financial Planning Unit 1 — Team A,Financial Planning Unit 1 — Team A / Section 1,,Dammam,Full-time,Filled,1,CC-1027,Control (2nd line),Middle office,Bonus,,user1887@examplebank.com.sa,2014-05-11,Saudi,No,No,Yes,هند الزهراني,Ready now
POS01888,POS01883,Senior Analyst Financial Planning,سلطان المطيري,G10,JC1896,Professional,Finance,Example Bank,Finance,Financial Planning,Financial Planning Unit 1,Financial Planning Unit 1 — Team A,Financial Planning Unit 1 — Team A / Section 1,,Remote,Full-time,Filled,1,CC-1031,Control (2nd line),Middle office,Bonus,,user1888@examplebank.com.sa,2015-12-18,Jordanian,No,No,Yes,Amal Aziz,Ready now
POS01889,POS01883,Senior Officer Financial Planning,Adel Osman,G10,JC7639,Professional,Finance,Example Bank,Finance,Financial Planning,Financial Planning Unit 1,Financial Planning Unit 1 — Team A,Financial Planning Unit 1 — Team A / Section 2,,Jeddah,Full-time,Filled,1,CC-1024,Control (2nd line),Middle office,Fixed,,user1889@examplebank.com.sa,2014-07-24,British,No,No,No,,
POS01890,POS01883,Officer Financial Planning,Layla Karim,G9,JC9774,Professional,Finance,Example Bank,Finance,Financial Planning,Financial Planning Unit 1,Financial Planning Unit 1 — Team A,Financial Planning Unit 1 — Team A / Section 1,,Jeddah,Full-time,Filled,1,CC-1039,Control (2nd line),Middle office,Fixed,Saudi Graduates,user1890@examplebank.com.sa,2018-08-01,Indian,No,No,No,,
POS01891,POS01883,Senior Officer Financial Planning,نورة العتيبي,G10,JC1373,Professional,Finance,Example Bank,Finance,Financial Planning,Financial Planning Unit 1,Financial Planning Unit 1 — Team A,Financial Planning Unit 1 — Team A / Section 2,,Jeddah,Full-time,Filled,0.5,CC-1000,Control (2nd line),Middle office,Fixed,,user1891@examplebank.com.sa,2015-01-18,Egyptian,No,No,Yes,Amal Aziz,Ready 1-2 years
POS01892,POS01882,Manager Financial Planning,,G13,JC5443,Management,Finance,Example Bank,Finance,Financial Planning,Financial Planning Unit 1,Financial Planning Unit 1 — Team B,,,Dammam,Full-time,Vacant,0.5,CC-1048,Control (2nd line),Middle office,Bonus,,,2015-10-07,Saudi,No,No,No,,
POS01893,POS01892,Associate Financial Planning,أحمد الدوسري,G10,JC9236,Professional,Finance,Example Bank,Finance,Financial Planning,Financial Planning Unit 1,Financial Planning Unit 1 — Team B,Financial Planning Unit 1 — Team B / Section 1,,Riyadh,Full-time,Filled,1,CC-1018,Control (2nd line),Middle office,Fixed,,user1893@examplebank.com.sa,2025-03-16,Saudi,No,No,No,,
POS01894,POS01892,Specialist Financial Planning,لطيفة الغامدي,G9,JC5864,Professional,Finance,Example Bank,Finance,Financial Planning,Financial Planning Unit 1,Financial Planning Unit 1 — Team B,Financial Planning Unit 1 — Team B / Section 1,,Riyadh,Full-time,Filled,1,CC-1005,Control (2nd line),Middle office,Fixed,,user1894@examplebank.com.sa,2021-07-20,Egyptian,No,No,No,,
POS01895,POS01892,Associate Financial Planning,,G10,JC2458,Professional,Finance,Example Bank,Finance,Financial Planning,Financial Planning Unit 1,Financial Planning Unit 1 — Team B,Financial Planning Unit 1 — Team B / Section 2,,Dammam,Full-time,Vacant,1,CC-1036,Control (2nd line),Middle office,Fixed,,,2011-12-03,Saudi,No,No,No,,
POS01896,POS01892,Officer Financial Planning,لطيفة الشمري,G10,JC5274,Professional,Finance,Example Bank,Finance,Financial Planning,Financial Planning Unit 1,Financial Planning Unit 1 — Team B,Financial Planning Unit 1 — Team B / Section 1,,Riyadh,Full-time,Filled,1,CC-1042,Control (2nd line),Middle office,Fixed,,user1896@examplebank.com.sa,2024-11-13,British,No,No,Yes,Amal Osman,Ready 1-2 years
POS01897,POS01892,Associate Financial Planning,عبدالله المطيري,G12,JC3828,Management,Finance,Example Bank,Finance,Financial Planning,Financial Planning Unit 1,Financial Planning Unit 1 — Team B,Financial Planning Unit 1 — Team B / Section 1,,Dammam,Full-time,Filled,1,CC-1053,Control (2nd line),Middle office,Fixed,,user1897@examplebank.com.sa,2024-02-02,Saudi,No,No,No,,
POS01898,POS01892,Senior Officer Financial Planning,Salma Bakr,G12,JC4422,Management,Finance,Example Bank,Finance,Financial Planning,Financial Planning Unit 1,Financial Planning Unit 1 — Team B,Financial Planning Unit 1 — Team B / Section 2,,Riyadh,Full-time,Filled,1,CC-1005,Control (2nd line),Middle office,Fixed,Saudi Graduates,user1898@examplebank.com.sa,2014-05-27,Saudi,No,No,No,,
POS01899,POS01892,Senior Analyst Financial Planning,Huda Nasser,G11,JC7644,Professional,Finance,Example Bank,Finance,Financial Planning,Financial Planning Unit 1,Financial Planning Unit 1 — Team B,Financial Planning Unit 1 — Team B / Section 1,,Jeddah,Full-time,Filled,1,CC-1019,Control (2nd line),Middle office,Fixed,Emerging Leaders,user1899@examplebank.com.sa,2021-06-11,Saudi,No,No,No,,
POS01900,POS01892,Senior Officer Financial Planning,,G9,JC5916,Professional,Finance,Example Bank,Finance,Financial Planning,Financial Planning Unit 1,Financial Planning Unit 1 — Team B,Financial Planning Unit 1 — Team B / Section 2,,Riyadh,Full-time,Vacant,1,CC-1057,Control (2nd line),Middle office,Fixed,,,2022-05-24,Egyptian,No,No,Yes,Salma Siddiqui,Ready now
POS01901,POS01892,Analyst Financial Planning,Layla Bakr,G10,JC7288,Professional,Finance,Example Bank,Finance,Financial Planning,Financial Planning Unit 1,Financial Planning Unit 1 — Team B,Financial Planning Unit 1 — Team B / Section 1,,Riyadh,Full-time,Filled,1,CC-1008,Control (2nd line),Middle office,Fixed,,user1901@examplebank.com.sa,2014-11-23,Saudi,No,No,Yes,Amal Fahmy,Ready 3+ years
POS01902,POS01892,Senior Officer Financial Planning,Waleed Qureshi,G11,JC7452,Professional,Finance,Example Bank,Finance,Financial Planning,Financial Planning Unit 1,Financial Planning Unit 1 — Team B,Financial Planning Unit 1 — Team B / Section 1,,Riyadh,Contractor,Filled,1,CC-1002,Control (2nd line),Middle office,Fixed,,user1902@examplebank.com.sa,2016-07-11,British,No,No,No,,
POS01903,POS01881,Senior Manager Financial Planning,Layla Qureshi,G14,JC8768,Leadership,Finance,Example Bank,Finance,Financial Planning,Financial Planning Unit 2,,,,Khobar,Full-time,Filled,1,CC-1008,Control (2nd line),Middle office,Bonus,Saudi Graduates,user1903@examplebank.com.sa,2010-11-15,Saudi,No,No,No,,
POS01904,POS01903,Manager Financial Planning,Salma Qureshi,G13,JC7752,Management,Finance,Example Bank,Finance,Financial Planning,Financial Planning Unit 2,Financial Planning Unit 2 — Team A,,,Jeddah,Full-time,Filled,1,CC-1017,Control (2nd line),Middle office,Bonus,,user1904@examplebank.com.sa,2013-11-02,Saudi,No,No,No,,
POS01905,POS01904,Associate Financial Planning,هند القحطاني,G11,JC7046,Professional,Finance,Example Bank,Finance,Financial Planning,Financial Planning Unit 2,Financial Planning Unit 2 — Team A,Financial Planning Unit 2 — Team A / Section 1,,Remote,Full-time,Filled,0.5,CC-1049,Control (2nd line),Middle office,Fixed,,user1905@examplebank.com.sa,2024-09-12,Egyptian,No,No,No,,
POS01906,POS01904,Officer Financial Planning,Huda Rashed,G10,JC5185,Professional,Finance,Example Bank,Finance,Financial Planning,Financial Planning Unit 2,Financial Planning Unit 2 — Team A,Financial Planning Unit 2 — Team A / Section 1,,Riyadh,Full-time,Filled,1,CC-1002,Control (2nd line),Middle office,Fixed,,user1906@examplebank.com.sa,2010-09-11,British,No,No,No,,
POS01907,POS01904,Specialist Financial Planning,دانة العتيبي,G10,JC2368,Professional,Finance,Example Bank,Finance,Financial Planning,Financial Planning Unit 2,Financial Planning Unit 2 — Team A,Financial Planning Unit 2 — Team A / Section 2,,Remote,Full-time,Filled,1,CC-1010,Control (2nd line),Middle office,Fixed,,user1907@examplebank.com.sa,2010-05-20,Saudi,No,No,No,,
POS01908,POS01904,Senior Officer Financial Planning,عبدالله المطيري,G9,JC9863,Professional,Finance,Example Bank,Finance,Financial Planning,Financial Planning Unit 2,Financial Planning Unit 2 — Team A,Financial Planning Unit 2 — Team A / Section 1,,Remote,Full-time,Filled,1,CC-1024,Control (2nd line),Middle office,Bonus,,user1908@examplebank.com.sa,2018-01-22,British,No,No,No,,
POS01909,POS01904,Senior Officer Financial Planning,Aisha Khan,G12,JC9364,Management,Finance,Example Bank,Finance,Financial Planning,Financial Planning Unit 2,Financial Planning Unit 2 — Team A,Financial Planning Unit 2 — Team A / Section 2,,Khobar,Full-time,Filled,1,CC-1019,Control (2nd line),Middle office,Fixed,,user1909@examplebank.com.sa,2019-04-24,Egyptian,No,No,No,,
POS01910,POS01904,Senior Officer Financial Planning,Nasser Darwish,G10,JC6137,Professional,Finance,Example Bank,Finance,Financial Planning,Financial Planning Unit 2,Financial Planning Unit 2 — Team A,Financial Planning Unit 2 — Team A / Section 2,,Jeddah,Full-time,Filled,1,CC-1037,Control (2nd line),Middle office,Fixed,,user1910@examplebank.com.sa,2017-11-19,Indian,No,No,No,,
POS01911,POS01904,Officer Financial Planning,فيصل القحطاني,G9,JC5759,Professional,Finance,Example Bank,Finance,Financial Planning,Financial Planning Unit 2,Financial Planning Unit 2 — Team A,Financial Planning Unit 2 — Team A / Section 1,,Jeddah,Full-time,Filled,1,CC-1026,Control (2nd line),Middle office,Fixed,,user1911@examplebank.com.sa,2018-11-04,Jordanian,No,No,No,,
POS01912,POS01903,Manager Financial Planning,Amal Khan,G13,JC1088,Management,Finance,Example Bank,Finance,Financial Planning,Financial Planning Unit 2,Financial Planning Unit 2 — Team B,,,Jeddah,Full-time,Filled,1,CC-1043,Control (2nd line),Middle office,Bonus,,user1912@examplebank.com.sa,2012-09-03,Saudi,No,No,No,,
POS01913,POS01912,Senior Analyst Financial Planning,هند المطيري,G9,JC2577,Professional,Finance,Example Bank,Finance,Financial Planning,Financial Planning Unit 2,Financial Planning Unit 2 — Team B,Financial Planning Unit 2 — Team B / Section 1,,Riyadh,Full-time,Filled,1,CC-1008,Control (2nd line),Middle office,Bonus,,user1913@examplebank.com.sa,2024-05-04,Indian,No,No,No,,
POS01914,POS01912,Analyst Financial Planning,Yusuf Farouk,G10,JC1239,Professional,Finance,Example Bank,Finance,Financial Planning,Financial Planning Unit 2,Financial Planning Unit 2 — Team B,Financial Planning Unit 2 — Team B / Section 1,,Remote,Full-time,Filled,1,CC-1029,Control (2nd line),Middle office,Bonus,,user1914@examplebank.com.sa,2014-02-20,Egyptian,No,No,No,,
POS01915,POS01912,Associate Financial Planning,فيصل القحطاني,G10,JC6503,Professional,Finance,Example Bank,Finance,Financial Planning,Financial Planning Unit 2,Financial Planning Unit 2 — Team B,Financial Planning Unit 2 — Team B / Section 2,,Jeddah,Full-time,Filled,1,CC-1043,Control (2nd line),Middle office,Fixed,,user1915@examplebank.com.sa,2009-02-13,Egyptian,No,No,No,,
POS01916,POS01912,Associate Financial Planning,Adel Aziz,G10,JC6090,Professional,Finance,Example Bank,Finance,Financial Planning,Financial Planning Unit 2,Financial Planning Unit 2 — Team B,Financial Planning Unit 2 — Team B / Section 1,,Jeddah,Full-time,Filled,1,CC-1020,Control (2nd line),Middle office,Fixed,,user1916@examplebank.com.sa,2014-01-03,Saudi,No,No,No,,
POS01917,POS01912,Associate Financial Planning,Huda Haddad,G10,JC3855,Professional,Finance,Example Bank,Finance,Financial Planning,Financial Planning Unit 2,Financial Planning Unit 2 — Team B,Financial Planning Unit 2 — Team B / Section 2,,Riyadh,Full-time,Filled,1,CC-1023,Control (2nd line),Middle office,Fixed,,user1917@examplebank.com.sa,2025-10-13,Saudi,No,No,No,,
POS01918,POS01912,Analyst Financial Planning,لطيفة القحطاني,G9,JC7930,Professional,Finance,Example Bank,Finance,Financial Planning,Financial Planning Unit 2,Financial Planning Unit 2 — Team B,Financial Planning Unit 2 — Team B / Section 2,,Riyadh,Full-time,Filled,1,CC-1043,Control (2nd line),Middle office,Fixed,,user1918@examplebank.com.sa,2013-11-03,Saudi,No,No,No,,
POS01919,POS01912,Associate Financial Planning,Salma Farouk,G12,JC6643,Management,Finance,Example Bank,Finance,Financial Planning,Financial Planning Unit 2,Financial Planning Unit 2 — Team B,Financial Planning Unit 2 — Team B / Section 2,,Riyadh,Full-time,Filled,1,CC-1007,Control (2nd line),Middle office,Fixed,Future Executives,user1919@examplebank.com.sa,2016-02-12,Egyptian,No,No,Yes,ريم الحربي,Ready 3+ years
POS01920,POS01912,Analyst Financial Planning,Rami Aziz,G10,JC5371,Professional,Finance,Example Bank,Finance,Financial Planning,Financial Planning Unit 2,Financial Planning Unit 2 — Team B,Financial Planning Unit 2 — Team B / Section 2,,Dammam,Full-time,Filled,1,CC-1007,Control (2nd line),Middle office,Fixed,,user1920@examplebank.com.sa,2011-11-15,Saudi,No,No,Yes,Ziad Haddad,Ready 3+ years
POS01921,POS01881,Senior Manager Financial Planning,Maya Younes,G14,JC8775,Leadership,Finance,Example Bank,Finance,Financial Planning,Financial Planning Unit 3,,,,Khobar,Full-time,Filled,1,CC-1057,Control (2nd line),Middle office,Bonus,Specialist Bench,user1921@examplebank.com.sa,2021-11-08,Jordanian,No,No,No,,
POS01922,POS01921,Manager Financial Planning,خالد الحربي,G13,JC4987,Management,Finance,Example Bank,Finance,Financial Planning,Financial Planning Unit 3,Financial Planning Unit 3 — Team A,,,Remote,Full-time,Filled,1,CC-1007,Control (2nd line),Middle office,Bonus,,user1922@examplebank.com.sa,2022-10-20,Saudi,No,No,No,,
POS01923,POS01922,Officer Financial Planning,Salma Mansour,G10,JC3879,Professional,Finance,Example Bank,Finance,Financial Planning,Financial Planning Unit 3,Financial Planning Unit 3 — Team A,Financial Planning Unit 3 — Team A / Section 1,,Riyadh,Full-time,Filled,1,CC-1024,Control (2nd line),Middle office,Fixed,,user1923@examplebank.com.sa,2022-04-12,British,No,No,No,,
POS01924,POS01922,Senior Officer Financial Planning,ريم القحطاني,G11,JC4941,Professional,Finance,Example Bank,Finance,Financial Planning,Financial Planning Unit 3,Financial Planning Unit 3 — Team A,Financial Planning Unit 3 — Team A / Section 2,,Jeddah,Contractor,Filled,1,CC-1020,Control (2nd line),Middle office,Fixed,,user1924@examplebank.com.sa,2009-05-22,Saudi,No,No,No,,
POS01925,POS01922,Analyst Financial Planning,فيصل الحربي,G12,JC2901,Management,Finance,Example Bank,Finance,Financial Planning,Financial Planning Unit 3,Financial Planning Unit 3 — Team A,Financial Planning Unit 3 — Team A / Section 1,,Khobar,Full-time,Filled,1,CC-1000,Control (2nd line),Middle office,Fixed,,user1925@examplebank.com.sa,2017-09-16,Saudi,No,No,No,,
POS01926,POS01922,Officer Financial Planning,Lina Fahmy,G10,JC5215,Professional,Finance,Example Bank,Finance,Financial Planning,Financial Planning Unit 3,Financial Planning Unit 3 — Team A,Financial Planning Unit 3 — Team A / Section 1,,Riyadh,Full-time,Filled,0.5,CC-1012,Control (2nd line),Middle office,Bonus,,user1926@examplebank.com.sa,2021-05-25,Saudi,No,No,No,,
POS01927,POS01922,Officer Financial Planning,سارة المطيري,G11,JC1974,Professional,Finance,Example Bank,Finance,Financial Planning,Financial Planning Unit 3,Financial Planning Unit 3 — Team A,Financial Planning Unit 3 — Team A / Section 2,,Dammam,Full-time,Filled,1,CC-1026,Control (2nd line),Middle office,Fixed,,user1927@examplebank.com.sa,2022-08-26,British,No,No,No,,
POS01928,POS01922,Officer Financial Planning,Mona Karim,G10,JC9472,Professional,Finance,Example Bank,Finance,Financial Planning,Financial Planning Unit 3,Financial Planning Unit 3 — Team A,Financial Planning Unit 3 — Team A / Section 1,,Riyadh,Full-time,Filled,1,CC-1005,Control (2nd line),Middle office,Fixed,,user1928@examplebank.com.sa,2019-11-04,Indian,No,No,Yes,فيصل الزهراني,Ready 3+ years
POS01929,POS01921,Manager Financial Planning,ريم القحطاني,G13,JC4892,Management,Finance,Example Bank,Finance,Financial Planning,Financial Planning Unit 3,Financial Planning Unit 3 — Team B,,,Jeddah,Full-time,Filled,1,CC-1019,Control (2nd line),Middle office,Bonus,,user1929@examplebank.com.sa,2012-07-16,Saudi,No,No,No,,
POS01930,POS01929,Associate Financial Planning,Amal Farouk,G9,JC9163,Professional,Finance,Example Bank,Finance,Financial Planning,Financial Planning Unit 3,Financial Planning Unit 3 — Team B,Financial Planning Unit 3 — Team B / Section 1,,Remote,Full-time,Filled,0.5,CC-1012,Control (2nd line),Middle office,Fixed,,user1930@examplebank.com.sa,2008-06-04,Saudi,No,No,No,,
POS01931,POS01929,Specialist Financial Planning,Salma Osman,G9,JC1882,Professional,Finance,Example Bank,Finance,Financial Planning,Financial Planning Unit 3,Financial Planning Unit 3 — Team B,Financial Planning Unit 3 — Team B / Section 1,,Remote,Full-time,Filled,1,CC-1002,Control (2nd line),Middle office,Bonus,,user1931@examplebank.com.sa,2012-03-06,Saudi,No,No,No,,
POS01932,POS01929,Associate Financial Planning,Hassan Fahmy,G9,JC8453,Professional,Finance,Example Bank,Finance,Financial Planning,Financial Planning Unit 3,Financial Planning Unit 3 — Team B,Financial Planning Unit 3 — Team B / Section 2,,Dammam,Full-time,Filled,1,CC-1014,Control (2nd line),Middle office,Bonus,,user1932@examplebank.com.sa,2014-05-07,Indian,No,No,No,,
POS01933,POS01929,Officer Financial Planning,Rami Karim,G11,JC5768,Professional,Finance,Example Bank,Finance,Financial Planning,Financial Planning Unit 3,Financial Planning Unit 3 — Team B,Financial Planning Unit 3 — Team B / Section 2,,Khobar,Full-time,Filled,1,CC-1024,Control (2nd line),Middle office,Bonus,,user1933@examplebank.com.sa,2015-04-22,Saudi,No,No,Yes,Jana Karim,Ready now
POS01934,POS01929,Associate Financial Planning,Dana Bakr,G11,JC3855,Professional,Finance,Example Bank,Finance,Financial Planning,Financial Planning Unit 3,Financial Planning Unit 3 — Team B,Financial Planning Unit 3 — Team B / Section 2,,Remote,Full-time,Filled,1,CC-1018,Control (2nd line),Middle office,Bonus,,user1934@examplebank.com.sa,2025-04-14,British,No,No,Yes,Dana Khan,Ready 1-2 years
POS01935,POS01929,Officer Financial Planning,عبدالله الغامدي,G12,JC3297,Management,Finance,Example Bank,Finance,Financial Planning,Financial Planning Unit 3,Financial Planning Unit 3 — Team B,Financial Planning Unit 3 — Team B / Section 1,,Remote,Full-time,Filled,1,CC-1015,Control (2nd line),Middle office,Bonus,,user1935@examplebank.com.sa,2015-04-04,British,No,No,No,,
POS01936,POS01929,Senior Analyst Financial Planning,ماجد الشمري,G9,JC4127,Professional,Finance,Example Bank,Finance,Financial Planning,Financial Planning Unit 3,Financial Planning Unit 3 — Team B,Financial Planning Unit 3 — Team B / Section 2,,Jeddah,Full-time,Filled,1,CC-1016,Control (2nd line),Middle office,Bonus,,user1936@examplebank.com.sa,2012-04-15,Saudi,No,No,No,,
POS01937,POS01929,Officer Financial Planning,,G12,JC5758,Management,Finance,Example Bank,Finance,Financial Planning,Financial Planning Unit 3,Financial Planning Unit 3 — Team B,Financial Planning Unit 3 — Team B / Section 1,,Riyadh,Full-time,Vacant,1,CC-1036,Control (2nd line),Middle office,Bonus,,,2019-11-28,Saudi,No,No,No,,
POS01938,POS01744,Head of Tax,Rami Nasser,G15,JC2586,Leadership,Finance,Example Bank,Finance,Tax,,,,,Khobar,Contractor,Filled,1,CC-1026,Control (2nd line),Middle office,Bonus,,user1938@examplebank.com.sa,2013-10-12,Saudi,Yes,Yes,Yes,خالد القحطاني,Ready 1-2 years
POS01939,POS01938,Senior Manager Tax,Mona Aziz,G14,JC6881,Leadership,Finance,Example Bank,Finance,Tax,Tax Unit 1,,,,Riyadh,Full-time,Filled,1,CC-1023,Control (2nd line),Middle office,Bonus,Emerging Leaders,user1939@examplebank.com.sa,2021-11-24,Jordanian,No,No,Yes,عبدالله المطيري,Ready 1-2 years
POS01940,POS01939,Manager Tax,ريم الغامدي,G13,JC3676,Management,Finance,Example Bank,Finance,Tax,Tax Unit 1,Tax Unit 1 — Team A,,,Riyadh,Full-time,Filled,0.5,CC-1014,Control (2nd line),Middle office,Bonus,,user1940@examplebank.com.sa,2014-09-15,Egyptian,No,No,No,,
POS01941,POS01940,Specialist Tax,Noor Farouk,G9,JC2409,Professional,Finance,Example Bank,Finance,Tax,Tax Unit 1,Tax Unit 1 — Team A,Tax Unit 1 — Team A / Section 2,,Jeddah,Full-time,Filled,1,CC-1043,Control (2nd line),Middle office,Fixed,,user1941@examplebank.com.sa,2008-03-27,Indian,No,No,No,,
POS01942,POS01940,Associate Tax,لطيفة الحربي,G12,JC2331,Management,Finance,Example Bank,Finance,Tax,Tax Unit 1,Tax Unit 1 — Team A,Tax Unit 1 — Team A / Section 1,,Jeddah,Contractor,Filled,1,CC-1023,Control (2nd line),Middle office,Bonus,,user1942@examplebank.com.sa,2018-10-03,Saudi,No,No,No,,
POS01943,POS01940,Associate Tax,دانة الشمري,G12,JC7246,Management,Finance,Example Bank,Finance,Tax,Tax Unit 1,Tax Unit 1 — Team A,Tax Unit 1 — Team A / Section 1,,Jeddah,Full-time,Filled,1,CC-1059,Control (2nd line),Middle office,Fixed,,user1943@examplebank.com.sa,2009-06-11,Saudi,No,No,No,,
POS01944,POS01940,Senior Officer Tax,Waleed Aziz,G11,JC9656,Professional,Finance,Example Bank,Finance,Tax,Tax Unit 1,Tax Unit 1 — Team A,Tax Unit 1 — Team A / Section 1,,Dammam,Contractor,Filled,1,CC-1020,Control (2nd line),Middle office,Fixed,,user1944@examplebank.com.sa,2011-12-09,Saudi,No,No,No,,
POS01945,POS01940,Associate Tax,,G10,JC6593,Professional,Finance,Example Bank,Finance,Tax,Tax Unit 1,Tax Unit 1 — Team A,Tax Unit 1 — Team A / Section 2,,Riyadh,Full-time,Vacant,1,CC-1030,Control (2nd line),Middle office,Fixed,,,2023-11-27,Egyptian,No,No,No,,
POS01946,POS01940,Associate Tax,,G10,JC6992,Professional,Finance,Example Bank,Finance,Tax,Tax Unit 1,Tax Unit 1 — Team A,Tax Unit 1 — Team A / Section 2,,Riyadh,Full-time,Vacant,1,CC-1046,Control (2nd line),Middle office,Bonus,Saudi Graduates,,2012-05-13,Saudi,No,No,No,,
POS01947,POS01940,Officer Tax,,G10,JC3241,Professional,Finance,Example Bank,Finance,Tax,Tax Unit 1,Tax Unit 1 — Team A,Tax Unit 1 — Team A / Section 1,,Riyadh,Full-time,Vacant,1,CC-1025,Control (2nd line),Middle office,Fixed,,,2019-09-28,Saudi,No,No,No,,
POS01948,POS01940,Senior Analyst Tax,سارة السبيعي,G10,JC3249,Professional,Finance,Example Bank,Finance,Tax,Tax Unit 1,Tax Unit 1 — Team A,Tax Unit 1 — Team A / Section 1,,Jeddah,Full-time,Filled,1,CC-1014,Control (2nd line),Middle office,Fixed,,user1948@examplebank.com.sa,2020-12-03,Saudi,No,No,Yes,Sami Mansour,Ready now
POS01949,POS01940,Associate Tax,سارة الزهراني,G11,JC1974,Professional,Finance,Example Bank,Finance,Tax,Tax Unit 1,Tax Unit 1 — Team A,Tax Unit 1 — Team A / Section 1,,Khobar,Full-time,Filled,1,CC-1035,Control (2nd line),Middle office,Fixed,,user1949@examplebank.com.sa,2022-09-21,Jordanian,No,No,Yes,لطيفة الزهراني,Ready 1-2 years
POS01950,POS01940,Officer Tax,هند القحطاني,G9,JC6091,Professional,Finance,Example Bank,Finance,Tax,Tax Unit 1,Tax Unit 1 — Team A,Tax Unit 1 — Team A / Section 2,,Riyadh,Full-time,Filled,1,CC-1050,Control (2nd line),Middle office,Bonus,,user1950@examplebank.com.sa,2008-06-04,Saudi,No,No,Yes,Lina Haddad,Ready now
POS01951,POS01940,Specialist Tax,هند الغامدي,G10,JC4066,Professional,Finance,Example Bank,Finance,Tax,Tax Unit 1,Tax Unit 1 — Team A,Tax Unit 1 — Team A / Section 1,,Khobar,Full-time,Filled,1,CC-1017,Control (2nd line),Middle office,Bonus,,user1951@examplebank.com.sa,2020-12-04,Saudi,No,No,No,,
POS01952,POS01939,Manager Tax,لطيفة السبيعي,G13,JC6229,Management,Finance,Example Bank,Finance,Tax,Tax Unit 1,Tax Unit 1 — Team B,,,Remote,Full-time,Filled,1,CC-1036,Control (2nd line),Middle office,Bonus,,user1952@examplebank.com.sa,2014-01-06,Saudi,No,No,No,,
POS01953,POS01952,Officer Tax,سارة القحطاني,G11,JC6358,Professional,Finance,Example Bank,Finance,Tax,Tax Unit 1,Tax Unit 1 — Team B,Tax Unit 1 — Team B / Section 2,,Riyadh,Full-time,Filled,1,CC-1059,Control (2nd line),Middle office,Fixed,,user1953@examplebank.com.sa,2008-04-14,Jordanian,No,No,No,,
POS01954,POS01952,Specialist Tax,ماجد الغامدي,G10,JC3348,Professional,Finance,Example Bank,Finance,Tax,Tax Unit 1,Tax Unit 1 — Team B,Tax Unit 1 — Team B / Section 2,,Khobar,Full-time,Filled,1,CC-1013,Control (2nd line),Middle office,Fixed,,user1954@examplebank.com.sa,2013-04-25,Saudi,No,No,No,,
POS01955,POS01952,Senior Analyst Tax,فيصل السبيعي,G10,JC4039,Professional,Finance,Example Bank,Finance,Tax,Tax Unit 1,Tax Unit 1 — Team B,Tax Unit 1 — Team B / Section 2,,Remote,Full-time,Filled,1,CC-1009,Control (2nd line),Middle office,Fixed,,user1955@examplebank.com.sa,2010-09-02,Indian,No,No,No,,
POS01956,POS01952,Officer Tax,Hassan Saleh,G10,JC9138,Professional,Finance,Example Bank,Finance,Tax,Tax Unit 1,Tax Unit 1 — Team B,Tax Unit 1 — Team B / Section 1,,Khobar,Full-time,Filled,1,CC-1011,Control (2nd line),Middle office,Fixed,,user1956@examplebank.com.sa,2009-09-27,Indian,No,No,No,,
POS01957,POS01952,Senior Analyst Tax,Adel Haddad,G10,JC6470,Professional,Finance,Example Bank,Finance,Tax,Tax Unit 1,Tax Unit 1 — Team B,Tax Unit 1 — Team B / Section 1,,Remote,Full-time,Filled,1,CC-1031,Control (2nd line),Middle office,Fixed,,user1957@examplebank.com.sa,2013-05-22,Saudi,No,No,No,,
POS01958,POS01952,Analyst Tax,Omar Idris,G9,JC1547,Professional,Finance,Example Bank,Finance,Tax,Tax Unit 1,Tax Unit 1 — Team B,Tax Unit 1 — Team B / Section 1,,Jeddah,Contractor,Filled,1,CC-1028,Control (2nd line),Middle office,Fixed,,user1958@examplebank.com.sa,2018-08-06,Egyptian,No,No,No,,
POS01959,POS01952,Senior Analyst Tax,Tariq Nasser,G11,JC9020,Professional,Finance,Example Bank,Finance,Tax,Tax Unit 1,Tax Unit 1 — Team B,Tax Unit 1 — Team B / Section 1,,Khobar,Full-time,Filled,1,CC-1024,Control (2nd line),Middle office,Bonus,Future Executives,user1959@examplebank.com.sa,2013-02-13,Saudi,No,No,No,,
POS01960,POS01952,Senior Officer Tax,Rami Baker,G11,JC6363,Professional,Finance,Example Bank,Finance,Tax,Tax Unit 1,Tax Unit 1 — Team B,Tax Unit 1 — Team B / Section 2,,Khobar,Full-time,Filled,1,CC-1032,Control (2nd line),Middle office,Fixed,,user1960@examplebank.com.sa,2010-11-14,Saudi,No,No,No,,
POS01961,POS01952,Senior Officer Tax,Aisha Haddad,G10,JC9584,Professional,Finance,Example Bank,Finance,Tax,Tax Unit 1,Tax Unit 1 — Team B,Tax Unit 1 — Team B / Section 2,,Jeddah,Full-time,Filled,1,CC-1053,Control (2nd line),Middle office,Fixed,,user1961@examplebank.com.sa,2025-06-01,Indian,No,No,No,,
POS01962,POS01952,Analyst Tax,Huda Khan,G11,JC2203,Professional,Finance,Example Bank,Finance,Tax,Tax Unit 1,Tax Unit 1 — Team B,Tax Unit 1 — Team B / Section 2,,Riyadh,Full-time,Filled,1,CC-1042,Control (2nd line),Middle office,Fixed,,user1962@examplebank.com.sa,2025-02-20,British,No,No,Yes,Omar Farouk,Ready now
POS01963,POS01939,Manager Tax,Noor Khan,G13,JC4123,Management,Finance,Example Bank,Finance,Tax,Tax Unit 1,Tax Unit 1 — Team C,,,Riyadh,Full-time,Filled,1,CC-1020,Control (2nd line),Middle office,Bonus,,user1963@examplebank.com.sa,2015-12-03,Indian,No,No,No,,
POS01964,POS01963,Analyst Tax,Hassan Farouk,G11,JC2031,Professional,Finance,Example Bank,Finance,Tax,Tax Unit 1,Tax Unit 1 — Team C,Tax Unit 1 — Team C / Section 2,,Riyadh,Full-time,Filled,0.5,CC-1050,Control (2nd line),Middle office,Fixed,,user1964@examplebank.com.sa,2010-09-04,Jordanian,No,No,No,,
POS01965,POS01963,Senior Analyst Tax,Tariq Baker,G12,JC8813,Management,Finance,Example Bank,Finance,Tax,Tax Unit 1,Tax Unit 1 — Team C,Tax Unit 1 — Team C / Section 2,,Riyadh,Full-time,Filled,1,CC-1054,Control (2nd line),Middle office,Fixed,,user1965@examplebank.com.sa,2022-03-02,Saudi,No,No,No,,
POS01966,POS01963,Senior Analyst Tax,فيصل العتيبي,G10,JC5484,Professional,Finance,Example Bank,Finance,Tax,Tax Unit 1,Tax Unit 1 — Team C,Tax Unit 1 — Team C / Section 2,,Riyadh,Full-time,Filled,1,CC-1014,Control (2nd line),Middle office,Fixed,,user1966@examplebank.com.sa,2009-08-26,Saudi,No,No,No,,
POS01967,POS01963,Specialist Tax,عبدالله الحربي,G9,JC4660,Professional,Finance,Example Bank,Finance,Tax,Tax Unit 1,Tax Unit 1 — Team C,Tax Unit 1 — Team C / Section 2,,Dammam,Full-time,Filled,1,CC-1013,Control (2nd line),Middle office,Fixed,,user1967@examplebank.com.sa,2019-08-15,Saudi,No,No,No,,
POS01968,POS01963,Associate Tax,Noor Qureshi,G10,JC7830,Professional,Finance,Example Bank,Finance,Tax,Tax Unit 1,Tax Unit 1 — Team C,Tax Unit 1 — Team C / Section 1,,Remote,Full-time,Filled,1,CC-1028,Control (2nd line),Middle office,Fixed,,user1968@examplebank.com.sa,2014-12-04,Saudi,No,No,No,,
POS01969,POS01963,Associate Tax,Salma Aziz,G9,JC1592,Professional,Finance,Example Bank,Finance,Tax,Tax Unit 1,Tax Unit 1 — Team C,Tax Unit 1 — Team C / Section 1,,Riyadh,Full-time,Filled,1,CC-1060,Control (2nd line),Middle office,Fixed,,user1969@examplebank.com.sa,2008-07-02,Saudi,No,No,No,,
POS01970,POS01963,Specialist Tax,Hassan Haddad,G11,JC7494,Professional,Finance,Example Bank,Finance,Tax,Tax Unit 1,Tax Unit 1 — Team C,Tax Unit 1 — Team C / Section 2,,Jeddah,Full-time,Filled,1,CC-1002,Control (2nd line),Middle office,Fixed,,user1970@examplebank.com.sa,2010-11-01,British,No,No,Yes,فيصل الزهراني,Ready 3+ years
POS01971,POS01963,Senior Officer Tax,Huda Nasser,G12,JC5993,Management,Finance,Example Bank,Finance,Tax,Tax Unit 1,Tax Unit 1 — Team C,Tax Unit 1 — Team C / Section 1,,Riyadh,Full-time,Filled,1,CC-1020,Control (2nd line),Middle office,Bonus,,user1971@examplebank.com.sa,2025-06-18,Egyptian,No,No,No,,
POS01972,POS01963,Officer Tax,,G12,JC7968,Management,Finance,Example Bank,Finance,Tax,Tax Unit 1,Tax Unit 1 — Team C,Tax Unit 1 — Team C / Section 2,,Dammam,Full-time,Vacant,1,CC-1017,Control (2nd line),Middle office,Fixed,,,2022-11-09,Saudi,No,No,No,,
POS01973,POS01963,Specialist Tax,Rana Khan,G9,JC8278,Professional,Finance,Example Bank,Finance,Tax,Tax Unit 1,Tax Unit 1 — Team C,Tax Unit 1 — Team C / Section 2,,Riyadh,Full-time,Filled,1,CC-1037,Control (2nd line),Middle office,Fixed,,user1973@examplebank.com.sa,2015-11-13,British,No,No,Yes,خالد القحطاني,Ready 1-2 years
POS01974,POS01938,Senior Manager Tax,فيصل الدوسري,G14,JC3454,Leadership,Finance,Example Bank,Finance,Tax,Tax Unit 2,,,,Riyadh,Full-time,Filled,1,CC-1019,Control (2nd line),Middle office,Bonus,,user1974@examplebank.com.sa,2012-05-10,Saudi,Yes,No,Yes,Jana Aziz,Ready now
POS01975,POS01974,Manager Tax,Hassan Aziz,G13,JC7038,Management,Finance,Example Bank,Finance,Tax,Tax Unit 2,Tax Unit 2 — Team A,,,Riyadh,Full-time,Filled,1,CC-1050,Control (2nd line),Middle office,Bonus,,user1975@examplebank.com.sa,2008-09-08,Indian,No,No,No,,
POS01976,POS01975,Officer Tax,Layla Darwish,G10,JC3724,Professional,Finance,Example Bank,Finance,Tax,Tax Unit 2,Tax Unit 2 — Team A,Tax Unit 2 — Team A / Section 1,,Dammam,Full-time,Filled,0.5,CC-1010,Control (2nd line),Middle office,Fixed,,user1976@examplebank.com.sa,2008-11-18,British,No,No,No,,
POS01977,POS01975,Senior Analyst Tax,Bilal Saleh,G10,JC4103,Professional,Finance,Example Bank,Finance,Tax,Tax Unit 2,Tax Unit 2 — Team A,Tax Unit 2 — Team A / Section 2,,Dammam,Full-time,Filled,1,CC-1047,Control (2nd line),Middle office,Bonus,,user1977@examplebank.com.sa,2018-09-20,Indian,No,No,Yes,Aisha Qureshi,Ready 3+ years
POS01978,POS01975,Senior Officer Tax,Dana Rashed,G12,JC9007,Management,Finance,Example Bank,Finance,Tax,Tax Unit 2,Tax Unit 2 — Team A,Tax Unit 2 — Team A / Section 2,,Jeddah,Full-time,Filled,1,CC-1027,Control (2nd line),Middle office,Fixed,,user1978@examplebank.com.sa,2011-06-24,Saudi,No,No,No,,
POS01979,POS01975,Analyst Tax,سلطان الحربي,G11,JC8516,Professional,Finance,Example Bank,Finance,Tax,Tax Unit 2,Tax Unit 2 — Team A,Tax Unit 2 — Team A / Section 2,,Dammam,Full-time,Filled,1,CC-1029,Control (2nd line),Middle office,Bonus,,user1979@examplebank.com.sa,2019-11-11,Saudi,No,No,No,,
POS01980,POS01975,Senior Analyst Tax,لطيفة الشمري,G10,JC7074,Professional,Finance,Example Bank,Finance,Tax,Tax Unit 2,Tax Unit 2 — Team A,Tax Unit 2 — Team A / Section 1,,Remote,Contractor,Filled,1,CC-1024,Control (2nd line),Middle office,Fixed,,user1980@examplebank.com.sa,2014-05-12,Saudi,No,No,No,,
POS01981,POS01975,Senior Analyst Tax,Aisha Karim,G11,JC1449,Professional,Finance,Example Bank,Finance,Tax,Tax Unit 2,Tax Unit 2 — Team A,Tax Unit 2 — Team A / Section 1,,Riyadh,Full-time,Filled,1,CC-1051,Control (2nd line),Middle office,Fixed,,user1981@examplebank.com.sa,2024-11-23,Saudi,No,No,Yes,Ziad Fahmy,Ready 3+ years
POS01982,POS01975,Officer Tax,Tariq Osman,G9,JC3912,Professional,Finance,Example Bank,Finance,Tax,Tax Unit 2,Tax Unit 2 — Team A,Tax Unit 2 — Team A / Section 1,,Khobar,Full-time,Filled,1,CC-1027,Control (2nd line),Middle office,Bonus,,user1982@examplebank.com.sa,2018-03-13,Saudi,No,No,No,,
POS01983,POS01975,Senior Officer Tax,Maya Saleh,G9,JC7446,Professional,Finance,Example Bank,Finance,Tax,Tax Unit 2,Tax Unit 2 — Team A,Tax Unit 2 — Team A / Section 2,,Remote,Full-time,Filled,1,CC-1043,Control (2nd line),Middle office,Fixed,,user1983@examplebank.com.sa,2017-12-20,Egyptian,No,No,Yes,Aisha Karim,Ready 3+ years
POS01984,POS01974,Manager Tax,Aisha Baker,G13,JC3981,Management,Finance,Example Bank,Finance,Tax,Tax Unit 2,Tax Unit 2 — Team B,,,Dammam,Full-time,Filled,1,CC-1037,Control (2nd line),Middle office,Bonus,Saudi Graduates,user1984@examplebank.com.sa,2008-11-21,Saudi,No,No,Yes,ريم الدوسري,Ready 3+ years
POS01985,POS01984,Analyst Tax,سارة الدوسري,G9,JC6562,Professional,Finance,Example Bank,Finance,Tax,Tax Unit 2,Tax Unit 2 — Team B,Tax Unit 2 — Team B / Section 2,,Riyadh,Full-time,Filled,1,CC-1045,Control (2nd line),Middle office,Bonus,,user1985@examplebank.com.sa,2019-03-07,Saudi,No,No,Yes,ريم الحربي,Ready 3+ years
POS01986,POS01984,Senior Officer Tax,Sami Rashed,G9,JC1746,Professional,Finance,Example Bank,Finance,Tax,Tax Unit 2,Tax Unit 2 — Team B,Tax Unit 2 — Team B / Section 1,,Jeddah,Full-time,Filled,1,CC-1036,Control (2nd line),Middle office,Fixed,Emerging Leaders,user1986@examplebank.com.sa,2017-09-10,Saudi,No,No,No,,
POS01987,POS01984,Analyst Tax,دانة العتيبي,G10,JC7574,Professional,Finance,Example Bank,Finance,Tax,Tax Unit 2,Tax Unit 2 — Team B,Tax Unit 2 — Team B / Section 1,,Riyadh,Full-time,Filled,1,CC-1060,Control (2nd line),Middle office,Bonus,Future Executives,user1987@examplebank.com.sa,2023-05-14,Saudi,No,No,No,,
POS01988,POS01984,Associate Tax,Tariq Darwish,G12,JC2035,Management,Finance,Example Bank,Finance,Tax,Tax Unit 2,Tax Unit 2 — Team B,Tax Unit 2 — Team B / Section 2,,Jeddah,Full-time,Filled,1,CC-1022,Control (2nd line),Middle office,Fixed,,user1988@examplebank.com.sa,2022-01-09,Jordanian,No,No,No,,
POS01989,POS01984,Analyst Tax,Huda Aziz,G10,JC7854,Professional,Finance,Example Bank,Finance,Tax,Tax Unit 2,Tax Unit 2 — Team B,Tax Unit 2 — Team B / Section 1,,Remote,Full-time,Filled,1,CC-1006,Control (2nd line),Middle office,Fixed,Saudi Graduates,user1989@examplebank.com.sa,2008-04-14,British,No,No,No,,
POS01990,POS01984,Senior Officer Tax,Jana Khan,G10,JC1477,Professional,Finance,Example Bank,Finance,Tax,Tax Unit 2,Tax Unit 2 — Team B,Tax Unit 2 — Team B / Section 2,,Jeddah,Full-time,Filled,1,CC-1039,Control (2nd line),Middle office,Bonus,Specialist Bench,user1990@examplebank.com.sa,2022-02-11,Egyptian,No,No,No,,
POS01991,POS01984,Associate Tax,سلطان الشمري,G12,JC8324,Management,Finance,Example Bank,Finance,Tax,Tax Unit 2,Tax Unit 2 — Team B,Tax Unit 2 — Team B / Section 2,,Riyadh,Full-time,Filled,1,CC-1025,Control (2nd line),Middle office,Fixed,,user1991@examplebank.com.sa,2008-10-22,Saudi,No,No,No,,
POS01992,POS01984,Senior Officer Tax,Jana Idris,G9,JC9703,Professional,Finance,Example Bank,Finance,Tax,Tax Unit 2,Tax Unit 2 — Team B,Tax Unit 2 — Team B / Section 1,,Riyadh,Full-time,Filled,1,CC-1001,Control (2nd line),Middle office,Bonus,,user1992@examplebank.com.sa,2009-01-21,Saudi,No,No,No,,
POS01993,POS01984,Senior Analyst Tax,خالد المطيري,G10,JC9733,Professional,Finance,Example Bank,Finance,Tax,Tax Unit 2,Tax Unit 2 — Team B,Tax Unit 2 — Team B / Section 2,,Jeddah,Full-time,Filled,1,CC-1006,Control (2nd line),Middle office,Bonus,Specialist Bench,user1993@examplebank.com.sa,2015-11-28,Saudi,No,No,No,,
POS01994,POS01938,Senior Manager Tax,Sami Haddad,G14,JC2199,Leadership,Finance,Example Bank,Finance,Tax,Tax Unit 3,,,,Dammam,Full-time,Filled,1,CC-1036,Control (2nd line),Middle office,Bonus,,user1994@examplebank.com.sa,2019-10-10,Saudi,No,No,Yes,Karim Rashed,Ready now
POS01995,POS01994,Manager Tax,Nasser Saleh,G13,JC2607,Management,Finance,Example Bank,Finance,Tax,Tax Unit 3,Tax Unit 3 — Team A,,,Dammam,Full-time,Filled,1,CC-1038,Control (2nd line),Middle office,Bonus,Emerging Leaders,user1995@examplebank.com.sa,2013-04-03,Indian,No,No,No,,
POS01996,POS01995,Associate Tax,Dana Osman,G9,JC7547,Professional,Finance,Example Bank,Finance,Tax,Tax Unit 3,Tax Unit 3 — Team A,Tax Unit 3 — Team A / Section 2,,Jeddah,Full-time,Filled,1,CC-1022,Control (2nd line),Middle office,Fixed,,user1996@examplebank.com.sa,2008-09-17,Jordanian,No,No,No,,
POS01997,POS01995,Officer Tax,Hassan Baker,G9,JC3440,Professional,Finance,Example Bank,Finance,Tax,Tax Unit 3,Tax Unit 3 — Team A,Tax Unit 3 — Team A / Section 2,,Riyadh,Full-time,Filled,1,CC-1059,Control (2nd line),Middle office,Fixed,,user1997@examplebank.com.sa,2012-06-09,Saudi,No,No,No,,
POS01998,POS01995,Senior Analyst Tax,Salma Mansour,G10,JC6766,Professional,Finance,Example Bank,Finance,Tax,Tax Unit 3,Tax Unit 3 — Team A,Tax Unit 3 — Team A / Section 2,,Jeddah,Contractor,Filled,1,CC-1004,Control (2nd line),Middle office,Bonus,,user1998@examplebank.com.sa,2022-11-21,Saudi,No,No,Yes,Aisha Baker,Ready 3+ years
POS01999,POS01995,Associate Tax,Salma Haddad,G10,JC5533,Professional,Finance,Example Bank,Finance,Tax,Tax Unit 3,Tax Unit 3 — Team A,Tax Unit 3 — Team A / Section 1,,Jeddah,Full-time,Filled,1,CC-1003,Control (2nd line),Middle office,Fixed,,user1999@examplebank.com.sa,2022-04-28,Saudi,No,No,No,,
POS02000,POS01995,Senior Analyst Tax,Rami Darwish,G10,JC6853,Professional,Finance,Example Bank,Finance,Tax,Tax Unit 3,Tax Unit 3 — Team A,Tax Unit 3 — Team A / Section 2,,Remote,Full-time,Filled,1,CC-1001,Control (2nd line),Middle office,Fixed,,user2000@examplebank.com.sa,2022-06-17,Indian,No,No,No,,
POS02001,POS01995,Analyst Tax,لطيفة الزهراني,G12,JC2128,Management,Finance,Example Bank,Finance,Tax,Tax Unit 3,Tax Unit 3 — Team A,Tax Unit 3 — Team A / Section 1,,Khobar,Full-time,Filled,1,CC-1004,Control (2nd line),Middle office,Bonus,,user2001@examplebank.com.sa,2014-09-20,Egyptian,No,No,No,,
POS02002,POS01995,Senior Officer Tax,,G11,JC8946,Professional,Finance,Example Bank,Finance,Tax,Tax Unit 3,Tax Unit 3 — Team A,Tax Unit 3 — Team A / Section 2,,Riyadh,Full-time,Vacant,1,CC-1035,Control (2nd line),Middle office,Fixed,Future Executives,,2013-04-13,Saudi,No,No,No,,
POS02003,POS01995,Senior Analyst Tax,Dana Bakr,G9,JC7661,Professional,Finance,Example Bank,Finance,Tax,Tax Unit 3,Tax Unit 3 — Team A,Tax Unit 3 — Team A / Section 1,,Riyadh,Full-time,Filled,1,CC-1025,Control (2nd line),Middle office,Bonus,,user2003@examplebank.com.sa,2017-01-25,Jordanian,No,No,Yes,Mona Darwish,Ready 1-2 years
POS02004,POS01995,Associate Tax,ريم الحربي,G9,JC2033,Professional,Finance,Example Bank,Finance,Tax,Tax Unit 3,Tax Unit 3 — Team A,Tax Unit 3 — Team A / Section 1,,Khobar,Full-time,Filled,1,CC-1047,Control (2nd line),Middle office,Bonus,,user2004@examplebank.com.sa,2014-01-22,Saudi,No,No,Yes,Aisha Farouk,Ready 3+ years
POS02005,POS01995,Associate Tax,,G10,JC2437,Professional,Finance,Example Bank,Finance,Tax,Tax Unit 3,Tax Unit 3 — Team A,Tax Unit 3 — Team A / Section 2,,Riyadh,Full-time,Vacant,1,CC-1053,Control (2nd line),Middle office,Fixed,Future Executives,,2016-07-13,Saudi,No,No,No,,
POS02006,POS01995,Officer Tax,دانة الغامدي,G10,JC7856,Professional,Finance,Example Bank,Finance,Tax,Tax Unit 3,Tax Unit 3 — Team A,Tax Unit 3 — Team A / Section 2,,Jeddah,Full-time,Filled,1,CC-1032,Control (2nd line),Middle office,Fixed,,user2006@examplebank.com.sa,2025-08-21,Saudi,No,No,No,,
POS02007,POS01994,Manager Tax,هند العتيبي,G13,JC5507,Management,Finance,Example Bank,Finance,Tax,Tax Unit 3,Tax Unit 3 — Team B,,,Riyadh,Full-time,Filled,1,CC-1009,Control (2nd line),Middle office,Bonus,Future Executives,user2007@examplebank.com.sa,2011-02-15,Indian,No,No,No,,
POS02008,POS02007,Senior Officer Tax,Lina Baker,G9,JC3921,Professional,Finance,Example Bank,Finance,Tax,Tax Unit 3,Tax Unit 3 — Team B,Tax Unit 3 — Team B / Section 2,,Riyadh,Full-time,Filled,1,CC-1033,Control (2nd line),Middle office,Bonus,,user2008@examplebank.com.sa,2014-05-10,Saudi,No,No,No,,
POS02009,POS02007,Specialist Tax,Waleed Nasser,G10,JC2228,Professional,Finance,Example Bank,Finance,Tax,Tax Unit 3,Tax Unit 3 — Team B,Tax Unit 3 — Team B / Section 1,,Riyadh,Full-time,Filled,0.5,CC-1030,Control (2nd line),Middle office,Bonus,,user2009@examplebank.com.sa,2009-05-26,Saudi,No,No,No,,
POS02010,POS02007,Associate Tax,Layla Osman,G9,JC9819,Professional,Finance,Example Bank,Finance,Tax,Tax Unit 3,Tax Unit 3 — Team B,Tax Unit 3 — Team B / Section 1,,Riyadh,Full-time,Filled,1,CC-1006,Control (2nd line),Middle office,Bonus,,user2010@examplebank.com.sa,2009-11-12,Saudi,No,No,No,,
POS02011,POS02007,Senior Officer Tax,خالد السبيعي,G12,JC7970,Management,Finance,Example Bank,Finance,Tax,Tax Unit 3,Tax Unit 3 — Team B,Tax Unit 3 — Team B / Section 1,,Riyadh,Full-time,Filled,1,CC-1020,Control (2nd line),Middle office,Fixed,,user2011@examplebank.com.sa,2014-08-18,Saudi,No,No,No,,
POS02012,POS02007,Associate Tax,,G10,JC5532,Professional,Finance,Example Bank,Finance,Tax,Tax Unit 3,Tax Unit 3 — Team B,Tax Unit 3 — Team B / Section 1,,Khobar,Full-time,Vacant,1,CC-1028,Control (2nd line),Middle office,Fixed,,,2013-08-07,Indian,No,No,No,,
POS02013,POS02007,Associate Tax,Omar Siddiqui,G12,JC4392,Management,Finance,Example Bank,Finance,Tax,Tax Unit 3,Tax Unit 3 — Team B,Tax Unit 3 — Team B / Section 1,,Khobar,Full-time,Filled,1,CC-1024,Control (2nd line),Middle office,Fixed,,user2013@examplebank.com.sa,2016-11-24,Saudi,No,No,Yes,Tariq Khan,Ready 1-2 years
POS02014,POS02007,Senior Officer Tax,Huda Aziz,G10,JC9839,Professional,Finance,Example Bank,Finance,Tax,Tax Unit 3,Tax Unit 3 — Team B,Tax Unit 3 — Team B / Section 2,,Dammam,Full-time,Filled,1,CC-1059,Control (2nd line),Middle office,Fixed,,user2014@examplebank.com.sa,2009-09-10,Saudi,No,No,No,,
POS02015,POS02007,Associate Tax,ماجد الغامدي,G11,JC9221,Professional,Finance,Example Bank,Finance,Tax,Tax Unit 3,Tax Unit 3 — Team B,Tax Unit 3 — Team B / Section 1,,Jeddah,Full-time,Filled,1,CC-1059,Control (2nd line),Middle office,Fixed,,user2015@examplebank.com.sa,2023-01-01,Saudi,No,No,No,,
POS02016,POS02007,Senior Analyst Tax,ماجد الزهراني,G11,JC9514,Professional,Finance,Example Bank,Finance,Tax,Tax Unit 3,Tax Unit 3 — Team B,Tax Unit 3 — Team B / Section 2,,Remote,Full-time,Filled,0.5,CC-1047,Control (2nd line),Middle office,Fixed,Specialist Bench,user2016@examplebank.com.sa,2013-10-21,Saudi,No,No,No,,
POS02017,POS02007,Associate Tax,Hassan Khan,G12,JC3783,Management,Finance,Example Bank,Finance,Tax,Tax Unit 3,Tax Unit 3 — Team B,Tax Unit 3 — Team B / Section 2,,Riyadh,Full-time,Filled,1,CC-1006,Control (2nd line),Middle office,Fixed,,user2017@examplebank.com.sa,2009-03-14,Saudi,No,No,Yes,عبدالله العتيبي,Ready 3+ years
POS02018,POS02007,Officer Tax,دانة الشمري,G10,JC3576,Professional,Finance,Example Bank,Finance,Tax,Tax Unit 3,Tax Unit 3 — Team B,Tax Unit 3 — Team B / Section 1,,Dammam,Full-time,Filled,1,CC-1024,Control (2nd line),Middle office,Fixed,,user2018@examplebank.com.sa,2023-11-05,Jordanian,No,No,No,,
POS02019,POS02007,Associate Tax,Jana Fahmy,G9,JC4708,Professional,Finance,Example Bank,Finance,Tax,Tax Unit 3,Tax Unit 3 — Team B,Tax Unit 3 — Team B / Section 2,,Riyadh,Full-time,Filled,1,CC-1003,Control (2nd line),Middle office,Bonus,,user2019@examplebank.com.sa,2017-04-26,Saudi,No,No,No,,
POS02020,POS01994,Manager Tax,Huda Darwish,G13,JC7321,Management,Finance,Example Bank,Finance,Tax,Tax Unit 3,Tax Unit 3 — Team C,,,Dammam,Full-time,Filled,1,CC-1018,Control (2nd line),Middle office,Bonus,,user2020@examplebank.com.sa,2016-11-28,British,No,No,No,,
POS02021,POS02020,Analyst Tax,Jana Mansour,G9,JC8854,Professional,Finance,Example Bank,Finance,Tax,Tax Unit 3,Tax Unit 3 — Team C,Tax Unit 3 — Team C / Section 1,,Khobar,Full-time,Filled,0.5,CC-1018,Control (2nd line),Middle office,Fixed,,user2021@examplebank.com.sa,2011-06-05,Saudi,No,No,No,,
POS02022,POS02020,Officer Tax,خالد الغامدي,G11,JC7383,Professional,Finance,Example Bank,Finance,Tax,Tax Unit 3,Tax Unit 3 — Team C,Tax Unit 3 — Team C / Section 2,,Khobar,Full-time,Filled,1,CC-1017,Control (2nd line),Middle office,Bonus,,user2022@examplebank.com.sa,2015-02-16,Saudi,No,No,No,,
POS02023,POS02020,Analyst Tax,ماجد الغامدي,G11,JC9418,Professional,Finance,Example Bank,Finance,Tax,Tax Unit 3,Tax Unit 3 — Team C,Tax Unit 3 — Team C / Section 2,,Riyadh,Full-time,Filled,1,CC-1003,Control (2nd line),Middle office,Fixed,,user2023@examplebank.com.sa,2019-08-08,Jordanian,No,No,No,,
POS02024,POS02020,Senior Officer Tax,,G11,JC3048,Professional,Finance,Example Bank,Finance,Tax,Tax Unit 3,Tax Unit 3 — Team C,Tax Unit 3 — Team C / Section 2,,Riyadh,Full-time,Vacant,1,CC-1044,Control (2nd line),Middle office,Bonus,,,2013-02-16,Saudi,No,No,No,,
POS02025,POS02020,Specialist Tax,Ziad Rashed,G10,JC2701,Professional,Finance,Example Bank,Finance,Tax,Tax Unit 3,Tax Unit 3 — Team C,Tax Unit 3 — Team C / Section 2,,Dammam,Full-time,Filled,1,CC-1006,Control (2nd line),Middle office,Bonus,,user2025@examplebank.com.sa,2017-06-08,Saudi,No,No,No,,
POS02026,POS02020,Senior Analyst Tax,Bilal Nasser,G10,JC9305,Professional,Finance,Example Bank,Finance,Tax,Tax Unit 3,Tax Unit 3 — Team C,Tax Unit 3 — Team C / Section 2,,Khobar,Full-time,Filled,1,CC-1008,Control (2nd line),Middle office,Fixed,,user2026@examplebank.com.sa,2016-06-13,Egyptian,No,No,No,,
POS02027,POS02020,Officer Tax,ريم القحطاني,G11,JC6705,Professional,Finance,Example Bank,Finance,Tax,Tax Unit 3,Tax Unit 3 — Team C,Tax Unit 3 — Team C / Section 2,,Riyadh,Full-time,Filled,1,CC-1058,Control (2nd line),Middle office,Bonus,,user2027@examplebank.com.sa,2023-06-15,Saudi,No,No,Yes,Bilal Aziz,Ready 1-2 years
POS02028,POS02020,Analyst Tax,Jana Rashed,G10,JC9196,Professional,Finance,Example Bank,Finance,Tax,Tax Unit 3,Tax Unit 3 — Team C,Tax Unit 3 — Team C / Section 2,,Jeddah,Full-time,Filled,1,CC-1049,Control (2nd line),Middle office,Fixed,,user2028@examplebank.com.sa,2013-05-28,Saudi,No,No,No,,
POS02029,POS00001,Chief Operations Officer,Noor Qureshi,G16,JC6453,Executive,Operations,Example Shared Services,Operations,Payments Operations,,,,,Riyadh,Full-time,Filled,1,CC-1030,Business (1st line),Back office,Bonus,Specialist Bench,user2029@examplebank.com.sa,2012-11-18,Saudi,Yes,Yes,Yes,Waleed Farouk,Ready now
POS02030,POS02029,Head of Payments Operations,Rami Siddiqui,G15,JC2372,Leadership,Operations,Example Shared Services,Operations,Payments Operations,,,,,Riyadh,Full-time,Filled,1,CC-1035,Business (1st line),Back office,Bonus,Emerging Leaders,user2030@examplebank.com.sa,2024-08-26,Saudi,Yes,No,No,,
POS02031,POS02030,Senior Manager Payments Operations,Yusuf Mansour,G14,JC7119,Leadership,Operations,Example Shared Services,Operations,Payments Operations,Payments Operations Unit 1,,,,Jeddah,Full-time,Filled,1,CC-1050,Business (1st line),Back office,Bonus,,user2031@examplebank.com.sa,2020-09-24,Saudi,Yes,No,No,,
POS02032,POS02031,Manager Payments Operations,Rana Osman,G13,JC3407,Management,Operations,Example Shared Services,Operations,Payments Operations,Payments Operations Unit 1,Payments Operations Unit 1 — Team A,,,Khobar,Full-time,Filled,1,CC-1007,Business (1st line),Back office,Bonus,,user2032@examplebank.com.sa,2010-11-05,Saudi,No,No,No,,
POS02033,POS02032,Senior Analyst Payments Operations,Yusuf Rashed,G12,JC6129,Management,Operations,Example Shared Services,Operations,Payments Operations,Payments Operations Unit 1,Payments Operations Unit 1 — Team A,Payments Operations Unit 1 — Team A / Section 2,,Jeddah,Full-time,Filled,1,CC-1004,Business (1st line),Back office,Fixed,,user2033@examplebank.com.sa,2015-09-07,Saudi,No,No,Yes,خالد القحطاني,Ready 3+ years
POS02034,POS02032,Specialist Payments Operations,,G10,JC5896,Professional,Operations,Example Shared Services,Operations,Payments Operations,Payments Operations Unit 1,Payments Operations Unit 1 — Team A,Payments Operations Unit 1 — Team A / Section 1,,Riyadh,Full-time,Vacant,1,CC-1045,Business (1st line),Back office,Bonus,,,2009-05-17,Jordanian,No,No,No,,
POS02035,POS02032,Senior Analyst Payments Operations,Nasser Saleh,G12,JC7020,Management,Operations,Example Shared Services,Operations,Payments Operations,Payments Operations Unit 1,Payments Operations Unit 1 — Team A,Payments Operations Unit 1 — Team A / Section 2,,Jeddah,Full-time,Filled,1,CC-1017,Business (1st line),Back office,Fixed,,user2035@examplebank.com.sa,2021-12-14,Saudi,No,No,No,,
POS02036,POS02032,Senior Analyst Payments Operations,Rana Younes,G11,JC3900,Professional,Operations,Example Shared Services,Operations,Payments Operations,Payments Operations Unit 1,Payments Operations Unit 1 — Team A,Payments Operations Unit 1 — Team A / Section 2,,Riyadh,Full-time,Filled,1,CC-1009,Business (1st line),Back office,Bonus,,user2036@examplebank.com.sa,2013-06-20,Saudi,No,No,No,,
POS02037,POS02032,Senior Analyst Payments Operations,Omar Aziz,G9,JC8358,Professional,Operations,Example Shared Services,Operations,Payments Operations,Payments Operations Unit 1,Payments Operations Unit 1 — Team A,Payments Operations Unit 1 — Team A / Section 1,,Dammam,Full-time,Filled,1,CC-1033,Business (1st line),Back office,Fixed,Specialist Bench,user2037@examplebank.com.sa,2024-07-12,Saudi,No,No,Yes,Tariq Qureshi,Ready 3+ years
POS02038,POS02032,Specialist Payments Operations,Rami Rashed,G10,JC7916,Professional,Operations,Example Shared Services,Operations,Payments Operations,Payments Operations Unit 1,Payments Operations Unit 1 — Team A,Payments Operations Unit 1 — Team A / Section 1,,Jeddah,Full-time,Filled,0.5,CC-1003,Business (1st line),Back office,Bonus,,user2038@examplebank.com.sa,2014-04-28,Saudi,No,No,No,,
POS02039,POS02032,Senior Officer Payments Operations,Rami Bakr,G11,JC1206,Professional,Operations,Example Shared Services,Operations,Payments Operations,Payments Operations Unit 1,Payments Operations Unit 1 — Team A,Payments Operations Unit 1 — Team A / Section 2,,Remote,Full-time,Filled,1,CC-1022,Business (1st line),Back office,Fixed,,user2039@examplebank.com.sa,2020-06-19,Saudi,No,No,No,,
POS02040,POS02032,Analyst Payments Operations,,G10,JC4098,Professional,Operations,Example Shared Services,Operations,Payments Operations,Payments Operations Unit 1,Payments Operations Unit 1 — Team A,Payments Operations Unit 1 — Team A / Section 1,,Riyadh,Contractor,Vacant,1,CC-1021,Business (1st line),Back office,Fixed,,,2023-03-18,Jordanian,No,No,No,,
POS02041,POS02032,Associate Payments Operations,خالد الدوسري,G12,JC8270,Management,Operations,Example Shared Services,Operations,Payments Operations,Payments Operations Unit 1,Payments Operations Unit 1 — Team A,Payments Operations Unit 1 — Team A / Section 2,,Remote,Full-time,Filled,1,CC-1017,Business (1st line),Back office,Bonus,,user2041@examplebank.com.sa,2015-09-21,Saudi,No,No,No,,
POS02042,POS02032,Analyst Payments Operations,Jana Fahmy,G12,JC2824,Management,Operations,Example Shared Services,Operations,Payments Operations,Payments Operations Unit 1,Payments Operations Unit 1 — Team A,Payments Operations Unit 1 — Team A / Section 1,,Riyadh,Full-time,Filled,1,CC-1055,Business (1st line),Back office,Fixed,,user2042@examplebank.com.sa,2010-08-19,Saudi,No,No,Yes,Hassan Darwish,Ready 1-2 years
POS02043,POS02032,Senior Analyst Payments Operations,,G11,JC2331,Professional,Operations,Example Shared Services,Operations,Payments Operations,Payments Operations Unit 1,Payments Operations Unit 1 — Team A,Payments Operations Unit 1 — Team A / Section 1,,Jeddah,Full-time,Vacant,1,CC-1001,Business (1st line),Back office,Fixed,,,2022-06-03,Jordanian,No,No,No,,
POS02044,POS02032,Associate Payments Operations,Omar Farouk,G10,JC4658,Professional,Operations,Example Shared Services,Operations,Payments Operations,Payments Operations Unit 1,Payments Operations Unit 1 — Team A,Payments Operations Unit 1 — Team A / Section 1,,Remote,Full-time,Filled,1,CC-1004,Business (1st line),Back office,Bonus,,user2044@examplebank.com.sa,2017-04-01,Indian,No,No,Yes,Salma Siddiqui,Ready now
POS02045,POS02031,Manager Payments Operations,Mona Haddad,G13,JC4453,Management,Operations,Example Shared Services,Operations,Payments Operations,Payments Operations Unit 1,Payments Operations Unit 1 — Team B,,,Riyadh,Full-time,Filled,1,CC-1029,Business (1st line),Back office,Bonus,,user2045@examplebank.com.sa,2017-05-11,Saudi,No,No,Yes,لطيفة الدوسري,Ready now
POS02046,POS02045,Senior Analyst Payments Operations,خالد الغامدي,G12,JC3018,Management,Operations,Example Shared Services,Operations,Payments Operations,Payments Operations Unit 1,Payments Operations Unit 1 — Team B,Payments Operations Unit 1 — Team B / Section 1,,Riyadh,Full-time,Filled,1,CC-1058,Business (1st line),Back office,Fixed,,user2046@examplebank.com.sa,2010-01-25,Saudi,No,No,No,,
POS02047,POS02045,Analyst Payments Operations,ماجد الشمري,G11,JC8558,Professional,Operations,Example Shared Services,Operations,Payments Operations,Payments Operations Unit 1,Payments Operations Unit 1 — Team B,Payments Operations Unit 1 — Team B / Section 2,,Khobar,Full-time,Filled,1,CC-1013,Business (1st line),Back office,Bonus,,user2047@examplebank.com.sa,2015-11-24,Saudi,No,No,No,,
POS02048,POS02045,Specialist Payments Operations,Mona Khan,G10,JC8094,Professional,Operations,Example Shared Services,Operations,Payments Operations,Payments Operations Unit 1,Payments Operations Unit 1 — Team B,Payments Operations Unit 1 — Team B / Section 2,,Riyadh,Full-time,Filled,1,CC-1038,Business (1st line),Back office,Fixed,Emerging Leaders,user2048@examplebank.com.sa,2020-07-19,Jordanian,No,No,Yes,Salma Saleh,Ready now
POS02049,POS02045,Specialist Payments Operations,ريم الحربي,G9,JC9756,Professional,Operations,Example Shared Services,Operations,Payments Operations,Payments Operations Unit 1,Payments Operations Unit 1 — Team B,Payments Operations Unit 1 — Team B / Section 1,,Jeddah,Full-time,Filled,1,CC-1059,Business (1st line),Back office,Fixed,Future Executives,user2049@examplebank.com.sa,2023-11-02,Jordanian,No,No,No,,
POS02050,POS02045,Specialist Payments Operations,ماجد المطيري,G10,JC3983,Professional,Operations,Example Shared Services,Operations,Payments Operations,Payments Operations Unit 1,Payments Operations Unit 1 — Team B,Payments Operations Unit 1 — Team B / Section 1,,Remote,Full-time,Filled,1,CC-1020,Business (1st line),Back office,Bonus,,user2050@examplebank.com.sa,2012-12-10,Saudi,No,No,Yes,ريم الغامدي,Ready 3+ years
POS02051,POS02045,Specialist Payments Operations,Maya Younes,G9,JC3726,Professional,Operations,Example Shared Services,Operations,Payments Operations,Payments Operations Unit 1,Payments Operations Unit 1 — Team B,Payments Operations Unit 1 — Team B / Section 2,,Khobar,Full-time,Filled,1,CC-1051,Business (1st line),Back office,Bonus,Emerging Leaders,user2051@examplebank.com.sa,2022-01-12,Saudi,No,No,No,,
POS02052,POS02045,Associate Payments Operations,,G11,JC6649,Professional,Operations,Example Shared Services,Operations,Payments Operations,Payments Operations Unit 1,Payments Operations Unit 1 — Team B,Payments Operations Unit 1 — Team B / Section 2,,Riyadh,Full-time,Vacant,1,CC-1058,Business (1st line),Back office,Bonus,,,2017-01-15,British,No,No,No,,
POS02053,POS02045,Senior Analyst Payments Operations,,G12,JC8947,Management,Operations,Example Shared Services,Operations,Payments Operations,Payments Operations Unit 1,Payments Operations Unit 1 — Team B,Payments Operations Unit 1 — Team B / Section 2,,Dammam,Full-time,Vacant,1,CC-1058,Business (1st line),Back office,Fixed,,,2022-12-01,Saudi,No,No,No,,
POS02054,POS02030,Senior Manager Payments Operations,هند العتيبي,G14,JC5925,Leadership,Operations,Example Shared Services,Operations,Payments Operations,Payments Operations Unit 2,,,,Riyadh,Full-time,Filled,1,CC-1044,Business (1st line),Back office,Bonus,,user2054@examplebank.com.sa,2024-06-15,Saudi,No,No,No,,
POS02055,POS02054,Manager Payments Operations,نورة الغامدي,G13,JC1223,Management,Operations,Example Shared Services,Operations,Payments Operations,Payments Operations Unit 2,Payments Operations Unit 2 — Team A,,,Khobar,Full-time,Filled,1,CC-1013,Business (1st line),Back office,Bonus,Emerging Leaders,user2055@examplebank.com.sa,2025-06-04,Indian,No,No,No,,
POS02056,POS02055,Associate Payments Operations,Waleed Baker,G10,JC5746,Professional,Operations,Example Shared Services,Operations,Payments Operations,Payments Operations Unit 2,Payments Operations Unit 2 — Team A,Payments Operations Unit 2 — Team A / Section 1,,Riyadh,Full-time,Filled,1,CC-1052,Business (1st line),Back office,Fixed,,user2056@examplebank.com.sa,2009-07-01,Jordanian,No,No,No,,
POS02057,POS02055,Senior Analyst Payments Operations,سلطان المطيري,G11,JC7998,Professional,Operations,Example Shared Services,Operations,Payments Operations,Payments Operations Unit 2,Payments Operations Unit 2 — Team A,Payments Operations Unit 2 — Team A / Section 2,,Jeddah,Full-time,Filled,1,CC-1040,Business (1st line),Back office,Fixed,,user2057@examplebank.com.sa,2023-12-01,Saudi,No,No,No,,
POS02058,POS02055,Specialist Payments Operations,Ziad Rashed,G10,JC2108,Professional,Operations,Example Shared Services,Operations,Payments Operations,Payments Operations Unit 2,Payments Operations Unit 2 — Team A,Payments Operations Unit 2 — Team A / Section 1,,Riyadh,Full-time,Filled,1,CC-1018,Business (1st line),Back office,Fixed,,user2058@examplebank.com.sa,2016-12-24,Egyptian,No,No,No,,
POS02059,POS02055,Officer Payments Operations,,G12,JC2376,Management,Operations,Example Shared Services,Operations,Payments Operations,Payments Operations Unit 2,Payments Operations Unit 2 — Team A,Payments Operations Unit 2 — Team A / Section 1,,Riyadh,Full-time,Vacant,1,CC-1014,Business (1st line),Back office,Bonus,,,2019-06-28,Saudi,No,No,No,,
POS02060,POS02055,Senior Analyst Payments Operations,,G10,JC2279,Professional,Operations,Example Shared Services,Operations,Payments Operations,Payments Operations Unit 2,Payments Operations Unit 2 — Team A,Payments Operations Unit 2 — Team A / Section 2,,Riyadh,Full-time,Vacant,1,CC-1014,Business (1st line),Back office,Fixed,,,2014-04-11,Saudi,No,No,Yes,Karim Rashed,Ready 3+ years
POS02061,POS02055,Specialist Payments Operations,Ziad Saleh,G10,JC3269,Professional,Operations,Example Shared Services,Operations,Payments Operations,Payments Operations Unit 2,Payments Operations Unit 2 — Team A,Payments Operations Unit 2 — Team A / Section 2,,Jeddah,Full-time,Filled,1,CC-1040,Business (1st line),Back office,Fixed,Specialist Bench,user2061@examplebank.com.sa,2010-01-07,Saudi,No,No,No,,
POS02062,POS02055,Analyst Payments Operations,Nasser Aziz,G11,JC7052,Professional,Operations,Example Shared Services,Operations,Payments Operations,Payments Operations Unit 2,Payments Operations Unit 2 — Team A,Payments Operations Unit 2 — Team A / Section 1,,Riyadh,Full-time,Filled,1,CC-1009,Business (1st line),Back office,Fixed,,user2062@examplebank.com.sa,2020-04-23,British,No,No,No,,
POS02063,POS02055,Officer Payments Operations,Tariq Aziz,G10,JC6682,Professional,Operations,Example Shared Services,Operations,Payments Operations,Payments Operations Unit 2,Payments Operations Unit 2 — Team A,Payments Operations Unit 2 — Team A / Section 1,,Remote,Full-time,Filled,1,CC-1046,Business (1st line),Back office,Bonus,,user2063@examplebank.com.sa,2011-04-25,Saudi,No,No,No,,
POS02064,POS02054,Manager Payments Operations,Noor Rashed,G13,JC6461,Management,Operations,Example Shared Services,Operations,Payments Operations,Payments Operations Unit 2,Payments Operations Unit 2 — Team B,,,Remote,Contractor,Filled,1,CC-1015,Business (1st line),Back office,Bonus,,user2064@examplebank.com.sa,2014-12-10,Egyptian,No,No,No,,
POS02065,POS02064,Senior Officer Payments Operations,Rana Siddiqui,G9,JC4591,Professional,Operations,Example Shared Services,Operations,Payments Operations,Payments Operations Unit 2,Payments Operations Unit 2 — Team B,Payments Operations Unit 2 — Team B / Section 2,,Riyadh,Full-time,Filled,1,CC-1010,Business (1st line),Back office,Fixed,,user2065@examplebank.com.sa,2022-04-12,British,No,No,No,,
POS02066,POS02064,Senior Analyst Payments Operations,Aisha Nasser,G11,JC6831,Professional,Operations,Example Shared Services,Operations,Payments Operations,Payments Operations Unit 2,Payments Operations Unit 2 — Team B,Payments Operations Unit 2 — Team B / Section 2,,Dammam,Contractor,Filled,1,CC-1010,Business (1st line),Back office,Fixed,,user2066@examplebank.com.sa,2021-09-28,Saudi,No,No,No,,
POS02067,POS02064,Associate Payments Operations,ماجد الشمري,G12,JC4802,Management,Operations,Example Shared Services,Operations,Payments Operations,Payments Operations Unit 2,Payments Operations Unit 2 — Team B,Payments Operations Unit 2 — Team B / Section 2,,Dammam,Full-time,Filled,1,CC-1030,Business (1st line),Back office,Fixed,,user2067@examplebank.com.sa,2013-02-11,Saudi,No,No,No,,
POS02068,POS02064,Senior Officer Payments Operations,Yusuf Osman,G12,JC2063,Management,Operations,Example Shared Services,Operations,Payments Operations,Payments Operations Unit 2,Payments Operations Unit 2 — Team B,Payments Operations Unit 2 — Team B / Section 2,,Jeddah,Full-time,Filled,1,CC-1020,Business (1st line),Back office,Bonus,,user2068@examplebank.com.sa,2020-05-23,Saudi,No,No,Yes,Jana Saleh,Ready 3+ years
POS02069,POS02064,Officer Payments Operations,Salma Saleh,G12,JC5532,Management,Operations,Example Shared Services,Operations,Payments Operations,Payments Operations Unit 2,Payments Operations Unit 2 — Team B,Payments Operations Unit 2 — Team B / Section 1,,Khobar,Full-time,Filled,1,CC-1040,Business (1st line),Back office,Fixed,Specialist Bench,user2069@examplebank.com.sa,2024-12-07,Indian,No,No,Yes,Jana Osman,Ready 3+ years
POS02070,POS02064,Senior Officer Payments Operations,Aisha Mansour,G11,JC8660,Professional,Operations,Example Shared Services,Operations,Payments Operations,Payments Operations Unit 2,Payments Operations Unit 2 — Team B,Payments Operations Unit 2 — Team B / Section 1,,Khobar,Full-time,Filled,0.5,CC-1025,Business (1st line),Back office,Fixed,Emerging Leaders,user2070@examplebank.com.sa,2024-12-13,Indian,No,No,No,,
POS02071,POS02064,Senior Analyst Payments Operations,لطيفة الحربي,G10,JC7656,Professional,Operations,Example Shared Services,Operations,Payments Operations,Payments Operations Unit 2,Payments Operations Unit 2 — Team B,Payments Operations Unit 2 — Team B / Section 2,,Khobar,Full-time,Filled,1,CC-1055,Business (1st line),Back office,Bonus,,user2071@examplebank.com.sa,2011-09-24,British,No,No,No,,
POS02072,POS02064,Associate Payments Operations,نورة العتيبي,G12,JC2723,Management,Operations,Example Shared Services,Operations,Payments Operations,Payments Operations Unit 2,Payments Operations Unit 2 — Team B,Payments Operations Unit 2 — Team B / Section 1,,Riyadh,Full-time,Filled,1,CC-1009,Business (1st line),Back office,Fixed,,user2072@examplebank.com.sa,2008-07-12,Saudi,No,No,No,,
POS02073,POS02054,Manager Payments Operations,ماجد القحطاني,G13,JC7666,Management,Operations,Example Shared Services,Operations,Payments Operations,Payments Operations Unit 2,Payments Operations Unit 2 — Team C,,,Jeddah,Full-time,Filled,1,CC-1057,Business (1st line),Back office,Bonus,Specialist Bench,user2073@examplebank.com.sa,2023-10-21,Saudi,No,No,Yes,Tariq Idris,Ready now
POS02074,POS02073,Senior Analyst Payments Operations,Bilal Mansour,G12,JC1725,Management,Operations,Example Shared Services,Operations,Payments Operations,Payments Operations Unit 2,Payments Operations Unit 2 — Team C,Payments Operations Unit 2 — Team C / Section 1,,Khobar,Full-time,Filled,1,CC-1039,Business (1st line),Back office,Fixed,,user2074@examplebank.com.sa,2019-05-04,Saudi,No,No,No,,
POS02075,POS02073,Associate Payments Operations,سلطان الزهراني,G11,JC1247,Professional,Operations,Example Shared Services,Operations,Payments Operations,Payments Operations Unit 2,Payments Operations Unit 2 — Team C,Payments Operations Unit 2 — Team C / Section 1,,Dammam,Full-time,Filled,1,CC-1058,Business (1st line),Back office,Fixed,,user2075@examplebank.com.sa,2021-05-01,Saudi,No,No,Yes,سلطان الدوسري,Ready 3+ years
POS02076,POS02073,Senior Analyst Payments Operations,Bilal Farouk,G10,JC6573,Professional,Operations,Example Shared Services,Operations,Payments Operations,Payments Operations Unit 2,Payments Operations Unit 2 — Team C,Payments Operations Unit 2 — Team C / Section 2,,Dammam,Full-time,Filled,1,CC-1035,Business (1st line),Back office,Bonus,,user2076@examplebank.com.sa,2018-11-18,Jordanian,No,No,No,,
POS02077,POS02073,Specialist Payments Operations,Maya Mansour,G11,JC7534,Professional,Operations,Example Shared Services,Operations,Payments Operations,Payments Operations Unit 2,Payments Operations Unit 2 — Team C,Payments Operations Unit 2 — Team C / Section 1,,Khobar,Full-time,Filled,1,CC-1002,Business (1st line),Back office,Bonus,,user2077@examplebank.com.sa,2024-10-12,Saudi,No,No,No,,
POS02078,POS02073,Associate Payments Operations,Dana Haddad,G11,JC9268,Professional,Operations,Example Shared Services,Operations,Payments Operations,Payments Operations Unit 2,Payments Operations Unit 2 — Team C,Payments Operations Unit 2 — Team C / Section 2,,Riyadh,Full-time,Filled,1,CC-1010,Business (1st line),Back office,Fixed,,user2078@examplebank.com.sa,2015-09-15,Indian,No,No,No,,
POS02079,POS02073,Analyst Payments Operations,ماجد الدوسري,G10,JC6479,Professional,Operations,Example Shared Services,Operations,Payments Operations,Payments Operations Unit 2,Payments Operations Unit 2 — Team C,Payments Operations Unit 2 — Team C / Section 2,,Jeddah,Full-time,Filled,1,CC-1017,Business (1st line),Back office,Bonus,,user2079@examplebank.com.sa,2013-08-22,Saudi,No,No,No,,
POS02080,POS02073,Specialist Payments Operations,Omar Nasser,G12,JC9891,Management,Operations,Example Shared Services,Operations,Payments Operations,Payments Operations Unit 2,Payments Operations Unit 2 — Team C,Payments Operations Unit 2 — Team C / Section 2,,Jeddah,Full-time,Filled,1,CC-1003,Business (1st line),Back office,Bonus,,user2080@examplebank.com.sa,2017-04-03,Indian,No,No,No,,
POS02081,POS02073,Senior Officer Payments Operations,أحمد العتيبي,G9,JC1171,Professional,Operations,Example Shared Services,Operations,Payments Operations,Payments Operations Unit 2,Payments Operations Unit 2 — Team C,Payments Operations Unit 2 — Team C / Section 1,,Remote,Full-time,Filled,1,CC-1058,Business (1st line),Back office,Bonus,,user2081@examplebank.com.sa,2020-03-13,Saudi,No,No,No,,
POS02082,POS02073,Senior Officer Payments Operations,Aisha Saleh,G10,JC7696,Professional,Operations,Example Shared Services,Operations,Payments Operations,Payments Operations Unit 2,Payments Operations Unit 2 — Team C,Payments Operations Unit 2 — Team C / Section 1,,Riyadh,Full-time,Filled,1,CC-1028,Business (1st line),Back office,Bonus,Specialist Bench,user2082@examplebank.com.sa,2020-09-08,Saudi,No,No,No,,
POS02083,POS02073,Associate Payments Operations,فيصل المطيري,G10,JC4583,Professional,Operations,Example Shared Services,Operations,Payments Operations,Payments Operations Unit 2,Payments Operations Unit 2 — Team C,Payments Operations Unit 2 — Team C / Section 1,,Riyadh,Full-time,Filled,1,CC-1052,Business (1st line),Back office,Bonus,,user2083@examplebank.com.sa,2014-04-20,British,No,No,No,,
POS02084,POS02073,Senior Analyst Payments Operations,Dana Osman,G12,JC7530,Management,Operations,Example Shared Services,Operations,Payments Operations,Payments Operations Unit 2,Payments Operations Unit 2 — Team C,Payments Operations Unit 2 — Team C / Section 1,,Khobar,Full-time,Filled,1,CC-1052,Business (1st line),Back office,Fixed,,user2084@examplebank.com.sa,2024-10-04,British,No,No,No,,
POS02085,POS02073,Senior Analyst Payments Operations,عبدالله الحربي,G12,JC9222,Management,Operations,Example Shared Services,Operations,Payments Operations,Payments Operations Unit 2,Payments Operations Unit 2 — Team C,Payments Operations Unit 2 — Team C / Section 2,,Riyadh,Full-time,Filled,1,CC-1035,Business (1st line),Back office,Fixed,Specialist Bench,user2085@examplebank.com.sa,2014-06-11,Saudi,No,No,No,,
POS02086,POS02054,Manager Payments Operations,Tariq Rashed,G13,JC8402,Management,Operations,Example Shared Services,Operations,Payments Operations,Payments Operations Unit 2,Payments Operations Unit 2 — Team D,,,Riyadh,Full-time,Filled,1,CC-1000,Business (1st line),Back office,Bonus,,user2086@examplebank.com.sa,2017-01-08,Saudi,No,No,No,,
POS02087,POS02086,Senior Analyst Payments Operations,Layla Baker,G12,JC1914,Management,Operations,Example Shared Services,Operations,Payments Operations,Payments Operations Unit 2,Payments Operations Unit 2 — Team D,Payments Operations Unit 2 — Team D / Section 2,,Riyadh,Full-time,Filled,1,CC-1060,Business (1st line),Back office,Fixed,,user2087@examplebank.com.sa,2012-11-08,Saudi,No,No,No,,
POS02088,POS02086,Associate Payments Operations,Amal Osman,G10,JC2092,Professional,Operations,Example Shared Services,Operations,Payments Operations,Payments Operations Unit 2,Payments Operations Unit 2 — Team D,Payments Operations Unit 2 — Team D / Section 1,,Khobar,Full-time,Filled,1,CC-1051,Business (1st line),Back office,Fixed,,user2088@examplebank.com.sa,2009-12-13,Saudi,No,No,No,,
POS02089,POS02086,Senior Analyst Payments Operations,نورة الشمري,G9,JC3948,Professional,Operations,Example Shared Services,Operations,Payments Operations,Payments Operations Unit 2,Payments Operations Unit 2 — Team D,Payments Operations Unit 2 — Team D / Section 2,,Riyadh,Full-time,Filled,1,CC-1022,Business (1st line),Back office,Bonus,,user2089@examplebank.com.sa,2022-10-06,Saudi,No,No,No,,
POS02090,POS02086,Officer Payments Operations,Huda Idris,G12,JC8931,Management,Operations,Example Shared Services,Operations,Payments Operations,Payments Operations Unit 2,Payments Operations Unit 2 — Team D,Payments Operations Unit 2 — Team D / Section 1,,Jeddah,Full-time,Filled,1,CC-1011,Business (1st line),Back office,Bonus,,user2090@examplebank.com.sa,2011-08-08,Saudi,No,No,No,,
POS02091,POS02086,Senior Analyst Payments Operations,سلطان الزهراني,G12,JC7410,Management,Operations,Example Shared Services,Operations,Payments Operations,Payments Operations Unit 2,Payments Operations Unit 2 — Team D,Payments Operations Unit 2 — Team D / Section 1,,Jeddah,Full-time,Filled,1,CC-1011,Business (1st line),Back office,Fixed,,user2091@examplebank.com.sa,2014-11-24,British,No,No,No,,
POS02092,POS02086,Senior Officer Payments Operations,Rana Farouk,G10,JC2052,Professional,Operations,Example Shared Services,Operations,Payments Operations,Payments Operations Unit 2,Payments Operations Unit 2 — Team D,Payments Operations Unit 2 — Team D / Section 2,,Riyadh,Contractor,Filled,1,CC-1045,Business (1st line),Back office,Fixed,,user2092@examplebank.com.sa,2013-12-22,Saudi,No,No,No,,
POS02093,POS02086,Senior Analyst Payments Operations,Tariq Rashed,G11,JC4749,Professional,Operations,Example Shared Services,Operations,Payments Operations,Payments Operations Unit 2,Payments Operations Unit 2 — Team D,Payments Operations Unit 2 — Team D / Section 1,,Riyadh,Full-time,Filled,1,CC-1012,Business (1st line),Back office,Fixed,,user2093@examplebank.com.sa,2024-08-06,Saudi,No,No,Yes,Mona Siddiqui,Ready 1-2 years
POS02094,POS02029,Head of Trade Operations,سلطان السبيعي,G15,JC6657,Leadership,Operations,Example Shared Services,Operations,Trade Operations,,,,,Riyadh,Full-time,Filled,1,CC-1004,Business (1st line),Back office,Bonus,,user2094@examplebank.com.sa,2010-11-22,Egyptian,Yes,No,Yes,Layla Karim,Ready 1-2 years
POS02095,POS02094,Senior Manager Trade Operations,نورة السبيعي,G14,JC4969,Leadership,Operations,Example Shared Services,Operations,Trade Operations,Trade Operations Unit 1,,,,Dammam,Full-time,Filled,1,CC-1054,Business (1st line),Back office,Bonus,,user2095@examplebank.com.sa,2011-04-27,Egyptian,Yes,No,Yes,Maya Mansour,Ready 3+ years
POS02096,POS02095,Manager Trade Operations,Waleed Mansour,G13,JC6248,Management,Operations,Example Shared Services,Operations,Trade Operations,Trade Operations Unit 1,Trade Operations Unit 1 — Team A,,,Remote,Full-time,Filled,1,CC-1002,Business (1st line),Back office,Bonus,Specialist Bench,user2096@examplebank.com.sa,2011-06-27,British,No,No,No,,
POS02097,POS02096,Associate Trade Operations,Bilal Aziz,G11,JC4264,Professional,Operations,Example Shared Services,Operations,Trade Operations,Trade Operations Unit 1,Trade Operations Unit 1 — Team A,Trade Operations Unit 1 — Team A / Section 2,,Jeddah,Contractor,Filled,1,CC-1041,Business (1st line),Back office,Fixed,,user2097@examplebank.com.sa,2023-05-20,Jordanian,No,No,No,,
POS02098,POS02096,Analyst Trade Operations,أحمد العتيبي,G12,JC2561,Management,Operations,Example Shared Services,Operations,Trade Operations,Trade Operations Unit 1,Trade Operations Unit 1 — Team A,Trade Operations Unit 1 — Team A / Section 1,,Dammam,Full-time,Filled,1,CC-1007,Business (1st line),Back office,Fixed,,user2098@examplebank.com.sa,2025-04-24,Egyptian,No,No,No,,
POS02099,POS02096,Specialist Trade Operations,Noor Karim,G10,JC1335,Professional,Operations,Example Shared Services,Operations,Trade Operations,Trade Operations Unit 1,Trade Operations Unit 1 — Team A,Trade Operations Unit 1 — Team A / Section 2,,Remote,Full-time,Filled,1,CC-1007,Business (1st line),Back office,Bonus,,user2099@examplebank.com.sa,2013-03-02,Saudi,No,No,No,,
POS02100,POS02096,Senior Analyst Trade Operations,Layla Aziz,G12,JC6252,Management,Operations,Example Shared Services,Operations,Trade Operations,Trade Operations Unit 1,Trade Operations Unit 1 — Team A,Trade Operations Unit 1 — Team A / Section 1,,Khobar,Full-time,Filled,1,CC-1013,Business (1st line),Back office,Fixed,,user2100@examplebank.com.sa,2019-10-21,Saudi,No,No,No,,
POS02101,POS02096,Senior Officer Trade Operations,,G11,JC9713,Professional,Operations,Example Shared Services,Operations,Trade Operations,Trade Operations Unit 1,Trade Operations Unit 1 — Team A,Trade Operations Unit 1 — Team A / Section 2,,Riyadh,Full-time,Vacant,1,CC-1041,Business (1st line),Back office,Fixed,,,2015-11-27,Saudi,No,No,No,,
POS02102,POS02096,Analyst Trade Operations,Jana Fahmy,G10,JC7718,Professional,Operations,Example Shared Services,Operations,Trade Operations,Trade Operations Unit 1,Trade Operations Unit 1 — Team A,Trade Operations Unit 1 — Team A / Section 2,,Dammam,Full-time,Filled,1,CC-1000,Business (1st line),Back office,Fixed,,user2102@examplebank.com.sa,2022-11-21,Jordanian,No,No,No,,
POS02103,POS02096,Senior Analyst Trade Operations,هند السبيعي,G11,JC5381,Professional,Operations,Example Shared Services,Operations,Trade Operations,Trade Operations Unit 1,Trade Operations Unit 1 — Team A,Trade Operations Unit 1 — Team A / Section 2,,Dammam,Full-time,Filled,1,CC-1043,Business (1st line),Back office,Fixed,,user2103@examplebank.com.sa,2016-09-03,Indian,No,No,No,,
POS02104,POS02095,Manager Trade Operations,Ziad Saleh,G13,JC5944,Management,Operations,Example Shared Services,Operations,Trade Operations,Trade Operations Unit 1,Trade Operations Unit 1 — Team B,,,Jeddah,Full-time,Filled,1,CC-1009,Business (1st line),Back office,Bonus,Specialist Bench,user2104@examplebank.com.sa,2009-02-26,Saudi,No,No,Yes,فيصل الشمري,Ready now
POS02105,POS02104,Specialist Trade Operations,Rami Qureshi,G9,JC6322,Professional,Operations,Example Shared Services,Operations,Trade Operations,Trade Operations Unit 1,Trade Operations Unit 1 — Team B,Trade Operations Unit 1 — Team B / Section 1,,Remote,Full-time,Filled,1,CC-1002,Business (1st line),Back office,Bonus,,user2105@examplebank.com.sa,2022-06-06,Jordanian,No,No,No,,
POS02106,POS02104,Specialist Trade Operations,Rami Haddad,G9,JC9097,Professional,Operations,Example Shared Services,Operations,Trade Operations,Trade Operations Unit 1,Trade Operations Unit 1 — Team B,Trade Operations Unit 1 — Team B / Section 1,,Jeddah,Full-time,Filled,1,CC-1010,Business (1st line),Back office,Fixed,,user2106@examplebank.com.sa,2010-11-08,Indian,No,No,No,,
POS02107,POS02104,Analyst Trade Operations,Amal Siddiqui,G12,JC9357,Management,Operations,Example Shared Services,Operations,Trade Operations,Trade Operations Unit 1,Trade Operations Unit 1 — Team B,Trade Operations Unit 1 — Team B / Section 2,,Jeddah,Full-time,Filled,1,CC-1026,Business (1st line),Back office,Bonus,,user2107@examplebank.com.sa,2008-03-22,Saudi,No,No,No,,
POS02108,POS02104,Analyst Trade Operations,Yusuf Haddad,G10,JC8062,Professional,Operations,Example Shared Services,Operations,Trade Operations,Trade Operations Unit 1,Trade Operations Unit 1 — Team B,Trade Operations Unit 1 — Team B / Section 2,,Dammam,Full-time,Filled,1,CC-1024,Business (1st line),Back office,Fixed,,user2108@examplebank.com.sa,2015-03-03,Saudi,No,No,No,,
POS02109,POS02104,Associate Trade Operations,Hassan Saleh,G12,JC6467,Management,Operations,Example Shared Services,Operations,Trade Operations,Trade Operations Unit 1,Trade Operations Unit 1 — Team B,Trade Operations Unit 1 — Team B / Section 2,,Khobar,Full-time,Filled,1,CC-1052,Business (1st line),Back office,Fixed,,user2109@examplebank.com.sa,2019-08-28,Saudi,No,No,No,,
POS02110,POS02104,Specialist Trade Operations,Noor Qureshi,G10,JC4859,Professional,Operations,Example Shared Services,Operations,Trade Operations,Trade Operations Unit 1,Trade Operations Unit 1 — Team B,Trade Operations Unit 1 — Team B / Section 2,,Dammam,Full-time,Filled,1,CC-1003,Business (1st line),Back office,Bonus,,user2110@examplebank.com.sa,2009-11-24,British,No,No,Yes,Dana Qureshi,Ready 3+ years
POS02111,POS02104,Specialist Trade Operations,أحمد العتيبي,G10,JC7887,Professional,Operations,Example Shared Services,Operations,Trade Operations,Trade Operations Unit 1,Trade Operations Unit 1 — Team B,Trade Operations Unit 1 — Team B / Section 2,,Khobar,Full-time,Filled,1,CC-1052,Business (1st line),Back office,Bonus,,user2111@examplebank.com.sa,2018-02-20,Saudi,No,No,Yes,دانة الحربي,Ready now
POS02112,POS02104,Associate Trade Operations,Adel Khan,G9,JC5701,Professional,Operations,Example Shared Services,Operations,Trade Operations,Trade Operations Unit 1,Trade Operations Unit 1 — Team B,Trade Operations Unit 1 — Team B / Section 1,,Riyadh,Full-time,Filled,1,CC-1058,Business (1st line),Back office,Fixed,,user2112@examplebank.com.sa,2008-02-08,Saudi,No,No,No,,
POS02113,POS02104,Associate Trade Operations,Huda Siddiqui,G9,JC4557,Professional,Operations,Example Shared Services,Operations,Trade Operations,Trade Operations Unit 1,Trade Operations Unit 1 — Team B,Trade Operations Unit 1 — Team B / Section 1,,Dammam,Full-time,Filled,1,CC-1015,Business (1st line),Back office,Bonus,,user2113@examplebank.com.sa,2024-07-14,Saudi,No,No,No,,
POS02114,POS02104,Associate Trade Operations,,G12,JC6285,Management,Operations,Example Shared Services,Operations,Trade Operations,Trade Operations Unit 1,Trade Operations Unit 1 — Team B,Trade Operations Unit 1 — Team B / Section 1,,Jeddah,Full-time,Vacant,1,CC-1044,Business (1st line),Back office,Bonus,,,2025-03-02,Indian,No,No,No,,
POS02115,POS02104,Analyst Trade Operations,خالد الغامدي,G10,JC7623,Professional,Operations,Example Shared Services,Operations,Trade Operations,Trade Operations Unit 1,Trade Operations Unit 1 — Team B,Trade Operations Unit 1 — Team B / Section 2,,Dammam,Contractor,Filled,1,CC-1002,Business (1st line),Back office,Fixed,,user2115@examplebank.com.sa,2010-08-24,Saudi,No,No,No,,
POS02116,POS02095,Manager Trade Operations,سارة الشمري,G13,JC2561,Management,Operations,Example Shared Services,Operations,Trade Operations,Trade Operations Unit 1,Trade Operations Unit 1 — Team C,,,Jeddah,Full-time,Filled,1,CC-1026,Business (1st line),Back office,Bonus,Specialist Bench,user2116@examplebank.com.sa,2013-04-18,Saudi,No,No,No,,
POS02117,POS02116,Associate Trade Operations,أحمد المطيري,G9,JC8856,Professional,Operations,Example Shared Services,Operations,Trade Operations,Trade Operations Unit 1,Trade Operations Unit 1 — Team C,Trade Operations Unit 1 — Team C / Section 1,,Remote,Full-time,Filled,1,CC-1045,Business (1st line),Back office,Fixed,,user2117@examplebank.com.sa,2023-02-03,British,No,No,No,,
POS02118,POS02116,Specialist Trade Operations,دانة الشمري,G10,JC1756,Professional,Operations,Example Shared Services,Operations,Trade Operations,Trade Operations Unit 1,Trade Operations Unit 1 — Team C,Trade Operations Unit 1 — Team C / Section 2,,Riyadh,Full-time,Filled,1,CC-1048,Business (1st line),Back office,Bonus,,user2118@examplebank.com.sa,2019-09-22,Saudi,No,No,Yes,Salma Haddad,Ready 1-2 years
POS02119,POS02116,Senior Officer Trade Operations,Salma Nasser,G11,JC4883,Professional,Operations,Example Shared Services,Operations,Trade Operations,Trade Operations Unit 1,Trade Operations Unit 1 — Team C,Trade Operations Unit 1 — Team C / Section 1,,Khobar,Full-time,Filled,1,CC-1032,Business (1st line),Back office,Fixed,,user2119@examplebank.com.sa,2013-09-14,Saudi,No,No,No,,
POS02120,POS02116,Senior Officer Trade Operations,Tariq Nasser,G12,JC1014,Management,Operations,Example Shared Services,Operations,Trade Operations,Trade Operations Unit 1,Trade Operations Unit 1 — Team C,Trade Operations Unit 1 — Team C / Section 2,,Remote,Full-time,Filled,0.5,CC-1051,Business (1st line),Back office,Fixed,,user2120@examplebank.com.sa,2023-06-26,Saudi,No,No,No,,
POS02121,POS02116,Associate Trade Operations,Bilal Fahmy,G9,JC8528,Professional,Operations,Example Shared Services,Operations,Trade Operations,Trade Operations Unit 1,Trade Operations Unit 1 — Team C,Trade Operations Unit 1 — Team C / Section 1,,Riyadh,Full-time,Filled,1,CC-1005,Business (1st line),Back office,Fixed,,user2121@examplebank.com.sa,2021-04-11,Saudi,No,No,Yes,أحمد الغامدي,Ready 3+ years
POS02122,POS02116,Associate Trade Operations,لطيفة العتيبي,G11,JC1322,Professional,Operations,Example Shared Services,Operations,Trade Operations,Trade Operations Unit 1,Trade Operations Unit 1 — Team C,Trade Operations Unit 1 — Team C / Section 2,,Khobar,Full-time,Filled,1,CC-1049,Business (1st line),Back office,Fixed,,user2122@examplebank.com.sa,2025-05-04,Egyptian,No,No,No,,
POS02123,POS02116,Specialist Trade Operations,,G12,JC5471,Management,Operations,Example Shared Services,Operations,Trade Operations,Trade Operations Unit 1,Trade Operations Unit 1 — Team C,Trade Operations Unit 1 — Team C / Section 2,,Khobar,Full-time,Vacant,0.5,CC-1022,Business (1st line),Back office,Bonus,,,2009-05-21,Jordanian,No,No,No,,
POS02124,POS02116,Analyst Trade Operations,Layla Osman,G9,JC4287,Professional,Operations,Example Shared Services,Operations,Trade Operations,Trade Operations Unit 1,Trade Operations Unit 1 — Team C,Trade Operations Unit 1 — Team C / Section 1,,Khobar,Full-time,Filled,1,CC-1054,Business (1st line),Back office,Fixed,,user2124@examplebank.com.sa,2022-11-09,Jordanian,No,No,No,,
POS02125,POS02116,Senior Analyst Trade Operations,Yusuf Rashed,G10,JC9663,Professional,Operations,Example Shared Services,Operations,Trade Operations,Trade Operations Unit 1,Trade Operations Unit 1 — Team C,Trade Operations Unit 1 — Team C / Section 2,,Khobar,Full-time,Filled,1,CC-1053,Business (1st line),Back office,Fixed,,user2125@examplebank.com.sa,2014-10-28,Saudi,No,No,No,,
POS02126,POS02116,Senior Analyst Trade Operations,Rami Qureshi,G11,JC1422,Professional,Operations,Example Shared Services,Operations,Trade Operations,Trade Operations Unit 1,Trade Operations Unit 1 — Team C,Trade Operations Unit 1 — Team C / Section 2,,Remote,Full-time,Filled,1,CC-1012,Business (1st line),Back office,Fixed,,user2126@examplebank.com.sa,2013-10-10,Saudi,No,No,No,,
POS02127,POS02094,Senior Manager Trade Operations,Huda Idris,G14,JC8581,Leadership,Operations,Example Shared Services,Operations,Trade Operations,Trade Operations Unit 2,,,,Khobar,Full-time,Filled,1,CC-1018,Business (1st line),Back office,Bonus,,user2127@examplebank.com.sa,2017-09-10,Saudi,No,No,No,,
POS02128,POS02127,Manager Trade Operations,Tariq Nasser,G13,JC4272,Management,Operations,Example Shared Services,Operations,Trade Operations,Trade Operations Unit 2,Trade Operations Unit 2 — Team A,,,Riyadh,Full-time,Filled,1,CC-1039,Business (1st line),Back office,Bonus,Emerging Leaders,user2128@examplebank.com.sa,2008-02-26,Saudi,No,No,Yes,Rami Nasser,Ready 1-2 years
POS02129,POS02128,Analyst Trade Operations,Omar Mansour,G12,JC8245,Management,Operations,Example Shared Services,Operations,Trade Operations,Trade Operations Unit 2,Trade Operations Unit 2 — Team A,Trade Operations Unit 2 — Team A / Section 1,,Jeddah,Full-time,Filled,1,CC-1024,Business (1st line),Back office,Fixed,,user2129@examplebank.com.sa,2009-01-22,Saudi,No,No,No,,
POS02130,POS02128,Associate Trade Operations,دانة الحربي,G12,JC4021,Management,Operations,Example Shared Services,Operations,Trade Operations,Trade Operations Unit 2,Trade Operations Unit 2 — Team A,Trade Operations Unit 2 — Team A / Section 2,,Dammam,Contractor,Filled,1,CC-1050,Business (1st line),Back office,Bonus,,user2130@examplebank.com.sa,2025-07-19,Egyptian,No,No,No,,
POS02131,POS02128,Senior Officer Trade Operations,لطيفة الدوسري,G11,JC2403,Professional,Operations,Example Shared Services,Operations,Trade Operations,Trade Operations Unit 2,Trade Operations Unit 2 — Team A,Trade Operations Unit 2 — Team A / Section 2,,Jeddah,Full-time,Filled,1,CC-1012,Business (1st line),Back office,Fixed,,user2131@examplebank.com.sa,2013-08-04,Saudi,No,No,No,,
POS02132,POS02128,Analyst Trade Operations,Maya Rashed,G10,JC8452,Professional,Operations,Example Shared Services,Operations,Trade Operations,Trade Operations Unit 2,Trade Operations Unit 2 — Team A,Trade Operations Unit 2 — Team A / Section 1,,Riyadh,Full-time,Filled,1,CC-1044,Business (1st line),Back office,Bonus,,user2132@examplebank.com.sa,2012-08-17,Saudi,No,No,Yes,دانة الحربي,Ready 1-2 years
POS02133,POS02128,Specialist Trade Operations,هند القحطاني,G12,JC3267,Management,Operations,Example Shared Services,Operations,Trade Operations,Trade Operations Unit 2,Trade Operations Unit 2 — Team A,Trade Operations Unit 2 — Team A / Section 2,,Dammam,Full-time,Filled,1,CC-1015,Business (1st line),Back office,Fixed,,user2133@examplebank.com.sa,2008-03-07,Saudi,No,No,No,,
POS02134,POS02128,Analyst Trade Operations,Waleed Idris,G11,JC4964,Professional,Operations,Example Shared Services,Operations,Trade Operations,Trade Operations Unit 2,Trade Operations Unit 2 — Team A,Trade Operations Unit 2 — Team A / Section 2,,Khobar,Full-time,Filled,1,CC-1004,Business (1st line),Back office,Fixed,,user2134@examplebank.com.sa,2014-03-18,Saudi,No,No,No,,
POS02135,POS02128,Specialist Trade Operations,Nasser Khan,G10,JC6719,Professional,Operations,Example Shared Services,Operations,Trade Operations,Trade Operations Unit 2,Trade Operations Unit 2 — Team A,Trade Operations Unit 2 — Team A / Section 2,,Riyadh,Full-time,Filled,1,CC-1024,Business (1st line),Back office,Fixed,,user2135@examplebank.com.sa,2021-09-09,Saudi,No,No,No,,
POS02136,POS02128,Analyst Trade Operations,نورة المطيري,G10,JC7084,Professional,Operations,Example Shared Services,Operations,Trade Operations,Trade Operations Unit 2,Trade Operations Unit 2 — Team A,Trade Operations Unit 2 — Team A / Section 2,,Khobar,Contractor,Filled,0.5,CC-1005,Business (1st line),Back office,Bonus,,user2136@examplebank.com.sa,2014-01-20,Egyptian,No,No,No,,
POS02137,POS02128,Senior Analyst Trade Operations,فيصل الغامدي,G9,JC9110,Professional,Operations,Example Shared Services,Operations,Trade Operations,Trade Operations Unit 2,Trade Operations Unit 2 — Team A,Trade Operations Unit 2 — Team A / Section 2,,Riyadh,Full-time,Filled,1,CC-1030,Business (1st line),Back office,Bonus,,user2137@examplebank.com.sa,2020-11-15,Indian,No,No,No,,
POS02138,POS02128,Officer Trade Operations,,G10,JC1346,Professional,Operations,Example Shared Services,Operations,Trade Operations,Trade Operations Unit 2,Trade Operations Unit 2 — Team A,Trade Operations Unit 2 — Team A / Section 1,,Jeddah,Full-time,Vacant,1,CC-1003,Business (1st line),Back office,Fixed,,,2025-12-09,Indian,No,No,No,,
POS02139,POS02128,Officer Trade Operations,لطيفة القحطاني,G12,JC7548,Management,Operations,Example Shared Services,Operations,Trade Operations,Trade Operations Unit 2,Trade Operations Unit 2 — Team A,Trade Operations Unit 2 — Team A / Section 1,,Riyadh,Full-time,Filled,1,CC-1036,Business (1st line),Back office,Fixed,,user2139@examplebank.com.sa,2020-10-05,Saudi,No,No,No,,
POS02140,POS02128,Senior Officer Trade Operations,عبدالله الشمري,G10,JC1272,Professional,Operations,Example Shared Services,Operations,Trade Operations,Trade Operations Unit 2,Trade Operations Unit 2 — Team A,Trade Operations Unit 2 — Team A / Section 2,,Jeddah,Full-time,Filled,1,CC-1048,Business (1st line),Back office,Fixed,Future Executives,user2140@examplebank.com.sa,2025-05-17,British,No,No,No,,
POS02141,POS02127,Manager Trade Operations,Mona Mansour,G13,JC5223,Management,Operations,Example Shared Services,Operations,Trade Operations,Trade Operations Unit 2,Trade Operations Unit 2 — Team B,,,Riyadh,Full-time,Filled,1,CC-1032,Business (1st line),Back office,Bonus,,user2141@examplebank.com.sa,2011-09-07,Saudi,No,No,No,,
POS02142,POS02141,Specialist Trade Operations,Yusuf Mansour,G10,JC1673,Professional,Operations,Example Shared Services,Operations,Trade Operations,Trade Operations Unit 2,Trade Operations Unit 2 — Team B,Trade Operations Unit 2 — Team B / Section 2,,Riyadh,Full-time,Filled,1,CC-1036,Business (1st line),Back office,Fixed,Specialist Bench,user2142@examplebank.com.sa,2019-09-21,Saudi,No,No,Yes,Dana Khan,Ready now
POS02143,POS02141,Associate Trade Operations,خالد العتيبي,G10,JC8471,Professional,Operations,Example Shared Services,Operations,Trade Operations,Trade Operations Unit 2,Trade Operations Unit 2 — Team B,Trade Operations Unit 2 — Team B / Section 1,,Dammam,Full-time,Filled,1,CC-1005,Business (1st line),Back office,Bonus,,user2143@examplebank.com.sa,2019-05-14,Jordanian,No,No,No,,
POS02144,POS02141,Senior Analyst Trade Operations,أحمد القحطاني,G11,JC7909,Professional,Operations,Example Shared Services,Operations,Trade Operations,Trade Operations Unit 2,Trade Operations Unit 2 — Team B,Trade Operations Unit 2 — Team B / Section 2,,Riyadh,Full-time,Filled,1,CC-1008,Business (1st line),Back office,Fixed,,user2144@examplebank.com.sa,2011-06-23,British,No,No,No,,
POS02145,POS02141,Officer Trade Operations,,G10,JC2389,Professional,Operations,Example Shared Services,Operations,Trade Operations,Trade Operations Unit 2,Trade Operations Unit 2 — Team B,Trade Operations Unit 2 — Team B / Section 1,,Remote,Full-time,Vacant,1,CC-1053,Business (1st line),Back office,Fixed,,,2010-10-17,Saudi,No,No,No,,
POS02146,POS02141,Senior Analyst Trade Operations,Bilal Darwish,G10,JC4105,Professional,Operations,Example Shared Services,Operations,Trade Operations,Trade Operations Unit 2,Trade Operations Unit 2 — Team B,Trade Operations Unit 2 — Team B / Section 1,,Jeddah,Full-time,Filled,1,CC-1005,Business (1st line),Back office,Bonus,,user2146@examplebank.com.sa,2013-02-08,Saudi,No,No,No,,
POS02147,POS02141,Senior Officer Trade Operations,,G12,JC6523,Management,Operations,Example Shared Services,Operations,Trade Operations,Trade Operations Unit 2,Trade Operations Unit 2 — Team B,Trade Operations Unit 2 — Team B / Section 2,,Jeddah,Full-time,Vacant,0.5,CC-1024,Business (1st line),Back office,Fixed,,,2025-08-23,Egyptian,No,No,Yes,Sami Baker,Ready 1-2 years
POS02148,POS02141,Specialist Trade Operations,Karim Rashed,G11,JC7934,Professional,Operations,Example Shared Services,Operations,Trade Operations,Trade Operations Unit 2,Trade Operations Unit 2 — Team B,Trade Operations Unit 2 — Team B / Section 2,,Riyadh,Full-time,Filled,1,CC-1029,Business (1st line),Back office,Fixed,,user2148@examplebank.com.sa,2014-02-14,Jordanian,No,No,No,,
POS02149,POS02141,Analyst Trade Operations,Rami Karim,G10,JC9689,Professional,Operations,Example Shared Services,Operations,Trade Operations,Trade Operations Unit 2,Trade Operations Unit 2 — Team B,Trade Operations Unit 2 — Team B / Section 2,,Riyadh,Full-time,Filled,1,CC-1059,Business (1st line),Back office,Bonus,,user2149@examplebank.com.sa,2023-04-28,Saudi,No,No,No,,
POS02150,POS02127,Manager Trade Operations,عبدالله الحربي,G13,JC9190,Management,Operations,Example Shared Services,Operations,Trade Operations,Trade Operations Unit 2,Trade Operations Unit 2 — Team C,,,Riyadh,Full-time,Filled,1,CC-1034,Business (1st line),Back office,Bonus,,user2150@examplebank.com.sa,2010-03-18,Saudi,No,No,No,,
POS02151,POS02150,Senior Officer Trade Operations,لطيفة الغامدي,G12,JC6862,Management,Operations,Example Shared Services,Operations,Trade Operations,Trade Operations Unit 2,Trade Operations Unit 2 — Team C,Trade Operations Unit 2 — Team C / Section 1,,Khobar,Full-time,Filled,1,CC-1047,Business (1st line),Back office,Fixed,,user2151@examplebank.com.sa,2019-03-22,Saudi,No,No,No,,
POS02152,POS02150,Senior Officer Trade Operations,سارة الشمري,G12,JC7364,Management,Operations,Example Shared Services,Operations,Trade Operations,Trade Operations Unit 2,Trade Operations Unit 2 — Team C,Trade Operations Unit 2 — Team C / Section 2,,Jeddah,Full-time,Filled,1,CC-1042,Business (1st line),Back office,Fixed,,user2152@examplebank.com.sa,2016-02-24,Saudi,No,No,No,,
POS02153,POS02150,Specialist Trade Operations,Noor Nasser,G10,JC6629,Professional,Operations,Example Shared Services,Operations,Trade Operations,Trade Operations Unit 2,Trade Operations Unit 2 — Team C,Trade Operations Unit 2 — Team C / Section 1,,Riyadh,Full-time,Filled,1,CC-1044,Business (1st line),Back office,Fixed,,user2153@examplebank.com.sa,2016-09-23,Saudi,No,No,No,,
POS02154,POS02150,Senior Officer Trade Operations,Layla Idris,G10,JC3466,Professional,Operations,Example Shared Services,Operations,Trade Operations,Trade Operations Unit 2,Trade Operations Unit 2 — Team C,Trade Operations Unit 2 — Team C / Section 2,,Riyadh,Full-time,Filled,1,CC-1018,Business (1st line),Back office,Fixed,,user2154@examplebank.com.sa,2011-04-22,Egyptian,No,No,No,,
POS02155,POS02150,Specialist Trade Operations,سارة الغامدي,G9,JC5398,Professional,Operations,Example Shared Services,Operations,Trade Operations,Trade Operations Unit 2,Trade Operations Unit 2 — Team C,Trade Operations Unit 2 — Team C / Section 2,,Khobar,Full-time,Filled,1,CC-1013,Business (1st line),Back office,Fixed,,user2155@examplebank.com.sa,2015-08-24,British,No,No,No,,
POS02156,POS02150,Senior Officer Trade Operations,,G12,JC3912,Management,Operations,Example Shared Services,Operations,Trade Operations,Trade Operations Unit 2,Trade Operations Unit 2 — Team C,Trade Operations Unit 2 — Team C / Section 1,,Riyadh,Full-time,Vacant,1,CC-1015,Business (1st line),Back office,Fixed,,,2012-11-01,Saudi,No,No,No,,
POS02157,POS02150,Associate Trade Operations,Huda Karim,G11,JC8966,Professional,Operations,Example Shared Services,Operations,Trade Operations,Trade Operations Unit 2,Trade Operations Unit 2 — Team C,Trade Operations Unit 2 — Team C / Section 2,,Riyadh,Full-time,Filled,0.5,CC-1021,Business (1st line),Back office,Fixed,,user2157@examplebank.com.sa,2012-03-24,Saudi,No,No,No,,
POS02158,POS02150,Senior Analyst Trade Operations,Amal Karim,G10,JC2993,Professional,Operations,Example Shared Services,Operations,Trade Operations,Trade Operations Unit 2,Trade Operations Unit 2 — Team C,Trade Operations Unit 2 — Team C / Section 1,,Jeddah,Full-time,Filled,1,CC-1040,Business (1st line),Back office,Bonus,,user2158@examplebank.com.sa,2010-11-27,Jordanian,No,No,No,,
POS02159,POS02150,Analyst Trade Operations,خالد الحربي,G10,JC4527,Professional,Operations,Example Shared Services,Operations,Trade Operations,Trade Operations Unit 2,Trade Operations Unit 2 — Team C,Trade Operations Unit 2 — Team C / Section 1,,Riyadh,Full-time,Filled,1,CC-1059,Business (1st line),Back office,Fixed,,user2159@examplebank.com.sa,2009-12-07,Saudi,No,No,No,,
POS02160,POS02150,Senior Analyst Trade Operations,,G9,JC9231,Professional,Operations,Example Shared Services,Operations,Trade Operations,Trade Operations Unit 2,Trade Operations Unit 2 — Team C,Trade Operations Unit 2 — Team C / Section 2,,Riyadh,Full-time,Vacant,1,CC-1005,Business (1st line),Back office,Bonus,,,2017-09-11,British,No,No,No,,
POS02161,POS02127,Manager Trade Operations,فيصل القحطاني,G13,JC2825,Management,Operations,Example Shared Services,Operations,Trade Operations,Trade Operations Unit 2,Trade Operations Unit 2 — Team D,,,Riyadh,Full-time,Filled,1,CC-1055,Business (1st line),Back office,Bonus,Specialist Bench,user2161@examplebank.com.sa,2019-08-13,Egyptian,No,No,No,,
POS02162,POS02161,Senior Officer Trade Operations,سلطان المطيري,G11,JC7531,Professional,Operations,Example Shared Services,Operations,Trade Operations,Trade Operations Unit 2,Trade Operations Unit 2 — Team D,Trade Operations Unit 2 — Team D / Section 2,,Jeddah,Full-time,Filled,1,CC-1012,Business (1st line),Back office,Bonus,,user2162@examplebank.com.sa,2022-05-09,Saudi,No,No,No,,
POS02163,POS02161,Officer Trade Operations,Karim Mansour,G11,JC9611,Professional,Operations,Example Shared Services,Operations,Trade Operations,Trade Operations Unit 2,Trade Operations Unit 2 — Team D,Trade Operations Unit 2 — Team D / Section 1,,Dammam,Contractor,Filled,1,CC-1044,Business (1st line),Back office,Bonus,,user2163@examplebank.com.sa,2017-05-08,Saudi,No,No,No,,
POS02164,POS02161,Officer Trade Operations,Yusuf Karim,G10,JC6406,Professional,Operations,Example Shared Services,Operations,Trade Operations,Trade Operations Unit 2,Trade Operations Unit 2 — Team D,Trade Operations Unit 2 — Team D / Section 2,,Remote,Full-time,Filled,0.5,CC-1058,Business (1st line),Back office,Fixed,,user2164@examplebank.com.sa,2013-04-11,Saudi,No,No,No,,
POS02165,POS02161,Senior Analyst Trade Operations,دانة الحربي,G11,JC9126,Professional,Operations,Example Shared Services,Operations,Trade Operations,Trade Operations Unit 2,Trade Operations Unit 2 — Team D,Trade Operations Unit 2 — Team D / Section 1,,Jeddah,Full-time,Filled,1,CC-1020,Business (1st line),Back office,Fixed,,user2165@examplebank.com.sa,2021-12-25,Saudi,No,No,Yes,Hassan Darwish,Ready 3+ years
POS02166,POS02161,Officer Trade Operations,Nasser Aziz,G12,JC3394,Management,Operations,Example Shared Services,Operations,Trade Operations,Trade Operations Unit 2,Trade Operations Unit 2 — Team D,Trade Operations Unit 2 — Team D / Section 2,,Remote,Full-time,Filled,1,CC-1001,Business (1st line),Back office,Bonus,,user2166@examplebank.com.sa,2018-02-02,Saudi,No,No,Yes,سارة القحطاني,Ready 1-2 years
POS02167,POS02161,Senior Officer Trade Operations,Ziad Mansour,G10,JC9832,Professional,Operations,Example Shared Services,Operations,Trade Operations,Trade Operations Unit 2,Trade Operations Unit 2 — Team D,Trade Operations Unit 2 — Team D / Section 2,,Dammam,Full-time,Filled,1,CC-1055,Business (1st line),Back office,Fixed,,user2167@examplebank.com.sa,2018-10-21,British,No,No,No,,
POS02168,POS02161,Senior Analyst Trade Operations,Salma Qureshi,G10,JC3454,Professional,Operations,Example Shared Services,Operations,Trade Operations,Trade Operations Unit 2,Trade Operations Unit 2 — Team D,Trade Operations Unit 2 — Team D / Section 2,,Jeddah,Full-time,Filled,1,CC-1022,Business (1st line),Back office,Bonus,,user2168@examplebank.com.sa,2015-11-07,Saudi,No,No,Yes,Karim Fahmy,Ready 3+ years
POS02169,POS02161,Senior Officer Trade Operations,Adel Idris,G9,JC9833,Professional,Operations,Example Shared Services,Operations,Trade Operations,Trade Operations Unit 2,Trade Operations Unit 2 — Team D,Trade Operations Unit 2 — Team D / Section 1,,Khobar,Full-time,Filled,1,CC-1015,Business (1st line),Back office,Bonus,,user2169@examplebank.com.sa,2016-11-22,Saudi,No,No,Yes,Lina Qureshi,Ready 1-2 years
POS02170,POS02161,Senior Analyst Trade Operations,Karim Siddiqui,G10,JC4967,Professional,Operations,Example Shared Services,Operations,Trade Operations,Trade Operations Unit 2,Trade Operations Unit 2 — Team D,Trade Operations Unit 2 — Team D / Section 1,,Riyadh,Full-time,Filled,1,CC-1043,Business (1st line),Back office,Fixed,,user2170@examplebank.com.sa,2020-09-13,Saudi,No,No,No,,
POS02171,POS02161,Specialist Trade Operations,فيصل الدوسري,G9,JC3274,Professional,Operations,Example Shared Services,Operations,Trade Operations,Trade Operations Unit 2,Trade Operations Unit 2 — Team D,Trade Operations Unit 2 — Team D / Section 2,,Riyadh,Full-time,Filled,1,CC-1032,Business (1st line),Back office,Bonus,,user2171@examplebank.com.sa,2025-05-09,Egyptian,No,No,Yes,Salma Khan,Ready 3+ years
POS02172,POS02029,Head of Branch Operations,ماجد السبيعي,G15,JC7138,Leadership,Operations,Example Shared Services,Operations,Branch Operations,,,,,Dammam,Full-time,Filled,1,CC-1014,Business (1st line),Back office,Bonus,,user2172@examplebank.com.sa,2019-08-10,Saudi,Yes,No,No,,
POS02173,POS02172,Senior Manager Branch Operations,لطيفة الدوسري,G14,JC5959,Leadership,Operations,Example Shared Services,Operations,Branch Operations,Branch Operations Unit 1,,,,Riyadh,Full-time,Filled,1,CC-1046,Business (1st line),Back office,Bonus,,user2173@examplebank.com.sa,2025-01-04,Jordanian,No,No,No,,
POS02174,POS02173,Manager Branch Operations,Bilal Rashed,G13,JC4303,Management,Operations,Example Shared Services,Operations,Branch Operations,Branch Operations Unit 1,Branch Operations Unit 1 — Team A,,,Riyadh,Full-time,Filled,1,CC-1041,Business (1st line),Back office,Bonus,,user2174@examplebank.com.sa,2015-07-01,Saudi,No,No,No,,
POS02175,POS02174,Analyst Branch Operations,Waleed Nasser,G11,JC7306,Professional,Operations,Example Shared Services,Operations,Branch Operations,Branch Operations Unit 1,Branch Operations Unit 1 — Team A,Branch Operations Unit 1 — Team A / Section 1,,Jeddah,Full-time,Filled,1,CC-1057,Business (1st line),Back office,Fixed,,user2175@examplebank.com.sa,2021-09-01,British,No,No,No,,
POS02176,POS02174,Analyst Branch Operations,Omar Idris,G10,JC4319,Professional,Operations,Example Shared Services,Operations,Branch Operations,Branch Operations Unit 1,Branch Operations Unit 1 — Team A,Branch Operations Unit 1 — Team A / Section 1,,Riyadh,Full-time,Filled,1,CC-1056,Business (1st line),Back office,Bonus,,user2176@examplebank.com.sa,2015-01-14,Jordanian,No,No,No,,
POS02177,POS02174,Officer Branch Operations,Rana Saleh,G12,JC2453,Management,Operations,Example Shared Services,Operations,Branch Operations,Branch Operations Unit 1,Branch Operations Unit 1 — Team A,Branch Operations Unit 1 — Team A / Section 1,,Jeddah,Full-time,Filled,1,CC-1030,Business (1st line),Back office,Fixed,,user2177@examplebank.com.sa,2014-01-20,Saudi,No,No,No,,
POS02178,POS02174,Analyst Branch Operations,لطيفة العتيبي,G9,JC5244,Professional,Operations,Example Shared Services,Operations,Branch Operations,Branch Operations Unit 1,Branch Operations Unit 1 — Team A,Branch Operations Unit 1 — Team A / Section 1,,Riyadh,Full-time,Filled,1,CC-1012,Business (1st line),Back office,Fixed,,user2178@examplebank.com.sa,2017-03-22,Saudi,No,No,No,,
POS02179,POS02174,Officer Branch Operations,Dana Osman,G11,JC2924,Professional,Operations,Example Shared Services,Operations,Branch Operations,Branch Operations Unit 1,Branch Operations Unit 1 — Team A,Branch Operations Unit 1 — Team A / Section 2,,Jeddah,Full-time,Filled,1,CC-1028,Business (1st line),Back office,Fixed,,user2179@examplebank.com.sa,2024-12-02,Saudi,No,No,Yes,سلطان القحطاني,Ready now
POS02180,POS02174,Associate Branch Operations,Hassan Younes,G11,JC5497,Professional,Operations,Example Shared Services,Operations,Branch Operations,Branch Operations Unit 1,Branch Operations Unit 1 — Team A,Branch Operations Unit 1 — Team A / Section 1,,Khobar,Contractor,Filled,1,CC-1039,Business (1st line),Back office,Fixed,,user2180@examplebank.com.sa,2014-03-18,Saudi,No,No,No,,
POS02181,POS02174,Specialist Branch Operations,,G10,JC1730,Professional,Operations,Example Shared Services,Operations,Branch Operations,Branch Operations Unit 1,Branch Operations Unit 1 — Team A,Branch Operations Unit 1 — Team A / Section 2,,Jeddah,Full-time,Vacant,1,CC-1046,Business (1st line),Back office,Bonus,,,2014-12-28,Egyptian,No,No,Yes,Sami Rashed,Ready 3+ years
POS02182,POS02174,Senior Analyst Branch Operations,سارة الحربي,G12,JC3441,Management,Operations,Example Shared Services,Operations,Branch Operations,Branch Operations Unit 1,Branch Operations Unit 1 — Team A,Branch Operations Unit 1 — Team A / Section 1,,Jeddah,Full-time,Filled,0.5,CC-1020,Business (1st line),Back office,Fixed,,user2182@examplebank.com.sa,2014-08-25,Egyptian,No,No,No,,
POS02183,POS02173,Manager Branch Operations,فيصل الشمري,G13,JC5020,Management,Operations,Example Shared Services,Operations,Branch Operations,Branch Operations Unit 1,Branch Operations Unit 1 — Team B,,,Riyadh,Full-time,Filled,1,CC-1021,Business (1st line),Back office,Bonus,Specialist Bench,user2183@examplebank.com.sa,2016-08-26,Egyptian,No,No,No,,
POS02184,POS02183,Senior Analyst Branch Operations,Lina Karim,G12,JC8462,Management,Operations,Example Shared Services,Operations,Branch Operations,Branch Operations Unit 1,Branch Operations Unit 1 — Team B,Branch Operations Unit 1 — Team B / Section 1,,Riyadh,Full-time,Filled,1,CC-1031,Business (1st line),Back office,Fixed,,user2184@examplebank.com.sa,2014-10-24,Saudi,No,No,No,,
POS02185,POS02183,Officer Branch Operations,Adel Nasser,G12,JC5306,Management,Operations,Example Shared Services,Operations,Branch Operations,Branch Operations Unit 1,Branch Operations Unit 1 — Team B,Branch Operations Unit 1 — Team B / Section 2,,Riyadh,Full-time,Filled,0.5,CC-1059,Business (1st line),Back office,Fixed,,user2185@examplebank.com.sa,2011-12-25,Jordanian,No,No,No,,
POS02186,POS02183,Officer Branch Operations,Waleed Bakr,G10,JC9017,Professional,Operations,Example Shared Services,Operations,Branch Operations,Branch Operations Unit 1,Branch Operations Unit 1 — Team B,Branch Operations Unit 1 — Team B / Section 2,,Khobar,Full-time,Filled,1,CC-1020,Business (1st line),Back office,Fixed,,user2186@examplebank.com.sa,2025-02-20,British,No,No,No,,
POS02187,POS02183,Senior Officer Branch Operations,Hassan Haddad,G9,JC7072,Professional,Operations,Example Shared Services,Operations,Branch Operations,Branch Operations Unit 1,Branch Operations Unit 1 — Team B,Branch Operations Unit 1 — Team B / Section 1,,Dammam,Full-time,Filled,1,CC-1055,Business (1st line),Back office,Bonus,,user2187@examplebank.com.sa,2017-07-04,Saudi,No,No,Yes,دانة القحطاني,Ready 1-2 years
POS02188,POS02183,Officer Branch Operations,Adel Darwish,G10,JC5920,Professional,Operations,Example Shared Services,Operations,Branch Operations,Branch Operations Unit 1,Branch Operations Unit 1 — Team B,Branch Operations Unit 1 — Team B / Section 1,,Dammam,Full-time,Filled,1,CC-1034,Business (1st line),Back office,Fixed,,user2188@examplebank.com.sa,2012-03-24,Saudi,No,No,No,,
POS02189,POS02183,Senior Officer Branch Operations,Maya Farouk,G11,JC5923,Professional,Operations,Example Shared Services,Operations,Branch Operations,Branch Operations Unit 1,Branch Operations Unit 1 — Team B,Branch Operations Unit 1 — Team B / Section 2,,Dammam,Contractor,Filled,1,CC-1046,Business (1st line),Back office,Fixed,,user2189@examplebank.com.sa,2010-03-06,Saudi,No,No,No,,
POS02190,POS02183,Officer Branch Operations,Karim Saleh,G11,JC5701,Professional,Operations,Example Shared Services,Operations,Branch Operations,Branch Operations Unit 1,Branch Operations Unit 1 — Team B,Branch Operations Unit 1 — Team B / Section 1,,Khobar,Full-time,Filled,1,CC-1003,Business (1st line),Back office,Bonus,,user2190@examplebank.com.sa,2020-06-01,Saudi,No,No,No,,
POS02191,POS02183,Senior Officer Branch Operations,Salma Mansour,G10,JC7103,Professional,Operations,Example Shared Services,Operations,Branch Operations,Branch Operations Unit 1,Branch Operations Unit 1 — Team B,Branch Operations Unit 1 — Team B / Section 2,,Khobar,Contractor,Filled,0.5,CC-1032,Business (1st line),Back office,Bonus,,user2191@examplebank.com.sa,2020-06-02,Saudi,No,No,Yes,Omar Qureshi,Ready now
POS02192,POS02183,Senior Officer Branch Operations,فيصل الزهراني,G11,JC8975,Professional,Operations,Example Shared Services,Operations,Branch Operations,Branch Operations Unit 1,Branch Operations Unit 1 — Team B,Branch Operations Unit 1 — Team B / Section 1,,Jeddah,Full-time,Filled,1,CC-1039,Business (1st line),Back office,Fixed,,user2192@examplebank.com.sa,2021-09-06,Saudi,No,No,No,,
POS02193,POS02183,Associate Branch Operations,Tariq Karim,G10,JC8590,Professional,Operations,Example Shared Services,Operations,Branch Operations,Branch Operations Unit 1,Branch Operations Unit 1 — Team B,Branch Operations Unit 1 — Team B / Section 1,,Riyadh,Full-time,Filled,1,CC-1050,Business (1st line),Back office,Bonus,,user2193@examplebank.com.sa,2020-12-22,Egyptian,No,No,No,,
POS02194,POS02173,Manager Branch Operations,Jana Idris,G13,JC4089,Management,Operations,Example Shared Services,Operations,Branch Operations,Branch Operations Unit 1,Branch Operations Unit 1 — Team C,,,Jeddah,Full-time,Filled,1,CC-1013,Business (1st line),Back office,Bonus,,user2194@examplebank.com.sa,2008-03-03,Saudi,No,No,No,,
POS02195,POS02194,Senior Officer Branch Operations,Layla Idris,G9,JC8226,Professional,Operations,Example Shared Services,Operations,Branch Operations,Branch Operations Unit 1,Branch Operations Unit 1 — Team C,Branch Operations Unit 1 — Team C / Section 1,,Riyadh,Full-time,Filled,1,CC-1048,Business (1st line),Back office,Fixed,,user2195@examplebank.com.sa,2009-09-21,Saudi,No,No,Yes,سلطان الدوسري,Ready 3+ years
POS02196,POS02194,Senior Officer Branch Operations,Aisha Siddiqui,G10,JC2729,Professional,Operations,Example Shared Services,Operations,Branch Operations,Branch Operations Unit 1,Branch Operations Unit 1 — Team C,Branch Operations Unit 1 — Team C / Section 2,,Jeddah,Full-time,Filled,1,CC-1008,Business (1st line),Back office,Fixed,Saudi Graduates,user2196@examplebank.com.sa,2012-01-21,Saudi,No,No,No,,
POS02197,POS02194,Specialist Branch Operations,,G10,JC4661,Professional,Operations,Example Shared Services,Operations,Branch Operations,Branch Operations Unit 1,Branch Operations Unit 1 — Team C,Branch Operations Unit 1 — Team C / Section 1,,Riyadh,Full-time,Vacant,1,CC-1024,Business (1st line),Back office,Fixed,,,2012-11-15,Saudi,No,No,No,,
POS02198,POS02194,Officer Branch Operations,Karim Rashed,G9,JC2272,Professional,Operations,Example Shared Services,Operations,Branch Operations,Branch Operations Unit 1,Branch Operations Unit 1 — Team C,Branch Operations Unit 1 — Team C / Section 1,,Dammam,Full-time,Filled,1,CC-1058,Business (1st line),Back office,Fixed,,user2198@examplebank.com.sa,2012-03-22,Saudi,No,No,Yes,سلطان المطيري,Ready now
POS02199,POS02194,Senior Analyst Branch Operations,لطيفة السبيعي,G11,JC1110,Professional,Operations,Example Shared Services,Operations,Branch Operations,Branch Operations Unit 1,Branch Operations Unit 1 — Team C,Branch Operations Unit 1 — Team C / Section 1,,Dammam,Full-time,Filled,1,CC-1027,Business (1st line),Back office,Fixed,,user2199@examplebank.com.sa,2022-04-13,Saudi,No,No,No,,
POS02200,POS02194,Officer Branch Operations,Maya Darwish,G9,JC2212,Professional,Operations,Example Shared Services,Operations,Branch Operations,Branch Operations Unit 1,Branch Operations Unit 1 — Team C,Branch Operations Unit 1 — Team C / Section 1,,Jeddah,Full-time,Filled,1,CC-1046,Business (1st line),Back office,Fixed,,user2200@examplebank.com.sa,2014-03-04,British,No,No,No,,
POS02201,POS02194,Senior Analyst Branch Operations,Dana Mansour,G11,JC7033,Professional,Operations,Example Shared Services,Operations,Branch Operations,Branch Operations Unit 1,Branch Operations Unit 1 — Team C,Branch Operations Unit 1 — Team C / Section 2,,Khobar,Full-time,Filled,1,CC-1037,Business (1st line),Back office,Fixed,,user2201@examplebank.com.sa,2014-08-16,Saudi,No,No,No,,
POS02202,POS02194,Senior Analyst Branch Operations,ريم الدوسري,G10,JC2845,Professional,Operations,Example Shared Services,Operations,Branch Operations,Branch Operations Unit 1,Branch Operations Unit 1 — Team C,Branch Operations Unit 1 — Team C / Section 2,,Riyadh,Full-time,Filled,1,CC-1058,Business (1st line),Back office,Fixed,,user2202@examplebank.com.sa,2014-09-12,Jordanian,No,No,No,,
POS02203,POS02194,Officer Branch Operations,Hassan Osman,G12,JC2793,Management,Operations,Example Shared Services,Operations,Branch Operations,Branch Operations Unit 1,Branch Operations Unit 1 — Team C,Branch Operations Unit 1 — Team C / Section 2,,Jeddah,Contractor,Filled,1,CC-1019,Business (1st line),Back office,Fixed,,user2203@examplebank.com.sa,2022-03-14,Saudi,No,No,No,,
POS02204,POS02172,Senior Manager Branch Operations,Noor Qureshi,G14,JC1342,Leadership,Operations,Example Shared Services,Operations,Branch Operations,Branch Operations Unit 2,,,,Remote,Full-time,Filled,1,CC-1039,Business (1st line),Back office,Bonus,Specialist Bench,user2204@examplebank.com.sa,2020-05-10,Saudi,No,No,No,,
POS02205,POS02204,Manager Branch Operations,Nasser Haddad,G13,JC8984,Management,Operations,Example Shared Services,Operations,Branch Operations,Branch Operations Unit 2,Branch Operations Unit 2 — Team A,,,Jeddah,Full-time,Filled,1,CC-1032,Business (1st line),Back office,Bonus,,user2205@examplebank.com.sa,2021-03-03,Saudi,No,No,No,,
POS02206,POS02205,Specialist Branch Operations,عبدالله الدوسري,G9,JC2683,Professional,Operations,Example Shared Services,Operations,Branch Operations,Branch Operations Unit 2,Branch Operations Unit 2 — Team A,Branch Operations Unit 2 — Team A / Section 2,,Riyadh,Full-time,Filled,1,CC-1002,Business (1st line),Back office,Fixed,,user2206@examplebank.com.sa,2022-09-22,Saudi,No,No,Yes,خالد الشمري,Ready 3+ years
POS02207,POS02205,Analyst Branch Operations,Adel Rashed,G10,JC4518,Professional,Operations,Example Shared Services,Operations,Branch Operations,Branch Operations Unit 2,Branch Operations Unit 2 — Team A,Branch Operations Unit 2 — Team A / Section 2,,Jeddah,Full-time,Filled,1,CC-1015,Business (1st line),Back office,Bonus,,user2207@examplebank.com.sa,2012-11-15,Saudi,No,No,Yes,سارة السبيعي,Ready 1-2 years
POS02208,POS02205,Specialist Branch Operations,Jana Karim,G9,JC2036,Professional,Operations,Example Shared Services,Operations,Branch Operations,Branch Operations Unit 2,Branch Operations Unit 2 — Team A,Branch Operations Unit 2 — Team A / Section 1,,Riyadh,Full-time,Filled,1,CC-1023,Business (1st line),Back office,Fixed,,user2208@examplebank.com.sa,2022-02-18,British,No,No,No,,
POS02209,POS02205,Specialist Branch Operations,نورة السبيعي,G11,JC2434,Professional,Operations,Example Shared Services,Operations,Branch Operations,Branch Operations Unit 2,Branch Operations Unit 2 — Team A,Branch Operations Unit 2 — Team A / Section 1,,Riyadh,Full-time,Filled,1,CC-1050,Business (1st line),Back office,Bonus,,user2209@examplebank.com.sa,2022-10-21,Indian,No,No,No,,
POS02210,POS02205,Senior Officer Branch Operations,Waleed Qureshi,G10,JC8246,Professional,Operations,Example Shared Services,Operations,Branch Operations,Branch Operations Unit 2,Branch Operations Unit 2 — Team A,Branch Operations Unit 2 — Team A / Section 1,,Riyadh,Full-time,Filled,1,CC-1034,Business (1st line),Back office,Fixed,,user2210@examplebank.com.sa,2024-08-05,Indian,No,No,No,,
POS02211,POS02205,Officer Branch Operations,,G10,JC9346,Professional,Operations,Example Shared Services,Operations,Branch Operations,Branch Operations Unit 2,Branch Operations Unit 2 — Team A,Branch Operations Unit 2 — Team A / Section 2,,Jeddah,Full-time,Vacant,1,CC-1028,Business (1st line),Back office,Fixed,,,2008-03-01,Indian,No,No,No,,
POS02212,POS02205,Officer Branch Operations,Bilal Karim,G11,JC5465,Professional,Operations,Example Shared Services,Operations,Branch Operations,Branch Operations Unit 2,Branch Operations Unit 2 — Team A,Branch Operations Unit 2 — Team A / Section 1,,Jeddah,Full-time,Filled,1,CC-1060,Business (1st line),Back office,Bonus,,user2212@examplebank.com.sa,2024-09-24,Saudi,No,No,Yes,عبدالله الزهراني,Ready 1-2 years
POS02213,POS02205,Specialist Branch Operations,لطيفة المطيري,G10,JC6067,Professional,Operations,Example Shared Services,Operations,Branch Operations,Branch Operations Unit 2,Branch Operations Unit 2 — Team A,Branch Operations Unit 2 — Team A / Section 1,,Jeddah,Full-time,Filled,1,CC-1031,Business (1st line),Back office,Fixed,,user2213@examplebank.com.sa,2018-04-17,Jordanian,No,No,Yes,Rana Siddiqui,Ready now
POS02214,POS02204,Manager Branch Operations,خالد الدوسري,G13,JC5202,Management,Operations,Example Shared Services,Operations,Branch Operations,Branch Operations Unit 2,Branch Operations Unit 2 — Team B,,,Riyadh,Full-time,Filled,1,CC-1042,Business (1st line),Back office,Bonus,,user2214@examplebank.com.sa,2010-09-26,Saudi,No,No,No,,
POS02215,POS02214,Senior Officer Branch Operations,Tariq Khan,G12,JC4291,Management,Operations,Example Shared Services,Operations,Branch Operations,Branch Operations Unit 2,Branch Operations Unit 2 — Team B,Branch Operations Unit 2 — Team B / Section 2,,Remote,Full-time,Filled,1,CC-1019,Business (1st line),Back office,Fixed,,user2215@examplebank.com.sa,2012-08-17,Saudi,No,No,No,,
POS02216,POS02214,Officer Branch Operations,Lina Farouk,G9,JC2297,Professional,Operations,Example Shared Services,Operations,Branch Operations,Branch Operations Unit 2,Branch Operations Unit 2 — Team B,Branch Operations Unit 2 — Team B / Section 1,,Riyadh,Full-time,Filled,1,CC-1047,Business (1st line),Back office,Bonus,,user2216@examplebank.com.sa,2022-05-13,Saudi,No,No,No,,
POS02217,POS02214,Analyst Branch Operations,Sami Qureshi,G10,JC5189,Professional,Operations,Example Shared Services,Operations,Branch Operations,Branch Operations Unit 2,Branch Operations Unit 2 — Team B,Branch Operations Unit 2 — Team B / Section 1,,Remote,Full-time,Filled,1,CC-1002,Business (1st line),Back office,Fixed,,user2217@examplebank.com.sa,2016-01-22,Saudi,No,No,No,,
POS02218,POS02214,Senior Analyst Branch Operations,دانة المطيري,G12,JC9865,Management,Operations,Example Shared Services,Operations,Branch Operations,Branch Operations Unit 2,Branch Operations Unit 2 — Team B,Branch Operations Unit 2 — Team B / Section 2,,Riyadh,Full-time,Filled,1,CC-1016,Business (1st line),Back office,Fixed,,user2218@examplebank.com.sa,2017-05-16,Saudi,No,No,No,,
POS02219,POS02214,Analyst Branch Operations,,G10,JC4051,Professional,Operations,Example Shared Services,Operations,Branch Operations,Branch Operations Unit 2,Branch Operations Unit 2 — Team B,Branch Operations Unit 2 — Team B / Section 1,,Dammam,Full-time,Vacant,0.5,CC-1050,Business (1st line),Back office,Bonus,,,2025-01-03,Saudi,No,No,No,,
POS02220,POS02214,Specialist Branch Operations,Karim Saleh,G10,JC9149,Professional,Operations,Example Shared Services,Operations,Branch Operations,Branch Operations Unit 2,Branch Operations Unit 2 — Team B,Branch Operations Unit 2 — Team B / Section 1,,Jeddah,Full-time,Filled,1,CC-1043,Business (1st line),Back office,Fixed,,user2220@examplebank.com.sa,2013-07-12,British,No,No,No,,
POS02221,POS02214,Officer Branch Operations,Salma Darwish,G11,JC7275,Professional,Operations,Example Shared Services,Operations,Branch Operations,Branch Operations Unit 2,Branch Operations Unit 2 — Team B,Branch Operations Unit 2 — Team B / Section 1,,Riyadh,Contractor,Filled,1,CC-1015,Business (1st line),Back office,Fixed,,user2221@examplebank.com.sa,2013-06-13,Saudi,No,No,No,,
POS02222,POS02214,Specialist Branch Operations,خالد المطيري,G11,JC1990,Professional,Operations,Example Shared Services,Operations,Branch Operations,Branch Operations Unit 2,Branch Operations Unit 2 — Team B,Branch Operations Unit 2 — Team B / Section 2,,Riyadh,Full-time,Filled,1,CC-1006,Business (1st line),Back office,Fixed,,user2222@examplebank.com.sa,2012-07-18,Jordanian,No,No,Yes,Jana Khan,Ready now
POS02223,POS02214,Officer Branch Operations,ريم الشمري,G9,JC3321,Professional,Operations,Example Shared Services,Operations,Branch Operations,Branch Operations Unit 2,Branch Operations Unit 2 — Team B,Branch Operations Unit 2 — Team B / Section 2,,Riyadh,Full-time,Filled,0.5,CC-1054,Business (1st line),Back office,Bonus,Saudi Graduates,user2223@examplebank.com.sa,2017-03-27,Indian,No,No,No,,
POS02224,POS02204,Manager Branch Operations,Jana Siddiqui,G13,JC2819,Management,Operations,Example Shared Services,Operations,Branch Operations,Branch Operations Unit 2,Branch Operations Unit 2 — Team C,,,Riyadh,Full-time,Filled,1,CC-1057,Business (1st line),Back office,Bonus,,user2224@examplebank.com.sa,2018-04-02,Egyptian,No,No,No,,
POS02225,POS02224,Senior Officer Branch Operations,أحمد الغامدي,G11,JC5311,Professional,Operations,Example Shared Services,Operations,Branch Operations,Branch Operations Unit 2,Branch Operations Unit 2 — Team C,Branch Operations Unit 2 — Team C / Section 2,,Remote,Full-time,Filled,1,CC-1023,Business (1st line),Back office,Fixed,,user2225@examplebank.com.sa,2012-07-14,Saudi,No,No,No,,
POS02226,POS02224,Specialist Branch Operations,Amal Nasser,G10,JC9348,Professional,Operations,Example Shared Services,Operations,Branch Operations,Branch Operations Unit 2,Branch Operations Unit 2 — Team C,Branch Operations Unit 2 — Team C / Section 1,,Remote,Full-time,Filled,1,CC-1049,Business (1st line),Back office,Fixed,Specialist Bench,user2226@examplebank.com.sa,2008-11-20,Saudi,No,No,No,,
POS02227,POS02224,Senior Officer Branch Operations,هند الحربي,G10,JC9517,Professional,Operations,Example Shared Services,Operations,Branch Operations,Branch Operations Unit 2,Branch Operations Unit 2 — Team C,Branch Operations Unit 2 — Team C / Section 2,,Riyadh,Contractor,Filled,1,CC-1020,Business (1st line),Back office,Fixed,,user2227@examplebank.com.sa,2020-04-14,Jordanian,No,No,No,,
POS02228,POS02224,Officer Branch Operations,Omar Aziz,G9,JC5531,Professional,Operations,Example Shared Services,Operations,Branch Operations,Branch Operations Unit 2,Branch Operations Unit 2 — Team C,Branch Operations Unit 2 — Team C / Section 1,,Jeddah,Full-time,Filled,1,CC-1053,Business (1st line),Back office,Bonus,,user2228@examplebank.com.sa,2019-09-22,Saudi,No,No,No,,
POS02229,POS02224,Officer Branch Operations,Tariq Qureshi,G10,JC9147,Professional,Operations,Example Shared Services,Operations,Branch Operations,Branch Operations Unit 2,Branch Operations Unit 2 — Team C,Branch Operations Unit 2 — Team C / Section 1,,Khobar,Contractor,Filled,1,CC-1000,Business (1st line),Back office,Fixed,,user2229@examplebank.com.sa,2018-08-10,Saudi,No,No,No,,
POS02230,POS02224,Senior Officer Branch Operations,Rami Idris,G9,JC4616,Professional,Operations,Example Shared Services,Operations,Branch Operations,Branch Operations Unit 2,Branch Operations Unit 2 — Team C,Branch Operations Unit 2 — Team C / Section 2,,Riyadh,Full-time,Filled,1,CC-1000,Business (1st line),Back office,Fixed,,user2230@examplebank.com.sa,2020-08-03,Jordanian,No,No,No,,
POS02231,POS02224,Specialist Branch Operations,Layla Nasser,G10,JC8478,Professional,Operations,Example Shared Services,Operations,Branch Operations,Branch Operations Unit 2,Branch Operations Unit 2 — Team C,Branch Operations Unit 2 — Team C / Section 2,,Riyadh,Full-time,Filled,1,CC-1048,Business (1st line),Back office,Fixed,,user2231@examplebank.com.sa,2008-03-04,Saudi,No,No,No,,
POS02232,POS02224,Associate Branch Operations,Jana Osman,G10,JC6053,Professional,Operations,Example Shared Services,Operations,Branch Operations,Branch Operations Unit 2,Branch Operations Unit 2 — Team C,Branch Operations Unit 2 — Team C / Section 1,,Jeddah,Full-time,Filled,1,CC-1035,Business (1st line),Back office,Fixed,,user2232@examplebank.com.sa,2016-06-12,Saudi,No,No,No,,
POS02233,POS02224,Senior Officer Branch Operations,أحمد المطيري,G10,JC1264,Professional,Operations,Example Shared Services,Operations,Branch Operations,Branch Operations Unit 2,Branch Operations Unit 2 — Team C,Branch Operations Unit 2 — Team C / Section 2,,Dammam,Full-time,Filled,1,CC-1043,Business (1st line),Back office,Bonus,,user2233@examplebank.com.sa,2008-08-02,Saudi,No,No,No,,
POS02234,POS02204,Manager Branch Operations,دانة الدوسري,G13,JC5111,Management,Operations,Example Shared Services,Operations,Branch Operations,Branch Operations Unit 2,Branch Operations Unit 2 — Team D,,,Remote,Full-time,Filled,1,CC-1038,Business (1st line),Back office,Bonus,,user2234@examplebank.com.sa,2022-06-20,Saudi,No,No,No,,
POS02235,POS02234,Specialist Branch Operations,,G12,JC2340,Management,Operations,Example Shared Services,Operations,Branch Operations,Branch Operations Unit 2,Branch Operations Unit 2 — Team D,Branch Operations Unit 2 — Team D / Section 2,,Khobar,Full-time,Vacant,1,CC-1001,Business (1st line),Back office,Fixed,,,2014-04-26,British,No,No,No,,
POS02236,POS02234,Officer Branch Operations,Rana Baker,G11,JC6951,Professional,Operations,Example Shared Services,Operations,Branch Operations,Branch Operations Unit 2,Branch Operations Unit 2 — Team D,Branch Operations Unit 2 — Team D / Section 1,,Riyadh,Full-time,Filled,0.5,CC-1018,Business (1st line),Back office,Bonus,,user2236@examplebank.com.sa,2013-12-08,Saudi,No,No,No,,
POS02237,POS02234,Officer Branch Operations,Salma Qureshi,G11,JC7877,Professional,Operations,Example Shared Services,Operations,Branch Operations,Branch Operations Unit 2,Branch Operations Unit 2 — Team D,Branch Operations Unit 2 — Team D / Section 1,,Riyadh,Full-time,Filled,1,CC-1007,Business (1st line),Back office,Fixed,,user2237@examplebank.com.sa,2022-02-02,Indian,No,No,Yes,Amal Younes,Ready 1-2 years
POS02238,POS02234,Senior Officer Branch Operations,Noor Rashed,G9,JC3960,Professional,Operations,Example Shared Services,Operations,Branch Operations,Branch Operations Unit 2,Branch Operations Unit 2 — Team D,Branch Operations Unit 2 — Team D / Section 1,,Riyadh,Full-time,Filled,1,CC-1039,Business (1st line),Back office,Fixed,,user2238@examplebank.com.sa,2009-05-16,Saudi,No,No,No,,
POS02239,POS02234,Analyst Branch Operations,Hassan Qureshi,G10,JC4316,Professional,Operations,Example Shared Services,Operations,Branch Operations,Branch Operations Unit 2,Branch Operations Unit 2 — Team D,Branch Operations Unit 2 — Team D / Section 1,,Jeddah,Full-time,Filled,1,CC-1000,Business (1st line),Back office,Bonus,,user2239@examplebank.com.sa,2025-07-04,Jordanian,No,No,No,,
POS02240,POS02234,Analyst Branch Operations,,G11,JC2201,Professional,Operations,Example Shared Services,Operations,Branch Operations,Branch Operations Unit 2,Branch Operations Unit 2 — Team D,Branch Operations Unit 2 — Team D / Section 2,,Riyadh,Full-time,Vacant,1,CC-1052,Business (1st line),Back office,Fixed,,,2020-02-02,Jordanian,No,No,No,,
POS02241,POS02234,Associate Branch Operations,Nasser Khan,G10,JC1774,Professional,Operations,Example Shared Services,Operations,Branch Operations,Branch Operations Unit 2,Branch Operations Unit 2 — Team D,Branch Operations Unit 2 — Team D / Section 1,,Jeddah,Full-time,Filled,1,CC-1003,Business (1st line),Back office,Fixed,,user2241@examplebank.com.sa,2023-06-28,Egyptian,No,No,No,,
POS02242,POS02234,Specialist Branch Operations,Hassan Darwish,G9,JC7724,Professional,Operations,Example Shared Services,Operations,Branch Operations,Branch Operations Unit 2,Branch Operations Unit 2 — Team D,Branch Operations Unit 2 — Team D / Section 2,,Riyadh,Full-time,Filled,1,CC-1050,Business (1st line),Back office,Fixed,,user2242@examplebank.com.sa,2012-03-14,Saudi,No,No,No,,
POS02243,POS02234,Officer Branch Operations,لطيفة الدوسري,G10,JC2426,Professional,Operations,Example Shared Services,Operations,Branch Operations,Branch Operations Unit 2,Branch Operations Unit 2 — Team D,Branch Operations Unit 2 — Team D / Section 1,,Riyadh,Full-time,Filled,1,CC-1037,Business (1st line),Back office,Fixed,,user2243@examplebank.com.sa,2011-05-20,Saudi,No,No,No,,
POS02244,POS00001,Chief Human Resources Officer,,G16,JC1223,Executive,Human Resources,Example Shared Services,Human Resources,Talent Acquisition,,,,,Riyadh,Full-time,Vacant,0.5,CC-1022,Enabling,Back office,Bonus,,,2017-03-20,Saudi,Yes,Yes,Yes,أحمد الحربي,Ready now
POS02245,POS02244,Head of Talent Acquisition,Rami Siddiqui,G15,JC9232,Leadership,Human Resources,Example Shared Services,Human Resources,Talent Acquisition,,,,,Riyadh,Full-time,Filled,1,CC-1059,Enabling,Back office,Bonus,,user2245@examplebank.com.sa,2017-09-02,Saudi,Yes,No,No,,
POS02246,POS02245,Senior Manager Talent Acquisition,Sami Aziz,G14,JC7196,Leadership,Human Resources,Example Shared Services,Human Resources,Talent Acquisition,Talent Acquisition Unit 1,,,,Riyadh,Full-time,Filled,1,CC-1035,Enabling,Back office,Bonus,,user2246@examplebank.com.sa,2018-12-26,Jordanian,No,No,Yes,هند الزهراني,Ready 3+ years
POS02247,POS02246,Manager Talent Acquisition,نورة الغامدي,G13,JC9010,Management,Human Resources,Example Shared Services,Human Resources,Talent Acquisition,Talent Acquisition Unit 1,Talent Acquisition Unit 1 — Team A,,,Riyadh,Full-time,Filled,0.5,CC-1052,Enabling,Back office,Bonus,,user2247@examplebank.com.sa,2013-09-19,Saudi,No,No,No,,
POS02248,POS02247,Specialist Talent Acquisition,Waleed Bakr,G10,JC9873,Professional,Human Resources,Example Shared Services,Human Resources,Talent Acquisition,Talent Acquisition Unit 1,Talent Acquisition Unit 1 — Team A,Talent Acquisition Unit 1 — Team A / Section 1,,Dammam,Full-time,Filled,1,CC-1012,Enabling,Back office,Bonus,,user2248@examplebank.com.sa,2013-03-05,Saudi,No,No,No,,
POS02249,POS02247,Specialist Talent Acquisition,Bilal Khan,G9,JC9409,Professional,Human Resources,Example Shared Services,Human Resources,Talent Acquisition,Talent Acquisition Unit 1,Talent Acquisition Unit 1 — Team A,Talent Acquisition Unit 1 — Team A / Section 2,,Riyadh,Full-time,Filled,1,CC-1013,Enabling,Back office,Fixed,,user2249@examplebank.com.sa,2023-07-14,British,No,No,Yes,هند الشمري,Ready 1-2 years
POS02250,POS02247,Specialist Talent Acquisition,Maya Baker,G11,JC6657,Professional,Human Resources,Example Shared Services,Human Resources,Talent Acquisition,Talent Acquisition Unit 1,Talent Acquisition Unit 1 — Team A,Talent Acquisition Unit 1 — Team A / Section 2,,Jeddah,Full-time,Filled,1,CC-1011,Enabling,Back office,Fixed,,user2250@examplebank.com.sa,2019-09-04,Saudi,No,No,No,,
POS02251,POS02247,Analyst Talent Acquisition,Huda Haddad,G10,JC6059,Professional,Human Resources,Example Shared Services,Human Resources,Talent Acquisition,Talent Acquisition Unit 1,Talent Acquisition Unit 1 — Team A,Talent Acquisition Unit 1 — Team A / Section 2,,Riyadh,Full-time,Filled,1,CC-1049,Enabling,Back office,Bonus,,user2251@examplebank.com.sa,2009-06-28,Saudi,No,No,No,,
POS02252,POS02247,Associate Talent Acquisition,Mona Khan,G9,JC4264,Professional,Human Resources,Example Shared Services,Human Resources,Talent Acquisition,Talent Acquisition Unit 1,Talent Acquisition Unit 1 — Team A,Talent Acquisition Unit 1 — Team A / Section 2,,Riyadh,Full-time,Filled,1,CC-1012,Enabling,Back office,Bonus,,user2252@examplebank.com.sa,2022-07-21,Saudi,No,No,No,,
POS02253,POS02247,Analyst Talent Acquisition,هند السبيعي,G10,JC7069,Professional,Human Resources,Example Shared Services,Human Resources,Talent Acquisition,Talent Acquisition Unit 1,Talent Acquisition Unit 1 — Team A,Talent Acquisition Unit 1 — Team A / Section 1,,Dammam,Full-time,Filled,1,CC-1053,Enabling,Back office,Fixed,,user2253@examplebank.com.sa,2020-05-23,Saudi,No,No,No,,
POS02254,POS02247,Associate Talent Acquisition,Rami Baker,G12,JC8093,Management,Human Resources,Example Shared Services,Human Resources,Talent Acquisition,Talent Acquisition Unit 1,Talent Acquisition Unit 1 — Team A,Talent Acquisition Unit 1 — Team A / Section 1,,Riyadh,Full-time,Filled,1,CC-1012,Enabling,Back office,Fixed,,user2254@examplebank.com.sa,2013-03-21,Egyptian,No,No,No,,
POS02255,POS02246,Manager Talent Acquisition,هند الغامدي,G13,JC5813,Management,Human Resources,Example Shared Services,Human Resources,Talent Acquisition,Talent Acquisition Unit 1,Talent Acquisition Unit 1 — Team B,,,Riyadh,Contractor,Filled,1,CC-1046,Enabling,Back office,Bonus,,user2255@examplebank.com.sa,2020-06-21,Indian,No,No,No,,
POS02256,POS02255,Officer Talent Acquisition,سارة القحطاني,G11,JC8993,Professional,Human Resources,Example Shared Services,Human Resources,Talent Acquisition,Talent Acquisition Unit 1,Talent Acquisition Unit 1 — Team B,Talent Acquisition Unit 1 — Team B / Section 2,,Khobar,Full-time,Filled,1,CC-1020,Enabling,Back office,Fixed,Future Executives,user2256@examplebank.com.sa,2025-11-09,Saudi,No,No,Yes,عبدالله المطيري,Ready 1-2 years
POS02257,POS02255,Associate Talent Acquisition,Layla Rashed,G10,JC5673,Professional,Human Resources,Example Shared Services,Human Resources,Talent Acquisition,Talent Acquisition Unit 1,Talent Acquisition Unit 1 — Team B,Talent Acquisition Unit 1 — Team B / Section 2,,Jeddah,Full-time,Filled,1,CC-1026,Enabling,Back office,Fixed,,user2257@examplebank.com.sa,2014-10-05,Jordanian,No,No,Yes,ريم الغامدي,Ready now
POS02258,POS02255,Associate Talent Acquisition,,G11,JC7366,Professional,Human Resources,Example Shared Services,Human Resources,Talent Acquisition,Talent Acquisition Unit 1,Talent Acquisition Unit 1 — Team B,Talent Acquisition Unit 1 — Team B / Section 1,,Dammam,Full-time,Vacant,1,CC-1053,Enabling,Back office,Fixed,,,2011-04-14,Saudi,No,No,No,,
POS02259,POS02255,Officer Talent Acquisition,ريم الحربي,G12,JC2198,Management,Human Resources,Example Shared Services,Human Resources,Talent Acquisition,Talent Acquisition Unit 1,Talent Acquisition Unit 1 — Team B,Talent Acquisition Unit 1 — Team B / Section 1,,Remote,Full-time,Filled,0.5,CC-1027,Enabling,Back office,Bonus,,user2259@examplebank.com.sa,2020-09-19,Saudi,No,No,Yes,عبدالله العتيبي,Ready 3+ years
POS02260,POS02255,Specialist Talent Acquisition,,G12,JC2436,Management,Human Resources,Example Shared Services,Human Resources,Talent Acquisition,Talent Acquisition Unit 1,Talent Acquisition Unit 1 — Team B,Talent Acquisition Unit 1 — Team B / Section 1,,Jeddah,Full-time,Vacant,1,CC-1000,Enabling,Back office,Fixed,,,2012-08-25,Saudi,No,No,Yes,دانة القحطاني,Ready now
POS02261,POS02255,Associate Talent Acquisition,Karim Rashed,G9,JC7855,Professional,Human Resources,Example Shared Services,Human Resources,Talent Acquisition,Talent Acquisition Unit 1,Talent Acquisition Unit 1 — Team B,Talent Acquisition Unit 1 — Team B / Section 2,,Riyadh,Full-time,Filled,1,CC-1013,Enabling,Back office,Fixed,,user2261@examplebank.com.sa,2017-03-14,Egyptian,No,No,No,,
POS02262,POS02255,Senior Analyst Talent Acquisition,Noor Saleh,G9,JC9339,Professional,Human Resources,Example Shared Services,Human Resources,Talent Acquisition,Talent Acquisition Unit 1,Talent Acquisition Unit 1 — Team B,Talent Acquisition Unit 1 — Team B / Section 2,,Remote,Full-time,Filled,1,CC-1011,Enabling,Back office,Fixed,,user2262@examplebank.com.sa,2016-11-26,Egyptian,No,No,No,,
POS02263,POS02255,Senior Analyst Talent Acquisition,Omar Qureshi,G10,JC5939,Professional,Human Resources,Example Shared Services,Human Resources,Talent Acquisition,Talent Acquisition Unit 1,Talent Acquisition Unit 1 — Team B,Talent Acquisition Unit 1 — Team B / Section 1,,Riyadh,Full-time,Filled,1,CC-1013,Enabling,Back office,Bonus,,user2263@examplebank.com.sa,2020-02-13,Saudi,No,No,Yes,Adel Osman,Ready 1-2 years
POS02264,POS02246,Manager Talent Acquisition,هند المطيري,G13,JC9490,Management,Human Resources,Example Shared Services,Human Resources,Talent Acquisition,Talent Acquisition Unit 1,Talent Acquisition Unit 1 — Team C,,,Riyadh,Full-time,Filled,0.5,CC-1007,Enabling,Back office,Bonus,,user2264@examplebank.com.sa,2011-01-07,Saudi,No,No,No,,
POS02265,POS02264,Analyst Talent Acquisition,خالد الحربي,G10,JC8453,Professional,Human Resources,Example Shared Services,Human Resources,Talent Acquisition,Talent Acquisition Unit 1,Talent Acquisition Unit 1 — Team C,Talent Acquisition Unit 1 — Team C / Section 1,,Khobar,Full-time,Filled,1,CC-1037,Enabling,Back office,Fixed,,user2265@examplebank.com.sa,2008-01-08,Egyptian,No,No,Yes,Tariq Younes,Ready 1-2 years
POS02266,POS02264,Officer Talent Acquisition,,G10,JC2901,Professional,Human Resources,Example Shared Services,Human Resources,Talent Acquisition,Talent Acquisition Unit 1,Talent Acquisition Unit 1 — Team C,Talent Acquisition Unit 1 — Team C / Section 1,,Dammam,Full-time,Vacant,1,CC-1000,Enabling,Back office,Fixed,Saudi Graduates,,2017-08-20,Saudi,No,No,No,,
POS02267,POS02264,Specialist Talent Acquisition,Sami Darwish,G12,JC2283,Management,Human Resources,Example Shared Services,Human Resources,Talent Acquisition,Talent Acquisition Unit 1,Talent Acquisition Unit 1 — Team C,Talent Acquisition Unit 1 — Team C / Section 2,,Jeddah,Full-time,Filled,1,CC-1025,Enabling,Back office,Fixed,,user2267@examplebank.com.sa,2013-01-18,Indian,No,No,No,,
POS02268,POS02264,Senior Officer Talent Acquisition,Adel Khan,G9,JC5736,Professional,Human Resources,Example Shared Services,Human Resources,Talent Acquisition,Talent Acquisition Unit 1,Talent Acquisition Unit 1 — Team C,Talent Acquisition Unit 1 — Team C / Section 1,,Riyadh,Full-time,Filled,1,CC-1017,Enabling,Back office,Bonus,,user2268@examplebank.com.sa,2022-10-11,Saudi,No,No,No,,
POS02269,POS02264,Senior Officer Talent Acquisition,Mona Karim,G9,JC1675,Professional,Human Resources,Example Shared Services,Human Resources,Talent Acquisition,Talent Acquisition Unit 1,Talent Acquisition Unit 1 — Team C,Talent Acquisition Unit 1 — Team C / Section 2,,Khobar,Full-time,Filled,1,CC-1039,Enabling,Back office,Bonus,,user2269@examplebank.com.sa,2020-01-03,Indian,No,No,No,,
POS02270,POS02264,Senior Analyst Talent Acquisition,عبدالله الشمري,G12,JC5763,Management,Human Resources,Example Shared Services,Human Resources,Talent Acquisition,Talent Acquisition Unit 1,Talent Acquisition Unit 1 — Team C,Talent Acquisition Unit 1 — Team C / Section 1,,Riyadh,Full-time,Filled,1,CC-1024,Enabling,Back office,Fixed,,user2270@examplebank.com.sa,2024-10-02,British,No,No,Yes,Ziad Qureshi,Ready 1-2 years
POS02271,POS02246,Manager Talent Acquisition,Karim Aziz,G13,JC7626,Management,Human Resources,Example Shared Services,Human Resources,Talent Acquisition,Talent Acquisition Unit 1,Talent Acquisition Unit 1 — Team D,,,Remote,Full-time,Filled,1,CC-1038,Enabling,Back office,Bonus,,user2271@examplebank.com.sa,2016-05-15,Saudi,No,No,No,,
POS02272,POS02271,Senior Analyst Talent Acquisition,Maya Idris,G10,JC4084,Professional,Human Resources,Example Shared Services,Human Resources,Talent Acquisition,Talent Acquisition Unit 1,Talent Acquisition Unit 1 — Team D,Talent Acquisition Unit 1 — Team D / Section 1,,Jeddah,Full-time,Filled,1,CC-1030,Enabling,Back office,Fixed,,user2272@examplebank.com.sa,2011-12-22,Saudi,No,No,No,,
POS02273,POS02271,Senior Officer Talent Acquisition,,G12,JC7450,Management,Human Resources,Example Shared Services,Human Resources,Talent Acquisition,Talent Acquisition Unit 1,Talent Acquisition Unit 1 — Team D,Talent Acquisition Unit 1 — Team D / Section 2,,Riyadh,Full-time,Vacant,1,CC-1042,Enabling,Back office,Fixed,,,2011-05-10,Saudi,No,No,No,,
POS02274,POS02271,Senior Analyst Talent Acquisition,Sami Rashed,G10,JC7606,Professional,Human Resources,Example Shared Services,Human Resources,Talent Acquisition,Talent Acquisition Unit 1,Talent Acquisition Unit 1 — Team D,Talent Acquisition Unit 1 — Team D / Section 2,,Riyadh,Full-time,Filled,1,CC-1055,Enabling,Back office,Bonus,,user2274@examplebank.com.sa,2012-09-04,Indian,No,No,No,,
POS02275,POS02271,Senior Officer Talent Acquisition,Ziad Siddiqui,G11,JC3438,Professional,Human Resources,Example Shared Services,Human Resources,Talent Acquisition,Talent Acquisition Unit 1,Talent Acquisition Unit 1 — Team D,Talent Acquisition Unit 1 — Team D / Section 1,,Jeddah,Full-time,Filled,1,CC-1053,Enabling,Back office,Fixed,,user2275@examplebank.com.sa,2023-08-24,Saudi,No,No,Yes,Maya Khan,Ready now
POS02276,POS02271,Analyst Talent Acquisition,Omar Haddad,G11,JC9549,Professional,Human Resources,Example Shared Services,Human Resources,Talent Acquisition,Talent Acquisition Unit 1,Talent Acquisition Unit 1 — Team D,Talent Acquisition Unit 1 — Team D / Section 2,,Riyadh,Contractor,Filled,1,CC-1022,Enabling,Back office,Bonus,,user2276@examplebank.com.sa,2024-06-15,Saudi,No,No,No,,
POS02277,POS02271,Associate Talent Acquisition,Amal Farouk,G10,JC1802,Professional,Human Resources,Example Shared Services,Human Resources,Talent Acquisition,Talent Acquisition Unit 1,Talent Acquisition Unit 1 — Team D,Talent Acquisition Unit 1 — Team D / Section 2,,Riyadh,Full-time,Filled,1,CC-1042,Enabling,Back office,Fixed,,user2277@examplebank.com.sa,2017-02-24,Saudi,No,No,No,,
POS02278,POS02271,Associate Talent Acquisition,لطيفة الدوسري,G11,JC5548,Professional,Human Resources,Example Shared Services,Human Resources,Talent Acquisition,Talent Acquisition Unit 1,Talent Acquisition Unit 1 — Team D,Talent Acquisition Unit 1 — Team D / Section 1,,Jeddah,Full-time,Filled,1,CC-1036,Enabling,Back office,Fixed,,user2278@examplebank.com.sa,2019-05-21,Egyptian,No,No,No,,
POS02279,POS02271,Officer Talent Acquisition,ماجد الغامدي,G12,JC7218,Management,Human Resources,Example Shared Services,Human Resources,Talent Acquisition,Talent Acquisition Unit 1,Talent Acquisition Unit 1 — Team D,Talent Acquisition Unit 1 — Team D / Section 2,,Remote,Full-time,Filled,0.5,CC-1000,Enabling,Back office,Fixed,,user2279@examplebank.com.sa,2011-07-08,Indian,No,No,No,,
POS02280,POS02271,Associate Talent Acquisition,Tariq Farouk,G9,JC6196,Professional,Human Resources,Example Shared Services,Human Resources,Talent Acquisition,Talent Acquisition Unit 1,Talent Acquisition Unit 1 — Team D,Talent Acquisition Unit 1 — Team D / Section 2,,Riyadh,Full-time,Filled,1,CC-1028,Enabling,Back office,Fixed,,user2280@examplebank.com.sa,2022-05-02,Saudi,No,No,No,,
POS02281,POS02271,Specialist Talent Acquisition,Maya Nasser,G10,JC7602,Professional,Human Resources,Example Shared Services,Human Resources,Talent Acquisition,Talent Acquisition Unit 1,Talent Acquisition Unit 1 — Team D,Talent Acquisition Unit 1 — Team D / Section 2,,Riyadh,Full-time,Filled,1,CC-1014,Enabling,Back office,Bonus,,user2281@examplebank.com.sa,2011-04-28,Saudi,No,No,No,,
POS02282,POS02271,Specialist Talent Acquisition,Dana Fahmy,G11,JC8860,Professional,Human Resources,Example Shared Services,Human Resources,Talent Acquisition,Talent Acquisition Unit 1,Talent Acquisition Unit 1 — Team D,Talent Acquisition Unit 1 — Team D / Section 1,,Dammam,Full-time,Filled,1,CC-1052,Enabling,Back office,Fixed,,user2282@examplebank.com.sa,2017-10-26,Saudi,No,No,Yes,Ziad Rashed,Ready now
POS02283,POS02245,Senior Manager Talent Acquisition,هند المطيري,G14,JC4608,Leadership,Human Resources,Example Shared Services,Human Resources,Talent Acquisition,Talent Acquisition Unit 2,,,,Khobar,Full-time,Filled,1,CC-1003,Enabling,Back office,Bonus,Future Executives,user2283@examplebank.com.sa,2019-07-21,Saudi,No,No,Yes,Jana Nasser,Ready now
POS02284,POS02283,Manager Talent Acquisition,,G13,JC5486,Management,Human Resources,Example Shared Services,Human Resources,Talent Acquisition,Talent Acquisition Unit 2,Talent Acquisition Unit 2 — Team A,,,Riyadh,Contractor,Vacant,1,CC-1031,Enabling,Back office,Bonus,,,2022-08-04,British,No,No,No,,
POS02285,POS02284,Associate Talent Acquisition,Rana Rashed,G12,JC7132,Management,Human Resources,Example Shared Services,Human Resources,Talent Acquisition,Talent Acquisition Unit 2,Talent Acquisition Unit 2 — Team A,Talent Acquisition Unit 2 — Team A / Section 2,,Riyadh,Full-time,Filled,1,CC-1001,Enabling,Back office,Fixed,,user2285@examplebank.com.sa,2016-10-11,Saudi,No,No,Yes,نورة القحطاني,Ready now
POS02286,POS02284,Senior Analyst Talent Acquisition,Hassan Aziz,G12,JC5801,Management,Human Resources,Example Shared Services,Human Resources,Talent Acquisition,Talent Acquisition Unit 2,Talent Acquisition Unit 2 — Team A,Talent Acquisition Unit 2 — Team A / Section 1,,Jeddah,Full-time,Filled,1,CC-1055,Enabling,Back office,Bonus,,user2286@examplebank.com.sa,2018-07-25,Saudi,No,No,No,,
POS02287,POS02284,Officer Talent Acquisition,Noor Fahmy,G12,JC2568,Management,Human Resources,Example Shared Services,Human Resources,Talent Acquisition,Talent Acquisition Unit 2,Talent Acquisition Unit 2 — Team A,Talent Acquisition Unit 2 — Team A / Section 1,,Jeddah,Full-time,Filled,1,CC-1057,Enabling,Back office,Bonus,,user2287@examplebank.com.sa,2008-11-15,British,No,No,Yes,Adel Osman,Ready now
POS02288,POS02284,Senior Officer Talent Acquisition,Waleed Qureshi,G12,JC7799,Management,Human Resources,Example Shared Services,Human Resources,Talent Acquisition,Talent Acquisition Unit 2,Talent Acquisition Unit 2 — Team A,Talent Acquisition Unit 2 — Team A / Section 2,,Dammam,Full-time,Filled,1,CC-1038,Enabling,Back office,Fixed,,user2288@examplebank.com.sa,2010-03-05,Jordanian,No,No,No,,
POS02289,POS02284,Senior Officer Talent Acquisition,هند الدوسري,G10,JC3171,Professional,Human Resources,Example Shared Services,Human Resources,Talent Acquisition,Talent Acquisition Unit 2,Talent Acquisition Unit 2 — Team A,Talent Acquisition Unit 2 — Team A / Section 2,,Jeddah,Full-time,Filled,1,CC-1000,Enabling,Back office,Fixed,,user2289@examplebank.com.sa,2012-05-19,Saudi,No,No,No,,
POS02290,POS02284,Officer Talent Acquisition,Waleed Younes,G10,JC9329,Professional,Human Resources,Example Shared Services,Human Resources,Talent Acquisition,Talent Acquisition Unit 2,Talent Acquisition Unit 2 — Team A,Talent Acquisition Unit 2 — Team A / Section 1,,Remote,Full-time,Filled,1,CC-1013,Enabling,Back office,Bonus,Saudi Graduates,user2290@examplebank.com.sa,2013-07-25,Saudi,No,No,No,,
POS02291,POS02284,Senior Analyst Talent Acquisition,Amal Qureshi,G10,JC6878,Professional,Human Resources,Example Shared Services,Human Resources,Talent Acquisition,Talent Acquisition Unit 2,Talent Acquisition Unit 2 — Team A,Talent Acquisition Unit 2 — Team A / Section 1,,Jeddah,Full-time,Filled,1,CC-1018,Enabling,Back office,Fixed,,user2291@examplebank.com.sa,2008-03-11,Egyptian,No,No,No,,
POS02292,POS02284,Associate Talent Acquisition,Bilal Osman,G10,JC9245,Professional,Human Resources,Example Shared Services,Human Resources,Talent Acquisition,Talent Acquisition Unit 2,Talent Acquisition Unit 2 — Team A,Talent Acquisition Unit 2 — Team A / Section 1,,Dammam,Full-time,Filled,1,CC-1051,Enabling,Back office,Fixed,,user2292@examplebank.com.sa,2010-09-24,Indian,No,No,No,,
POS02293,POS02284,Senior Analyst Talent Acquisition,Jana Darwish,G12,JC6190,Management,Human Resources,Example Shared Services,Human Resources,Talent Acquisition,Talent Acquisition Unit 2,Talent Acquisition Unit 2 — Team A,Talent Acquisition Unit 2 — Team A / Section 1,,Riyadh,Full-time,Filled,1,CC-1035,Enabling,Back office,Fixed,,user2293@examplebank.com.sa,2022-03-06,Saudi,No,No,No,,
POS02294,POS02284,Analyst Talent Acquisition,,G9,JC1538,Professional,Human Resources,Example Shared Services,Human Resources,Talent Acquisition,Talent Acquisition Unit 2,Talent Acquisition Unit 2 — Team A,Talent Acquisition Unit 2 — Team A / Section 1,,Jeddah,Full-time,Vacant,1,CC-1038,Enabling,Back office,Fixed,,,2012-07-15,Saudi,No,No,No,,
POS02295,POS02284,Officer Talent Acquisition,Yusuf Younes,G10,JC2830,Professional,Human Resources,Example Shared Services,Human Resources,Talent Acquisition,Talent Acquisition Unit 2,Talent Acquisition Unit 2 — Team A,Talent Acquisition Unit 2 — Team A / Section 1,,Riyadh,Full-time,Filled,1,CC-1025,Enabling,Back office,Fixed,,user2295@examplebank.com.sa,2016-11-27,Saudi,No,No,No,,
POS02296,POS02283,Manager Talent Acquisition,Adel Saleh,G13,JC3672,Management,Human Resources,Example Shared Services,Human Resources,Talent Acquisition,Talent Acquisition Unit 2,Talent Acquisition Unit 2 — Team B,,,Riyadh,Full-time,Filled,1,CC-1018,Enabling,Back office,Bonus,,user2296@examplebank.com.sa,2012-11-14,Saudi,No,No,No,,
POS02297,POS02296,Specialist Talent Acquisition,نورة الغامدي,G10,JC2297,Professional,Human Resources,Example Shared Services,Human Resources,Talent Acquisition,Talent Acquisition Unit 2,Talent Acquisition Unit 2 — Team B,Talent Acquisition Unit 2 — Team B / Section 2,,Riyadh,Full-time,Filled,1,CC-1012,Enabling,Back office,Bonus,Specialist Bench,user2297@examplebank.com.sa,2014-08-10,Jordanian,No,No,No,,
POS02298,POS02296,Specialist Talent Acquisition,نورة المطيري,G11,JC8079,Professional,Human Resources,Example Shared Services,Human Resources,Talent Acquisition,Talent Acquisition Unit 2,Talent Acquisition Unit 2 — Team B,Talent Acquisition Unit 2 — Team B / Section 2,,Remote,Full-time,Filled,1,CC-1053,Enabling,Back office,Fixed,Emerging Leaders,user2298@examplebank.com.sa,2014-09-12,Saudi,No,No,No,,
POS02299,POS02296,Senior Officer Talent Acquisition,نورة الشمري,G10,JC8895,Professional,Human Resources,Example Shared Services,Human Resources,Talent Acquisition,Talent Acquisition Unit 2,Talent Acquisition Unit 2 — Team B,Talent Acquisition Unit 2 — Team B / Section 1,,Khobar,Full-time,Filled,1,CC-1042,Enabling,Back office,Bonus,,user2299@examplebank.com.sa,2025-02-10,Egyptian,No,No,No,,
POS02300,POS02296,Senior Analyst Talent Acquisition,ماجد الحربي,G10,JC1419,Professional,Human Resources,Example Shared Services,Human Resources,Talent Acquisition,Talent Acquisition Unit 2,Talent Acquisition Unit 2 — Team B,Talent Acquisition Unit 2 — Team B / Section 2,,Riyadh,Full-time,Filled,1,CC-1035,Enabling,Back office,Fixed,,user2300@examplebank.com.sa,2023-05-24,Egyptian,No,No,Yes,نورة الدوسري,Ready 3+ years
POS02301,POS02296,Senior Analyst Talent Acquisition,Hassan Darwish,G10,JC4344,Professional,Human Resources,Example Shared Services,Human Resources,Talent Acquisition,Talent Acquisition Unit 2,Talent Acquisition Unit 2 — Team B,Talent Acquisition Unit 2 — Team B / Section 2,,Khobar,Full-time,Filled,1,CC-1024,Enabling,Back office,Bonus,,user2301@examplebank.com.sa,2009-03-27,Saudi,No,No,No,,
POS02302,POS02296,Senior Analyst Talent Acquisition,Dana Bakr,G12,JC6154,Management,Human Resources,Example Shared Services,Human Resources,Talent Acquisition,Talent Acquisition Unit 2,Talent Acquisition Unit 2 — Team B,Talent Acquisition Unit 2 — Team B / Section 1,,Khobar,Full-time,Filled,1,CC-1057,Enabling,Back office,Fixed,,user2302@examplebank.com.sa,2018-05-18,Jordanian,No,No,No,,
POS02303,POS02296,Associate Talent Acquisition,ماجد الشمري,G9,JC5098,Professional,Human Resources,Example Shared Services,Human Resources,Talent Acquisition,Talent Acquisition Unit 2,Talent Acquisition Unit 2 — Team B,Talent Acquisition Unit 2 — Team B / Section 2,,Dammam,Contractor,Filled,1,CC-1049,Enabling,Back office,Bonus,,user2303@examplebank.com.sa,2010-10-09,Saudi,No,No,No,,
POS02304,POS02296,Senior Analyst Talent Acquisition,لطيفة الغامدي,G11,JC2676,Professional,Human Resources,Example Shared Services,Human Resources,Talent Acquisition,Talent Acquisition Unit 2,Talent Acquisition Unit 2 — Team B,Talent Acquisition Unit 2 — Team B / Section 1,,Khobar,Full-time,Filled,1,CC-1054,Enabling,Back office,Bonus,,user2304@examplebank.com.sa,2012-06-07,Jordanian,No,No,No,,
POS02305,POS02296,Senior Analyst Talent Acquisition,Nasser Mansour,G10,JC2506,Professional,Human Resources,Example Shared Services,Human Resources,Talent Acquisition,Talent Acquisition Unit 2,Talent Acquisition Unit 2 — Team B,Talent Acquisition Unit 2 — Team B / Section 2,,Riyadh,Full-time,Filled,1,CC-1010,Enabling,Back office,Fixed,,user2305@examplebank.com.sa,2015-11-01,British,No,No,No,,
POS02306,POS02296,Analyst Talent Acquisition,Layla Qureshi,G12,JC9660,Management,Human Resources,Example Shared Services,Human Resources,Talent Acquisition,Talent Acquisition Unit 2,Talent Acquisition Unit 2 — Team B,Talent Acquisition Unit 2 — Team B / Section 1,,Khobar,Full-time,Filled,1,CC-1054,Enabling,Back office,Bonus,Emerging Leaders,user2306@examplebank.com.sa,2016-10-22,Egyptian,No,No,Yes,فيصل القحطاني,Ready 3+ years
POS02307,POS02296,Analyst Talent Acquisition,ريم المطيري,G10,JC4281,Professional,Human Resources,Example Shared Services,Human Resources,Talent Acquisition,Talent Acquisition Unit 2,Talent Acquisition Unit 2 — Team B,Talent Acquisition Unit 2 — Team B / Section 1,,Riyadh,Full-time,Filled,1,CC-1032,Enabling,Back office,Bonus,,user2307@examplebank.com.sa,2008-08-04,Saudi,No,No,No,,
POS02308,POS02283,Manager Talent Acquisition,,G13,JC7075,Management,Human Resources,Example Shared Services,Human Resources,Talent Acquisition,Talent Acquisition Unit 2,Talent Acquisition Unit 2 — Team C,,,Riyadh,Full-time,Vacant,0.5,CC-1039,Enabling,Back office,Bonus,,,2012-01-11,Saudi,No,No,No,,
POS02309,POS02308,Senior Officer Talent Acquisition,Dana Osman,G10,JC2599,Professional,Human Resources,Example Shared Services,Human Resources,Talent Acquisition,Talent Acquisition Unit 2,Talent Acquisition Unit 2 — Team C,Talent Acquisition Unit 2 — Team C / Section 2,,Riyadh,Full-time,Filled,1,CC-1048,Enabling,Back office,Bonus,,user2309@examplebank.com.sa,2023-11-23,Jordanian,No,No,No,,
POS02310,POS02308,Specialist Talent Acquisition,Noor Baker,G10,JC9987,Professional,Human Resources,Example Shared Services,Human Resources,Talent Acquisition,Talent Acquisition Unit 2,Talent Acquisition Unit 2 — Team C,Talent Acquisition Unit 2 — Team C / Section 2,,Jeddah,Full-time,Filled,1,CC-1039,Enabling,Back office,Bonus,Specialist Bench,user2310@examplebank.com.sa,2013-12-06,Saudi,No,No,No,,
POS02311,POS02308,Associate Talent Acquisition,خالد الشمري,G10,JC1867,Professional,Human Resources,Example Shared Services,Human Resources,Talent Acquisition,Talent Acquisition Unit 2,Talent Acquisition Unit 2 — Team C,Talent Acquisition Unit 2 — Team C / Section 1,,Dammam,Full-time,Filled,1,CC-1040,Enabling,Back office,Fixed,,user2311@examplebank.com.sa,2011-12-18,Saudi,No,No,No,,
POS02312,POS02308,Associate Talent Acquisition,Ziad Bakr,G12,JC8790,Management,Human Resources,Example Shared Services,Human Resources,Talent Acquisition,Talent Acquisition Unit 2,Talent Acquisition Unit 2 — Team C,Talent Acquisition Unit 2 — Team C / Section 1,,Remote,Full-time,Filled,1,CC-1022,Enabling,Back office,Fixed,,user2312@examplebank.com.sa,2019-08-11,Saudi,No,No,Yes,Layla Saleh,Ready now
POS02313,POS02308,Senior Analyst Talent Acquisition,Adel Khan,G11,JC3397,Professional,Human Resources,Example Shared Services,Human Resources,Talent Acquisition,Talent Acquisition Unit 2,Talent Acquisition Unit 2 — Team C,Talent Acquisition Unit 2 — Team C / Section 1,,Riyadh,Full-time,Filled,0.5,CC-1056,Enabling,Back office,Bonus,,user2313@examplebank.com.sa,2011-07-08,Saudi,No,No,No,,
POS02314,POS02308,Senior Analyst Talent Acquisition,Adel Farouk,G10,JC8699,Professional,Human Resources,Example Shared Services,Human Resources,Talent Acquisition,Talent Acquisition Unit 2,Talent Acquisition Unit 2 — Team C,Talent Acquisition Unit 2 — Team C / Section 1,,Khobar,Full-time,Filled,1,CC-1029,Enabling,Back office,Bonus,,user2314@examplebank.com.sa,2019-09-08,Indian,No,No,Yes,Lina Aziz,Ready 1-2 years
POS02315,POS02308,Specialist Talent Acquisition,Maya Saleh,G12,JC1837,Management,Human Resources,Example Shared Services,Human Resources,Talent Acquisition,Talent Acquisition Unit 2,Talent Acquisition Unit 2 — Team C,Talent Acquisition Unit 2 — Team C / Section 1,,Dammam,Full-time,Filled,1,CC-1012,Enabling,Back office,Fixed,,user2315@examplebank.com.sa,2017-10-01,Saudi,No,No,Yes,هند القحطاني,Ready 1-2 years
POS02316,POS02308,Analyst Talent Acquisition,,G11,JC4731,Professional,Human Resources,Example Shared Services,Human Resources,Talent Acquisition,Talent Acquisition Unit 2,Talent Acquisition Unit 2 — Team C,Talent Acquisition Unit 2 — Team C / Section 2,,Dammam,Full-time,Vacant,1,CC-1006,Enabling,Back office,Bonus,,,2017-04-26,Saudi,No,No,No,,
POS02317,POS02308,Senior Analyst Talent Acquisition,هند الشمري,G10,JC7981,Professional,Human Resources,Example Shared Services,Human Resources,Talent Acquisition,Talent Acquisition Unit 2,Talent Acquisition Unit 2 — Team C,Talent Acquisition Unit 2 — Team C / Section 2,,Riyadh,Full-time,Filled,1,CC-1060,Enabling,Back office,Bonus,,user2317@examplebank.com.sa,2021-12-25,Saudi,No,No,No,,
POS02318,POS02244,Head of HR Operations,فيصل القحطاني,G15,JC6258,Leadership,Human Resources,Example Shared Services,Human Resources,HR Operations,,,,,Remote,Full-time,Filled,0.5,CC-1048,Enabling,Back office,Bonus,,user2318@examplebank.com.sa,2019-05-11,British,Yes,No,No,,
POS02319,POS02318,Senior Manager HR Operations,Omar Bakr,G14,JC5137,Leadership,Human Resources,Example Shared Services,Human Resources,HR Operations,HR Operations Unit 1,,,,Riyadh,Full-time,Filled,1,CC-1005,Enabling,Back office,Bonus,Specialist Bench,user2319@examplebank.com.sa,2018-03-10,Saudi,Yes,No,No,,
POS02320,POS02319,Manager HR Operations,Mona Siddiqui,G13,JC1928,Management,Human Resources,Example Shared Services,Human Resources,HR Operations,HR Operations Unit 1,HR Operations Unit 1 — Team A,,,Riyadh,Full-time,Filled,1,CC-1027,Enabling,Back office,Bonus,,user2320@examplebank.com.sa,2013-02-23,Indian,No,No,No,,
POS02321,POS02320,Senior Officer HR Operations,لطيفة الدوسري,G10,JC1880,Professional,Human Resources,Example Shared Services,Human Resources,HR Operations,HR Operations Unit 1,HR Operations Unit 1 — Team A,HR Operations Unit 1 — Team A / Section 1,,Riyadh,Full-time,Filled,1,CC-1020,Enabling,Back office,Fixed,,user2321@examplebank.com.sa,2009-04-14,Saudi,No,No,Yes,Lina Rashed,Ready 3+ years
POS02322,POS02320,Senior Analyst HR Operations,Omar Siddiqui,G10,JC4660,Professional,Human Resources,Example Shared Services,Human Resources,HR Operations,HR Operations Unit 1,HR Operations Unit 1 — Team A,HR Operations Unit 1 — Team A / Section 2,,Riyadh,Full-time,Filled,1,CC-1021,Enabling,Back office,Bonus,Specialist Bench,user2322@examplebank.com.sa,2024-09-02,British,No,No,Yes,Rami Siddiqui,Ready 3+ years
POS02323,POS02320,Analyst HR Operations,فيصل السبيعي,G9,JC8264,Professional,Human Resources,Example Shared Services,Human Resources,HR Operations,HR Operations Unit 1,HR Operations Unit 1 — Team A,HR Operations Unit 1 — Team A / Section 1,,Riyadh,Full-time,Filled,1,CC-1044,Enabling,Back office,Fixed,,user2323@examplebank.com.sa,2023-03-18,Egyptian,No,No,No,,
POS02324,POS02320,Specialist HR Operations,Rana Saleh,G11,JC1885,Professional,Human Resources,Example Shared Services,Human Resources,HR Operations,HR Operations Unit 1,HR Operations Unit 1 — Team A,HR Operations Unit 1 — Team A / Section 2,,Riyadh,Full-time,Filled,1,CC-1041,Enabling,Back office,Bonus,,user2324@examplebank.com.sa,2008-06-27,Saudi,No,No,No,,
POS02325,POS02320,Senior Analyst HR Operations,Ziad Siddiqui,G10,JC7782,Professional,Human Resources,Example Shared Services,Human Resources,HR Operations,HR Operations Unit 1,HR Operations Unit 1 — Team A,HR Operations Unit 1 — Team A / Section 2,,Khobar,Full-time,Filled,1,CC-1002,Enabling,Back office,Fixed,Future Executives,user2325@examplebank.com.sa,2023-11-10,British,No,No,No,,
POS02326,POS02320,Senior Analyst HR Operations,Karim Baker,G10,JC9811,Professional,Human Resources,Example Shared Services,Human Resources,HR Operations,HR Operations Unit 1,HR Operations Unit 1 — Team A,HR Operations Unit 1 — Team A / Section 1,,Riyadh,Full-time,Filled,1,CC-1013,Enabling,Back office,Fixed,,user2326@examplebank.com.sa,2008-12-17,Indian,No,No,Yes,سارة القحطاني,Ready 1-2 years
POS02327,POS02319,Manager HR Operations,Hassan Aziz,G13,JC7526,Management,Human Resources,Example Shared Services,Human Resources,HR Operations,HR Operations Unit 1,HR Operations Unit 1 — Team B,,,Riyadh,Full-time,Filled,1,CC-1017,Enabling,Back office,Bonus,,user2327@examplebank.com.sa,2022-09-21,Saudi,No,No,No,,
POS02328,POS02327,Associate HR Operations,Sami Bakr,G12,JC3297,Management,Human Resources,Example Shared Services,Human Resources,HR Operations,HR Operations Unit 1,HR Operations Unit 1 — Team B,HR Operations Unit 1 — Team B / Section 2,,Jeddah,Full-time,Filled,1,CC-1032,Enabling,Back office,Fixed,,user2328@examplebank.com.sa,2014-06-26,Indian,No,No,No,,
POS02329,POS02327,Senior Analyst HR Operations,أحمد الغامدي,G9,JC8221,Professional,Human Resources,Example Shared Services,Human Resources,HR Operations,HR Operations Unit 1,HR Operations Unit 1 — Team B,HR Operations Unit 1 — Team B / Section 2,,Khobar,Full-time,Filled,1,CC-1013,Enabling,Back office,Fixed,,user2329@examplebank.com.sa,2023-09-04,Saudi,No,No,Yes,Ziad Fahmy,Ready 3+ years
POS02330,POS02327,Associate HR Operations,ماجد الزهراني,G10,JC5995,Professional,Human Resources,Example Shared Services,Human Resources,HR Operations,HR Operations Unit 1,HR Operations Unit 1 — Team B,HR Operations Unit 1 — Team B / Section 2,,Riyadh,Full-time,Filled,1,CC-1037,Enabling,Back office,Fixed,,user2330@examplebank.com.sa,2013-06-02,Saudi,No,No,Yes,Nasser Saleh,Ready 3+ years
POS02331,POS02327,Officer HR Operations,خالد الحربي,G11,JC4400,Professional,Human Resources,Example Shared Services,Human Resources,HR Operations,HR Operations Unit 1,HR Operations Unit 1 — Team B,HR Operations Unit 1 — Team B / Section 1,,Remote,Full-time,Filled,1,CC-1002,Enabling,Back office,Fixed,,user2331@examplebank.com.sa,2017-11-09,Saudi,No,No,No,,
POS02332,POS02327,Senior Officer HR Operations,Waleed Karim,G11,JC5555,Professional,Human Resources,Example Shared Services,Human Resources,HR Operations,HR Operations Unit 1,HR Operations Unit 1 — Team B,HR Operations Unit 1 — Team B / Section 1,,Khobar,Full-time,Filled,1,CC-1028,Enabling,Back office,Fixed,,user2332@examplebank.com.sa,2022-12-27,Saudi,No,No,No,,
POS02333,POS02327,Analyst HR Operations,أحمد الزهراني,G11,JC3625,Professional,Human Resources,Example Shared Services,Human Resources,HR Operations,HR Operations Unit 1,HR Operations Unit 1 — Team B,HR Operations Unit 1 — Team B / Section 2,,Jeddah,Full-time,Filled,1,CC-1038,Enabling,Back office,Fixed,,user2333@examplebank.com.sa,2008-05-27,Saudi,No,No,No,,
POS02334,POS02327,Associate HR Operations,Karim Rashed,G11,JC6613,Professional,Human Resources,Example Shared Services,Human Resources,HR Operations,HR Operations Unit 1,HR Operations Unit 1 — Team B,HR Operations Unit 1 — Team B / Section 1,,Riyadh,Full-time,Filled,1,CC-1030,Enabling,Back office,Fixed,,user2334@examplebank.com.sa,2011-10-08,Saudi,No,No,No,,
POS02335,POS02327,Analyst HR Operations,ريم الغامدي,G9,JC8754,Professional,Human Resources,Example Shared Services,Human Resources,HR Operations,HR Operations Unit 1,HR Operations Unit 1 — Team B,HR Operations Unit 1 — Team B / Section 1,,Remote,Full-time,Filled,1,CC-1012,Enabling,Back office,Fixed,Future Executives,user2335@examplebank.com.sa,2020-10-18,Saudi,No,No,Yes,Noor Karim,Ready now
POS02336,POS02327,Specialist HR Operations,Noor Farouk,G9,JC2926,Professional,Human Resources,Example Shared Services,Human Resources,HR Operations,HR Operations Unit 1,HR Operations Unit 1 — Team B,HR Operations Unit 1 — Team B / Section 1,,Remote,Contractor,Filled,1,CC-1000,Enabling,Back office,Bonus,,user2336@examplebank.com.sa,2020-03-12,Egyptian,No,No,No,,
POS02337,POS02327,Associate HR Operations,,G10,JC2821,Professional,Human Resources,Example Shared Services,Human Resources,HR Operations,HR Operations Unit 1,HR Operations Unit 1 — Team B,HR Operations Unit 1 — Team B / Section 1,,Jeddah,Full-time,Vacant,1,CC-1043,Enabling,Back office,Bonus,,,2020-06-13,Saudi,No,No,No,,
POS02338,POS02327,Analyst HR Operations,Tariq Aziz,G12,JC2049,Management,Human Resources,Example Shared Services,Human Resources,HR Operations,HR Operations Unit 1,HR Operations Unit 1 — Team B,HR Operations Unit 1 — Team B / Section 2,,Riyadh,Full-time,Filled,1,CC-1035,Enabling,Back office,Bonus,,user2338@examplebank.com.sa,2008-02-19,British,No,No,No,,
POS02339,POS02327,Analyst HR Operations,Huda Khan,G11,JC7844,Professional,Human Resources,Example Shared Services,Human Resources,HR Operations,HR Operations Unit 1,HR Operations Unit 1 — Team B,HR Operations Unit 1 — Team B / Section 2,,Jeddah,Contractor,Filled,1,CC-1056,Enabling,Back office,Fixed,,user2339@examplebank.com.sa,2020-05-19,Jordanian,No,No,No,,
POS02340,POS02319,Manager HR Operations,Tariq Younes,G13,JC4716,Management,Human Resources,Example Shared Services,Human Resources,HR Operations,HR Operations Unit 1,HR Operations Unit 1 — Team C,,,Jeddah,Full-time,Filled,1,CC-1036,Enabling,Back office,Bonus,Future Executives,user2340@examplebank.com.sa,2014-01-05,Saudi,No,No,Yes,سارة السبيعي,Ready 3+ years
POS02341,POS02340,Specialist HR Operations,Rami Younes,G10,JC8562,Professional,Human Resources,Example Shared Services,Human Resources,HR Operations,HR Operations Unit 1,HR Operations Unit 1 — Team C,HR Operations Unit 1 — Team C / Section 2,,Khobar,Full-time,Filled,1,CC-1051,Enabling,Back office,Bonus,,user2341@examplebank.com.sa,2023-04-25,Saudi,No,No,No,,
POS02342,POS02340,Officer HR Operations,Huda Khan,G10,JC1833,Professional,Human Resources,Example Shared Services,Human Resources,HR Operations,HR Operations Unit 1,HR Operations Unit 1 — Team C,HR Operations Unit 1 — Team C / Section 1,,Riyadh,Full-time,Filled,1,CC-1032,Enabling,Back office,Bonus,,user2342@examplebank.com.sa,2011-08-11,British,No,No,No,,
POS02343,POS02340,Specialist HR Operations,,G9,JC3490,Professional,Human Resources,Example Shared Services,Human Resources,HR Operations,HR Operations Unit 1,HR Operations Unit 1 — Team C,HR Operations Unit 1 — Team C / Section 1,,Dammam,Full-time,Vacant,1,CC-1017,Enabling,Back office,Fixed,Saudi Graduates,,2022-05-17,Saudi,No,No,No,,
POS02344,POS02340,Specialist HR Operations,ريم المطيري,G10,JC2065,Professional,Human Resources,Example Shared Services,Human Resources,HR Operations,HR Operations Unit 1,HR Operations Unit 1 — Team C,HR Operations Unit 1 — Team C / Section 1,,Jeddah,Full-time,Filled,1,CC-1033,Enabling,Back office,Bonus,,user2344@examplebank.com.sa,2012-07-09,Saudi,No,No,No,,
POS02345,POS02340,Senior Analyst HR Operations,Lina Darwish,G9,JC4735,Professional,Human Resources,Example Shared Services,Human Resources,HR Operations,HR Operations Unit 1,HR Operations Unit 1 — Team C,HR Operations Unit 1 — Team C / Section 2,,Riyadh,Full-time,Filled,1,CC-1025,Enabling,Back office,Bonus,,user2345@examplebank.com.sa,2011-05-07,Egyptian,No,No,No,,
POS02346,POS02340,Analyst HR Operations,لطيفة الدوسري,G10,JC2166,Professional,Human Resources,Example Shared Services,Human Resources,HR Operations,HR Operations Unit 1,HR Operations Unit 1 — Team C,HR Operations Unit 1 — Team C / Section 1,,Remote,Full-time,Filled,1,CC-1022,Enabling,Back office,Fixed,,user2346@examplebank.com.sa,2020-01-11,Saudi,No,No,No,,
POS02347,POS02319,Manager HR Operations,نورة الزهراني,G13,JC2888,Management,Human Resources,Example Shared Services,Human Resources,HR Operations,HR Operations Unit 1,HR Operations Unit 1 — Team D,,,Jeddah,Full-time,Filled,1,CC-1009,Enabling,Back office,Bonus,,user2347@examplebank.com.sa,2024-10-12,Jordanian,No,No,No,,
POS02348,POS02347,Senior Officer HR Operations,نورة الدوسري,G11,JC6343,Professional,Human Resources,Example Shared Services,Human Resources,HR Operations,HR Operations Unit 1,HR Operations Unit 1 — Team D,HR Operations Unit 1 — Team D / Section 1,,Jeddah,Full-time,Filled,1,CC-1039,Enabling,Back office,Bonus,,user2348@examplebank.com.sa,2012-05-03,Saudi,No,No,Yes,Omar Qureshi,Ready 3+ years
POS02349,POS02347,Associate HR Operations,Huda Khan,G11,JC5276,Professional,Human Resources,Example Shared Services,Human Resources,HR Operations,HR Operations Unit 1,HR Operations Unit 1 — Team D,HR Operations Unit 1 — Team D / Section 1,,Riyadh,Full-time,Filled,1,CC-1036,Enabling,Back office,Fixed,,user2349@examplebank.com.sa,2017-01-13,Saudi,No,No,No,,
POS02350,POS02347,Specialist HR Operations,Aisha Khan,G12,JC4492,Management,Human Resources,Example Shared Services,Human Resources,HR Operations,HR Operations Unit 1,HR Operations Unit 1 — Team D,HR Operations Unit 1 — Team D / Section 1,,Riyadh,Full-time,Filled,1,CC-1033,Enabling,Back office,Fixed,,user2350@examplebank.com.sa,2015-03-14,Jordanian,No,No,No,,
POS02351,POS02347,Officer HR Operations,,G10,JC8695,Professional,Human Resources,Example Shared Services,Human Resources,HR Operations,HR Operations Unit 1,HR Operations Unit 1 — Team D,HR Operations Unit 1 — Team D / Section 2,,Jeddah,Full-time,Vacant,1,CC-1056,Enabling,Back office,Fixed,,,2010-12-28,Egyptian,No,No,Yes,Adel Bakr,Ready 1-2 years
POS02352,POS02347,Specialist HR Operations,Bilal Khan,G9,JC2619,Professional,Human Resources,Example Shared Services,Human Resources,HR Operations,HR Operations Unit 1,HR Operations Unit 1 — Team D,HR Operations Unit 1 — Team D / Section 1,,Riyadh,Contractor,Filled,0.5,CC-1017,Enabling,Back office,Fixed,Saudi Graduates,user2352@examplebank.com.sa,2013-06-09,Egyptian,No,No,No,,
POS02353,POS02347,Senior Analyst HR Operations,فيصل السبيعي,G12,JC4813,Management,Human Resources,Example Shared Services,Human Resources,HR Operations,HR Operations Unit 1,HR Operations Unit 1 — Team D,HR Operations Unit 1 — Team D / Section 2,,Remote,Full-time,Filled,1,CC-1048,Enabling,Back office,Fixed,,user2353@examplebank.com.sa,2011-06-05,Indian,No,No,No,,
POS02354,POS02347,Officer HR Operations,Aisha Qureshi,G9,JC9625,Professional,Human Resources,Example Shared Services,Human Resources,HR Operations,HR Operations Unit 1,HR Operations Unit 1 — Team D,HR Operations Unit 1 — Team D / Section 1,,Khobar,Full-time,Filled,1,CC-1053,Enabling,Back office,Fixed,,user2354@examplebank.com.sa,2014-04-01,Egyptian,No,No,No,,
POS02355,POS02347,Specialist HR Operations,دانة الحربي,G10,JC9409,Professional,Human Resources,Example Shared Services,Human Resources,HR Operations,HR Operations Unit 1,HR Operations Unit 1 — Team D,HR Operations Unit 1 — Team D / Section 2,,Remote,Full-time,Filled,1,CC-1000,Enabling,Back office,Fixed,,user2355@examplebank.com.sa,2016-04-16,Saudi,No,No,No,,
POS02356,POS02347,Associate HR Operations,Ziad Siddiqui,G11,JC7984,Professional,Human Resources,Example Shared Services,Human Resources,HR Operations,HR Operations Unit 1,HR Operations Unit 1 — Team D,HR Operations Unit 1 — Team D / Section 1,,Riyadh,Contractor,Filled,1,CC-1035,Enabling,Back office,Bonus,,user2356@examplebank.com.sa,2009-10-10,Egyptian,No,No,Yes,Maya Bakr,Ready now
POS02357,POS02347,Senior Analyst HR Operations,لطيفة العتيبي,G11,JC4903,Professional,Human Resources,Example Shared Services,Human Resources,HR Operations,HR Operations Unit 1,HR Operations Unit 1 — Team D,HR Operations Unit 1 — Team D / Section 1,,Khobar,Full-time,Filled,0.5,CC-1060,Enabling,Back office,Fixed,,user2357@examplebank.com.sa,2014-11-25,Saudi,No,No,No,,
POS02358,POS02347,Specialist HR Operations,هند الغامدي,G11,JC8152,Professional,Human Resources,Example Shared Services,Human Resources,HR Operations,HR Operations Unit 1,HR Operations Unit 1 — Team D,HR Operations Unit 1 — Team D / Section 2,,Dammam,Full-time,Filled,1,CC-1000,Enabling,Back office,Fixed,,user2358@examplebank.com.sa,2010-10-23,Saudi,No,No,No,,
POS02359,POS02318,Senior Manager HR Operations,Sami Rashed,G14,JC8723,Leadership,Human Resources,Example Shared Services,Human Resources,HR Operations,HR Operations Unit 2,,,,Khobar,Full-time,Filled,1,CC-1006,Enabling,Back office,Bonus,,user2359@examplebank.com.sa,2011-04-21,Saudi,No,No,Yes,Ziad Nasser,Ready 1-2 years
POS02360,POS02359,Manager HR Operations,نورة الشمري,G13,JC9578,Management,Human Resources,Example Shared Services,Human Resources,HR Operations,HR Operations Unit 2,HR Operations Unit 2 — Team A,,,Khobar,Full-time,Filled,1,CC-1042,Enabling,Back office,Bonus,Future Executives,user2360@examplebank.com.sa,2020-03-04,Indian,No,No,Yes,Tariq Younes,Ready 3+ years
POS02361,POS02360,Officer HR Operations,Rami Farouk,G10,JC6260,Professional,Human Resources,Example Shared Services,Human Resources,HR Operations,HR Operations Unit 2,HR Operations Unit 2 — Team A,HR Operations Unit 2 — Team A / Section 1,,Remote,Full-time,Filled,1,CC-1045,Enabling,Back office,Fixed,,user2361@examplebank.com.sa,2022-02-14,Saudi,No,No,No,,
POS02362,POS02360,Analyst HR Operations,دانة الدوسري,G11,JC3734,Professional,Human Resources,Example Shared Services,Human Resources,HR Operations,HR Operations Unit 2,HR Operations Unit 2 — Team A,HR Operations Unit 2 — Team A / Section 2,,Jeddah,Full-time,Filled,1,CC-1016,Enabling,Back office,Fixed,,user2362@examplebank.com.sa,2010-08-11,Saudi,No,No,No,,
POS02363,POS02360,Specialist HR Operations,Yusuf Farouk,G11,JC6814,Professional,Human Resources,Example Shared Services,Human Resources,HR Operations,HR Operations Unit 2,HR Operations Unit 2 — Team A,HR Operations Unit 2 — Team A / Section 2,,Riyadh,Full-time,Filled,1,CC-1019,Enabling,Back office,Fixed,,user2363@examplebank.com.sa,2011-10-11,Saudi,No,No,No,,
POS02364,POS02360,Associate HR Operations,ريم العتيبي,G10,JC2941,Professional,Human Resources,Example Shared Services,Human Resources,HR Operations,HR Operations Unit 2,HR Operations Unit 2 — Team A,HR Operations Unit 2 — Team A / Section 2,,Khobar,Full-time,Filled,1,CC-1039,Enabling,Back office,Fixed,,user2364@examplebank.com.sa,2014-08-08,Saudi,No,No,No,,
POS02365,POS02360,Associate HR Operations,نورة المطيري,G12,JC7112,Management,Human Resources,Example Shared Services,Human Resources,HR Operations,HR Operations Unit 2,HR Operations Unit 2 — Team A,HR Operations Unit 2 — Team A / Section 2,,Jeddah,Full-time,Filled,1,CC-1001,Enabling,Back office,Bonus,,user2365@examplebank.com.sa,2009-04-12,Jordanian,No,No,No,,
POS02366,POS02360,Senior Analyst HR Operations,Adel Darwish,G10,JC2973,Professional,Human Resources,Example Shared Services,Human Resources,HR Operations,HR Operations Unit 2,HR Operations Unit 2 — Team A,HR Operations Unit 2 — Team A / Section 1,,Riyadh,Full-time,Filled,1,CC-1033,Enabling,Back office,Fixed,,user2366@examplebank.com.sa,2018-12-11,Saudi,No,No,No,,
POS02367,POS02360,Specialist HR Operations,Amal Khan,G10,JC2788,Professional,Human Resources,Example Shared Services,Human Resources,HR Operations,HR Operations Unit 2,HR Operations Unit 2 — Team A,HR Operations Unit 2 — Team A / Section 1,,Remote,Contractor,Filled,1,CC-1017,Enabling,Back office,Fixed,,user2367@examplebank.com.sa,2016-05-04,Egyptian,No,No,No,,
POS02368,POS02359,Manager HR Operations,Karim Bakr,G13,JC1838,Management,Human Resources,Example Shared Services,Human Resources,HR Operations,HR Operations Unit 2,HR Operations Unit 2 — Team B,,,Riyadh,Full-time,Filled,1,CC-1034,Enabling,Back office,Bonus,,user2368@examplebank.com.sa,2018-01-17,Saudi,No,No,No,,
POS02369,POS02368,Associate HR Operations,Adel Haddad,G12,JC8292,Management,Human Resources,Example Shared Services,Human Resources,HR Operations,HR Operations Unit 2,HR Operations Unit 2 — Team B,HR Operations Unit 2 — Team B / Section 1,,Riyadh,Contractor,Filled,1,CC-1054,Enabling,Back office,Fixed,,user2369@examplebank.com.sa,2018-05-13,Egyptian,No,No,No,,
POS02370,POS02368,Officer HR Operations,Aisha Karim,G12,JC8048,Management,Human Resources,Example Shared Services,Human Resources,HR Operations,HR Operations Unit 2,HR Operations Unit 2 — Team B,HR Operations Unit 2 — Team B / Section 1,,Jeddah,Full-time,Filled,1,CC-1035,Enabling,Back office,Fixed,,user2370@examplebank.com.sa,2009-11-23,British,No,No,Yes,لطيفة الزهراني,Ready 1-2 years
POS02371,POS02368,Senior Officer HR Operations,Rana Nasser,G10,JC3795,Professional,Human Resources,Example Shared Services,Human Resources,HR Operations,HR Operations Unit 2,HR Operations Unit 2 — Team B,HR Operations Unit 2 — Team B / Section 1,,Remote,Full-time,Filled,1,CC-1055,Enabling,Back office,Bonus,,user2371@examplebank.com.sa,2021-11-24,Indian,No,No,No,,
POS02372,POS02368,Specialist HR Operations,ريم المطيري,G9,JC3915,Professional,Human Resources,Example Shared Services,Human Resources,HR Operations,HR Operations Unit 2,HR Operations Unit 2 — Team B,HR Operations Unit 2 — Team B / Section 2,,Riyadh,Full-time,Filled,1,CC-1017,Enabling,Back office,Fixed,,user2372@examplebank.com.sa,2019-02-06,Jordanian,No,No,No,,
POS02373,POS02368,Analyst HR Operations,,G10,JC2743,Professional,Human Resources,Example Shared Services,Human Resources,HR Operations,HR Operations Unit 2,HR Operations Unit 2 — Team B,HR Operations Unit 2 — Team B / Section 1,,Dammam,Full-time,Vacant,0.5,CC-1005,Enabling,Back office,Fixed,,,2008-09-09,Saudi,No,No,No,,
POS02374,POS02368,Senior Analyst HR Operations,سلطان القحطاني,G9,JC2416,Professional,Human Resources,Example Shared Services,Human Resources,HR Operations,HR Operations Unit 2,HR Operations Unit 2 — Team B,HR Operations Unit 2 — Team B / Section 2,,Khobar,Full-time,Filled,1,CC-1022,Enabling,Back office,Bonus,,user2374@examplebank.com.sa,2011-11-26,Saudi,No,No,No,,
POS02375,POS02368,Senior Analyst HR Operations,Bilal Younes,G11,JC1494,Professional,Human Resources,Example Shared Services,Human Resources,HR Operations,HR Operations Unit 2,HR Operations Unit 2 — Team B,HR Operations Unit 2 — Team B / Section 2,,Dammam,Full-time,Filled,1,CC-1016,Enabling,Back office,Fixed,,user2375@examplebank.com.sa,2014-02-21,Saudi,No,No,No,,
POS02376,POS02368,Specialist HR Operations,Salma Younes,G9,JC3244,Professional,Human Resources,Example Shared Services,Human Resources,HR Operations,HR Operations Unit 2,HR Operations Unit 2 — Team B,HR Operations Unit 2 — Team B / Section 1,,Remote,Contractor,Filled,1,CC-1055,Enabling,Back office,Bonus,,user2376@examplebank.com.sa,2021-12-04,Indian,No,No,No,,
POS02377,POS02368,Officer HR Operations,Mona Bakr,G11,JC4829,Professional,Human Resources,Example Shared Services,Human Resources,HR Operations,HR Operations Unit 2,HR Operations Unit 2 — Team B,HR Operations Unit 2 — Team B / Section 1,,Khobar,Full-time,Filled,0.5,CC-1032,Enabling,Back office,Bonus,,user2377@examplebank.com.sa,2014-09-09,Egyptian,No,No,No,,
POS02378,POS02368,Associate HR Operations,سلطان الغامدي,G9,JC3036,Professional,Human Resources,Example Shared Services,Human Resources,HR Operations,HR Operations Unit 2,HR Operations Unit 2 — Team B,HR Operations Unit 2 — Team B / Section 1,,Khobar,Full-time,Filled,1,CC-1046,Enabling,Back office,Bonus,,user2378@examplebank.com.sa,2011-06-12,Saudi,No,No,No,,
POS02379,POS02368,Analyst HR Operations,Bilal Bakr,G10,JC8830,Professional,Human Resources,Example Shared Services,Human Resources,HR Operations,HR Operations Unit 2,HR Operations Unit 2 — Team B,HR Operations Unit 2 — Team B / Section 1,,Jeddah,Full-time,Filled,1,CC-1002,Enabling,Back office,Fixed,Emerging Leaders,user2379@examplebank.com.sa,2020-10-25,Saudi,No,No,No,,
POS02380,POS02368,Specialist HR Operations,Rana Karim,G12,JC1887,Management,Human Resources,Example Shared Services,Human Resources,HR Operations,HR Operations Unit 2,HR Operations Unit 2 — Team B,HR Operations Unit 2 — Team B / Section 1,,Dammam,Full-time,Filled,1,CC-1041,Enabling,Back office,Bonus,,user2380@examplebank.com.sa,2018-09-06,Saudi,No,No,Yes,Sami Baker,Ready 1-2 years
POS02381,POS02359,Manager HR Operations,Huda Osman,G13,JC9895,Management,Human Resources,Example Shared Services,Human Resources,HR Operations,HR Operations Unit 2,HR Operations Unit 2 — Team C,,,Riyadh,Full-time,Filled,1,CC-1023,Enabling,Back office,Bonus,Saudi Graduates,user2381@examplebank.com.sa,2025-12-26,Saudi,No,No,No,,
POS02382,POS02381,Officer HR Operations,Aisha Qureshi,G10,JC3739,Professional,Human Resources,Example Shared Services,Human Resources,HR Operations,HR Operations Unit 2,HR Operations Unit 2 — Team C,HR Operations Unit 2 — Team C / Section 1,,Remote,Full-time,Filled,1,CC-1011,Enabling,Back office,Bonus,,user2382@examplebank.com.sa,2009-06-10,Saudi,No,No,No,,
POS02383,POS02381,Senior Analyst HR Operations,Jana Saleh,G10,JC7113,Professional,Human Resources,Example Shared Services,Human Resources,HR Operations,HR Operations Unit 2,HR Operations Unit 2 — Team C,HR Operations Unit 2 — Team C / Section 1,,Dammam,Full-time,Filled,1,CC-1055,Enabling,Back office,Fixed,,user2383@examplebank.com.sa,2013-10-08,Jordanian,No,No,Yes,Amal Saleh,Ready now
POS02384,POS02381,Officer HR Operations,سارة الدوسري,G9,JC1775,Professional,Human Resources,Example Shared Services,Human Resources,HR Operations,HR Operations Unit 2,HR Operations Unit 2 — Team C,HR Operations Unit 2 — Team C / Section 1,,Remote,Full-time,Filled,1,CC-1000,Enabling,Back office,Fixed,,user2384@examplebank.com.sa,2020-04-18,Saudi,No,No,No,,
POS02385,POS02381,Senior Officer HR Operations,أحمد الزهراني,G10,JC3882,Professional,Human Resources,Example Shared Services,Human Resources,HR Operations,HR Operations Unit 2,HR Operations Unit 2 — Team C,HR Operations Unit 2 — Team C / Section 2,,Khobar,Full-time,Filled,1,CC-1031,Enabling,Back office,Bonus,,user2385@examplebank.com.sa,2016-06-12,Saudi,No,No,No,,
POS02386,POS02381,Officer HR Operations,أحمد المطيري,G9,JC7778,Professional,Human Resources,Example Shared Services,Human Resources,HR Operations,HR Operations Unit 2,HR Operations Unit 2 — Team C,HR Operations Unit 2 — Team C / Section 2,,Riyadh,Full-time,Filled,1,CC-1057,Enabling,Back office,Bonus,,user2386@examplebank.com.sa,2012-04-26,Saudi,No,No,No,,
POS02387,POS02381,Senior Analyst HR Operations,Yusuf Farouk,G9,JC8058,Professional,Human Resources,Example Shared Services,Human Resources,HR Operations,HR Operations Unit 2,HR Operations Unit 2 — Team C,HR Operations Unit 2 — Team C / Section 1,,Jeddah,Full-time,Filled,1,CC-1012,Enabling,Back office,Bonus,,user2387@examplebank.com.sa,2023-12-07,Saudi,No,No,Yes,Ziad Nasser,Ready now
POS02388,POS02381,Senior Analyst HR Operations,سارة العتيبي,G11,JC8806,Professional,Human Resources,Example Shared Services,Human Resources,HR Operations,HR Operations Unit 2,HR Operations Unit 2 — Team C,HR Operations Unit 2 — Team C / Section 1,,Riyadh,Full-time,Filled,1,CC-1025,Enabling,Back office,Fixed,,user2388@examplebank.com.sa,2023-08-24,Saudi,No,No,No,,
POS02389,POS02359,Manager HR Operations,,G13,JC9250,Management,Human Resources,Example Shared Services,Human Resources,HR Operations,HR Operations Unit 2,HR Operations Unit 2 — Team D,,,Riyadh,Full-time,Vacant,1,CC-1011,Enabling,Back office,Bonus,Specialist Bench,,2014-09-03,Saudi,No,No,No,,
POS02390,POS02389,Senior Analyst HR Operations,ريم الشمري,G10,JC7063,Professional,Human Resources,Example Shared Services,Human Resources,HR Operations,HR Operations Unit 2,HR Operations Unit 2 — Team D,HR Operations Unit 2 — Team D / Section 1,,Khobar,Full-time,Filled,1,CC-1017,Enabling,Back office,Bonus,,user2390@examplebank.com.sa,2013-03-14,Indian,No,No,No,,
POS02391,POS02389,Senior Analyst HR Operations,Dana Fahmy,G12,JC4836,Management,Human Resources,Example Shared Services,Human Resources,HR Operations,HR Operations Unit 2,HR Operations Unit 2 — Team D,HR Operations Unit 2 — Team D / Section 1,,Jeddah,Full-time,Filled,1,CC-1021,Enabling,Back office,Fixed,,user2391@examplebank.com.sa,2025-03-19,British,No,No,No,,
POS02392,POS02389,Officer HR Operations,,G9,JC7988,Professional,Human Resources,Example Shared Services,Human Resources,HR Operations,HR Operations Unit 2,HR Operations Unit 2 — Team D,HR Operations Unit 2 — Team D / Section 1,,Jeddah,Full-time,Vacant,1,CC-1056,Enabling,Back office,Bonus,,,2012-11-10,Saudi,No,No,No,,
POS02393,POS02389,Senior Officer HR Operations,نورة الزهراني,G9,JC4368,Professional,Human Resources,Example Shared Services,Human Resources,HR Operations,HR Operations Unit 2,HR Operations Unit 2 — Team D,HR Operations Unit 2 — Team D / Section 2,,Jeddah,Full-time,Filled,1,CC-1014,Enabling,Back office,Bonus,,user2393@examplebank.com.sa,2014-03-04,Egyptian,No,No,No,,
POS02394,POS02389,Senior Analyst HR Operations,Lina Baker,G12,JC9120,Management,Human Resources,Example Shared Services,Human Resources,HR Operations,HR Operations Unit 2,HR Operations Unit 2 — Team D,HR Operations Unit 2 — Team D / Section 2,,Remote,Full-time,Filled,1,CC-1028,Enabling,Back office,Bonus,,user2394@examplebank.com.sa,2015-03-12,Saudi,No,No,No,,
POS02395,POS02389,Specialist HR Operations,Yusuf Nasser,G10,JC9767,Professional,Human Resources,Example Shared Services,Human Resources,HR Operations,HR Operations Unit 2,HR Operations Unit 2 — Team D,HR Operations Unit 2 — Team D / Section 2,,Khobar,Full-time,Filled,1,CC-1031,Enabling,Back office,Fixed,,user2395@examplebank.com.sa,2025-04-27,British,No,No,No,,
POS02396,POS02389,Associate HR Operations,Sami Bakr,G10,JC9092,Professional,Human Resources,Example Shared Services,Human Resources,HR Operations,HR Operations Unit 2,HR Operations Unit 2 — Team D,HR Operations Unit 2 — Team D / Section 1,,Riyadh,Full-time,Filled,1,CC-1038,Enabling,Back office,Fixed,,user2396@examplebank.com.sa,2025-04-27,Saudi,No,No,No,,
POS02397,POS02244,Head of Learning & Development,نورة الدوسري,G15,JC5344,Leadership,Human Resources,Example Shared Services,Human Resources,Learning & Development,,,,,Riyadh,Full-time,Filled,1,CC-1034,Enabling,Back office,Bonus,Future Executives,user2397@examplebank.com.sa,2012-01-17,Saudi,Yes,No,Yes,Aisha Mansour,Ready 3+ years
POS02398,POS02397,Senior Manager Learning & Development,Yusuf Rashed,G14,JC8267,Leadership,Human Resources,Example Shared Services,Human Resources,Learning & Development,Learning & Development Unit 1,,,,Riyadh,Full-time,Filled,1,CC-1054,Enabling,Back office,Bonus,,user2398@examplebank.com.sa,2025-02-04,Saudi,No,No,No,,
POS02399,POS02398,Manager Learning & Development,Mona Karim,G13,JC3835,Management,Human Resources,Example Shared Services,Human Resources,Learning & Development,Learning & Development Unit 1,Learning & Development Unit 1 — Team A,,,Remote,Full-time,Filled,1,CC-1053,Enabling,Back office,Bonus,,user2399@examplebank.com.sa,2017-09-26,Jordanian,No,No,No,,
POS02400,POS02399,Specialist Learning & Development,Huda Osman,G9,JC1147,Professional,Human Resources,Example Shared Services,Human Resources,Learning & Development,Learning & Development Unit 1,Learning & Development Unit 1 — Team A,Learning & Development Unit 1 — Team A / Section 1,,Dammam,Full-time,Filled,1,CC-1024,Enabling,Back office,Bonus,,user2400@examplebank.com.sa,2009-04-19,Saudi,No,No,Yes,نورة الدوسري,Ready 3+ years
POS02401,POS02399,Senior Officer Learning & Development,Maya Saleh,G10,JC4752,Professional,Human Resources,Example Shared Services,Human Resources,Learning & Development,Learning & Development Unit 1,Learning & Development Unit 1 — Team A,Learning & Development Unit 1 — Team A / Section 2,,Riyadh,Full-time,Filled,1,CC-1049,Enabling,Back office,Fixed,,user2401@examplebank.com.sa,2025-02-23,Jordanian,No,No,No,,
POS02402,POS02399,Senior Officer Learning & Development,Rami Nasser,G12,JC3660,Management,Human Resources,Example Shared Services,Human Resources,Learning & Development,Learning & Development Unit 1,Learning & Development Unit 1 — Team A,Learning & Development Unit 1 — Team A / Section 1,,Dammam,Full-time,Filled,1,CC-1054,Enabling,Back office,Fixed,,user2402@examplebank.com.sa,2022-09-03,British,No,No,Yes,Jana Khan,Ready 3+ years
POS02403,POS02399,Officer Learning & Development,,G9,JC9789,Professional,Human Resources,Example Shared Services,Human Resources,Learning & Development,Learning & Development Unit 1,Learning & Development Unit 1 — Team A,Learning & Development Unit 1 — Team A / Section 1,,Jeddah,Full-time,Vacant,1,CC-1007,Enabling,Back office,Fixed,,,2010-08-24,Saudi,No,No,No,,
POS02404,POS02399,Senior Officer Learning & Development,عبدالله الدوسري,G12,JC9553,Management,Human Resources,Example Shared Services,Human Resources,Learning & Development,Learning & Development Unit 1,Learning & Development Unit 1 — Team A,Learning & Development Unit 1 — Team A / Section 1,,Riyadh,Full-time,Filled,1,CC-1015,Enabling,Back office,Fixed,,user2404@examplebank.com.sa,2022-09-18,Saudi,No,No,No,,
POS02405,POS02399,Senior Officer Learning & Development,Omar Karim,G10,JC5831,Professional,Human Resources,Example Shared Services,Human Resources,Learning & Development,Learning & Development Unit 1,Learning & Development Unit 1 — Team A,Learning & Development Unit 1 — Team A / Section 2,,Dammam,Full-time,Filled,1,CC-1051,Enabling,Back office,Fixed,,user2405@examplebank.com.sa,2008-10-02,Indian,No,No,No,,
POS02406,POS02399,Associate Learning & Development,Jana Bakr,G9,JC3268,Professional,Human Resources,Example Shared Services,Human Resources,Learning & Development,Learning & Development Unit 1,Learning & Development Unit 1 — Team A,Learning & Development Unit 1 — Team A / Section 2,,Remote,Full-time,Filled,1,CC-1040,Enabling,Back office,Bonus,,user2406@examplebank.com.sa,2020-09-03,Saudi,No,No,No,,
POS02407,POS02399,Associate Learning & Development,ماجد السبيعي,G12,JC8173,Management,Human Resources,Example Shared Services,Human Resources,Learning & Development,Learning & Development Unit 1,Learning & Development Unit 1 — Team A,Learning & Development Unit 1 — Team A / Section 1,,Riyadh,Full-time,Filled,1,CC-1026,Enabling,Back office,Fixed,,user2407@examplebank.com.sa,2020-02-21,Egyptian,No,No,Yes,سارة الزهراني,Ready 3+ years
POS02408,POS02399,Officer Learning & Development,Lina Aziz,G11,JC2905,Professional,Human Resources,Example Shared Services,Human Resources,Learning & Development,Learning & Development Unit 1,Learning & Development Unit 1 — Team A,Learning & Development Unit 1 — Team A / Section 1,,Riyadh,Full-time,Filled,1,CC-1054,Enabling,Back office,Bonus,,user2408@examplebank.com.sa,2015-03-02,Saudi,No,No,Yes,Jana Haddad,Ready 1-2 years
POS02409,POS02399,Officer Learning & Development,دانة الشمري,G11,JC8324,Professional,Human Resources,Example Shared Services,Human Resources,Learning & Development,Learning & Development Unit 1,Learning & Development Unit 1 — Team A,Learning & Development Unit 1 — Team A / Section 2,,Riyadh,Full-time,Filled,1,CC-1045,Enabling,Back office,Bonus,,user2409@examplebank.com.sa,2018-01-10,Indian,No,No,No,,
POS02410,POS02399,Analyst Learning & Development,Jana Baker,G9,JC7839,Professional,Human Resources,Example Shared Services,Human Resources,Learning & Development,Learning & Development Unit 1,Learning & Development Unit 1 — Team A,Learning & Development Unit 1 — Team A / Section 2,,Khobar,Full-time,Filled,1,CC-1001,Enabling,Back office,Fixed,,user2410@examplebank.com.sa,2018-08-11,Indian,No,No,No,,
POS02411,POS02399,Analyst Learning & Development,Maya Khan,G11,JC9488,Professional,Human Resources,Example Shared Services,Human Resources,Learning & Development,Learning & Development Unit 1,Learning & Development Unit 1 — Team A,Learning & Development Unit 1 — Team A / Section 2,,Riyadh,Full-time,Filled,0.5,CC-1003,Enabling,Back office,Bonus,,user2411@examplebank.com.sa,2020-03-25,Saudi,No,No,No,,
POS02412,POS02398,Manager Learning & Development,Sami Karim,G13,JC4345,Management,Human Resources,Example Shared Services,Human Resources,Learning & Development,Learning & Development Unit 1,Learning & Development Unit 1 — Team B,,,Dammam,Full-time,Filled,1,CC-1040,Enabling,Back office,Bonus,,user2412@examplebank.com.sa,2013-01-23,Saudi,No,No,No,,
POS02413,POS02412,Senior Analyst Learning & Development,,G10,JC3452,Professional,Human Resources,Example Shared Services,Human Resources,Learning & Development,Learning & Development Unit 1,Learning & Development Unit 1 — Team B,Learning & Development Unit 1 — Team B / Section 2,,Riyadh,Full-time,Vacant,1,CC-1040,Enabling,Back office,Fixed,,,2023-04-20,Saudi,No,No,Yes,Lina Rashed,Ready 1-2 years
POS02414,POS02412,Specialist Learning & Development,دانة الحربي,G11,JC1211,Professional,Human Resources,Example Shared Services,Human Resources,Learning & Development,Learning & Development Unit 1,Learning & Development Unit 1 — Team B,Learning & Development Unit 1 — Team B / Section 1,,Riyadh,Full-time,Filled,1,CC-1039,Enabling,Back office,Bonus,,user2414@examplebank.com.sa,2014-12-23,Saudi,No,No,No,,
POS02415,POS02412,Specialist Learning & Development,Salma Bakr,G9,JC7130,Professional,Human Resources,Example Shared Services,Human Resources,Learning & Development,Learning & Development Unit 1,Learning & Development Unit 1 — Team B,Learning & Development Unit 1 — Team B / Section 2,,Riyadh,Full-time,Filled,1,CC-1028,Enabling,Back office,Bonus,,user2415@examplebank.com.sa,2010-08-01,Jordanian,No,No,No,,
POS02416,POS02412,Officer Learning & Development,عبدالله الحربي,G11,JC5841,Professional,Human Resources,Example Shared Services,Human Resources,Learning & Development,Learning & Development Unit 1,Learning & Development Unit 1 — Team B,Learning & Development Unit 1 — Team B / Section 1,,Riyadh,Full-time,Filled,1,CC-1010,Enabling,Back office,Fixed,,user2416@examplebank.com.sa,2020-07-21,Indian,No,No,No,,
POS02417,POS02412,Senior Officer Learning & Development,Waleed Bakr,G10,JC4820,Professional,Human Resources,Example Shared Services,Human Resources,Learning & Development,Learning & Development Unit 1,Learning & Development Unit 1 — Team B,Learning & Development Unit 1 — Team B / Section 2,,Riyadh,Full-time,Filled,1,CC-1032,Enabling,Back office,Fixed,,user2417@examplebank.com.sa,2011-11-10,Saudi,No,No,No,,
POS02418,POS02412,Senior Analyst Learning & Development,Ziad Khan,G9,JC2834,Professional,Human Resources,Example Shared Services,Human Resources,Learning & Development,Learning & Development Unit 1,Learning & Development Unit 1 — Team B,Learning & Development Unit 1 — Team B / Section 1,,Remote,Contractor,Filled,1,CC-1041,Enabling,Back office,Fixed,,user2418@examplebank.com.sa,2021-12-26,Jordanian,No,No,No,,
POS02419,POS02412,Analyst Learning & Development,Mona Mansour,G10,JC9966,Professional,Human Resources,Example Shared Services,Human Resources,Learning & Development,Learning & Development Unit 1,Learning & Development Unit 1 — Team B,Learning & Development Unit 1 — Team B / Section 1,,Remote,Full-time,Filled,1,CC-1030,Enabling,Back office,Fixed,,user2419@examplebank.com.sa,2016-09-08,Saudi,No,No,No,,
POS02420,POS02412,Specialist Learning & Development,Dana Mansour,G10,JC4431,Professional,Human Resources,Example Shared Services,Human Resources,Learning & Development,Learning & Development Unit 1,Learning & Development Unit 1 — Team B,Learning & Development Unit 1 — Team B / Section 1,,Jeddah,Full-time,Filled,1,CC-1015,Enabling,Back office,Fixed,,user2420@examplebank.com.sa,2023-11-16,Saudi,No,No,No,,
POS02421,POS02412,Senior Analyst Learning & Development,Noor Aziz,G10,JC2309,Professional,Human Resources,Example Shared Services,Human Resources,Learning & Development,Learning & Development Unit 1,Learning & Development Unit 1 — Team B,Learning & Development Unit 1 — Team B / Section 1,,Remote,Full-time,Filled,1,CC-1002,Enabling,Back office,Fixed,,user2421@examplebank.com.sa,2008-08-16,Indian,No,No,No,,
POS02422,POS02412,Senior Analyst Learning & Development,Noor Mansour,G10,JC1997,Professional,Human Resources,Example Shared Services,Human Resources,Learning & Development,Learning & Development Unit 1,Learning & Development Unit 1 — Team B,Learning & Development Unit 1 — Team B / Section 2,,Remote,Full-time,Filled,1,CC-1004,Enabling,Back office,Bonus,Specialist Bench,user2422@examplebank.com.sa,2016-12-08,Saudi,No,No,No,,
POS02423,POS02412,Specialist Learning & Development,ماجد الزهراني,G11,JC2116,Professional,Human Resources,Example Shared Services,Human Resources,Learning & Development,Learning & Development Unit 1,Learning & Development Unit 1 — Team B,Learning & Development Unit 1 — Team B / Section 1,,Riyadh,Full-time,Filled,0.5,CC-1004,Enabling,Back office,Bonus,,user2423@examplebank.com.sa,2010-02-27,Saudi,No,No,Yes,Aisha Mansour,Ready now
POS02424,POS02412,Associate Learning & Development,أحمد الحربي,G10,JC2897,Professional,Human Resources,Example Shared Services,Human Resources,Learning & Development,Learning & Development Unit 1,Learning & Development Unit 1 — Team B,Learning & Development Unit 1 — Team B / Section 2,,Jeddah,Full-time,Filled,1,CC-1010,Enabling,Back office,Bonus,,user2424@examplebank.com.sa,2016-04-24,Jordanian,No,No,Yes,عبدالله الزهراني,Ready 1-2 years
POS02425,POS02397,Senior Manager Learning & Development,Waleed Idris,G14,JC5824,Leadership,Human Resources,Example Shared Services,Human Resources,Learning & Development,Learning & Development Unit 2,,,,Jeddah,Full-time,Filled,1,CC-1052,Enabling,Back office,Bonus,,user2425@examplebank.com.sa,2010-04-01,Saudi,Yes,No,Yes,فيصل المطيري,Ready 1-2 years
POS02426,POS02425,Manager Learning & Development,Jana Bakr,G13,JC3922,Management,Human Resources,Example Shared Services,Human Resources,Learning & Development,Learning & Development Unit 2,Learning & Development Unit 2 — Team A,,,Riyadh,Full-time,Filled,1,CC-1033,Enabling,Back office,Bonus,Saudi Graduates,user2426@examplebank.com.sa,2024-08-18,Jordanian,No,No,No,,
POS02427,POS02426,Specialist Learning & Development,Rana Qureshi,G11,JC2225,Professional,Human Resources,Example Shared Services,Human Resources,Learning & Development,Learning & Development Unit 2,Learning & Development Unit 2 — Team A,Learning & Development Unit 2 — Team A / Section 1,,Khobar,Full-time,Filled,1,CC-1032,Enabling,Back office,Fixed,Future Executives,user2427@examplebank.com.sa,2018-06-01,Saudi,No,No,No,,
POS02428,POS02426,Officer Learning & Development,Amal Saleh,G11,JC2042,Professional,Human Resources,Example Shared Services,Human Resources,Learning & Development,Learning & Development Unit 2,Learning & Development Unit 2 — Team A,Learning & Development Unit 2 — Team A / Section 2,,Dammam,Full-time,Filled,1,CC-1027,Enabling,Back office,Fixed,,user2428@examplebank.com.sa,2022-09-02,Saudi,No,No,No,,
POS02429,POS02426,Analyst Learning & Development,Omar Qureshi,G11,JC8550,Professional,Human Resources,Example Shared Services,Human Resources,Learning & Development,Learning & Development Unit 2,Learning & Development Unit 2 — Team A,Learning & Development Unit 2 — Team A / Section 1,,Dammam,Full-time,Filled,1,CC-1011,Enabling,Back office,Bonus,,user2429@examplebank.com.sa,2021-03-07,Saudi,No,No,No,,
POS02430,POS02426,Specialist Learning & Development,Lina Bakr,G12,JC8156,Management,Human Resources,Example Shared Services,Human Resources,Learning & Development,Learning & Development Unit 2,Learning & Development Unit 2 — Team A,Learning & Development Unit 2 — Team A / Section 1,,Khobar,Full-time,Filled,1,CC-1027,Enabling,Back office,Fixed,,user2430@examplebank.com.sa,2025-08-02,Saudi,No,No,No,,
POS02431,POS02426,Officer Learning & Development,ريم الشمري,G10,JC4132,Professional,Human Resources,Example Shared Services,Human Resources,Learning & Development,Learning & Development Unit 2,Learning & Development Unit 2 — Team A,Learning & Development Unit 2 — Team A / Section 1,,Dammam,Full-time,Filled,1,CC-1039,Enabling,Back office,Fixed,Saudi Graduates,user2431@examplebank.com.sa,2011-09-08,Saudi,No,No,No,,
POS02432,POS02426,Officer Learning & Development,أحمد العتيبي,G11,JC9979,Professional,Human Resources,Example Shared Services,Human Resources,Learning & Development,Learning & Development Unit 2,Learning & Development Unit 2 — Team A,Learning & Development Unit 2 — Team A / Section 1,,Riyadh,Full-time,Filled,1,CC-1031,Enabling,Back office,Fixed,,user2432@examplebank.com.sa,2021-06-23,Jordanian,No,No,No,,
POS02433,POS02425,Manager Learning & Development,لطيفة العتيبي,G13,JC6541,Management,Human Resources,Example Shared Services,Human Resources,Learning & Development,Learning & Development Unit 2,Learning & Development Unit 2 — Team B,,,Riyadh,Full-time,Filled,1,CC-1033,Enabling,Back office,Bonus,,user2433@examplebank.com.sa,2009-03-27,Saudi,No,No,No,,
POS02434,POS02433,Senior Officer Learning & Development,Salma Aziz,G10,JC5204,Professional,Human Resources,Example Shared Services,Human Resources,Learning & Development,Learning & Development Unit 2,Learning & Development Unit 2 — Team B,Learning & Development Unit 2 — Team B / Section 2,,Khobar,Full-time,Filled,1,CC-1015,Enabling,Back office,Bonus,,user2434@examplebank.com.sa,2022-04-16,Saudi,No,No,No,,
POS02435,POS02433,Senior Officer Learning & Development,Aisha Bakr,G10,JC5233,Professional,Human Resources,Example Shared Services,Human Resources,Learning & Development,Learning & Development Unit 2,Learning & Development Unit 2 — Team B,Learning & Development Unit 2 — Team B / Section 2,,Riyadh,Full-time,Filled,1,CC-1006,Enabling,Back office,Fixed,,user2435@examplebank.com.sa,2023-11-13,Saudi,No,No,No,,
POS02436,POS02433,Senior Officer Learning & Development,عبدالله الشمري,G12,JC5706,Management,Human Resources,Example Shared Services,Human Resources,Learning & Development,Learning & Development Unit 2,Learning & Development Unit 2 — Team B,Learning & Development Unit 2 — Team B / Section 1,,Remote,Full-time,Filled,0.5,CC-1016,Enabling,Back office,Fixed,,user2436@examplebank.com.sa,2025-02-28,Saudi,No,No,No,,
POS02437,POS02433,Associate Learning & Development,Adel Rashed,G10,JC5492,Professional,Human Resources,Example Shared Services,Human Resources,Learning & Development,Learning & Development Unit 2,Learning & Development Unit 2 — Team B,Learning & Development Unit 2 — Team B / Section 1,,Riyadh,Full-time,Filled,1,CC-1026,Enabling,Back office,Fixed,,user2437@examplebank.com.sa,2019-05-27,Egyptian,No,No,No,,
POS02438,POS02433,Senior Officer Learning & Development,دانة المطيري,G12,JC4464,Management,Human Resources,Example Shared Services,Human Resources,Learning & Development,Learning & Development Unit 2,Learning & Development Unit 2 — Team B,Learning & Development Unit 2 — Team B / Section 2,,Remote,Full-time,Filled,1,CC-1033,Enabling,Back office,Fixed,,user2438@examplebank.com.sa,2012-10-12,Saudi,No,No,No,,
POS02439,POS02433,Senior Officer Learning & Development,ريم المطيري,G10,JC3304,Professional,Human Resources,Example Shared Services,Human Resources,Learning & Development,Learning & Development Unit 2,Learning & Development Unit 2 — Team B,Learning & Development Unit 2 — Team B / Section 2,,Khobar,Full-time,Filled,1,CC-1045,Enabling,Back office,Fixed,,user2439@examplebank.com.sa,2014-01-09,Saudi,No,No,No,,
POS02440,POS02433,Senior Officer Learning & Development,Lina Idris,G12,JC2695,Management,Human Resources,Example Shared Services,Human Resources,Learning & Development,Learning & Development Unit 2,Learning & Development Unit 2 — Team B,Learning & Development Unit 2 — Team B / Section 2,,Khobar,Full-time,Filled,1,CC-1001,Enabling,Back office,Fixed,,user2440@examplebank.com.sa,2024-08-20,Jordanian,No,No,No,,
POS02441,POS02433,Senior Analyst Learning & Development,خالد الشمري,G10,JC6233,Professional,Human Resources,Example Shared Services,Human Resources,Learning & Development,Learning & Development Unit 2,Learning & Development Unit 2 — Team B,Learning & Development Unit 2 — Team B / Section 1,,Riyadh,Full-time,Filled,1,CC-1016,Enabling,Back office,Bonus,,user2441@examplebank.com.sa,2015-03-26,Saudi,No,No,No,,
POS02442,POS02425,Manager Learning & Development,لطيفة الحربي,G13,JC9029,Management,Human Resources,Example Shared Services,Human Resources,Learning & Development,Learning & Development Unit 2,Learning & Development Unit 2 — Team C,,,Riyadh,Full-time,Filled,1,CC-1006,Enabling,Back office,Bonus,Saudi Graduates,user2442@examplebank.com.sa,2017-09-20,Saudi,No,No,Yes,Bilal Farouk,Ready 1-2 years
POS02443,POS02442,Senior Analyst Learning & Development,لطيفة الشمري,G12,JC4756,Management,Human Resources,Example Shared Services,Human Resources,Learning & Development,Learning & Development Unit 2,Learning & Development Unit 2 — Team C,Learning & Development Unit 2 — Team C / Section 1,,Jeddah,Full-time,Filled,1,CC-1008,Enabling,Back office,Fixed,,user2443@examplebank.com.sa,2023-07-22,Indian,No,No,No,,
POS02444,POS02442,Associate Learning & Development,,G9,JC4781,Professional,Human Resources,Example Shared Services,Human Resources,Learning & Development,Learning & Development Unit 2,Learning & Development Unit 2 — Team C,Learning & Development Unit 2 — Team C / Section 2,,Remote,Full-time,Vacant,1,CC-1053,Enabling,Back office,Fixed,,,2021-02-13,Saudi,No,No,Yes,ريم الغامدي,Ready 3+ years
POS02445,POS02442,Specialist Learning & Development,Omar Saleh,G12,JC7104,Management,Human Resources,Example Shared Services,Human Resources,Learning & Development,Learning & Development Unit 2,Learning & Development Unit 2 — Team C,Learning & Development Unit 2 — Team C / Section 1,,Jeddah,Full-time,Filled,1,CC-1036,Enabling,Back office,Fixed,,user2445@examplebank.com.sa,2015-07-28,Indian,No,No,No,,
POS02446,POS02442,Specialist Learning & Development,نورة القحطاني,G10,JC8922,Professional,Human Resources,Example Shared Services,Human Resources,Learning & Development,Learning & Development Unit 2,Learning & Development Unit 2 — Team C,Learning & Development Unit 2 — Team C / Section 2,,Riyadh,Full-time,Filled,1,CC-1027,Enabling,Back office,Fixed,,user2446@examplebank.com.sa,2020-07-27,Saudi,No,No,Yes,ماجد القحطاني,Ready 1-2 years
POS02447,POS02442,Specialist Learning & Development,Rami Nasser,G10,JC9798,Professional,Human Resources,Example Shared Services,Human Resources,Learning & Development,Learning & Development Unit 2,Learning & Development Unit 2 — Team C,Learning & Development Unit 2 — Team C / Section 2,,Riyadh,Full-time,Filled,1,CC-1044,Enabling,Back office,Fixed,,user2447@examplebank.com.sa,2009-11-18,Saudi,No,No,No,,
POS02448,POS02442,Senior Analyst Learning & Development,فيصل الزهراني,G9,JC6444,Professional,Human Resources,Example Shared Services,Human Resources,Learning & Development,Learning & Development Unit 2,Learning & Development Unit 2 — Team C,Learning & Development Unit 2 — Team C / Section 1,,Jeddah,Full-time,Filled,1,CC-1058,Enabling,Back office,Fixed,,user2448@examplebank.com.sa,2015-01-25,Saudi,No,No,No,,
POS02449,POS02425,Manager Learning & Development,Tariq Farouk,G13,JC3852,Management,Human Resources,Example Shared Services,Human Resources,Learning & Development,Learning & Development Unit 2,Learning & Development Unit 2 — Team D,,,Riyadh,Full-time,Filled,1,CC-1029,Enabling,Back office,Bonus,Future Executives,user2449@examplebank.com.sa,2013-03-25,Saudi,No,No,No,,
POS02450,POS02449,Senior Analyst Learning & Development,ماجد الدوسري,G10,JC4112,Professional,Human Resources,Example Shared Services,Human Resources,Learning & Development,Learning & Development Unit 2,Learning & Development Unit 2 — Team D,Learning & Development Unit 2 — Team D / Section 1,,Riyadh,Full-time,Filled,1,CC-1021,Enabling,Back office,Fixed,,user2450@examplebank.com.sa,2016-10-08,Jordanian,No,No,No,,
POS02451,POS02449,Officer Learning & Development,Yusuf Farouk,G11,JC9948,Professional,Human Resources,Example Shared Services,Human Resources,Learning & Development,Learning & Development Unit 2,Learning & Development Unit 2 — Team D,Learning & Development Unit 2 — Team D / Section 1,,Riyadh,Full-time,Filled,1,CC-1012,Enabling,Back office,Bonus,,user2451@examplebank.com.sa,2021-04-28,Saudi,No,No,No,,
POS02452,POS02449,Specialist Learning & Development,Mona Haddad,G10,JC2464,Professional,Human Resources,Example Shared Services,Human Resources,Learning & Development,Learning & Development Unit 2,Learning & Development Unit 2 — Team D,Learning & Development Unit 2 — Team D / Section 1,,Riyadh,Full-time,Filled,1,CC-1018,Enabling,Back office,Fixed,,user2452@examplebank.com.sa,2024-12-05,Saudi,No,No,No,,
POS02453,POS02449,Associate Learning & Development,نورة الزهراني,G10,JC6848,Professional,Human Resources,Example Shared Services,Human Resources,Learning & Development,Learning & Development Unit 2,Learning & Development Unit 2 — Team D,Learning & Development Unit 2 — Team D / Section 1,,Riyadh,Full-time,Filled,1,CC-1047,Enabling,Back office,Bonus,,user2453@examplebank.com.sa,2012-06-03,Jordanian,No,No,No,,
POS02454,POS02449,Officer Learning & Development,,G12,JC4586,Management,Human Resources,Example Shared Services,Human Resources,Learning & Development,Learning & Development Unit 2,Learning & Development Unit 2 — Team D,Learning & Development Unit 2 — Team D / Section 1,,Khobar,Full-time,Vacant,1,CC-1029,Enabling,Back office,Bonus,,,2023-03-24,Jordanian,No,No,No,,
POS02455,POS02449,Senior Officer Learning & Development,Layla Darwish,G11,JC5902,Professional,Human Resources,Example Shared Services,Human Resources,Learning & Development,Learning & Development Unit 2,Learning & Development Unit 2 — Team D,Learning & Development Unit 2 — Team D / Section 2,,Dammam,Full-time,Filled,1,CC-1052,Enabling,Back office,Bonus,,user2455@examplebank.com.sa,2013-10-12,Saudi,No,No,No,,
POS02456,POS02449,Officer Learning & Development,هند المطيري,G10,JC4255,Professional,Human Resources,Example Shared Services,Human Resources,Learning & Development,Learning & Development Unit 2,Learning & Development Unit 2 — Team D,Learning & Development Unit 2 — Team D / Section 1,,Jeddah,Full-time,Filled,1,CC-1054,Enabling,Back office,Fixed,,user2456@examplebank.com.sa,2013-09-14,Saudi,No,No,No,,
POS02457,POS02449,Senior Officer Learning & Development,عبدالله الغامدي,G10,JC3127,Professional,Human Resources,Example Shared Services,Human Resources,Learning & Development,Learning & Development Unit 2,Learning & Development Unit 2 — Team D,Learning & Development Unit 2 — Team D / Section 1,,Jeddah,Full-time,Filled,1,CC-1023,Enabling,Back office,Fixed,,user2457@examplebank.com.sa,2025-11-04,Saudi,No,No,No,,
POS02458,POS02449,Analyst Learning & Development,Dana Fahmy,G11,JC7959,Professional,Human Resources,Example Shared Services,Human Resources,Learning & Development,Learning & Development Unit 2,Learning & Development Unit 2 — Team D,Learning & Development Unit 2 — Team D / Section 2,,Jeddah,Full-time,Filled,1,CC-1008,Enabling,Back office,Fixed,,user2458@examplebank.com.sa,2015-05-19,British,No,No,No,,
POS02459,POS02449,Officer Learning & Development,Karim Aziz,G10,JC8107,Professional,Human Resources,Example Shared Services,Human Resources,Learning & Development,Learning & Development Unit 2,Learning & Development Unit 2 — Team D,Learning & Development Unit 2 — Team D / Section 1,,Remote,Full-time,Filled,1,CC-1032,Enabling,Back office,Fixed,,user2459@examplebank.com.sa,2013-04-06,Saudi,No,No,No,,
POS02460,POS02397,Senior Manager Learning & Development,Ziad Mansour,G14,JC6303,Leadership,Human Resources,Example Shared Services,Human Resources,Learning & Development,Learning & Development Unit 3,,,,Dammam,Full-time,Filled,1,CC-1011,Enabling,Back office,Bonus,,user2460@examplebank.com.sa,2015-03-13,Jordanian,Yes,No,Yes,ماجد السبيعي,Ready now
POS02461,POS02460,Manager Learning & Development,Dana Mansour,G13,JC1194,Management,Human Resources,Example Shared Services,Human Resources,Learning & Development,Learning & Development Unit 3,Learning & Development Unit 3 — Team A,,,Remote,Full-time,Filled,1,CC-1024,Enabling,Back office,Bonus,,user2461@examplebank.com.sa,2025-06-02,Saudi,No,No,No,,
POS02462,POS02461,Officer Learning & Development,نورة القحطاني,G10,JC9208,Professional,Human Resources,Example Shared Services,Human Resources,Learning & Development,Learning & Development Unit 3,Learning & Development Unit 3 — Team A,Learning & Development Unit 3 — Team A / Section 1,,Riyadh,Full-time,Filled,1,CC-1048,Enabling,Back office,Fixed,,user2462@examplebank.com.sa,2019-10-05,Indian,No,No,Yes,ريم العتيبي,Ready now
POS02463,POS02461,Associate Learning & Development,Dana Nasser,G10,JC3324,Professional,Human Resources,Example Shared Services,Human Resources,Learning & Development,Learning & Development Unit 3,Learning & Development Unit 3 — Team A,Learning & Development Unit 3 — Team A / Section 2,,Riyadh,Full-time,Filled,1,CC-1023,Enabling,Back office,Fixed,,user2463@examplebank.com.sa,2024-02-15,Saudi,No,No,No,,
POS02464,POS02461,Senior Officer Learning & Development,Mona Siddiqui,G12,JC2252,Management,Human Resources,Example Shared Services,Human Resources,Learning & Development,Learning & Development Unit 3,Learning & Development Unit 3 — Team A,Learning & Development Unit 3 — Team A / Section 1,,Riyadh,Full-time,Filled,1,CC-1057,Enabling,Back office,Bonus,,user2464@examplebank.com.sa,2020-03-21,Saudi,No,No,No,,
POS02465,POS02461,Senior Officer Learning & Development,Lina Fahmy,G9,JC7283,Professional,Human Resources,Example Shared Services,Human Resources,Learning & Development,Learning & Development Unit 3,Learning & Development Unit 3 — Team A,Learning & Development Unit 3 — Team A / Section 2,,Riyadh,Full-time,Filled,0.5,CC-1000,Enabling,Back office,Fixed,,user2465@examplebank.com.sa,2014-12-22,Saudi,No,No,Yes,Karim Haddad,Ready 3+ years
POS02466,POS02461,Senior Analyst Learning & Development,Rami Khan,G9,JC1400,Professional,Human Resources,Example Shared Services,Human Resources,Learning & Development,Learning & Development Unit 3,Learning & Development Unit 3 — Team A,Learning & Development Unit 3 — Team A / Section 2,,Dammam,Full-time,Filled,1,CC-1016,Enabling,Back office,Fixed,,user2466@examplebank.com.sa,2018-12-18,Saudi,No,No,No,,
POS02467,POS02461,Analyst Learning & Development,سلطان السبيعي,G11,JC7875,Professional,Human Resources,Example Shared Services,Human Resources,Learning & Development,Learning & Development Unit 3,Learning & Development Unit 3 — Team A,Learning & Development Unit 3 — Team A / Section 1,,Dammam,Full-time,Filled,1,CC-1048,Enabling,Back office,Fixed,,user2467@examplebank.com.sa,2024-01-10,Indian,No,No,No,,
POS02468,POS02461,Senior Analyst Learning & Development,ريم السبيعي,G10,JC9035,Professional,Human Resources,Example Shared Services,Human Resources,Learning & Development,Learning & Development Unit 3,Learning & Development Unit 3 — Team A,Learning & Development Unit 3 — Team A / Section 2,,Riyadh,Full-time,Filled,1,CC-1033,Enabling,Back office,Bonus,,user2468@examplebank.com.sa,2020-05-23,Saudi,No,No,No,,
POS02469,POS02461,Senior Analyst Learning & Development,Yusuf Siddiqui,G11,JC3029,Professional,Human Resources,Example Shared Services,Human Resources,Learning & Development,Learning & Development Unit 3,Learning & Development Unit 3 — Team A,Learning & Development Unit 3 — Team A / Section 2,,Remote,Full-time,Filled,1,CC-1031,Enabling,Back office,Fixed,,user2469@examplebank.com.sa,2020-01-27,Saudi,No,No,Yes,Rana Fahmy,Ready 3+ years
POS02470,POS02461,Senior Officer Learning & Development,نورة الشمري,G11,JC4183,Professional,Human Resources,Example Shared Services,Human Resources,Learning & Development,Learning & Development Unit 3,Learning & Development Unit 3 — Team A,Learning & Development Unit 3 — Team A / Section 2,,Riyadh,Full-time,Filled,1,CC-1032,Enabling,Back office,Fixed,,user2470@examplebank.com.sa,2014-09-11,Indian,No,No,No,,
POS02471,POS02461,Associate Learning & Development,ريم المطيري,G10,JC8703,Professional,Human Resources,Example Shared Services,Human Resources,Learning & Development,Learning & Development Unit 3,Learning & Development Unit 3 — Team A,Learning & Development Unit 3 — Team A / Section 2,,Riyadh,Full-time,Filled,1,CC-1057,Enabling,Back office,Bonus,,user2471@examplebank.com.sa,2009-06-07,Saudi,No,No,No,,
POS02472,POS02461,Senior Analyst Learning & Development,Huda Aziz,G11,JC5946,Professional,Human Resources,Example Shared Services,Human Resources,Learning & Development,Learning & Development Unit 3,Learning & Development Unit 3 — Team A,Learning & Development Unit 3 — Team A / Section 2,,Riyadh,Full-time,Filled,1,CC-1058,Enabling,Back office,Fixed,,user2472@examplebank.com.sa,2011-01-18,British,No,No,No,,
POS02473,POS02460,Manager Learning & Development,Rana Baker,G13,JC5197,Management,Human Resources,Example Shared Services,Human Resources,Learning & Development,Learning & Development Unit 3,Learning & Development Unit 3 — Team B,,,Khobar,Full-time,Filled,1,CC-1042,Enabling,Back office,Bonus,,user2473@examplebank.com.sa,2019-11-18,Saudi,No,No,No,,
POS02474,POS02473,Analyst Learning & Development,Omar Younes,G12,JC3262,Management,Human Resources,Example Shared Services,Human Resources,Learning & Development,Learning & Development Unit 3,Learning & Development Unit 3 — Team B,Learning & Development Unit 3 — Team B / Section 1,,Remote,Full-time,Filled,1,CC-1060,Enabling,Back office,Fixed,,user2474@examplebank.com.sa,2019-09-14,Indian,No,No,No,,
POS02475,POS02473,Analyst Learning & Development,,G12,JC4882,Management,Human Resources,Example Shared Services,Human Resources,Learning & Development,Learning & Development Unit 3,Learning & Development Unit 3 — Team B,Learning & Development Unit 3 — Team B / Section 1,,Khobar,Contractor,Vacant,1,CC-1017,Enabling,Back office,Fixed,,,2014-02-24,Saudi,No,No,No,,
POS02476,POS02473,Analyst Learning & Development,Salma Rashed,G9,JC7933,Professional,Human Resources,Example Shared Services,Human Resources,Learning & Development,Learning & Development Unit 3,Learning & Development Unit 3 — Team B,Learning & Development Unit 3 — Team B / Section 1,,Riyadh,Full-time,Filled,1,CC-1050,Enabling,Back office,Fixed,,user2476@examplebank.com.sa,2014-10-28,Egyptian,No,No,Yes,خالد الدوسري,Ready 1-2 years
POS02477,POS02473,Officer Learning & Development,فيصل الزهراني,G11,JC6638,Professional,Human Resources,Example Shared Services,Human Resources,Learning & Development,Learning & Development Unit 3,Learning & Development Unit 3 — Team B,Learning & Development Unit 3 — Team B / Section 2,,Remote,Full-time,Filled,0.5,CC-1025,Enabling,Back office,Fixed,,user2477@examplebank.com.sa,2025-05-02,Jordanian,No,No,No,,
POS02478,POS02473,Associate Learning & Development,ريم الدوسري,G12,JC5289,Management,Human Resources,Example Shared Services,Human Resources,Learning & Development,Learning & Development Unit 3,Learning & Development Unit 3 — Team B,Learning & Development Unit 3 — Team B / Section 2,,Remote,Full-time,Filled,1,CC-1029,Enabling,Back office,Fixed,,user2478@examplebank.com.sa,2025-04-01,Saudi,No,No,No,,
POS02479,POS02473,Officer Learning & Development,Omar Baker,G12,JC4201,Management,Human Resources,Example Shared Services,Human Resources,Learning & Development,Learning & Development Unit 3,Learning & Development Unit 3 — Team B,Learning & Development Unit 3 — Team B / Section 1,,Dammam,Full-time,Filled,1,CC-1015,Enabling,Back office,Bonus,,user2479@examplebank.com.sa,2024-06-15,Saudi,No,No,No,,
POS02480,POS02473,Senior Analyst Learning & Development,Layla Osman,G11,JC1770,Professional,Human Resources,Example Shared Services,Human Resources,Learning & Development,Learning & Development Unit 3,Learning & Development Unit 3 — Team B,Learning & Development Unit 3 — Team B / Section 2,,Jeddah,Full-time,Filled,1,CC-1016,Enabling,Back office,Fixed,,user2480@examplebank.com.sa,2009-09-26,Saudi,No,No,Yes,لطيفة الشمري,Ready now
POS02481,POS02473,Analyst Learning & Development,دانة الحربي,G10,JC9109,Professional,Human Resources,Example Shared Services,Human Resources,Learning & Development,Learning & Development Unit 3,Learning & Development Unit 3 — Team B,Learning & Development Unit 3 — Team B / Section 1,,Jeddah,Full-time,Filled,1,CC-1037,Enabling,Back office,Bonus,,user2481@examplebank.com.sa,2017-06-03,British,No,No,No,,
POS02482,POS02473,Specialist Learning & Development,سلطان القحطاني,G12,JC8025,Management,Human Resources,Example Shared Services,Human Resources,Learning & Development,Learning & Development Unit 3,Learning & Development Unit 3 — Team B,Learning & Development Unit 3 — Team B / Section 2,,Riyadh,Full-time,Filled,1,CC-1003,Enabling,Back office,Fixed,,user2482@examplebank.com.sa,2016-08-15,Saudi,No,No,No,,
POS02483,POS02473,Officer Learning & Development,Layla Idris,G10,JC8926,Professional,Human Resources,Example Shared Services,Human Resources,Learning & Development,Learning & Development Unit 3,Learning & Development Unit 3 — Team B,Learning & Development Unit 3 — Team B / Section 2,,Remote,Full-time,Filled,1,CC-1011,Enabling,Back office,Fixed,,user2483@examplebank.com.sa,2011-12-09,British,No,No,No,,
POS02484,POS02473,Specialist Learning & Development,نورة الدوسري,G9,JC1268,Professional,Human Resources,Example Shared Services,Human Resources,Learning & Development,Learning & Development Unit 3,Learning & Development Unit 3 — Team B,Learning & Development Unit 3 — Team B / Section 2,,Riyadh,Full-time,Filled,1,CC-1050,Enabling,Back office,Bonus,,user2484@examplebank.com.sa,2009-02-22,Saudi,No,No,No,,
POS02485,POS02473,Analyst Learning & Development,Nasser Aziz,G10,JC7299,Professional,Human Resources,Example Shared Services,Human Resources,Learning & Development,Learning & Development Unit 3,Learning & Development Unit 3 — Team B,Learning & Development Unit 3 — Team B / Section 2,,Jeddah,Full-time,Filled,1,CC-1041,Enabling,Back office,Bonus,,user2485@examplebank.com.sa,2011-06-17,Jordanian,No,No,No,,
POS02486,POS02460,Manager Learning & Development,Jana Haddad,G13,JC5984,Management,Human Resources,Example Shared Services,Human Resources,Learning & Development,Learning & Development Unit 3,Learning & Development Unit 3 — Team C,,,Jeddah,Full-time,Filled,1,CC-1042,Enabling,Back office,Bonus,,user2486@examplebank.com.sa,2023-01-22,British,No,No,No,,
POS02487,POS02486,Specialist Learning & Development,Waleed Osman,G11,JC5796,Professional,Human Resources,Example Shared Services,Human Resources,Learning & Development,Learning & Development Unit 3,Learning & Development Unit 3 — Team C,Learning & Development Unit 3 — Team C / Section 2,,Remote,Full-time,Filled,1,CC-1048,Enabling,Back office,Bonus,,user2487@examplebank.com.sa,2010-01-25,Saudi,No,No,No,,
POS02488,POS02486,Senior Analyst Learning & Development,هند السبيعي,G12,JC9524,Management,Human Resources,Example Shared Services,Human Resources,Learning & Development,Learning & Development Unit 3,Learning & Development Unit 3 — Team C,Learning & Development Unit 3 — Team C / Section 1,,Riyadh,Full-time,Filled,1,CC-1048,Enabling,Back office,Fixed,,user2488@examplebank.com.sa,2013-05-05,Saudi,No,No,No,,
POS02489,POS02486,Senior Officer Learning & Development,Aisha Nasser,G12,JC2967,Management,Human Resources,Example Shared Services,Human Resources,Learning & Development,Learning & Development Unit 3,Learning & Development Unit 3 — Team C,Learning & Development Unit 3 — Team C / Section 1,,Remote,Full-time,Filled,1,CC-1013,Enabling,Back office,Fixed,,user2489@examplebank.com.sa,2019-04-01,Jordanian,No,No,Yes,عبدالله الزهراني,Ready 1-2 years
POS02490,POS02486,Officer Learning & Development,,G10,JC8514,Professional,Human Resources,Example Shared Services,Human Resources,Learning & Development,Learning & Development Unit 3,Learning & Development Unit 3 — Team C,Learning & Development Unit 3 — Team C / Section 1,,Jeddah,Full-time,Vacant,1,CC-1024,Enabling,Back office,Bonus,,,2024-10-10,Saudi,No,No,No,,
POS02491,POS02486,Analyst Learning & Development,Rami Fahmy,G9,JC3724,Professional,Human Resources,Example Shared Services,Human Resources,Learning & Development,Learning & Development Unit 3,Learning & Development Unit 3 — Team C,Learning & Development Unit 3 — Team C / Section 1,,Riyadh,Full-time,Filled,1,CC-1013,Enabling,Back office,Bonus,,user2491@examplebank.com.sa,2015-11-14,Saudi,No,No,Yes,Jana Fahmy,Ready now
POS02492,POS02486,Senior Officer Learning & Development,,G12,JC7466,Management,Human Resources,Example Shared Services,Human Resources,Learning & Development,Learning & Development Unit 3,Learning & Development Unit 3 — Team C,Learning & Development Unit 3 — Team C / Section 1,,Riyadh,Full-time,Vacant,1,CC-1045,Enabling,Back office,Fixed,,,2021-09-21,Saudi,No,No,No,,
POS02493,POS02486,Specialist Learning & Development,هند الزهراني,G10,JC7616,Professional,Human Resources,Example Shared Services,Human Resources,Learning & Development,Learning & Development Unit 3,Learning & Development Unit 3 — Team C,Learning & Development Unit 3 — Team C / Section 1,,Khobar,Full-time,Filled,1,CC-1052,Enabling,Back office,Fixed,,user2493@examplebank.com.sa,2014-02-24,Saudi,No,No,No,,
POS02494,POS02486,Associate Learning & Development,Rami Qureshi,G11,JC3263,Professional,Human Resources,Example Shared Services,Human Resources,Learning & Development,Learning & Development Unit 3,Learning & Development Unit 3 — Team C,Learning & Development Unit 3 — Team C / Section 2,,Jeddah,Full-time,Filled,1,CC-1015,Enabling,Back office,Fixed,,user2494@examplebank.com.sa,2017-08-02,Saudi,No,No,No,,
POS02495,POS02486,Senior Officer Learning & Development,Bilal Rashed,G9,JC1726,Professional,Human Resources,Example Shared Services,Human Resources,Learning & Development,Learning & Development Unit 3,Learning & Development Unit 3 — Team C,Learning & Development Unit 3 — Team C / Section 1,,Riyadh,Full-time,Filled,1,CC-1015,Enabling,Back office,Fixed,,user2495@examplebank.com.sa,2014-11-11,Saudi,No,No,No,,
POS02496,POS02486,Analyst Learning & Development,,G11,JC9023,Professional,Human Resources,Example Shared Services,Human Resources,Learning & Development,Learning & Development Unit 3,Learning & Development Unit 3 — Team C,Learning & Development Unit 3 — Team C / Section 1,,Riyadh,Full-time,Vacant,1,CC-1041,Enabling,Back office,Fixed,,,2025-02-23,Egyptian,No,No,No,,
POS02497,POS02486,Senior Analyst Learning & Development,لطيفة العتيبي,G10,JC1028,Professional,Human Resources,Example Shared Services,Human Resources,Learning & Development,Learning & Development Unit 3,Learning & Development Unit 3 — Team C,Learning & Development Unit 3 — Team C / Section 2,,Riyadh,Full-time,Filled,1,CC-1017,Enabling,Back office,Bonus,,user2497@examplebank.com.sa,2011-01-14,Saudi,No,No,No,,
POS02498,POS02486,Analyst Learning & Development,Karim Haddad,G12,JC5333,Management,Human Resources,Example Shared Services,Human Resources,Learning & Development,Learning & Development Unit 3,Learning & Development Unit 3 — Team C,Learning & Development Unit 3 — Team C / Section 2,,Remote,Full-time,Filled,1,CC-1021,Enabling,Back office,Fixed,,user2498@examplebank.com.sa,2025-01-01,Saudi,No,No,No,,
POS02499,POS00001,Head of Legal,سلطان الشمري,G16,JC2131,Executive,Legal,Example Bank,Legal,Corporate Legal,,,,,Khobar,Full-time,Filled,1,CC-1030,Control (2nd line),Middle office,Bonus,,user2499@examplebank.com.sa,2020-12-02,Saudi,Yes,Yes,Yes,Huda Saleh,Ready 1-2 years
POS02500,POS02499,Head of Corporate Legal,Adel Bakr,G15,JC9390,Leadership,Legal,Example Bank,Legal,Corporate Legal,,,,,Jeddah,Full-time,Filled,1,CC-1036,Control (2nd line),Middle office,Bonus,,user2500@examplebank.com.sa,2017-02-12,British,Yes,No,Yes,ماجد القحطاني,Ready 1-2 years
POS02501,POS02500,Senior Manager Corporate Legal,Omar Haddad,G14,JC5373,Leadership,Legal,Example Bank,Legal,Corporate Legal,Corporate Legal Unit 1,,,,Jeddah,Full-time,Filled,1,CC-1004,Control (2nd line),Middle office,Bonus,Emerging Leaders,user2501@examplebank.com.sa,2012-05-13,Egyptian,No,No,No,,
POS02502,POS02501,Manager Corporate Legal,أحمد الدوسري,G13,JC3355,Management,Legal,Example Bank,Legal,Corporate Legal,Corporate Legal Unit 1,Corporate Legal Unit 1 — Team A,,,Riyadh,Full-time,Filled,1,CC-1048,Control (2nd line),Middle office,Bonus,,user2502@examplebank.com.sa,2025-02-26,Saudi,No,No,No,,
POS02503,POS02502,Specialist Corporate Legal,,G10,JC1777,Professional,Legal,Example Bank,Legal,Corporate Legal,Corporate Legal Unit 1,Corporate Legal Unit 1 — Team A,Corporate Legal Unit 1 — Team A / Section 2,,Remote,Full-time,Vacant,1,CC-1019,Control (2nd line),Middle office,Bonus,,,2017-02-24,Saudi,No,No,No,,
POS02504,POS02502,Officer Corporate Legal,,G11,JC5459,Professional,Legal,Example Bank,Legal,Corporate Legal,Corporate Legal Unit 1,Corporate Legal Unit 1 — Team A,Corporate Legal Unit 1 — Team A / Section 2,,Riyadh,Full-time,Vacant,1,CC-1045,Control (2nd line),Middle office,Fixed,,,2009-02-15,Saudi,No,No,No,,
POS02505,POS02502,Senior Officer Corporate Legal,Hassan Idris,G10,JC5193,Professional,Legal,Example Bank,Legal,Corporate Legal,Corporate Legal Unit 1,Corporate Legal Unit 1 — Team A,Corporate Legal Unit 1 — Team A / Section 1,,Jeddah,Full-time,Filled,1,CC-1026,Control (2nd line),Middle office,Fixed,,user2505@examplebank.com.sa,2018-06-02,Jordanian,No,No,Yes,أحمد الزهراني,Ready 3+ years
POS02506,POS02502,Officer Corporate Legal,ريم الغامدي,G9,JC9311,Professional,Legal,Example Bank,Legal,Corporate Legal,Corporate Legal Unit 1,Corporate Legal Unit 1 — Team A,Corporate Legal Unit 1 — Team A / Section 2,,Riyadh,Contractor,Filled,1,CC-1030,Control (2nd line),Middle office,Fixed,,user2506@examplebank.com.sa,2010-08-27,British,No,No,No,,
POS02507,POS02502,Senior Officer Corporate Legal,Adel Bakr,G12,JC6680,Management,Legal,Example Bank,Legal,Corporate Legal,Corporate Legal Unit 1,Corporate Legal Unit 1 — Team A,Corporate Legal Unit 1 — Team A / Section 2,,Riyadh,Contractor,Filled,1,CC-1002,Control (2nd line),Middle office,Fixed,,user2507@examplebank.com.sa,2023-09-18,Saudi,No,No,No,,
POS02508,POS02502,Senior Analyst Corporate Legal,Omar Younes,G9,JC8254,Professional,Legal,Example Bank,Legal,Corporate Legal,Corporate Legal Unit 1,Corporate Legal Unit 1 — Team A,Corporate Legal Unit 1 — Team A / Section 1,,Khobar,Full-time,Filled,1,CC-1013,Control (2nd line),Middle office,Fixed,Specialist Bench,user2508@examplebank.com.sa,2019-05-06,Egyptian,No,No,No,,
POS02509,POS02502,Senior Officer Corporate Legal,Layla Saleh,G9,JC7192,Professional,Legal,Example Bank,Legal,Corporate Legal,Corporate Legal Unit 1,Corporate Legal Unit 1 — Team A,Corporate Legal Unit 1 — Team A / Section 1,,Remote,Full-time,Filled,1,CC-1053,Control (2nd line),Middle office,Fixed,,user2509@examplebank.com.sa,2015-02-23,British,No,No,No,,
POS02510,POS02502,Officer Corporate Legal,ريم السبيعي,G10,JC6335,Professional,Legal,Example Bank,Legal,Corporate Legal,Corporate Legal Unit 1,Corporate Legal Unit 1 — Team A,Corporate Legal Unit 1 — Team A / Section 2,,Dammam,Full-time,Filled,1,CC-1053,Control (2nd line),Middle office,Fixed,,user2510@examplebank.com.sa,2017-05-06,Saudi,No,No,No,,
POS02511,POS02502,Senior Analyst Corporate Legal,Lina Mansour,G11,JC1978,Professional,Legal,Example Bank,Legal,Corporate Legal,Corporate Legal Unit 1,Corporate Legal Unit 1 — Team A,Corporate Legal Unit 1 — Team A / Section 2,,Riyadh,Full-time,Filled,1,CC-1057,Control (2nd line),Middle office,Fixed,,user2511@examplebank.com.sa,2016-02-13,Indian,No,No,No,,
POS02512,POS02502,Analyst Corporate Legal,Rana Idris,G9,JC7527,Professional,Legal,Example Bank,Legal,Corporate Legal,Corporate Legal Unit 1,Corporate Legal Unit 1 — Team A,Corporate Legal Unit 1 — Team A / Section 2,,Jeddah,Full-time,Filled,1,CC-1057,Control (2nd line),Middle office,Fixed,Specialist Bench,user2512@examplebank.com.sa,2016-12-25,Saudi,No,No,No,,
POS02513,POS02502,Officer Corporate Legal,Huda Darwish,G10,JC2302,Professional,Legal,Example Bank,Legal,Corporate Legal,Corporate Legal Unit 1,Corporate Legal Unit 1 — Team A,Corporate Legal Unit 1 — Team A / Section 1,,Riyadh,Full-time,Filled,1,CC-1049,Control (2nd line),Middle office,Fixed,,user2513@examplebank.com.sa,2013-04-12,Saudi,No,No,No,,
POS02514,POS02502,Officer Corporate Legal,Omar Rashed,G10,JC3054,Professional,Legal,Example Bank,Legal,Corporate Legal,Corporate Legal Unit 1,Corporate Legal Unit 1 — Team A,Corporate Legal Unit 1 — Team A / Section 2,,Khobar,Full-time,Filled,1,CC-1038,Control (2nd line),Middle office,Fixed,,user2514@examplebank.com.sa,2009-12-22,Egyptian,No,No,No,,
POS02515,POS02501,Manager Corporate Legal,عبدالله الشمري,G13,JC1042,Management,Legal,Example Bank,Legal,Corporate Legal,Corporate Legal Unit 1,Corporate Legal Unit 1 — Team B,,,Riyadh,Full-time,Filled,1,CC-1005,Control (2nd line),Middle office,Bonus,Emerging Leaders,user2515@examplebank.com.sa,2020-06-03,Saudi,No,No,No,,
POS02516,POS02515,Analyst Corporate Legal,Rana Baker,G10,JC4718,Professional,Legal,Example Bank,Legal,Corporate Legal,Corporate Legal Unit 1,Corporate Legal Unit 1 — Team B,Corporate Legal Unit 1 — Team B / Section 2,,Riyadh,Full-time,Filled,1,CC-1011,Control (2nd line),Middle office,Fixed,,user2516@examplebank.com.sa,2015-10-13,Indian,No,No,No,,
POS02517,POS02515,Analyst Corporate Legal,سارة الزهراني,G10,JC4790,Professional,Legal,Example Bank,Legal,Corporate Legal,Corporate Legal Unit 1,Corporate Legal Unit 1 — Team B,Corporate Legal Unit 1 — Team B / Section 2,,Khobar,Full-time,Filled,1,CC-1019,Control (2nd line),Middle office,Fixed,,user2517@examplebank.com.sa,2024-11-15,Saudi,No,No,No,,
POS02518,POS02515,Associate Corporate Legal,ماجد الزهراني,G12,JC6572,Management,Legal,Example Bank,Legal,Corporate Legal,Corporate Legal Unit 1,Corporate Legal Unit 1 — Team B,Corporate Legal Unit 1 — Team B / Section 1,,Remote,Full-time,Filled,0.5,CC-1041,Control (2nd line),Middle office,Bonus,,user2518@examplebank.com.sa,2019-03-13,Jordanian,No,No,No,,
POS02519,POS02515,Associate Corporate Legal,Bilal Bakr,G9,JC6579,Professional,Legal,Example Bank,Legal,Corporate Legal,Corporate Legal Unit 1,Corporate Legal Unit 1 — Team B,Corporate Legal Unit 1 — Team B / Section 2,,Riyadh,Full-time,Filled,1,CC-1029,Control (2nd line),Middle office,Fixed,,user2519@examplebank.com.sa,2019-06-23,Saudi,No,No,No,,
POS02520,POS02515,Analyst Corporate Legal,فيصل القحطاني,G10,JC8864,Professional,Legal,Example Bank,Legal,Corporate Legal,Corporate Legal Unit 1,Corporate Legal Unit 1 — Team B,Corporate Legal Unit 1 — Team B / Section 2,,Riyadh,Full-time,Filled,1,CC-1008,Control (2nd line),Middle office,Fixed,,user2520@examplebank.com.sa,2023-03-12,Saudi,No,No,No,,
POS02521,POS02515,Officer Corporate Legal,Amal Baker,G11,JC4156,Professional,Legal,Example Bank,Legal,Corporate Legal,Corporate Legal Unit 1,Corporate Legal Unit 1 — Team B,Corporate Legal Unit 1 — Team B / Section 2,,Jeddah,Full-time,Filled,1,CC-1038,Control (2nd line),Middle office,Bonus,,user2521@examplebank.com.sa,2014-12-10,Jordanian,No,No,No,,
POS02522,POS02515,Associate Corporate Legal,فيصل القحطاني,G10,JC6195,Professional,Legal,Example Bank,Legal,Corporate Legal,Corporate Legal Unit 1,Corporate Legal Unit 1 — Team B,Corporate Legal Unit 1 — Team B / Section 2,,Khobar,Full-time,Filled,1,CC-1050,Control (2nd line),Middle office,Fixed,,user2522@examplebank.com.sa,2008-04-20,Saudi,No,No,No,,
POS02523,POS02515,Specialist Corporate Legal,,G10,JC3190,Professional,Legal,Example Bank,Legal,Corporate Legal,Corporate Legal Unit 1,Corporate Legal Unit 1 — Team B,Corporate Legal Unit 1 — Team B / Section 2,,Khobar,Full-time,Vacant,1,CC-1002,Control (2nd line),Middle office,Fixed,,,2021-07-16,Indian,No,No,No,,
POS02524,POS02501,Manager Corporate Legal,Noor Karim,G13,JC4292,Management,Legal,Example Bank,Legal,Corporate Legal,Corporate Legal Unit 1,Corporate Legal Unit 1 — Team C,,,Khobar,Full-time,Filled,1,CC-1049,Control (2nd line),Middle office,Bonus,,user2524@examplebank.com.sa,2025-07-07,British,No,No,No,,
POS02525,POS02524,Associate Corporate Legal,Nasser Fahmy,G9,JC1374,Professional,Legal,Example Bank,Legal,Corporate Legal,Corporate Legal Unit 1,Corporate Legal Unit 1 — Team C,Corporate Legal Unit 1 — Team C / Section 1,,Khobar,Full-time,Filled,1,CC-1010,Control (2nd line),Middle office,Fixed,,user2525@examplebank.com.sa,2010-03-01,Saudi,No,No,No,,
POS02526,POS02524,Specialist Corporate Legal,Rana Nasser,G9,JC3413,Professional,Legal,Example Bank,Legal,Corporate Legal,Corporate Legal Unit 1,Corporate Legal Unit 1 — Team C,Corporate Legal Unit 1 — Team C / Section 1,,Jeddah,Contractor,Filled,1,CC-1045,Control (2nd line),Middle office,Bonus,,user2526@examplebank.com.sa,2023-07-25,Saudi,No,No,No,,
POS02527,POS02524,Specialist Corporate Legal,Mona Darwish,G9,JC6234,Professional,Legal,Example Bank,Legal,Corporate Legal,Corporate Legal Unit 1,Corporate Legal Unit 1 — Team C,Corporate Legal Unit 1 — Team C / Section 1,,Khobar,Full-time,Filled,1,CC-1059,Control (2nd line),Middle office,Fixed,,user2527@examplebank.com.sa,2022-06-01,British,No,No,Yes,عبدالله المطيري,Ready 3+ years
POS02528,POS02524,Officer Corporate Legal,Rana Khan,G11,JC1961,Professional,Legal,Example Bank,Legal,Corporate Legal,Corporate Legal Unit 1,Corporate Legal Unit 1 — Team C,Corporate Legal Unit 1 — Team C / Section 2,,Riyadh,Contractor,Filled,1,CC-1055,Control (2nd line),Middle office,Fixed,,user2528@examplebank.com.sa,2025-11-13,Saudi,No,No,Yes,Yusuf Saleh,Ready 3+ years
POS02529,POS02524,Senior Officer Corporate Legal,عبدالله الغامدي,G10,JC8710,Professional,Legal,Example Bank,Legal,Corporate Legal,Corporate Legal Unit 1,Corporate Legal Unit 1 — Team C,Corporate Legal Unit 1 — Team C / Section 2,,Jeddah,Full-time,Filled,1,CC-1033,Control (2nd line),Middle office,Fixed,,user2529@examplebank.com.sa,2014-03-04,British,No,No,No,,
POS02530,POS02524,Associate Corporate Legal,Lina Khan,G10,JC2904,Professional,Legal,Example Bank,Legal,Corporate Legal,Corporate Legal Unit 1,Corporate Legal Unit 1 — Team C,Corporate Legal Unit 1 — Team C / Section 2,,Dammam,Full-time,Filled,1,CC-1030,Control (2nd line),Middle office,Fixed,,user2530@examplebank.com.sa,2014-09-21,Saudi,No,No,No,,
POS02531,POS02524,Officer Corporate Legal,Maya Darwish,G9,JC9766,Professional,Legal,Example Bank,Legal,Corporate Legal,Corporate Legal Unit 1,Corporate Legal Unit 1 — Team C,Corporate Legal Unit 1 — Team C / Section 2,,Jeddah,Full-time,Filled,1,CC-1010,Control (2nd line),Middle office,Fixed,Emerging Leaders,user2531@examplebank.com.sa,2012-03-22,Indian,No,No,Yes,لطيفة الزهراني,Ready 1-2 years
POS02532,POS02524,Specialist Corporate Legal,,G11,JC8288,Professional,Legal,Example Bank,Legal,Corporate Legal,Corporate Legal Unit 1,Corporate Legal Unit 1 — Team C,Corporate Legal Unit 1 — Team C / Section 1,,Remote,Full-time,Vacant,1,CC-1016,Control (2nd line),Middle office,Fixed,,,2019-02-05,Saudi,No,No,No,,
POS02533,POS02501,Manager Corporate Legal,Salma Haddad,G13,JC7389,Management,Legal,Example Bank,Legal,Corporate Legal,Corporate Legal Unit 1,Corporate Legal Unit 1 — Team D,,,Riyadh,Full-time,Filled,1,CC-1052,Control (2nd line),Middle office,Bonus,Emerging Leaders,user2533@examplebank.com.sa,2024-07-10,Jordanian,No,No,No,,
POS02534,POS02533,Officer Corporate Legal,Ziad Farouk,G9,JC3391,Professional,Legal,Example Bank,Legal,Corporate Legal,Corporate Legal Unit 1,Corporate Legal Unit 1 — Team D,Corporate Legal Unit 1 — Team D / Section 1,,Riyadh,Full-time,Filled,1,CC-1020,Control (2nd line),Middle office,Bonus,,user2534@examplebank.com.sa,2012-06-26,British,No,No,No,,
POS02535,POS02533,Associate Corporate Legal,Waleed Rashed,G12,JC9426,Management,Legal,Example Bank,Legal,Corporate Legal,Corporate Legal Unit 1,Corporate Legal Unit 1 — Team D,Corporate Legal Unit 1 — Team D / Section 1,,Riyadh,Full-time,Filled,1,CC-1035,Control (2nd line),Middle office,Fixed,,user2535@examplebank.com.sa,2025-02-25,Saudi,No,No,Yes,Jana Karim,Ready now
POS02536,POS02533,Specialist Corporate Legal,ماجد الدوسري,G10,JC9786,Professional,Legal,Example Bank,Legal,Corporate Legal,Corporate Legal Unit 1,Corporate Legal Unit 1 — Team D,Corporate Legal Unit 1 — Team D / Section 2,,Jeddah,Full-time,Filled,1,CC-1016,Control (2nd line),Middle office,Fixed,,user2536@examplebank.com.sa,2019-06-18,Jordanian,No,No,No,,
POS02537,POS02533,Officer Corporate Legal,Tariq Saleh,G9,JC8700,Professional,Legal,Example Bank,Legal,Corporate Legal,Corporate Legal Unit 1,Corporate Legal Unit 1 — Team D,Corporate Legal Unit 1 — Team D / Section 2,,Riyadh,Full-time,Filled,1,CC-1013,Control (2nd line),Middle office,Bonus,,user2537@examplebank.com.sa,2016-01-26,Saudi,No,No,Yes,خالد الشمري,Ready 3+ years
POS02538,POS02533,Analyst Corporate Legal,Karim Qureshi,G9,JC1679,Professional,Legal,Example Bank,Legal,Corporate Legal,Corporate Legal Unit 1,Corporate Legal Unit 1 — Team D,Corporate Legal Unit 1 — Team D / Section 1,,Jeddah,Full-time,Filled,1,CC-1036,Control (2nd line),Middle office,Bonus,,user2538@examplebank.com.sa,2022-08-09,Jordanian,No,No,No,,
POS02539,POS02533,Associate Corporate Legal,Hassan Qureshi,G12,JC6679,Management,Legal,Example Bank,Legal,Corporate Legal,Corporate Legal Unit 1,Corporate Legal Unit 1 — Team D,Corporate Legal Unit 1 — Team D / Section 2,,Jeddah,Full-time,Filled,0.5,CC-1051,Control (2nd line),Middle office,Bonus,,user2539@examplebank.com.sa,2018-04-07,Saudi,No,No,No,,
POS02540,POS02533,Associate Corporate Legal,عبدالله المطيري,G10,JC6106,Professional,Legal,Example Bank,Legal,Corporate Legal,Corporate Legal Unit 1,Corporate Legal Unit 1 — Team D,Corporate Legal Unit 1 — Team D / Section 2,,Khobar,Contractor,Filled,1,CC-1008,Control (2nd line),Middle office,Bonus,,user2540@examplebank.com.sa,2008-01-08,Saudi,No,No,Yes,Rami Karim,Ready 3+ years
POS02541,POS02533,Analyst Corporate Legal,أحمد الزهراني,G10,JC3121,Professional,Legal,Example Bank,Legal,Corporate Legal,Corporate Legal Unit 1,Corporate Legal Unit 1 — Team D,Corporate Legal Unit 1 — Team D / Section 1,,Riyadh,Full-time,Filled,1,CC-1010,Control (2nd line),Middle office,Bonus,,user2541@examplebank.com.sa,2017-03-01,Saudi,No,No,No,,
POS02542,POS02533,Analyst Corporate Legal,,G10,JC4113,Professional,Legal,Example Bank,Legal,Corporate Legal,Corporate Legal Unit 1,Corporate Legal Unit 1 — Team D,Corporate Legal Unit 1 — Team D / Section 2,,Dammam,Full-time,Vacant,1,CC-1047,Control (2nd line),Middle office,Bonus,,,2017-02-05,Saudi,No,No,Yes,Tariq Qureshi,Ready 3+ years
POS02543,POS02500,Senior Manager Corporate Legal,Salma Qureshi,G14,JC1222,Leadership,Legal,Example Bank,Legal,Corporate Legal,Corporate Legal Unit 2,,,,Dammam,Full-time,Filled,1,CC-1024,Control (2nd line),Middle office,Bonus,Specialist Bench,user2543@examplebank.com.sa,2012-06-12,Jordanian,No,No,No,,
POS02544,POS02543,Manager Corporate Legal,Waleed Saleh,G13,JC9091,Management,Legal,Example Bank,Legal,Corporate Legal,Corporate Legal Unit 2,Corporate Legal Unit 2 — Team A,,,Riyadh,Full-time,Filled,1,CC-1005,Control (2nd line),Middle office,Bonus,,user2544@examplebank.com.sa,2018-02-25,Saudi,No,No,No,,
POS02545,POS02544,Analyst Corporate Legal,Rami Haddad,G12,JC3313,Management,Legal,Example Bank,Legal,Corporate Legal,Corporate Legal Unit 2,Corporate Legal Unit 2 — Team A,Corporate Legal Unit 2 — Team A / Section 2,,Jeddah,Full-time,Filled,1,CC-1026,Control (2nd line),Middle office,Fixed,,user2545@examplebank.com.sa,2018-04-20,Saudi,No,No,No,,
POS02546,POS02544,Analyst Corporate Legal,Adel Rashed,G10,JC6203,Professional,Legal,Example Bank,Legal,Corporate Legal,Corporate Legal Unit 2,Corporate Legal Unit 2 — Team A,Corporate Legal Unit 2 — Team A / Section 1,,Jeddah,Full-time,Filled,0.5,CC-1052,Control (2nd line),Middle office,Bonus,,user2546@examplebank.com.sa,2023-05-07,British,No,No,No,,
POS02547,POS02544,Analyst Corporate Legal,Dana Mansour,G11,JC3714,Professional,Legal,Example Bank,Legal,Corporate Legal,Corporate Legal Unit 2,Corporate Legal Unit 2 — Team A,Corporate Legal Unit 2 — Team A / Section 1,,Remote,Full-time,Filled,1,CC-1060,Control (2nd line),Middle office,Fixed,,user2547@examplebank.com.sa,2013-06-16,British,No,No,No,,
POS02548,POS02544,Officer Corporate Legal,Huda Osman,G12,JC5126,Management,Legal,Example Bank,Legal,Corporate Legal,Corporate Legal Unit 2,Corporate Legal Unit 2 — Team A,Corporate Legal Unit 2 — Team A / Section 1,,Dammam,Full-time,Filled,1,CC-1024,Control (2nd line),Middle office,Bonus,,user2548@examplebank.com.sa,2023-09-26,Egyptian,No,No,No,,
POS02549,POS02544,Officer Corporate Legal,ريم الشمري,G10,JC3898,Professional,Legal,Example Bank,Legal,Corporate Legal,Corporate Legal Unit 2,Corporate Legal Unit 2 — Team A,Corporate Legal Unit 2 — Team A / Section 1,,Riyadh,Full-time,Filled,1,CC-1047,Control (2nd line),Middle office,Bonus,,user2549@examplebank.com.sa,2010-10-08,Saudi,No,No,Yes,Ziad Qureshi,Ready 3+ years
POS02550,POS02544,Specialist Corporate Legal,,G10,JC7282,Professional,Legal,Example Bank,Legal,Corporate Legal,Corporate Legal Unit 2,Corporate Legal Unit 2 — Team A,Corporate Legal Unit 2 — Team A / Section 1,,Riyadh,Full-time,Vacant,1,CC-1046,Control (2nd line),Middle office,Fixed,,,2008-06-10,Saudi,No,No,No,,
POS02551,POS02543,Manager Corporate Legal,أحمد الشمري,G13,JC2320,Management,Legal,Example Bank,Legal,Corporate Legal,Corporate Legal Unit 2,Corporate Legal Unit 2 — Team B,,,Riyadh,Full-time,Filled,1,CC-1031,Control (2nd line),Middle office,Bonus,,user2551@examplebank.com.sa,2021-05-27,Saudi,No,No,No,,
POS02552,POS02551,Specialist Corporate Legal,Hassan Mansour,G11,JC3187,Professional,Legal,Example Bank,Legal,Corporate Legal,Corporate Legal Unit 2,Corporate Legal Unit 2 — Team B,Corporate Legal Unit 2 — Team B / Section 1,,Riyadh,Full-time,Filled,1,CC-1056,Control (2nd line),Middle office,Fixed,,user2552@examplebank.com.sa,2016-03-28,Saudi,No,No,Yes,Nasser Karim,Ready 3+ years
POS02553,POS02551,Associate Corporate Legal,Hassan Saleh,G10,JC3502,Professional,Legal,Example Bank,Legal,Corporate Legal,Corporate Legal Unit 2,Corporate Legal Unit 2 — Team B,Corporate Legal Unit 2 — Team B / Section 1,,Dammam,Contractor,Filled,1,CC-1000,Control (2nd line),Middle office,Fixed,,user2553@examplebank.com.sa,2015-03-13,Saudi,No,No,No,,
POS02554,POS02551,Officer Corporate Legal,Amal Younes,G10,JC2616,Professional,Legal,Example Bank,Legal,Corporate Legal,Corporate Legal Unit 2,Corporate Legal Unit 2 — Team B,Corporate Legal Unit 2 — Team B / Section 1,,Jeddah,Full-time,Filled,1,CC-1056,Control (2nd line),Middle office,Fixed,,user2554@examplebank.com.sa,2022-05-23,Indian,No,No,No,,
POS02555,POS02551,Senior Officer Corporate Legal,Rami Qureshi,G10,JC4539,Professional,Legal,Example Bank,Legal,Corporate Legal,Corporate Legal Unit 2,Corporate Legal Unit 2 — Team B,Corporate Legal Unit 2 — Team B / Section 1,,Riyadh,Full-time,Filled,1,CC-1015,Control (2nd line),Middle office,Fixed,,user2555@examplebank.com.sa,2021-01-28,Saudi,No,No,No,,
POS02556,POS02551,Senior Analyst Corporate Legal,Maya Younes,G9,JC7234,Professional,Legal,Example Bank,Legal,Corporate Legal,Corporate Legal Unit 2,Corporate Legal Unit 2 — Team B,Corporate Legal Unit 2 — Team B / Section 2,,Jeddah,Full-time,Filled,1,CC-1019,Control (2nd line),Middle office,Bonus,,user2556@examplebank.com.sa,2013-02-07,Saudi,No,No,Yes,ماجد السبيعي,Ready 3+ years
POS02557,POS02551,Officer Corporate Legal,Waleed Karim,G9,JC8940,Professional,Legal,Example Bank,Legal,Corporate Legal,Corporate Legal Unit 2,Corporate Legal Unit 2 — Team B,Corporate Legal Unit 2 — Team B / Section 2,,Riyadh,Full-time,Filled,1,CC-1040,Control (2nd line),Middle office,Fixed,,user2557@examplebank.com.sa,2022-04-14,Saudi,No,No,No,,
POS02558,POS02551,Associate Corporate Legal,خالد العتيبي,G12,JC6532,Management,Legal,Example Bank,Legal,Corporate Legal,Corporate Legal Unit 2,Corporate Legal Unit 2 — Team B,Corporate Legal Unit 2 — Team B / Section 1,,Jeddah,Full-time,Filled,1,CC-1057,Control (2nd line),Middle office,Fixed,,user2558@examplebank.com.sa,2018-11-24,Saudi,No,No,No,,
POS02559,POS02551,Specialist Corporate Legal,,G9,JC6130,Professional,Legal,Example Bank,Legal,Corporate Legal,Corporate Legal Unit 2,Corporate Legal Unit 2 — Team B,Corporate Legal Unit 2 — Team B / Section 1,,Dammam,Full-time,Vacant,1,CC-1016,Control (2nd line),Middle office,Fixed,,,2012-11-20,Saudi,No,No,No,,
POS02560,POS02551,Analyst Corporate Legal,فيصل القحطاني,G10,JC6747,Professional,Legal,Example Bank,Legal,Corporate Legal,Corporate Legal Unit 2,Corporate Legal Unit 2 — Team B,Corporate Legal Unit 2 — Team B / Section 2,,Remote,Full-time,Filled,1,CC-1046,Control (2nd line),Middle office,Fixed,,user2560@examplebank.com.sa,2024-02-05,Saudi,No,No,No,,
POS02561,POS02551,Specialist Corporate Legal,Yusuf Rashed,G11,JC3189,Professional,Legal,Example Bank,Legal,Corporate Legal,Corporate Legal Unit 2,Corporate Legal Unit 2 — Team B,Corporate Legal Unit 2 — Team B / Section 2,,Khobar,Full-time,Filled,1,CC-1024,Control (2nd line),Middle office,Fixed,,user2561@examplebank.com.sa,2015-07-08,Saudi,No,No,No,,
POS02562,POS02551,Associate Corporate Legal,خالد الدوسري,G12,JC8297,Management,Legal,Example Bank,Legal,Corporate Legal,Corporate Legal Unit 2,Corporate Legal Unit 2 — Team B,Corporate Legal Unit 2 — Team B / Section 1,,Remote,Full-time,Filled,1,CC-1031,Control (2nd line),Middle office,Fixed,,user2562@examplebank.com.sa,2012-06-11,Indian,No,No,Yes,Amal Saleh,Ready now
POS02563,POS02499,Head of Litigation,Ziad Darwish,G15,JC6132,Leadership,Legal,Example Bank,Legal,Litigation,,,,,Riyadh,Full-time,Filled,1,CC-1047,Control (2nd line),Middle office,Bonus,,user2563@examplebank.com.sa,2012-04-06,Saudi,Yes,No,No,,
POS02564,POS02563,Senior Manager Litigation,هند الغامدي,G14,JC2216,Leadership,Legal,Example Bank,Legal,Litigation,Litigation Unit 1,,,,Khobar,Full-time,Filled,1,CC-1003,Control (2nd line),Middle office,Bonus,,user2564@examplebank.com.sa,2025-12-11,Saudi,No,No,No,,
POS02565,POS02564,Manager Litigation,Aisha Qureshi,G13,JC1880,Management,Legal,Example Bank,Legal,Litigation,Litigation Unit 1,Litigation Unit 1 — Team A,,,Riyadh,Full-time,Filled,1,CC-1032,Control (2nd line),Middle office,Bonus,,user2565@examplebank.com.sa,2015-02-22,Saudi,No,No,Yes,نورة المطيري,Ready 1-2 years
POS02566,POS02565,Specialist Litigation,Hassan Siddiqui,G10,JC2017,Professional,Legal,Example Bank,Legal,Litigation,Litigation Unit 1,Litigation Unit 1 — Team A,Litigation Unit 1 — Team A / Section 2,,Jeddah,Full-time,Filled,1,CC-1048,Control (2nd line),Middle office,Fixed,,user2566@examplebank.com.sa,2015-02-10,Saudi,No,No,No,,
POS02567,POS02565,Analyst Litigation,عبدالله الدوسري,G11,JC2799,Professional,Legal,Example Bank,Legal,Litigation,Litigation Unit 1,Litigation Unit 1 — Team A,Litigation Unit 1 — Team A / Section 1,,Riyadh,Full-time,Filled,1,CC-1010,Control (2nd line),Middle office,Fixed,,user2567@examplebank.com.sa,2019-07-07,Egyptian,No,No,No,,
POS02568,POS02565,Associate Litigation,فيصل الغامدي,G12,JC2783,Management,Legal,Example Bank,Legal,Litigation,Litigation Unit 1,Litigation Unit 1 — Team A,Litigation Unit 1 — Team A / Section 1,,Khobar,Full-time,Filled,1,CC-1048,Control (2nd line),Middle office,Fixed,,user2568@examplebank.com.sa,2018-05-04,Jordanian,No,No,No,,
POS02569,POS02565,Officer Litigation,Noor Haddad,G9,JC6258,Professional,Legal,Example Bank,Legal,Litigation,Litigation Unit 1,Litigation Unit 1 — Team A,Litigation Unit 1 — Team A / Section 2,,Riyadh,Full-time,Filled,1,CC-1026,Control (2nd line),Middle office,Fixed,,user2569@examplebank.com.sa,2018-03-15,Egyptian,No,No,No,,
POS02570,POS02565,Associate Litigation,,G10,JC3321,Professional,Legal,Example Bank,Legal,Litigation,Litigation Unit 1,Litigation Unit 1 — Team A,Litigation Unit 1 — Team A / Section 2,,Khobar,Contractor,Vacant,1,CC-1032,Control (2nd line),Middle office,Fixed,,,2009-09-26,Saudi,No,No,Yes,Rami Osman,Ready 1-2 years
POS02571,POS02565,Officer Litigation,هند المطيري,G11,JC4027,Professional,Legal,Example Bank,Legal,Litigation,Litigation Unit 1,Litigation Unit 1 — Team A,Litigation Unit 1 — Team A / Section 2,,Jeddah,Full-time,Filled,1,CC-1035,Control (2nd line),Middle office,Bonus,,user2571@examplebank.com.sa,2017-06-25,Saudi,No,No,No,,
POS02572,POS02565,Specialist Litigation,نورة القحطاني,G11,JC9580,Professional,Legal,Example Bank,Legal,Litigation,Litigation Unit 1,Litigation Unit 1 — Team A,Litigation Unit 1 — Team A / Section 2,,Riyadh,Full-time,Filled,1,CC-1010,Control (2nd line),Middle office,Fixed,,user2572@examplebank.com.sa,2015-08-07,Jordanian,No,No,No,,
POS02573,POS02565,Analyst Litigation,خالد العتيبي,G9,JC3419,Professional,Legal,Example Bank,Legal,Litigation,Litigation Unit 1,Litigation Unit 1 — Team A,Litigation Unit 1 — Team A / Section 2,,Jeddah,Full-time,Filled,1,CC-1052,Control (2nd line),Middle office,Bonus,,user2573@examplebank.com.sa,2019-06-22,Saudi,No,No,No,,
POS02574,POS02565,Associate Litigation,لطيفة الحربي,G9,JC9583,Professional,Legal,Example Bank,Legal,Litigation,Litigation Unit 1,Litigation Unit 1 — Team A,Litigation Unit 1 — Team A / Section 1,,Riyadh,Full-time,Filled,1,CC-1044,Control (2nd line),Middle office,Bonus,,user2574@examplebank.com.sa,2025-03-22,Saudi,No,No,Yes,Omar Farouk,Ready 1-2 years
POS02575,POS02565,Officer Litigation,فيصل الدوسري,G10,JC3164,Professional,Legal,Example Bank,Legal,Litigation,Litigation Unit 1,Litigation Unit 1 — Team A,Litigation Unit 1 — Team A / Section 2,,Remote,Full-time,Filled,1,CC-1031,Control (2nd line),Middle office,Bonus,,user2575@examplebank.com.sa,2009-09-10,Saudi,No,No,No,,
POS02576,POS02565,Associate Litigation,عبدالله العتيبي,G10,JC3971,Professional,Legal,Example Bank,Legal,Litigation,Litigation Unit 1,Litigation Unit 1 — Team A,Litigation Unit 1 — Team A / Section 2,,Khobar,Full-time,Filled,1,CC-1033,Control (2nd line),Middle office,Fixed,,user2576@examplebank.com.sa,2021-01-02,British,No,No,No,,
POS02577,POS02564,Manager Litigation,هند السبيعي,G13,JC2702,Management,Legal,Example Bank,Legal,Litigation,Litigation Unit 1,Litigation Unit 1 — Team B,,,Riyadh,Full-time,Filled,1,CC-1001,Control (2nd line),Middle office,Bonus,,user2577@examplebank.com.sa,2017-10-15,Saudi,No,No,No,,
POS02578,POS02577,Senior Analyst Litigation,Salma Saleh,G9,JC8786,Professional,Legal,Example Bank,Legal,Litigation,Litigation Unit 1,Litigation Unit 1 — Team B,Litigation Unit 1 — Team B / Section 1,,Jeddah,Full-time,Filled,1,CC-1027,Control (2nd line),Middle office,Fixed,,user2578@examplebank.com.sa,2008-05-07,Egyptian,No,No,No,,
POS02579,POS02577,Specialist Litigation,Nasser Saleh,G10,JC3211,Professional,Legal,Example Bank,Legal,Litigation,Litigation Unit 1,Litigation Unit 1 — Team B,Litigation Unit 1 — Team B / Section 1,,Remote,Full-time,Filled,1,CC-1050,Control (2nd line),Middle office,Fixed,,user2579@examplebank.com.sa,2017-04-27,Indian,No,No,No,,
POS02580,POS02577,Associate Litigation,Huda Haddad,G9,JC4931,Professional,Legal,Example Bank,Legal,Litigation,Litigation Unit 1,Litigation Unit 1 — Team B,Litigation Unit 1 — Team B / Section 1,,Remote,Full-time,Filled,1,CC-1037,Control (2nd line),Middle office,Fixed,Emerging Leaders,user2580@examplebank.com.sa,2022-11-10,Saudi,No,No,Yes,Salma Saleh,Ready 1-2 years
POS02581,POS02577,Specialist Litigation,,G10,JC6751,Professional,Legal,Example Bank,Legal,Litigation,Litigation Unit 1,Litigation Unit 1 — Team B,Litigation Unit 1 — Team B / Section 2,,Riyadh,Full-time,Vacant,1,CC-1032,Control (2nd line),Middle office,Fixed,Emerging Leaders,,2019-06-11,Egyptian,No,No,Yes,فيصل الزهراني,Ready now
POS02582,POS02577,Specialist Litigation,Bilal Farouk,G10,JC2662,Professional,Legal,Example Bank,Legal,Litigation,Litigation Unit 1,Litigation Unit 1 — Team B,Litigation Unit 1 — Team B / Section 1,,Jeddah,Full-time,Filled,1,CC-1056,Control (2nd line),Middle office,Fixed,,user2582@examplebank.com.sa,2013-11-27,Saudi,No,No,Yes,سارة الدوسري,Ready 1-2 years
POS02583,POS02577,Analyst Litigation,Noor Fahmy,G10,JC1286,Professional,Legal,Example Bank,Legal,Litigation,Litigation Unit 1,Litigation Unit 1 — Team B,Litigation Unit 1 — Team B / Section 1,,Riyadh,Full-time,Filled,0.5,CC-1058,Control (2nd line),Middle office,Bonus,,user2583@examplebank.com.sa,2011-09-04,Indian,No,No,No,,
POS02584,POS02577,Officer Litigation,,G10,JC6787,Professional,Legal,Example Bank,Legal,Litigation,Litigation Unit 1,Litigation Unit 1 — Team B,Litigation Unit 1 — Team B / Section 2,,Dammam,Full-time,Vacant,1,CC-1023,Control (2nd line),Middle office,Fixed,,,2014-10-22,Indian,No,No,No,,
POS02585,POS02577,Senior Analyst Litigation,Hassan Haddad,G11,JC1516,Professional,Legal,Example Bank,Legal,Litigation,Litigation Unit 1,Litigation Unit 1 — Team B,Litigation Unit 1 — Team B / Section 1,,Jeddah,Contractor,Filled,1,CC-1015,Control (2nd line),Middle office,Fixed,,user2585@examplebank.com.sa,2008-12-10,Saudi,No,No,No,,
POS02586,POS02577,Officer Litigation,Waleed Rashed,G9,JC4274,Professional,Legal,Example Bank,Legal,Litigation,Litigation Unit 1,Litigation Unit 1 — Team B,Litigation Unit 1 — Team B / Section 2,,Jeddah,Full-time,Filled,1,CC-1009,Control (2nd line),Middle office,Bonus,,user2586@examplebank.com.sa,2020-04-26,Indian,No,No,No,,
POS02587,POS02577,Senior Officer Litigation,Karim Baker,G10,JC5894,Professional,Legal,Example Bank,Legal,Litigation,Litigation Unit 1,Litigation Unit 1 — Team B,Litigation Unit 1 — Team B / Section 1,,Riyadh,Full-time,Filled,1,CC-1046,Control (2nd line),Middle office,Bonus,,user2587@examplebank.com.sa,2010-12-20,British,No,No,No,,
POS02588,POS02577,Officer Litigation,,G11,JC3757,Professional,Legal,Example Bank,Legal,Litigation,Litigation Unit 1,Litigation Unit 1 — Team B,Litigation Unit 1 — Team B / Section 2,,Khobar,Full-time,Vacant,1,CC-1037,Control (2nd line),Middle office,Fixed,,,2017-02-27,Saudi,No,No,No,,
POS02589,POS02563,Senior Manager Litigation,Huda Khan,G14,JC6658,Leadership,Legal,Example Bank,Legal,Litigation,Litigation Unit 2,,,,Dammam,Full-time,Filled,1,CC-1043,Control (2nd line),Middle office,Bonus,,user2589@examplebank.com.sa,2011-10-23,Jordanian,No,No,No,,
POS02590,POS02589,Manager Litigation,Aisha Younes,G13,JC7449,Management,Legal,Example Bank,Legal,Litigation,Litigation Unit 2,Litigation Unit 2 — Team A,,,Jeddah,Full-time,Filled,1,CC-1010,Control (2nd line),Middle office,Bonus,Future Executives,user2590@examplebank.com.sa,2022-01-17,Indian,No,No,No,,
POS02591,POS02590,Analyst Litigation,أحمد المطيري,G11,JC8509,Professional,Legal,Example Bank,Legal,Litigation,Litigation Unit 2,Litigation Unit 2 — Team A,Litigation Unit 2 — Team A / Section 2,,Riyadh,Full-time,Filled,1,CC-1028,Control (2nd line),Middle office,Fixed,,user2591@examplebank.com.sa,2018-07-19,Saudi,No,No,Yes,Salma Khan,Ready now
POS02592,POS02590,Officer Litigation,Nasser Siddiqui,G10,JC1560,Professional,Legal,Example Bank,Legal,Litigation,Litigation Unit 2,Litigation Unit 2 — Team A,Litigation Unit 2 — Team A / Section 1,,Riyadh,Full-time,Filled,1,CC-1044,Control (2nd line),Middle office,Fixed,Emerging Leaders,user2592@examplebank.com.sa,2013-08-08,Saudi,No,No,No,,
POS02593,POS02590,Associate Litigation,عبدالله الشمري,G12,JC2857,Management,Legal,Example Bank,Legal,Litigation,Litigation Unit 2,Litigation Unit 2 — Team A,Litigation Unit 2 — Team A / Section 2,,Riyadh,Full-time,Filled,1,CC-1038,Control (2nd line),Middle office,Fixed,,user2593@examplebank.com.sa,2022-08-17,Indian,No,No,No,,
POS02594,POS02590,Associate Litigation,Amal Farouk,G10,JC9450,Professional,Legal,Example Bank,Legal,Litigation,Litigation Unit 2,Litigation Unit 2 — Team A,Litigation Unit 2 — Team A / Section 2,,Jeddah,Full-time,Filled,0.5,CC-1035,Control (2nd line),Middle office,Fixed,,user2594@examplebank.com.sa,2018-12-06,Saudi,No,No,Yes,دانة القحطاني,Ready 3+ years
POS02595,POS02590,Senior Analyst Litigation,خالد القحطاني,G11,JC8496,Professional,Legal,Example Bank,Legal,Litigation,Litigation Unit 2,Litigation Unit 2 — Team A,Litigation Unit 2 — Team A / Section 2,,Dammam,Full-time,Filled,1,CC-1048,Control (2nd line),Middle office,Fixed,,user2595@examplebank.com.sa,2017-04-02,Saudi,No,No,No,,
POS02596,POS02590,Senior Officer Litigation,Omar Nasser,G12,JC2825,Management,Legal,Example Bank,Legal,Litigation,Litigation Unit 2,Litigation Unit 2 — Team A,Litigation Unit 2 — Team A / Section 2,,Remote,Full-time,Filled,1,CC-1040,Control (2nd line),Middle office,Bonus,,user2596@examplebank.com.sa,2013-05-08,British,No,No,No,,
POS02597,POS02590,Senior Officer Litigation,Karim Bakr,G11,JC3335,Professional,Legal,Example Bank,Legal,Litigation,Litigation Unit 2,Litigation Unit 2 — Team A,Litigation Unit 2 — Team A / Section 1,,Jeddah,Full-time,Filled,1,CC-1015,Control (2nd line),Middle office,Bonus,,user2597@examplebank.com.sa,2014-06-04,Jordanian,No,No,No,,
POS02598,POS02590,Senior Analyst Litigation,Maya Rashed,G10,JC7219,Professional,Legal,Example Bank,Legal,Litigation,Litigation Unit 2,Litigation Unit 2 — Team A,Litigation Unit 2 — Team A / Section 1,,Remote,Full-time,Filled,1,CC-1053,Control (2nd line),Middle office,Fixed,,user2598@examplebank.com.sa,2022-06-22,Saudi,No,No,No,,
POS02599,POS02590,Associate Litigation,Bilal Saleh,G11,JC9517,Professional,Legal,Example Bank,Legal,Litigation,Litigation Unit 2,Litigation Unit 2 — Team A,Litigation Unit 2 — Team A / Section 1,,Jeddah,Full-time,Filled,1,CC-1011,Control (2nd line),Middle office,Fixed,,user2599@examplebank.com.sa,2012-04-26,Jordanian,No,No,Yes,سارة الحربي,Ready 3+ years
POS02600,POS02589,Manager Litigation,Noor Rashed,G13,JC4445,Management,Legal,Example Bank,Legal,Litigation,Litigation Unit 2,Litigation Unit 2 — Team B,,,Riyadh,Full-time,Filled,1,CC-1021,Control (2nd line),Middle office,Bonus,,user2600@examplebank.com.sa,2008-04-07,Saudi,No,No,No,,
POS02601,POS02600,Analyst Litigation,عبدالله السبيعي,G10,JC4061,Professional,Legal,Example Bank,Legal,Litigation,Litigation Unit 2,Litigation Unit 2 — Team B,Litigation Unit 2 — Team B / Section 2,,Dammam,Full-time,Filled,1,CC-1022,Control (2nd line),Middle office,Fixed,,user2601@examplebank.com.sa,2010-10-15,Saudi,No,No,No,,
POS02602,POS02600,Officer Litigation,Maya Rashed,G10,JC9397,Professional,Legal,Example Bank,Legal,Litigation,Litigation Unit 2,Litigation Unit 2 — Team B,Litigation Unit 2 — Team B / Section 2,,Jeddah,Full-time,Filled,1,CC-1055,Control (2nd line),Middle office,Fixed,,user2602@examplebank.com.sa,2017-02-17,Egyptian,No,No,No,,
POS02603,POS02600,Analyst Litigation,نورة الدوسري,G12,JC8186,Management,Legal,Example Bank,Legal,Litigation,Litigation Unit 2,Litigation Unit 2 — Team B,Litigation Unit 2 — Team B / Section 1,,Riyadh,Contractor,Filled,1,CC-1044,Control (2nd line),Middle office,Fixed,,user2603@examplebank.com.sa,2024-04-26,Jordanian,No,No,No,,
POS02604,POS02600,Senior Analyst Litigation,نورة العتيبي,G10,JC4713,Professional,Legal,Example Bank,Legal,Litigation,Litigation Unit 2,Litigation Unit 2 — Team B,Litigation Unit 2 — Team B / Section 2,,Jeddah,Full-time,Filled,1,CC-1012,Control (2nd line),Middle office,Fixed,,user2604@examplebank.com.sa,2022-05-02,Saudi,No,No,No,,
POS02605,POS02600,Officer Litigation,لطيفة الزهراني,G12,JC1738,Management,Legal,Example Bank,Legal,Litigation,Litigation Unit 2,Litigation Unit 2 — Team B,Litigation Unit 2 — Team B / Section 1,,Dammam,Full-time,Filled,1,CC-1032,Control (2nd line),Middle office,Fixed,,user2605@examplebank.com.sa,2017-09-17,British,No,No,No,,
POS02606,POS02600,Senior Officer Litigation,Rami Osman,G10,JC6965,Professional,Legal,Example Bank,Legal,Litigation,Litigation Unit 2,Litigation Unit 2 — Team B,Litigation Unit 2 — Team B / Section 1,,Remote,Full-time,Filled,1,CC-1036,Control (2nd line),Middle office,Bonus,,user2606@examplebank.com.sa,2011-04-27,Saudi,No,No,No,,
POS02607,POS02589,Manager Litigation,Hassan Qureshi,G13,JC1175,Management,Legal,Example Bank,Legal,Litigation,Litigation Unit 2,Litigation Unit 2 — Team C,,,Jeddah,Full-time,Filled,1,CC-1015,Control (2nd line),Middle office,Bonus,,user2607@examplebank.com.sa,2021-06-20,Jordanian,No,No,No,,
POS02608,POS02607,Associate Litigation,Rana Bakr,G11,JC9591,Professional,Legal,Example Bank,Legal,Litigation,Litigation Unit 2,Litigation Unit 2 — Team C,Litigation Unit 2 — Team C / Section 1,,Jeddah,Contractor,Filled,1,CC-1056,Control (2nd line),Middle office,Fixed,,user2608@examplebank.com.sa,2011-03-16,Egyptian,No,No,No,,
POS02609,POS02607,Senior Officer Litigation,,G10,JC7025,Professional,Legal,Example Bank,Legal,Litigation,Litigation Unit 2,Litigation Unit 2 — Team C,Litigation Unit 2 — Team C / Section 1,,Remote,Contractor,Vacant,1,CC-1042,Control (2nd line),Middle office,Fixed,,,2015-12-20,Indian,No,No,No,,
POS02610,POS02607,Senior Analyst Litigation,Rami Mansour,G11,JC9134,Professional,Legal,Example Bank,Legal,Litigation,Litigation Unit 2,Litigation Unit 2 — Team C,Litigation Unit 2 — Team C / Section 1,,Khobar,Full-time,Filled,1,CC-1014,Control (2nd line),Middle office,Bonus,,user2610@examplebank.com.sa,2013-07-23,Saudi,No,No,No,,
POS02611,POS02607,Senior Analyst Litigation,,G9,JC4084,Professional,Legal,Example Bank,Legal,Litigation,Litigation Unit 2,Litigation Unit 2 — Team C,Litigation Unit 2 — Team C / Section 2,,Khobar,Full-time,Vacant,0.5,CC-1058,Control (2nd line),Middle office,Fixed,Emerging Leaders,,2017-08-09,Saudi,No,No,No,,
POS02612,POS02607,Associate Litigation,Sami Baker,G11,JC8389,Professional,Legal,Example Bank,Legal,Litigation,Litigation Unit 2,Litigation Unit 2 — Team C,Litigation Unit 2 — Team C / Section 1,,Dammam,Full-time,Filled,1,CC-1034,Control (2nd line),Middle office,Bonus,,user2612@examplebank.com.sa,2015-06-26,Saudi,No,No,No,,
POS02613,POS02607,Associate Litigation,,G10,JC3512,Professional,Legal,Example Bank,Legal,Litigation,Litigation Unit 2,Litigation Unit 2 — Team C,Litigation Unit 2 — Team C / Section 1,,Riyadh,Contractor,Vacant,1,CC-1019,Control (2nd line),Middle office,Bonus,Specialist Bench,,2018-09-09,Egyptian,No,No,No,,
POS02614,POS02563,Senior Manager Litigation,Noor Rashed,G14,JC9942,Leadership,Legal,Example Bank,Legal,Litigation,Litigation Unit 3,,,,Riyadh,Full-time,Filled,1,CC-1041,Control (2nd line),Middle office,Bonus,,user2614@examplebank.com.sa,2008-06-09,Saudi,No,No,No,,
POS02615,POS02614,Manager Litigation,فيصل السبيعي,G13,JC4710,Management,Legal,Example Bank,Legal,Litigation,Litigation Unit 3,Litigation Unit 3 — Team A,,,Jeddah,Full-time,Filled,1,CC-1017,Control (2nd line),Middle office,Bonus,Emerging Leaders,user2615@examplebank.com.sa,2016-07-24,Saudi,No,No,No,,
POS02616,POS02615,Senior Analyst Litigation,Karim Rashed,G11,JC6127,Professional,Legal,Example Bank,Legal,Litigation,Litigation Unit 3,Litigation Unit 3 — Team A,Litigation Unit 3 — Team A / Section 1,,Remote,Full-time,Filled,1,CC-1055,Control (2nd line),Middle office,Fixed,,user2616@examplebank.com.sa,2021-11-26,Saudi,No,No,No,,
POS02617,POS02615,Officer Litigation,خالد العتيبي,G10,JC9580,Professional,Legal,Example Bank,Legal,Litigation,Litigation Unit 3,Litigation Unit 3 — Team A,Litigation Unit 3 — Team A / Section 2,,Dammam,Full-time,Filled,1,CC-1053,Control (2nd line),Middle office,Fixed,,user2617@examplebank.com.sa,2025-06-28,Saudi,No,No,No,,
POS02618,POS02615,Specialist Litigation,لطيفة السبيعي,G10,JC7907,Professional,Legal,Example Bank,Legal,Litigation,Litigation Unit 3,Litigation Unit 3 — Team A,Litigation Unit 3 — Team A / Section 1,,Riyadh,Full-time,Filled,1,CC-1030,Control (2nd line),Middle office,Bonus,,user2618@examplebank.com.sa,2018-06-10,Saudi,No,No,No,,
POS02619,POS02615,Associate Litigation,فيصل السبيعي,G11,JC9603,Professional,Legal,Example Bank,Legal,Litigation,Litigation Unit 3,Litigation Unit 3 — Team A,Litigation Unit 3 — Team A / Section 2,,Riyadh,Full-time,Filled,1,CC-1015,Control (2nd line),Middle office,Fixed,,user2619@examplebank.com.sa,2013-11-26,Indian,No,No,No,,
POS02620,POS02615,Senior Analyst Litigation,Mona Bakr,G12,JC7909,Management,Legal,Example Bank,Legal,Litigation,Litigation Unit 3,Litigation Unit 3 — Team A,Litigation Unit 3 — Team A / Section 2,,Riyadh,Full-time,Filled,1,CC-1002,Control (2nd line),Middle office,Fixed,,user2620@examplebank.com.sa,2012-10-12,Indian,No,No,No,,
POS02621,POS02615,Officer Litigation,عبدالله القحطاني,G9,JC4778,Professional,Legal,Example Bank,Legal,Litigation,Litigation Unit 3,Litigation Unit 3 — Team A,Litigation Unit 3 — Team A / Section 2,,Dammam,Full-time,Filled,1,CC-1025,Control (2nd line),Middle office,Fixed,,user2621@examplebank.com.sa,2011-10-10,Saudi,No,No,No,,
POS02622,POS02615,Senior Analyst Litigation,Tariq Rashed,G11,JC1029,Professional,Legal,Example Bank,Legal,Litigation,Litigation Unit 3,Litigation Unit 3 — Team A,Litigation Unit 3 — Team A / Section 2,,Khobar,Full-time,Filled,1,CC-1057,Control (2nd line),Middle office,Bonus,,user2622@examplebank.com.sa,2024-06-05,Indian,No,No,No,,
POS02623,POS02615,Senior Analyst Litigation,سارة الحربي,G11,JC3583,Professional,Legal,Example Bank,Legal,Litigation,Litigation Unit 3,Litigation Unit 3 — Team A,Litigation Unit 3 — Team A / Section 2,,Jeddah,Full-time,Filled,1,CC-1050,Control (2nd line),Middle office,Fixed,,user2623@examplebank.com.sa,2017-11-12,Saudi,No,No,No,,
POS02624,POS02615,Officer Litigation,Hassan Siddiqui,G10,JC9325,Professional,Legal,Example Bank,Legal,Litigation,Litigation Unit 3,Litigation Unit 3 — Team A,Litigation Unit 3 — Team A / Section 1,,Jeddah,Full-time,Filled,1,CC-1024,Control (2nd line),Middle office,Fixed,,user2624@examplebank.com.sa,2017-05-03,Egyptian,No,No,No,,
POS02625,POS02614,Manager Litigation,Mona Baker,G13,JC3334,Management,Legal,Example Bank,Legal,Litigation,Litigation Unit 3,Litigation Unit 3 — Team B,,,Remote,Full-time,Filled,1,CC-1060,Control (2nd line),Middle office,Bonus,,user2625@examplebank.com.sa,2011-03-03,Saudi,No,No,No,,
POS02626,POS02625,Analyst Litigation,,G10,JC6076,Professional,Legal,Example Bank,Legal,Litigation,Litigation Unit 3,Litigation Unit 3 — Team B,Litigation Unit 3 — Team B / Section 2,,Jeddah,Full-time,Vacant,1,CC-1050,Control (2nd line),Middle office,Fixed,,,2020-05-25,Saudi,No,No,No,,
POS02627,POS02625,Senior Analyst Litigation,عبدالله الشمري,G12,JC8968,Management,Legal,Example Bank,Legal,Litigation,Litigation Unit 3,Litigation Unit 3 — Team B,Litigation Unit 3 — Team B / Section 2,,Jeddah,Full-time,Filled,1,CC-1008,Control (2nd line),Middle office,Bonus,,user2627@examplebank.com.sa,2022-01-24,Saudi,No,No,Yes,ماجد السبيعي,Ready 3+ years
POS02628,POS02625,Senior Analyst Litigation,لطيفة الحربي,G11,JC2254,Professional,Legal,Example Bank,Legal,Litigation,Litigation Unit 3,Litigation Unit 3 — Team B,Litigation Unit 3 — Team B / Section 1,,Riyadh,Full-time,Filled,1,CC-1015,Control (2nd line),Middle office,Bonus,,user2628@examplebank.com.sa,2018-07-12,Saudi,No,No,No,,
POS02629,POS02625,Associate Litigation,Layla Idris,G10,JC3682,Professional,Legal,Example Bank,Legal,Litigation,Litigation Unit 3,Litigation Unit 3 — Team B,Litigation Unit 3 — Team B / Section 1,,Riyadh,Full-time,Filled,1,CC-1033,Control (2nd line),Middle office,Fixed,,user2629@examplebank.com.sa,2021-03-22,Saudi,No,No,Yes,Karim Osman,Ready 1-2 years
POS02630,POS02625,Senior Officer Litigation,,G12,JC3579,Management,Legal,Example Bank,Legal,Litigation,Litigation Unit 3,Litigation Unit 3 — Team B,Litigation Unit 3 — Team B / Section 2,,Riyadh,Full-time,Vacant,1,CC-1050,Control (2nd line),Middle office,Bonus,,,2010-11-11,Saudi,No,No,Yes,Amal Bakr,Ready 3+ years
POS02631,POS02625,Senior Analyst Litigation,سارة العتيبي,G10,JC8718,Professional,Legal,Example Bank,Legal,Litigation,Litigation Unit 3,Litigation Unit 3 — Team B,Litigation Unit 3 — Team B / Section 1,,Khobar,Full-time,Filled,1,CC-1059,Control (2nd line),Middle office,Fixed,,user2631@examplebank.com.sa,2020-09-14,Egyptian,No,No,No,,
POS02632,POS02625,Specialist Litigation,,G10,JC6063,Professional,Legal,Example Bank,Legal,Litigation,Litigation Unit 3,Litigation Unit 3 — Team B,Litigation Unit 3 — Team B / Section 2,,Dammam,Full-time,Vacant,1,CC-1016,Control (2nd line),Middle office,Fixed,,,2021-05-21,Saudi,No,No,Yes,Layla Haddad,Ready 1-2 years
POS02633,POS02625,Analyst Litigation,,G12,JC5733,Management,Legal,Example Bank,Legal,Litigation,Litigation Unit 3,Litigation Unit 3 — Team B,Litigation Unit 3 — Team B / Section 2,,Remote,Full-time,Vacant,0.5,CC-1002,Control (2nd line),Middle office,Fixed,,,2012-05-01,Saudi,No,No,No,,
POS02634,POS02625,Senior Officer Litigation,Amal Nasser,G10,JC6583,Professional,Legal,Example Bank,Legal,Litigation,Litigation Unit 3,Litigation Unit 3 — Team B,Litigation Unit 3 — Team B / Section 1,,Riyadh,Full-time,Filled,0.5,CC-1059,Control (2nd line),Middle office,Fixed,,user2634@examplebank.com.sa,2017-05-17,Saudi,No,No,No,,
POS02635,POS02625,Associate Litigation,ريم الشمري,G9,JC4467,Professional,Legal,Example Bank,Legal,Litigation,Litigation Unit 3,Litigation Unit 3 — Team B,Litigation Unit 3 — Team B / Section 2,,Jeddah,Full-time,Filled,1,CC-1039,Control (2nd line),Middle office,Fixed,,user2635@examplebank.com.sa,2021-12-19,Saudi,No,No,No,,
POS02636,POS02625,Analyst Litigation,,G11,JC8379,Professional,Legal,Example Bank,Legal,Litigation,Litigation Unit 3,Litigation Unit 3 — Team B,Litigation Unit 3 — Team B / Section 1,,Riyadh,Full-time,Vacant,0.5,CC-1037,Control (2nd line),Middle office,Fixed,,,2023-02-11,Saudi,No,No,No,,
POS02637,POS02625,Specialist Litigation,Dana Aziz,G9,JC8962,Professional,Legal,Example Bank,Legal,Litigation,Litigation Unit 3,Litigation Unit 3 — Team B,Litigation Unit 3 — Team B / Section 1,,Riyadh,Full-time,Filled,1,CC-1000,Control (2nd line),Middle office,Fixed,,user2637@examplebank.com.sa,2016-05-07,Egyptian,No,No,Yes,Hassan Siddiqui,Ready 1-2 years
POS02638,POS02614,Manager Litigation,Noor Osman,G13,JC2830,Management,Legal,Example Bank,Legal,Litigation,Litigation Unit 3,Litigation Unit 3 — Team C,,,Khobar,Full-time,Filled,1,CC-1012,Control (2nd line),Middle office,Bonus,,user2638@examplebank.com.sa,2024-11-24,Saudi,No,No,No,,
POS02639,POS02638,Senior Officer Litigation,خالد الحربي,G10,JC2692,Professional,Legal,Example Bank,Legal,Litigation,Litigation Unit 3,Litigation Unit 3 — Team C,Litigation Unit 3 — Team C / Section 1,,Jeddah,Full-time,Filled,1,CC-1029,Control (2nd line),Middle office,Bonus,,user2639@examplebank.com.sa,2017-12-05,British,No,No,No,,
POS02640,POS02638,Officer Litigation,دانة العتيبي,G12,JC4363,Management,Legal,Example Bank,Legal,Litigation,Litigation Unit 3,Litigation Unit 3 — Team C,Litigation Unit 3 — Team C / Section 2,,Khobar,Full-time,Filled,1,CC-1034,Control (2nd line),Middle office,Fixed,,user2640@examplebank.com.sa,2023-10-07,British,No,No,Yes,ماجد السبيعي,Ready 3+ years
POS02641,POS02638,Associate Litigation,Maya Khan,G12,JC8621,Management,Legal,Example Bank,Legal,Litigation,Litigation Unit 3,Litigation Unit 3 — Team C,Litigation Unit 3 — Team C / Section 1,,Riyadh,Full-time,Filled,1,CC-1059,Control (2nd line),Middle office,Fixed,,user2641@examplebank.com.sa,2017-05-26,Saudi,No,No,No,,
POS02642,POS02638,Senior Officer Litigation,خالد الزهراني,G11,JC8460,Professional,Legal,Example Bank,Legal,Litigation,Litigation Unit 3,Litigation Unit 3 — Team C,Litigation Unit 3 — Team C / Section 1,,Riyadh,Full-time,Filled,1,CC-1059,Control (2nd line),Middle office,Fixed,,user2642@examplebank.com.sa,2023-01-05,British,No,No,No,,
POS02643,POS02638,Senior Officer Litigation,Omar Qureshi,G11,JC5714,Professional,Legal,Example Bank,Legal,Litigation,Litigation Unit 3,Litigation Unit 3 — Team C,Litigation Unit 3 — Team C / Section 2,,Jeddah,Contractor,Filled,1,CC-1019,Control (2nd line),Middle office,Fixed,,user2643@examplebank.com.sa,2016-06-21,Saudi,No,No,No,,
POS02644,POS02638,Officer Litigation,دانة العتيبي,G11,JC8992,Professional,Legal,Example Bank,Legal,Litigation,Litigation Unit 3,Litigation Unit 3 — Team C,Litigation Unit 3 — Team C / Section 1,,Riyadh,Full-time,Filled,1,CC-1024,Control (2nd line),Middle office,Fixed,Emerging Leaders,user2644@examplebank.com.sa,2008-11-06,Saudi,No,No,No,,
POS02645,POS02638,Analyst Litigation,نورة المطيري,G10,JC6155,Professional,Legal,Example Bank,Legal,Litigation,Litigation Unit 3,Litigation Unit 3 — Team C,Litigation Unit 3 — Team C / Section 2,,Remote,Full-time,Filled,1,CC-1031,Control (2nd line),Middle office,Bonus,,user2645@examplebank.com.sa,2012-01-28,Egyptian,No,No,No,,
POS02646,POS02638,Senior Analyst Litigation,Omar Idris,G11,JC2651,Professional,Legal,Example Bank,Legal,Litigation,Litigation Unit 3,Litigation Unit 3 — Team C,Litigation Unit 3 — Team C / Section 1,,Remote,Full-time,Filled,1,CC-1014,Control (2nd line),Middle office,Bonus,Emerging Leaders,user2646@examplebank.com.sa,2025-10-03,Jordanian,No,No,No,,
POS02647,POS02638,Senior Analyst Litigation,Lina Rashed,G12,JC4670,Management,Legal,Example Bank,Legal,Litigation,Litigation Unit 3,Litigation Unit 3 — Team C,Litigation Unit 3 — Team C / Section 2,,Dammam,Full-time,Filled,1,CC-1005,Control (2nd line),Middle office,Fixed,,user2647@examplebank.com.sa,2023-06-09,Saudi,No,No,No,,
POS02648,POS02638,Senior Officer Litigation,نورة السبيعي,G9,JC7967,Professional,Legal,Example Bank,Legal,Litigation,Litigation Unit 3,Litigation Unit 3 — Team C,Litigation Unit 3 — Team C / Section 1,,Jeddah,Full-time,Filled,1,CC-1025,Control (2nd line),Middle office,Fixed,,user2648@examplebank.com.sa,2019-11-13,British,No,No,Yes,سلطان المطيري,Ready 3+ years
POS02649,POS02638,Analyst Litigation,,G10,JC6929,Professional,Legal,Example Bank,Legal,Litigation,Litigation Unit 3,Litigation Unit 3 — Team C,Litigation Unit 3 — Team C / Section 2,,Remote,Full-time,Vacant,1,CC-1009,Control (2nd line),Middle office,Bonus,,,2011-11-26,Egyptian,No,No,No,,
POS02650,POS02638,Specialist Litigation,Aisha Karim,G9,JC6444,Professional,Legal,Example Bank,Legal,Litigation,Litigation Unit 3,Litigation Unit 3 — Team C,Litigation Unit 3 — Team C / Section 2,,Dammam,Full-time,Filled,0.5,CC-1001,Control (2nd line),Middle office,Bonus,,user2650@examplebank.com.sa,2010-05-09,Saudi,No,No,Yes,عبدالله الزهراني,Ready now
POS02651,POS99999,Consultant - Orphaned,Ghost Row,G10,JC1396,Professional,Retail Banking,Example Bank,Retail Banking,Branch Network,Branch Network Unit 2,Branch Network Unit 2 — Team B,Branch Network Unit 2 — Team B / Section 1,BR-007 Khobar Rakah,Riyadh,Full-time,Vacant,1,CC-1034,Business (1st line),Front office,Bonus,,,2024-10-04,Saudi,No,No,No,,
POS02652,POS02653,Loop A,Cycle One,G12,JC3293,Management,Retail Banking,Example Bank,Retail Banking,Branch Network,Branch Network Unit 2,Branch Network Unit 2 — Team B,Branch Network Unit 2 — Team B / Section 1,BR-007 Khobar Rakah,Riyadh,Full-time,Filled,1,CC-1026,Business (1st line),Front office,Incentive,,user61@examplebank.com.sa,2020-04-22,Egyptian,No,No,No,,
POS02653,POS02652,Loop B,Cycle Two,G12,JC3293,Management,Retail Banking,Example Bank,Retail Banking,Branch Network,Branch Network Unit 2,Branch Network Unit 2 — Team B,Branch Network Unit 2 — Team B / Section 1,BR-007 Khobar Rakah,Riyadh,Full-time,Filled,1,CC-1026,Business (1st line),Front office,Incentive,,user61@examplebank.com.sa,2020-04-22,Egyptian,No,No,No,,
POS00071,POS00064,Duplicate Seat,سلطان الدوسري,G10,JC8006,Professional,Retail Banking,Example Bank,Retail Banking,Branch Network,Branch Network Unit 3,Branch Network Unit 3 — Team A,Branch Network Unit 3 — Team A / Section 1,BR-005 Jeddah Rawdah,Riyadh,Full-time,Filled,1,CC-1043,Business (1st line),Front office,Incentive,,user71@examplebank.com.sa,2018-03-03,Indian,No,No,No,,
,POS00075,No ID At All,Adel Rashed,G12,JC6842,Management,Retail Banking,Example Bank,Retail Banking,Branch Network,Branch Network Unit 3,Branch Network Unit 3 — Team B,Branch Network Unit 3 — Team B / Section 2,BR-005 Jeddah Rawdah,Riyadh,Full-time,Filled,1,CC-1026,Business (1st line),Front office,Incentive,,user81@examplebank.com.sa,2016-06-16,Saudi,No,No,No,,
POS02654,POS02654,Self Referencing,Omar Siddiqui,G12,JC2430,Management,Retail Banking,Example Bank,Retail Banking,Branch Network,Branch Network Unit 3,Branch Network Unit 3 — Team C,Branch Network Unit 3 — Team C / Section 2,BR-011 Tabuk Central,Jeddah,Full-time,Filled,0.5,CC-1039,Business (1st line),Front office,Incentive,,user91@examplebank.com.sa,2016-12-19,Saudi,No,No,No,,
